/*--------------------------------*- C++ -*----------------------------------*\
  =========                 |
  \\      /  F ield         | OpenFOAM: The Open Source CFD Toolbox
   \\    /   O peration     | Website:  https://openfoam.org
    \\  /    A nd           | Version:  7
     \\/     M anipulation  |
\*---------------------------------------------------------------------------*/
FoamFile
{
    version     2.0;
    format      ascii;
    class       polyBoundaryMesh;
    location    "constant/wallFilmRegion/polyMesh";
    object      boundary;
}
// * * * * * * * * * * * * * * * * * * * * * * * * * * * * * * * * * * * * * //

7
(
    sides
    {
        type            patch;
        nFaces          100;
        startFace       19800;
    }
    wallFilmFaces_top
    {
        type            patch;
        nFaces          10000;
        startFace       19900;
    }
    region0_to_wallFilmRegion_wallFilmFaces
    {
        type            mappedWall;
        inGroups        List<word> 
2
(
wall
mappedPatch
)
;
        nFaces          10000;
        startFace       29900;
        sampleMode      nearestPatchFace;
        sampleRegion    region0;
        samplePatch     region0_to_wallFilmRegion_wallFilmFaces;
        offsetMode      nonuniform;
        offsets         nonuniform List<vector> 
10000
(
(0 0 0)
(0 0 0)
(0 0 0)
(0 0 0)
(0 0 0)
(0 0 0)
(0 0 0)
(0 0 0)
(0 -1.734723476e-18 0)
(0 0 0)
(0 -1.734723476e-18 0)
(0 1.734723476e-18 0)
(0 1.734723476e-18 0)
(0 1.734723476e-18 0)
(0 0 0)
(0 3.469446952e-18 0)
(0 3.469446952e-18 0)
(0 -3.469446952e-18 0)
(0 0 0)
(0 0 0)
(0 0 0)
(0 0 0)
(0 0 0)
(0 3.469446952e-18 0)
(0 0 0)
(0 0 0)
(0 0 0)
(0 0 0)
(0 3.469446952e-18 0)
(0 -3.469446952e-18 0)
(0 0 0)
(0 0 0)
(0 0 0)
(0 0 0)
(0 0 0)
(1.084202172e-19 1.387778781e-17 0)
(0 6.938893904e-18 0)
(0 6.938893904e-18 0)
(0 0 0)
(0 0 0)
(0 6.938893904e-18 0)
(0 6.938893904e-18 0)
(1.084202172e-19 6.938893904e-18 0)
(0 6.938893904e-18 0)
(0 0 0)
(0 0 0)
(0 0 0)
(0 0 0)
(0 0 0)
(0 6.938893904e-18 0)
(1.084202172e-19 1.387778781e-17 0)
(0 1.387778781e-17 0)
(0 1.387778781e-17 0)
(0 1.387778781e-17 0)
(0 6.938893904e-18 0)
(0 0 0)
(0 0 0)
(0 0 0)
(0 6.938893904e-18 0)
(0 0 0)
(0 6.938893904e-18 0)
(0 1.387778781e-17 0)
(0 1.387778781e-17 0)
(0 0 0)
(0 1.387778781e-17 0)
(0 -1.387778781e-17 0)
(0 -1.387778781e-17 0)
(0 0 0)
(0 1.387778781e-17 0)
(0 1.387778781e-17 0)
(1.084202172e-19 0 0)
(0 1.387778781e-17 0)
(0 1.387778781e-17 0)
(0 0 0)
(0 0 0)
(0 1.387778781e-17 0)
(0 0 0)
(0 -1.387778781e-17 0)
(0 0 0)
(0 1.387778781e-17 0)
(0 0 0)
(0 0 0)
(0 0 0)
(0 0 0)
(0 0 0)
(1.084202172e-19 -1.387778781e-17 0)
(0 1.387778781e-17 0)
(0 1.387778781e-17 0)
(0 0 0)
(0 0 0)
(0 0 0)
(0 0 0)
(0 0 0)
(0 0 0)
(0 1.387778781e-17 0)
(0 0 0)
(0 1.387778781e-17 0)
(0 0 0)
(0 0 0)
(0 1.387778781e-17 0)
(0 0 0)
(0 0 0)
(0 0 0)
(-2.168404345e-19 0 0)
(-2.168404345e-19 0 0)
(-2.168404345e-19 0 0)
(-2.168404345e-19 0 0)
(-2.168404345e-19 0 0)
(0 -1.734723476e-18 0)
(2.168404345e-19 0 0)
(0 -1.734723476e-18 0)
(2.168404345e-19 1.734723476e-18 0)
(0 1.734723476e-18 0)
(2.168404345e-19 1.734723476e-18 0)
(0 0 0)
(2.168404345e-19 3.469446952e-18 0)
(2.168404345e-19 3.469446952e-18 0)
(-4.33680869e-19 -3.469446952e-18 0)
(2.168404345e-19 0 0)
(2.168404345e-19 0 0)
(2.168404345e-19 0 0)
(-4.33680869e-19 0 0)
(2.168404345e-19 0 0)
(2.168404345e-19 3.469446952e-18 0)
(2.168404345e-19 0 0)
(-4.33680869e-19 0 0)
(2.168404345e-19 0 0)
(2.168404345e-19 0 0)
(2.168404345e-19 3.469446952e-18 0)
(-4.33680869e-19 -3.469446952e-18 0)
(2.168404345e-19 0 0)
(2.168404345e-19 0 0)
(2.168404345e-19 0 0)
(2.168404345e-19 0 0)
(2.168404345e-19 0 0)
(8.67361738e-19 1.387778781e-17 0)
(2.168404345e-19 6.938893904e-18 0)
(2.168404345e-19 6.938893904e-18 0)
(2.168404345e-19 0 0)
(2.168404345e-19 0 0)
(2.168404345e-19 6.938893904e-18 0)
(2.168404345e-19 6.938893904e-18 0)
(8.67361738e-19 6.938893904e-18 0)
(2.168404345e-19 6.938893904e-18 0)
(2.168404345e-19 0 0)
(2.168404345e-19 0 0)
(2.168404345e-19 0 0)
(2.168404345e-19 0 0)
(2.168404345e-19 0 0)
(2.168404345e-19 6.938893904e-18 0)
(8.67361738e-19 1.387778781e-17 0)
(2.168404345e-19 1.387778781e-17 0)
(2.168404345e-19 1.387778781e-17 0)
(2.168404345e-19 1.387778781e-17 0)
(2.168404345e-19 6.938893904e-18 0)
(2.168404345e-19 0 0)
(2.168404345e-19 0 0)
(2.168404345e-19 0 0)
(4.33680869e-19 6.938893904e-18 0)
(2.168404345e-19 0 0)
(2.168404345e-19 6.938893904e-18 0)
(2.168404345e-19 1.387778781e-17 0)
(2.168404345e-19 1.387778781e-17 0)
(2.168404345e-19 0 0)
(2.168404345e-19 1.387778781e-17 0)
(2.168404345e-19 -1.387778781e-17 0)
(2.168404345e-19 -1.387778781e-17 0)
(2.168404345e-19 0 0)
(2.168404345e-19 1.387778781e-17 0)
(2.168404345e-19 1.387778781e-17 0)
(0 0 0)
(2.168404345e-19 1.387778781e-17 0)
(2.168404345e-19 1.387778781e-17 0)
(2.168404345e-19 0 0)
(2.168404345e-19 0 0)
(2.168404345e-19 1.387778781e-17 0)
(2.168404345e-19 0 0)
(2.168404345e-19 -1.387778781e-17 0)
(2.168404345e-19 0 0)
(2.168404345e-19 1.387778781e-17 0)
(2.168404345e-19 0 0)
(2.168404345e-19 0 0)
(2.168404345e-19 0 0)
(2.168404345e-19 0 0)
(2.168404345e-19 0 0)
(0 -1.387778781e-17 0)
(2.168404345e-19 1.387778781e-17 0)
(2.168404345e-19 1.387778781e-17 0)
(2.168404345e-19 0 0)
(2.168404345e-19 0 0)
(2.168404345e-19 0 0)
(2.168404345e-19 0 0)
(2.168404345e-19 0 0)
(2.168404345e-19 0 0)
(2.168404345e-19 1.387778781e-17 0)
(2.168404345e-19 0 0)
(2.168404345e-19 1.387778781e-17 0)
(2.168404345e-19 0 0)
(2.168404345e-19 0 0)
(2.168404345e-19 1.387778781e-17 0)
(0 0 0)
(0 0 0)
(0 0 0)
(4.33680869e-19 0 0)
(4.33680869e-19 0 0)
(4.33680869e-19 0 0)
(4.33680869e-19 0 0)
(4.33680869e-19 0 0)
(-4.33680869e-19 -1.734723476e-18 0)
(0 0 0)
(-4.33680869e-19 -1.734723476e-18 0)
(0 1.734723476e-18 0)
(-4.33680869e-19 1.734723476e-18 0)
(0 1.734723476e-18 0)
(-4.33680869e-19 0 0)
(0 3.469446952e-18 0)
(0 3.469446952e-18 0)
(-4.33680869e-19 -3.469446952e-18 0)
(0 0 0)
(0 0 0)
(0 0 0)
(-4.33680869e-19 0 0)
(0 0 0)
(0 3.469446952e-18 0)
(0 0 0)
(-4.33680869e-19 0 0)
(0 0 0)
(0 0 0)
(0 3.469446952e-18 0)
(-4.33680869e-19 -3.469446952e-18 0)
(0 0 0)
(0 0 0)
(0 0 0)
(0 0 0)
(0 0 0)
(8.67361738e-19 1.387778781e-17 0)
(0 6.938893904e-18 0)
(0 6.938893904e-18 0)
(0 0 0)
(0 0 0)
(0 6.938893904e-18 0)
(0 6.938893904e-18 0)
(8.67361738e-19 6.938893904e-18 0)
(0 6.938893904e-18 0)
(0 0 0)
(0 0 0)
(0 0 0)
(0 0 0)
(0 0 0)
(0 6.938893904e-18 0)
(8.67361738e-19 1.387778781e-17 0)
(0 1.387778781e-17 0)
(0 1.387778781e-17 0)
(0 1.387778781e-17 0)
(0 6.938893904e-18 0)
(0 0 0)
(0 0 0)
(0 0 0)
(0 6.938893904e-18 0)
(0 0 0)
(0 6.938893904e-18 0)
(0 1.387778781e-17 0)
(0 1.387778781e-17 0)
(0 0 0)
(0 1.387778781e-17 0)
(0 -1.387778781e-17 0)
(0 -1.387778781e-17 0)
(0 0 0)
(0 1.387778781e-17 0)
(0 1.387778781e-17 0)
(8.67361738e-19 0 0)
(0 1.387778781e-17 0)
(0 1.387778781e-17 0)
(0 0 0)
(0 0 0)
(0 1.387778781e-17 0)
(0 0 0)
(0 -1.387778781e-17 0)
(0 0 0)
(0 1.387778781e-17 0)
(0 0 0)
(0 0 0)
(0 0 0)
(0 0 0)
(0 0 0)
(8.67361738e-19 -1.387778781e-17 0)
(0 1.387778781e-17 0)
(0 1.387778781e-17 0)
(0 0 0)
(0 0 0)
(0 0 0)
(0 0 0)
(0 0 0)
(0 0 0)
(0 1.387778781e-17 0)
(0 0 0)
(0 1.387778781e-17 0)
(0 0 0)
(0 0 0)
(0 1.387778781e-17 0)
(-4.33680869e-19 0 0)
(-4.33680869e-19 0 0)
(-4.33680869e-19 -4.33680869e-19 0)
(0 -4.33680869e-19 0)
(-4.33680869e-19 0 0)
(4.33680869e-19 0 0)
(4.33680869e-19 8.67361738e-19 0)
(4.33680869e-19 1.734723476e-18 0)
(-4.33680869e-19 0 0)
(4.33680869e-19 0 0)
(-4.33680869e-19 -1.734723476e-18 0)
(4.33680869e-19 1.734723476e-18 0)
(-4.33680869e-19 1.734723476e-18 0)
(4.33680869e-19 1.734723476e-18 0)
(0 0 0)
(4.33680869e-19 3.469446952e-18 0)
(4.33680869e-19 3.469446952e-18 0)
(0 -3.469446952e-18 0)
(4.33680869e-19 0 0)
(4.33680869e-19 0 0)
(4.33680869e-19 3.469446952e-18 0)
(0 0 0)
(4.33680869e-19 0 0)
(4.33680869e-19 6.938893904e-18 0)
(4.33680869e-19 0 0)
(0 0 0)
(4.33680869e-19 3.469446952e-18 0)
(4.33680869e-19 0 0)
(4.33680869e-19 6.938893904e-18 0)
(0 3.469446952e-18 0)
(4.33680869e-19 0 0)
(4.33680869e-19 6.938893904e-18 0)
(4.33680869e-19 0 0)
(4.33680869e-19 0 0)
(4.33680869e-19 0 0)
(1.301042607e-18 1.387778781e-17 0)
(4.33680869e-19 6.938893904e-18 0)
(4.33680869e-19 6.938893904e-18 0)
(4.33680869e-19 0 0)
(4.33680869e-19 0 0)
(4.33680869e-19 6.938893904e-18 0)
(4.33680869e-19 1.387778781e-17 0)
(1.301042607e-18 6.938893904e-18 0)
(4.33680869e-19 1.387778781e-17 0)
(4.33680869e-19 0 0)
(4.33680869e-19 0 0)
(4.33680869e-19 0 0)
(4.33680869e-19 6.938893904e-18 0)
(4.33680869e-19 0 0)
(4.33680869e-19 6.938893904e-18 0)
(1.301042607e-18 1.387778781e-17 0)
(4.33680869e-19 1.387778781e-17 0)
(4.33680869e-19 1.387778781e-17 0)
(4.33680869e-19 2.081668171e-17 0)
(4.33680869e-19 6.938893904e-18 0)
(4.33680869e-19 0 0)
(4.33680869e-19 0 0)
(4.33680869e-19 0 0)
(0 6.938893904e-18 0)
(4.33680869e-19 6.938893904e-18 0)
(4.33680869e-19 2.081668171e-17 0)
(4.33680869e-19 1.387778781e-17 0)
(4.33680869e-19 1.387778781e-17 0)
(4.33680869e-19 0 0)
(4.33680869e-19 0 0)
(4.33680869e-19 -1.387778781e-17 0)
(4.33680869e-19 -1.387778781e-17 0)
(4.33680869e-19 0 0)
(4.33680869e-19 1.387778781e-17 0)
(4.33680869e-19 1.387778781e-17 0)
(1.301042607e-18 0 0)
(4.33680869e-19 1.387778781e-17 0)
(4.33680869e-19 2.775557562e-17 0)
(4.33680869e-19 1.387778781e-17 0)
(4.33680869e-19 0 0)
(4.33680869e-19 1.387778781e-17 0)
(4.33680869e-19 0 0)
(4.33680869e-19 -1.387778781e-17 0)
(4.33680869e-19 0 0)
(4.33680869e-19 1.387778781e-17 0)
(4.33680869e-19 1.387778781e-17 0)
(4.33680869e-19 2.775557562e-17 0)
(4.33680869e-19 0 0)
(4.33680869e-19 0 0)
(4.33680869e-19 0 0)
(1.301042607e-18 -1.387778781e-17 0)
(4.33680869e-19 2.775557562e-17 0)
(4.33680869e-19 2.775557562e-17 0)
(4.33680869e-19 2.775557562e-17 0)
(4.33680869e-19 0 0)
(4.33680869e-19 0 0)
(4.33680869e-19 0 0)
(4.33680869e-19 0 0)
(4.33680869e-19 2.775557562e-17 0)
(4.33680869e-19 2.775557562e-17 0)
(4.33680869e-19 0 0)
(4.33680869e-19 1.387778781e-17 0)
(4.33680869e-19 0 0)
(4.33680869e-19 0 0)
(4.33680869e-19 1.387778781e-17 0)
(0 1.084202172e-19 0)
(0 4.33680869e-19 0)
(0 4.33680869e-19 0)
(0 8.67361738e-19 0)
(0 8.67361738e-19 0)
(0 -8.67361738e-19 0)
(0 8.67361738e-19 0)
(0 0 0)
(-8.67361738e-19 0 0)
(-8.67361738e-19 0 0)
(0 -1.734723476e-18 0)
(-8.67361738e-19 -1.734723476e-18 0)
(0 -1.734723476e-18 0)
(-8.67361738e-19 1.734723476e-18 0)
(8.67361738e-19 1.734723476e-18 0)
(-8.67361738e-19 0 0)
(-8.67361738e-19 3.469446952e-18 0)
(-8.67361738e-19 -3.469446952e-18 0)
(-8.67361738e-19 0 0)
(-8.67361738e-19 0 0)
(-8.67361738e-19 0 0)
(-8.67361738e-19 -3.469446952e-18 0)
(-8.67361738e-19 0 0)
(-8.67361738e-19 0 0)
(-8.67361738e-19 0 0)
(-8.67361738e-19 -3.469446952e-18 0)
(-8.67361738e-19 0 0)
(-8.67361738e-19 0 0)
(-8.67361738e-19 3.469446952e-18 0)
(0 6.938893904e-18 0)
(-8.67361738e-19 0 0)
(-8.67361738e-19 0 0)
(-8.67361738e-19 -6.938893904e-18 0)
(-8.67361738e-19 6.938893904e-18 0)
(-8.67361738e-19 0 0)
(8.67361738e-19 6.938893904e-18 0)
(-8.67361738e-19 0 0)
(-8.67361738e-19 6.938893904e-18 0)
(-8.67361738e-19 0 0)
(-8.67361738e-19 0 0)
(-8.67361738e-19 1.387778781e-17 0)
(-8.67361738e-19 0 0)
(8.67361738e-19 0 0)
(-8.67361738e-19 0 0)
(-8.67361738e-19 0 0)
(-8.67361738e-19 0 0)
(-8.67361738e-19 -6.938893904e-18 0)
(-8.67361738e-19 -6.938893904e-18 0)
(-8.67361738e-19 -6.938893904e-18 0)
(-8.67361738e-19 6.938893904e-18 0)
(8.67361738e-19 1.387778781e-17 0)
(-8.67361738e-19 0 0)
(-8.67361738e-19 -6.938893904e-18 0)
(-8.67361738e-19 -6.938893904e-18 0)
(-8.67361738e-19 6.938893904e-18 0)
(-8.67361738e-19 -6.938893904e-18 0)
(-8.67361738e-19 -1.387778781e-17 0)
(-8.67361738e-19 -6.938893904e-18 0)
(0 0 0)
(-8.67361738e-19 0 0)
(-8.67361738e-19 2.081668171e-17 0)
(-8.67361738e-19 1.387778781e-17 0)
(-8.67361738e-19 6.938893904e-18 0)
(-8.67361738e-19 0 0)
(-8.67361738e-19 1.387778781e-17 0)
(-8.67361738e-19 -1.387778781e-17 0)
(-8.67361738e-19 -1.387778781e-17 0)
(-8.67361738e-19 0 0)
(-8.67361738e-19 1.387778781e-17 0)
(-8.67361738e-19 1.387778781e-17 0)
(0 1.387778781e-17 0)
(-8.67361738e-19 1.387778781e-17 0)
(-8.67361738e-19 1.387778781e-17 0)
(-8.67361738e-19 0 0)
(-8.67361738e-19 0 0)
(-8.67361738e-19 0 0)
(-8.67361738e-19 -1.387778781e-17 0)
(-8.67361738e-19 0 0)
(-8.67361738e-19 0 0)
(-8.67361738e-19 1.387778781e-17 0)
(-8.67361738e-19 0 0)
(-8.67361738e-19 0 0)
(-8.67361738e-19 0 0)
(-8.67361738e-19 0 0)
(-8.67361738e-19 0 0)
(0 -1.387778781e-17 0)
(-8.67361738e-19 -1.387778781e-17 0)
(-8.67361738e-19 -1.387778781e-17 0)
(-8.67361738e-19 -1.387778781e-17 0)
(-8.67361738e-19 -1.387778781e-17 0)
(-8.67361738e-19 -1.387778781e-17 0)
(-8.67361738e-19 -1.387778781e-17 0)
(-8.67361738e-19 0 0)
(-8.67361738e-19 0 0)
(-8.67361738e-19 1.387778781e-17 0)
(-8.67361738e-19 0 0)
(-8.67361738e-19 1.387778781e-17 0)
(-8.67361738e-19 0 0)
(-8.67361738e-19 0 0)
(-8.67361738e-19 1.387778781e-17 0)
(8.67361738e-19 1.084202172e-19 0)
(8.67361738e-19 4.33680869e-19 0)
(8.67361738e-19 4.33680869e-19 0)
(8.67361738e-19 4.33680869e-19 0)
(8.67361738e-19 8.67361738e-19 0)
(0 0 0)
(0 8.67361738e-19 0)
(0 -8.67361738e-19 0)
(0 0 0)
(1.734723476e-18 0 0)
(-1.734723476e-18 -1.734723476e-18 0)
(1.734723476e-18 1.734723476e-18 0)
(-1.734723476e-18 -1.734723476e-18 0)
(1.734723476e-18 1.734723476e-18 0)
(-1.734723476e-18 0 0)
(1.734723476e-18 0 0)
(1.734723476e-18 0 0)
(0 -3.469446952e-18 0)
(1.734723476e-18 0 0)
(1.734723476e-18 0 0)
(1.734723476e-18 0 0)
(0 -3.469446952e-18 0)
(1.734723476e-18 0 0)
(1.734723476e-18 0 0)
(1.734723476e-18 0 0)
(0 -3.469446952e-18 0)
(1.734723476e-18 0 0)
(1.734723476e-18 0 0)
(1.734723476e-18 3.469446952e-18 0)
(0 3.469446952e-18 0)
(1.734723476e-18 0 0)
(1.734723476e-18 0 0)
(1.734723476e-18 0 0)
(1.734723476e-18 6.938893904e-18 0)
(1.734723476e-18 0 0)
(8.67361738e-19 6.938893904e-18 0)
(1.734723476e-18 0 0)
(1.734723476e-18 6.938893904e-18 0)
(1.734723476e-18 0 0)
(1.734723476e-18 0 0)
(1.734723476e-18 1.387778781e-17 0)
(1.734723476e-18 6.938893904e-18 0)
(8.67361738e-19 0 0)
(1.734723476e-18 -6.938893904e-18 0)
(1.734723476e-18 0 0)
(1.734723476e-18 0 0)
(1.734723476e-18 0 0)
(1.734723476e-18 0 0)
(1.734723476e-18 -6.938893904e-18 0)
(1.734723476e-18 -6.938893904e-18 0)
(8.67361738e-19 1.387778781e-17 0)
(1.734723476e-18 6.938893904e-18 0)
(1.734723476e-18 -6.938893904e-18 0)
(1.734723476e-18 -6.938893904e-18 0)
(1.734723476e-18 6.938893904e-18 0)
(1.734723476e-18 -6.938893904e-18 0)
(1.734723476e-18 -1.387778781e-17 0)
(1.734723476e-18 -6.938893904e-18 0)
(-8.67361738e-19 0 0)
(1.734723476e-18 0 0)
(1.734723476e-18 0 0)
(1.734723476e-18 -6.938893904e-18 0)
(1.734723476e-18 6.938893904e-18 0)
(1.734723476e-18 0 0)
(1.734723476e-18 1.387778781e-17 0)
(1.734723476e-18 -1.387778781e-17 0)
(1.734723476e-18 -1.387778781e-17 0)
(1.734723476e-18 0 0)
(1.734723476e-18 1.387778781e-17 0)
(1.734723476e-18 1.387778781e-17 0)
(8.67361738e-19 1.387778781e-17 0)
(1.734723476e-18 0 0)
(1.734723476e-18 1.387778781e-17 0)
(1.734723476e-18 0 0)
(1.734723476e-18 0 0)
(1.734723476e-18 0 0)
(1.734723476e-18 -1.387778781e-17 0)
(1.734723476e-18 0 0)
(1.734723476e-18 0 0)
(1.734723476e-18 1.387778781e-17 0)
(1.734723476e-18 -1.387778781e-17 0)
(1.734723476e-18 -1.387778781e-17 0)
(1.734723476e-18 0 0)
(1.734723476e-18 0 0)
(1.734723476e-18 0 0)
(8.67361738e-19 -1.387778781e-17 0)
(1.734723476e-18 -1.387778781e-17 0)
(1.734723476e-18 -1.387778781e-17 0)
(1.734723476e-18 -1.387778781e-17 0)
(1.734723476e-18 -1.387778781e-17 0)
(1.734723476e-18 -1.387778781e-17 0)
(1.734723476e-18 0 0)
(1.734723476e-18 1.387778781e-17 0)
(1.734723476e-18 0 0)
(1.734723476e-18 1.387778781e-17 0)
(1.734723476e-18 0 0)
(1.734723476e-18 1.387778781e-17 0)
(1.734723476e-18 0 0)
(1.734723476e-18 0 0)
(1.734723476e-18 1.387778781e-17 0)
(8.67361738e-19 1.084202172e-19 0)
(8.67361738e-19 4.33680869e-19 0)
(8.67361738e-19 4.33680869e-19 0)
(8.67361738e-19 4.33680869e-19 0)
(8.67361738e-19 8.67361738e-19 0)
(8.67361738e-19 0 0)
(8.67361738e-19 8.67361738e-19 0)
(8.67361738e-19 -8.67361738e-19 0)
(-1.734723476e-18 0 0)
(-8.67361738e-19 0 0)
(-1.734723476e-18 -1.734723476e-18 0)
(-8.67361738e-19 1.734723476e-18 0)
(-1.734723476e-18 -1.734723476e-18 0)
(-8.67361738e-19 1.734723476e-18 0)
(-2.602085214e-18 0 0)
(-8.67361738e-19 0 0)
(-8.67361738e-19 0 0)
(-8.67361738e-19 -3.469446952e-18 0)
(-8.67361738e-19 0 0)
(-8.67361738e-19 0 0)
(-8.67361738e-19 0 0)
(-8.67361738e-19 -3.469446952e-18 0)
(-8.67361738e-19 0 0)
(-8.67361738e-19 0 0)
(-8.67361738e-19 0 0)
(-8.67361738e-19 -3.469446952e-18 0)
(-8.67361738e-19 0 0)
(-8.67361738e-19 0 0)
(-8.67361738e-19 3.469446952e-18 0)
(-1.734723476e-18 3.469446952e-18 0)
(-8.67361738e-19 0 0)
(-8.67361738e-19 0 0)
(-8.67361738e-19 0 0)
(-8.67361738e-19 6.938893904e-18 0)
(-8.67361738e-19 0 0)
(1.734723476e-18 6.938893904e-18 0)
(-8.67361738e-19 0 0)
(-8.67361738e-19 6.938893904e-18 0)
(-8.67361738e-19 0 0)
(-8.67361738e-19 0 0)
(-8.67361738e-19 1.387778781e-17 0)
(-8.67361738e-19 6.938893904e-18 0)
(0 0 0)
(-8.67361738e-19 -6.938893904e-18 0)
(-8.67361738e-19 0 0)
(-8.67361738e-19 0 0)
(-8.67361738e-19 0 0)
(-8.67361738e-19 0 0)
(-8.67361738e-19 -6.938893904e-18 0)
(-8.67361738e-19 -6.938893904e-18 0)
(0 1.387778781e-17 0)
(-8.67361738e-19 6.938893904e-18 0)
(-8.67361738e-19 -6.938893904e-18 0)
(-8.67361738e-19 -6.938893904e-18 0)
(-8.67361738e-19 6.938893904e-18 0)
(-8.67361738e-19 -6.938893904e-18 0)
(-8.67361738e-19 -1.387778781e-17 0)
(-8.67361738e-19 -6.938893904e-18 0)
(-1.734723476e-18 0 0)
(-8.67361738e-19 0 0)
(-8.67361738e-19 0 0)
(-8.67361738e-19 -6.938893904e-18 0)
(-8.67361738e-19 6.938893904e-18 0)
(-8.67361738e-19 0 0)
(-8.67361738e-19 1.387778781e-17 0)
(-8.67361738e-19 -1.387778781e-17 0)
(-8.67361738e-19 -1.387778781e-17 0)
(-8.67361738e-19 0 0)
(-8.67361738e-19 1.387778781e-17 0)
(-8.67361738e-19 1.387778781e-17 0)
(0 1.387778781e-17 0)
(-8.67361738e-19 0 0)
(-8.67361738e-19 1.387778781e-17 0)
(-8.67361738e-19 0 0)
(-8.67361738e-19 0 0)
(-8.67361738e-19 0 0)
(-8.67361738e-19 -1.387778781e-17 0)
(-8.67361738e-19 0 0)
(-8.67361738e-19 0 0)
(-8.67361738e-19 1.387778781e-17 0)
(-8.67361738e-19 -1.387778781e-17 0)
(-8.67361738e-19 -1.387778781e-17 0)
(-8.67361738e-19 0 0)
(-8.67361738e-19 0 0)
(-8.67361738e-19 0 0)
(0 -1.387778781e-17 0)
(-8.67361738e-19 -1.387778781e-17 0)
(-8.67361738e-19 -1.387778781e-17 0)
(-8.67361738e-19 -1.387778781e-17 0)
(-8.67361738e-19 -1.387778781e-17 0)
(-8.67361738e-19 -1.387778781e-17 0)
(-8.67361738e-19 0 0)
(-8.67361738e-19 1.387778781e-17 0)
(-8.67361738e-19 0 0)
(-8.67361738e-19 1.387778781e-17 0)
(-8.67361738e-19 0 0)
(-8.67361738e-19 1.387778781e-17 0)
(-8.67361738e-19 0 0)
(-8.67361738e-19 0 0)
(-8.67361738e-19 1.387778781e-17 0)
(0 0 0)
(0 -2.168404345e-19 0)
(0 0 0)
(-8.67361738e-19 -4.33680869e-19 0)
(0 0 0)
(1.734723476e-18 0 0)
(1.734723476e-18 8.67361738e-19 0)
(8.67361738e-19 8.67361738e-19 0)
(0 0 0)
(0 0 0)
(0 -1.734723476e-18 0)
(0 1.734723476e-18 0)
(0 0 0)
(0 -1.734723476e-18 0)
(0 0 0)
(0 0 0)
(0 0 0)
(-1.734723476e-18 -3.469446952e-18 0)
(0 0 0)
(0 0 0)
(0 0 0)
(-1.734723476e-18 0 0)
(0 0 0)
(0 3.469446952e-18 0)
(0 0 0)
(-1.734723476e-18 0 0)
(0 0 0)
(0 0 0)
(0 6.938893904e-18 0)
(-1.734723476e-18 3.469446952e-18 0)
(0 0 0)
(0 0 0)
(0 0 0)
(0 0 0)
(0 0 0)
(1.734723476e-18 1.387778781e-17 0)
(0 0 0)
(0 6.938893904e-18 0)
(0 0 0)
(0 0 0)
(0 6.938893904e-18 0)
(0 1.387778781e-17 0)
(1.734723476e-18 1.387778781e-17 0)
(0 0 0)
(0 0 0)
(0 0 0)
(0 0 0)
(0 6.938893904e-18 0)
(0 0 0)
(0 -6.938893904e-18 0)
(1.734723476e-18 1.387778781e-17 0)
(0 6.938893904e-18 0)
(0 -6.938893904e-18 0)
(0 0 0)
(0 6.938893904e-18 0)
(0 -6.938893904e-18 0)
(0 -1.387778781e-17 0)
(0 -6.938893904e-18 0)
(-8.67361738e-19 0 0)
(0 6.938893904e-18 0)
(0 0 0)
(0 -6.938893904e-18 0)
(0 -6.938893904e-18 0)
(0 0 0)
(0 0 0)
(0 -1.387778781e-17 0)
(0 -1.387778781e-17 0)
(0 0 0)
(0 1.387778781e-17 0)
(0 1.387778781e-17 0)
(-8.67361738e-19 1.387778781e-17 0)
(0 0 0)
(0 1.387778781e-17 0)
(0 0 0)
(0 0 0)
(0 0 0)
(0 -1.387778781e-17 0)
(0 -1.387778781e-17 0)
(0 0 0)
(0 1.387778781e-17 0)
(0 0 0)
(0 1.387778781e-17 0)
(0 0 0)
(0 0 0)
(0 0 0)
(-8.67361738e-19 -1.387778781e-17 0)
(0 0 0)
(0 0 0)
(0 1.387778781e-17 0)
(0 0 0)
(0 0 0)
(0 0 0)
(0 0 0)
(0 0 0)
(0 1.387778781e-17 0)
(0 0 0)
(0 1.387778781e-17 0)
(0 0 0)
(0 0 0)
(0 1.387778781e-17 0)
(0 0 0)
(0 0 0)
(0 8.67361738e-19 0)
(1.734723476e-18 8.67361738e-19 0)
(0 8.67361738e-19 0)
(1.734723476e-18 -8.67361738e-19 0)
(1.734723476e-18 8.67361738e-19 0)
(3.469446952e-18 8.67361738e-19 0)
(0 -1.734723476e-18 0)
(1.734723476e-18 0 0)
(0 -3.469446952e-18 0)
(1.734723476e-18 3.469446952e-18 0)
(0 3.469446952e-18 0)
(1.734723476e-18 3.469446952e-18 0)
(0 5.204170428e-18 0)
(1.734723476e-18 3.469446952e-18 0)
(1.734723476e-18 3.469446952e-18 0)
(1.734723476e-18 0 0)
(1.734723476e-18 3.469446952e-18 0)
(1.734723476e-18 3.469446952e-18 0)
(1.734723476e-18 3.469446952e-18 0)
(1.734723476e-18 -3.469446952e-18 0)
(1.734723476e-18 3.469446952e-18 0)
(1.734723476e-18 6.938893904e-18 0)
(1.734723476e-18 0 0)
(1.734723476e-18 0 0)
(1.734723476e-18 0 0)
(1.734723476e-18 3.469446952e-18 0)
(1.734723476e-18 6.938893904e-18 0)
(1.734723476e-18 0 0)
(1.734723476e-18 6.938893904e-18 0)
(1.734723476e-18 0 0)
(1.734723476e-18 6.938893904e-18 0)
(1.734723476e-18 6.938893904e-18 0)
(1.734723476e-18 1.387778781e-17 0)
(0 6.938893904e-18 0)
(1.734723476e-18 6.938893904e-18 0)
(1.734723476e-18 6.938893904e-18 0)
(1.734723476e-18 1.387778781e-17 0)
(1.734723476e-18 6.938893904e-18 0)
(1.734723476e-18 6.938893904e-18 0)
(1.734723476e-18 0 0)
(0 0 0)
(1.734723476e-18 6.938893904e-18 0)
(1.734723476e-18 1.387778781e-17 0)
(1.734723476e-18 6.938893904e-18 0)
(1.734723476e-18 6.938893904e-18 0)
(1.734723476e-18 1.387778781e-17 0)
(1.734723476e-18 6.938893904e-18 0)
(1.734723476e-18 0 0)
(0 6.938893904e-18 0)
(1.734723476e-18 0 0)
(1.734723476e-18 0 0)
(1.734723476e-18 6.938893904e-18 0)
(1.734723476e-18 1.387778781e-17 0)
(1.734723476e-18 0 0)
(1.734723476e-18 1.387778781e-17 0)
(1.734723476e-18 6.938893904e-18 0)
(-1.734723476e-18 -6.938893904e-18 0)
(1.734723476e-18 6.938893904e-18 0)
(1.734723476e-18 6.938893904e-18 0)
(1.734723476e-18 1.387778781e-17 0)
(1.734723476e-18 1.387778781e-17 0)
(1.734723476e-18 1.387778781e-17 0)
(1.734723476e-18 1.387778781e-17 0)
(1.734723476e-18 1.387778781e-17 0)
(1.734723476e-18 1.387778781e-17 0)
(1.734723476e-18 0 0)
(1.734723476e-18 0 0)
(1.734723476e-18 1.387778781e-17 0)
(0 1.387778781e-17 0)
(1.734723476e-18 1.387778781e-17 0)
(1.734723476e-18 1.387778781e-17 0)
(1.734723476e-18 0 0)
(1.734723476e-18 2.775557562e-17 0)
(1.734723476e-18 1.387778781e-17 0)
(1.734723476e-18 1.387778781e-17 0)
(1.734723476e-18 1.387778781e-17 0)
(1.734723476e-18 0 0)
(1.734723476e-18 1.387778781e-17 0)
(1.734723476e-18 0 0)
(1.734723476e-18 1.387778781e-17 0)
(1.734723476e-18 0 0)
(1.734723476e-18 1.387778781e-17 0)
(1.734723476e-18 2.775557562e-17 0)
(0 0 0)
(1.734723476e-18 0 0)
(1.734723476e-18 1.387778781e-17 0)
(1.734723476e-18 0 0)
(1.734723476e-18 2.775557562e-17 0)
(1.734723476e-18 0 0)
(1.734723476e-18 0 0)
(1.734723476e-18 1.387778781e-17 0)
(1.734723476e-18 0 0)
(1.734723476e-18 2.775557562e-17 0)
(1.734723476e-18 1.387778781e-17 0)
(1.734723476e-18 2.775557562e-17 0)
(1.734723476e-18 2.775557562e-17 0)
(1.734723476e-18 1.387778781e-17 0)
(1.734723476e-18 2.775557562e-17 0)
(0 0 0)
(0 2.168404345e-19 0)
(0 0 0)
(0 -4.33680869e-19 0)
(0 8.67361738e-19 0)
(0 -8.67361738e-19 0)
(0 8.67361738e-19 0)
(0 0 0)
(-1.734723476e-18 -1.734723476e-18 0)
(1.734723476e-18 1.734723476e-18 0)
(-1.734723476e-18 -1.734723476e-18 0)
(1.734723476e-18 1.734723476e-18 0)
(-1.734723476e-18 -1.734723476e-18 0)
(1.734723476e-18 1.734723476e-18 0)
(-1.734723476e-18 -1.734723476e-18 0)
(1.734723476e-18 1.734723476e-18 0)
(1.734723476e-18 3.469446952e-18 0)
(-1.734723476e-18 0 0)
(1.734723476e-18 3.469446952e-18 0)
(1.734723476e-18 0 0)
(1.734723476e-18 0 0)
(-1.734723476e-18 -3.469446952e-18 0)
(1.734723476e-18 3.469446952e-18 0)
(1.734723476e-18 0 0)
(1.734723476e-18 3.469446952e-18 0)
(-1.734723476e-18 0 0)
(1.734723476e-18 0 0)
(1.734723476e-18 -3.469446952e-18 0)
(1.734723476e-18 -3.469446952e-18 0)
(0 0 0)
(1.734723476e-18 0 0)
(1.734723476e-18 -6.938893904e-18 0)
(1.734723476e-18 0 0)
(1.734723476e-18 0 0)
(1.734723476e-18 0 0)
(3.469446952e-18 0 0)
(1.734723476e-18 0 0)
(1.734723476e-18 0 0)
(1.734723476e-18 0 0)
(1.734723476e-18 0 0)
(1.734723476e-18 0 0)
(1.734723476e-18 6.938893904e-18 0)
(3.469446952e-18 1.387778781e-17 0)
(1.734723476e-18 1.387778781e-17 0)
(1.734723476e-18 0 0)
(1.734723476e-18 0 0)
(1.734723476e-18 0 0)
(1.734723476e-18 0 0)
(1.734723476e-18 0 0)
(1.734723476e-18 0 0)
(3.469446952e-18 3.469446952e-17 0)
(1.734723476e-18 0 0)
(1.734723476e-18 0 0)
(1.734723476e-18 0 0)
(1.734723476e-18 6.938893904e-18 0)
(1.734723476e-18 1.387778781e-17 0)
(1.734723476e-18 1.387778781e-17 0)
(1.734723476e-18 1.387778781e-17 0)
(0 -6.938893904e-18 0)
(1.734723476e-18 -6.938893904e-18 0)
(1.734723476e-18 6.938893904e-18 0)
(1.734723476e-18 2.081668171e-17 0)
(1.734723476e-18 1.387778781e-17 0)
(1.734723476e-18 1.387778781e-17 0)
(1.734723476e-18 1.387778781e-17 0)
(1.734723476e-18 1.387778781e-17 0)
(1.734723476e-18 0 0)
(1.734723476e-18 1.387778781e-17 0)
(1.734723476e-18 0 0)
(1.734723476e-18 0 0)
(1.734723476e-18 0 0)
(1.734723476e-18 1.387778781e-17 0)
(1.734723476e-18 0 0)
(1.734723476e-18 1.387778781e-17 0)
(1.734723476e-18 -1.387778781e-17 0)
(1.734723476e-18 0 0)
(1.734723476e-18 0 0)
(1.734723476e-18 1.387778781e-17 0)
(1.734723476e-18 0 0)
(1.734723476e-18 0 0)
(1.734723476e-18 0 0)
(1.734723476e-18 0 0)
(1.734723476e-18 1.387778781e-17 0)
(1.734723476e-18 0 0)
(1.734723476e-18 0 0)
(1.734723476e-18 1.387778781e-17 0)
(1.734723476e-18 0 0)
(1.734723476e-18 1.387778781e-17 0)
(1.734723476e-18 1.387778781e-17 0)
(1.734723476e-18 0 0)
(1.734723476e-18 1.387778781e-17 0)
(1.734723476e-18 0 0)
(1.734723476e-18 1.387778781e-17 0)
(1.734723476e-18 0 0)
(1.734723476e-18 0 0)
(1.734723476e-18 0 0)
(1.734723476e-18 0 0)
(1.734723476e-18 0 0)
(1.734723476e-18 1.387778781e-17 0)
(1.734723476e-18 1.387778781e-17 0)
(1.734723476e-18 0 0)
(1.734723476e-18 2.168404345e-19 0)
(1.734723476e-18 8.67361738e-19 0)
(0 4.33680869e-19 0)
(1.734723476e-18 0 0)
(1.734723476e-18 0 0)
(1.734723476e-18 8.67361738e-19 0)
(0 0 0)
(-1.734723476e-18 -1.734723476e-18 0)
(1.734723476e-18 0 0)
(-1.734723476e-18 -3.469446952e-18 0)
(1.734723476e-18 3.469446952e-18 0)
(-1.734723476e-18 3.469446952e-18 0)
(1.734723476e-18 3.469446952e-18 0)
(-3.469446952e-18 1.734723476e-18 0)
(1.734723476e-18 3.469446952e-18 0)
(1.734723476e-18 3.469446952e-18 0)
(0 0 0)
(1.734723476e-18 3.469446952e-18 0)
(1.734723476e-18 3.469446952e-18 0)
(1.734723476e-18 3.469446952e-18 0)
(0 -3.469446952e-18 0)
(1.734723476e-18 3.469446952e-18 0)
(1.734723476e-18 6.938893904e-18 0)
(1.734723476e-18 0 0)
(0 3.469446952e-18 0)
(1.734723476e-18 0 0)
(1.734723476e-18 3.469446952e-18 0)
(1.734723476e-18 6.938893904e-18 0)
(0 3.469446952e-18 0)
(1.734723476e-18 6.938893904e-18 0)
(1.734723476e-18 0 0)
(1.734723476e-18 6.938893904e-18 0)
(1.734723476e-18 6.938893904e-18 0)
(1.734723476e-18 1.387778781e-17 0)
(0 6.938893904e-18 0)
(1.734723476e-18 6.938893904e-18 0)
(1.734723476e-18 6.938893904e-18 0)
(1.734723476e-18 1.387778781e-17 0)
(1.734723476e-18 6.938893904e-18 0)
(1.734723476e-18 6.938893904e-18 0)
(1.734723476e-18 6.938893904e-18 0)
(3.469446952e-18 0 0)
(1.734723476e-18 6.938893904e-18 0)
(1.734723476e-18 1.387778781e-17 0)
(1.734723476e-18 6.938893904e-18 0)
(1.734723476e-18 6.938893904e-18 0)
(1.734723476e-18 0 0)
(1.734723476e-18 6.938893904e-18 0)
(1.734723476e-18 0 0)
(3.469446952e-18 6.938893904e-18 0)
(1.734723476e-18 0 0)
(1.734723476e-18 0 0)
(1.734723476e-18 6.938893904e-18 0)
(1.734723476e-18 1.387778781e-17 0)
(1.734723476e-18 1.387778781e-17 0)
(1.734723476e-18 1.387778781e-17 0)
(1.734723476e-18 6.938893904e-18 0)
(0 -6.938893904e-18 0)
(1.734723476e-18 2.081668171e-17 0)
(1.734723476e-18 6.938893904e-18 0)
(1.734723476e-18 1.387778781e-17 0)
(1.734723476e-18 1.387778781e-17 0)
(1.734723476e-18 1.387778781e-17 0)
(1.734723476e-18 1.387778781e-17 0)
(1.734723476e-18 1.387778781e-17 0)
(1.734723476e-18 2.775557562e-17 0)
(1.734723476e-18 0 0)
(1.734723476e-18 0 0)
(1.734723476e-18 0 0)
(3.469446952e-18 1.387778781e-17 0)
(1.734723476e-18 1.387778781e-17 0)
(1.734723476e-18 1.387778781e-17 0)
(1.734723476e-18 0 0)
(1.734723476e-18 1.387778781e-17 0)
(1.734723476e-18 1.387778781e-17 0)
(1.734723476e-18 1.387778781e-17 0)
(1.734723476e-18 1.387778781e-17 0)
(1.734723476e-18 0 0)
(1.734723476e-18 1.387778781e-17 0)
(1.734723476e-18 -1.387778781e-17 0)
(1.734723476e-18 0 0)
(1.734723476e-18 0 0)
(1.734723476e-18 1.387778781e-17 0)
(1.734723476e-18 2.775557562e-17 0)
(3.469446952e-18 0 0)
(1.734723476e-18 0 0)
(1.734723476e-18 1.387778781e-17 0)
(1.734723476e-18 0 0)
(1.734723476e-18 2.775557562e-17 0)
(1.734723476e-18 0 0)
(1.734723476e-18 0 0)
(1.734723476e-18 1.387778781e-17 0)
(1.734723476e-18 0 0)
(1.734723476e-18 2.775557562e-17 0)
(1.734723476e-18 1.387778781e-17 0)
(1.734723476e-18 2.775557562e-17 0)
(1.734723476e-18 2.775557562e-17 0)
(1.734723476e-18 1.387778781e-17 0)
(1.734723476e-18 1.387778781e-17 0)
(1.734723476e-18 0 0)
(1.734723476e-18 2.168404345e-19 0)
(1.734723476e-18 0 0)
(1.734723476e-18 -4.33680869e-19 0)
(3.469446952e-18 8.67361738e-19 0)
(1.734723476e-18 -8.67361738e-19 0)
(1.734723476e-18 8.67361738e-19 0)
(1.734723476e-18 0 0)
(-1.734723476e-18 -1.734723476e-18 0)
(1.734723476e-18 1.734723476e-18 0)
(0 -1.734723476e-18 0)
(1.734723476e-18 1.734723476e-18 0)
(0 -1.734723476e-18 0)
(1.734723476e-18 1.734723476e-18 0)
(1.734723476e-18 -1.734723476e-18 0)
(1.734723476e-18 1.734723476e-18 0)
(1.734723476e-18 3.469446952e-18 0)
(0 0 0)
(1.734723476e-18 3.469446952e-18 0)
(1.734723476e-18 0 0)
(1.734723476e-18 0 0)
(0 -3.469446952e-18 0)
(1.734723476e-18 3.469446952e-18 0)
(1.734723476e-18 0 0)
(1.734723476e-18 3.469446952e-18 0)
(0 0 0)
(1.734723476e-18 0 0)
(1.734723476e-18 -3.469446952e-18 0)
(1.734723476e-18 -3.469446952e-18 0)
(0 0 0)
(1.734723476e-18 0 0)
(1.734723476e-18 -6.938893904e-18 0)
(1.734723476e-18 0 0)
(1.734723476e-18 0 0)
(1.734723476e-18 0 0)
(3.469446952e-18 0 0)
(1.734723476e-18 0 0)
(1.734723476e-18 0 0)
(1.734723476e-18 0 0)
(1.734723476e-18 0 0)
(1.734723476e-18 0 0)
(1.734723476e-18 6.938893904e-18 0)
(3.469446952e-18 1.387778781e-17 0)
(1.734723476e-18 1.387778781e-17 0)
(1.734723476e-18 0 0)
(1.734723476e-18 0 0)
(1.734723476e-18 0 0)
(1.734723476e-18 0 0)
(1.734723476e-18 0 0)
(1.734723476e-18 0 0)
(3.469446952e-18 3.469446952e-17 0)
(1.734723476e-18 0 0)
(1.734723476e-18 0 0)
(1.734723476e-18 0 0)
(1.734723476e-18 6.938893904e-18 0)
(1.734723476e-18 1.387778781e-17 0)
(1.734723476e-18 1.387778781e-17 0)
(1.734723476e-18 1.387778781e-17 0)
(0 -6.938893904e-18 0)
(1.734723476e-18 -6.938893904e-18 0)
(1.734723476e-18 6.938893904e-18 0)
(1.734723476e-18 2.081668171e-17 0)
(1.734723476e-18 1.387778781e-17 0)
(1.734723476e-18 1.387778781e-17 0)
(1.734723476e-18 1.387778781e-17 0)
(1.734723476e-18 1.387778781e-17 0)
(1.734723476e-18 0 0)
(1.734723476e-18 1.387778781e-17 0)
(1.734723476e-18 0 0)
(1.734723476e-18 0 0)
(0 0 0)
(1.734723476e-18 1.387778781e-17 0)
(1.734723476e-18 0 0)
(1.734723476e-18 1.387778781e-17 0)
(1.734723476e-18 -1.387778781e-17 0)
(1.734723476e-18 0 0)
(1.734723476e-18 0 0)
(1.734723476e-18 1.387778781e-17 0)
(1.734723476e-18 0 0)
(1.734723476e-18 0 0)
(1.734723476e-18 0 0)
(1.734723476e-18 0 0)
(1.734723476e-18 1.387778781e-17 0)
(1.734723476e-18 0 0)
(1.734723476e-18 0 0)
(0 1.387778781e-17 0)
(1.734723476e-18 0 0)
(1.734723476e-18 1.387778781e-17 0)
(1.734723476e-18 1.387778781e-17 0)
(1.734723476e-18 0 0)
(1.734723476e-18 1.387778781e-17 0)
(1.734723476e-18 0 0)
(1.734723476e-18 1.387778781e-17 0)
(1.734723476e-18 0 0)
(1.734723476e-18 0 0)
(1.734723476e-18 0 0)
(1.734723476e-18 0 0)
(1.734723476e-18 0 0)
(1.734723476e-18 1.387778781e-17 0)
(1.734723476e-18 1.387778781e-17 0)
(1.734723476e-18 0 0)
(1.734723476e-18 2.168404345e-19 0)
(1.734723476e-18 8.67361738e-19 0)
(1.734723476e-18 4.33680869e-19 0)
(1.734723476e-18 0 0)
(1.734723476e-18 0 0)
(1.734723476e-18 8.67361738e-19 0)
(1.734723476e-18 0 0)
(-1.734723476e-18 -1.734723476e-18 0)
(0 0 0)
(-3.469446952e-18 -3.469446952e-18 0)
(0 3.469446952e-18 0)
(-3.469446952e-18 3.469446952e-18 0)
(0 3.469446952e-18 0)
(-3.469446952e-18 1.734723476e-18 0)
(0 3.469446952e-18 0)
(0 3.469446952e-18 0)
(0 0 0)
(0 3.469446952e-18 0)
(0 3.469446952e-18 0)
(0 3.469446952e-18 0)
(0 -3.469446952e-18 0)
(0 3.469446952e-18 0)
(0 6.938893904e-18 0)
(0 0 0)
(0 3.469446952e-18 0)
(0 0 0)
(0 3.469446952e-18 0)
(0 6.938893904e-18 0)
(0 3.469446952e-18 0)
(0 6.938893904e-18 0)
(0 0 0)
(0 6.938893904e-18 0)
(0 6.938893904e-18 0)
(0 1.387778781e-17 0)
(-1.734723476e-18 6.938893904e-18 0)
(0 6.938893904e-18 0)
(0 6.938893904e-18 0)
(0 1.387778781e-17 0)
(0 6.938893904e-18 0)
(0 6.938893904e-18 0)
(0 6.938893904e-18 0)
(-1.734723476e-18 0 0)
(0 6.938893904e-18 0)
(0 1.387778781e-17 0)
(0 6.938893904e-18 0)
(0 6.938893904e-18 0)
(0 0 0)
(0 6.938893904e-18 0)
(0 0 0)
(-1.734723476e-18 6.938893904e-18 0)
(0 0 0)
(0 0 0)
(0 6.938893904e-18 0)
(0 1.387778781e-17 0)
(0 1.387778781e-17 0)
(0 1.387778781e-17 0)
(0 6.938893904e-18 0)
(-5.204170428e-18 -6.938893904e-18 0)
(0 2.081668171e-17 0)
(0 6.938893904e-18 0)
(0 1.387778781e-17 0)
(0 1.387778781e-17 0)
(0 1.387778781e-17 0)
(0 1.387778781e-17 0)
(0 1.387778781e-17 0)
(0 2.775557562e-17 0)
(0 0 0)
(0 0 0)
(0 0 0)
(0 1.387778781e-17 0)
(0 1.387778781e-17 0)
(0 1.387778781e-17 0)
(0 0 0)
(0 1.387778781e-17 0)
(0 1.387778781e-17 0)
(0 1.387778781e-17 0)
(0 1.387778781e-17 0)
(0 0 0)
(0 1.387778781e-17 0)
(0 -1.387778781e-17 0)
(0 0 0)
(0 0 0)
(0 1.387778781e-17 0)
(0 2.775557562e-17 0)
(-1.734723476e-18 0 0)
(0 0 0)
(0 1.387778781e-17 0)
(0 0 0)
(0 2.775557562e-17 0)
(0 0 0)
(0 0 0)
(0 1.387778781e-17 0)
(0 0 0)
(0 2.775557562e-17 0)
(0 1.387778781e-17 0)
(0 2.775557562e-17 0)
(0 2.775557562e-17 0)
(0 1.387778781e-17 0)
(0 1.387778781e-17 0)
(-1.734723476e-18 0 0)
(-1.734723476e-18 2.168404345e-19 0)
(-1.734723476e-18 0 0)
(-1.734723476e-18 -4.33680869e-19 0)
(1.734723476e-18 8.67361738e-19 0)
(1.734723476e-18 -8.67361738e-19 0)
(1.734723476e-18 8.67361738e-19 0)
(3.469446952e-18 0 0)
(1.734723476e-18 -1.734723476e-18 0)
(1.734723476e-18 1.734723476e-18 0)
(0 -1.734723476e-18 0)
(1.734723476e-18 1.734723476e-18 0)
(0 -1.734723476e-18 0)
(1.734723476e-18 1.734723476e-18 0)
(-3.469446952e-18 -1.734723476e-18 0)
(1.734723476e-18 1.734723476e-18 0)
(1.734723476e-18 3.469446952e-18 0)
(0 0 0)
(1.734723476e-18 3.469446952e-18 0)
(1.734723476e-18 0 0)
(1.734723476e-18 0 0)
(0 -3.469446952e-18 0)
(1.734723476e-18 3.469446952e-18 0)
(1.734723476e-18 0 0)
(1.734723476e-18 3.469446952e-18 0)
(0 0 0)
(1.734723476e-18 0 0)
(1.734723476e-18 -3.469446952e-18 0)
(1.734723476e-18 -3.469446952e-18 0)
(0 0 0)
(1.734723476e-18 0 0)
(1.734723476e-18 -6.938893904e-18 0)
(1.734723476e-18 0 0)
(1.734723476e-18 0 0)
(1.734723476e-18 0 0)
(5.204170428e-18 0 0)
(1.734723476e-18 0 0)
(1.734723476e-18 0 0)
(1.734723476e-18 0 0)
(1.734723476e-18 0 0)
(1.734723476e-18 0 0)
(1.734723476e-18 6.938893904e-18 0)
(3.469446952e-18 1.387778781e-17 0)
(1.734723476e-18 1.387778781e-17 0)
(1.734723476e-18 0 0)
(1.734723476e-18 0 0)
(1.734723476e-18 0 0)
(1.734723476e-18 0 0)
(1.734723476e-18 0 0)
(1.734723476e-18 0 0)
(3.469446952e-18 3.469446952e-17 0)
(1.734723476e-18 0 0)
(1.734723476e-18 0 0)
(1.734723476e-18 0 0)
(1.734723476e-18 6.938893904e-18 0)
(1.734723476e-18 1.387778781e-17 0)
(1.734723476e-18 1.387778781e-17 0)
(1.734723476e-18 1.387778781e-17 0)
(-1.734723476e-18 -6.938893904e-18 0)
(1.734723476e-18 -6.938893904e-18 0)
(1.734723476e-18 6.938893904e-18 0)
(1.734723476e-18 2.081668171e-17 0)
(1.734723476e-18 1.387778781e-17 0)
(1.734723476e-18 1.387778781e-17 0)
(1.734723476e-18 1.387778781e-17 0)
(1.734723476e-18 1.387778781e-17 0)
(1.734723476e-18 0 0)
(1.734723476e-18 1.387778781e-17 0)
(1.734723476e-18 0 0)
(1.734723476e-18 0 0)
(0 0 0)
(1.734723476e-18 1.387778781e-17 0)
(1.734723476e-18 0 0)
(1.734723476e-18 1.387778781e-17 0)
(1.734723476e-18 -1.387778781e-17 0)
(1.734723476e-18 0 0)
(1.734723476e-18 0 0)
(1.734723476e-18 1.387778781e-17 0)
(1.734723476e-18 0 0)
(1.734723476e-18 0 0)
(1.734723476e-18 0 0)
(1.734723476e-18 0 0)
(1.734723476e-18 1.387778781e-17 0)
(1.734723476e-18 0 0)
(1.734723476e-18 0 0)
(-1.734723476e-18 1.387778781e-17 0)
(1.734723476e-18 0 0)
(1.734723476e-18 1.387778781e-17 0)
(1.734723476e-18 1.387778781e-17 0)
(1.734723476e-18 0 0)
(1.734723476e-18 1.387778781e-17 0)
(1.734723476e-18 0 0)
(1.734723476e-18 1.387778781e-17 0)
(1.734723476e-18 0 0)
(1.734723476e-18 0 0)
(1.734723476e-18 0 0)
(1.734723476e-18 0 0)
(1.734723476e-18 0 0)
(1.734723476e-18 1.387778781e-17 0)
(1.734723476e-18 1.387778781e-17 0)
(-3.469446952e-18 0 0)
(-3.469446952e-18 0 0)
(-3.469446952e-18 4.33680869e-19 0)
(-3.469446952e-18 -4.33680869e-19 0)
(0 -8.67361738e-19 0)
(0 -1.734723476e-18 0)
(0 8.67361738e-19 0)
(-3.469446952e-18 -1.734723476e-18 0)
(-1.734723476e-18 -1.734723476e-18 0)
(0 -1.734723476e-18 0)
(0 -3.469446952e-18 0)
(0 -1.734723476e-18 0)
(0 0 0)
(0 0 0)
(0 0 0)
(0 0 0)
(0 0 0)
(0 0 0)
(0 0 0)
(0 0 0)
(0 -3.469446952e-18 0)
(0 0 0)
(0 3.469446952e-18 0)
(0 0 0)
(0 -3.469446952e-18 0)
(0 3.469446952e-18 0)
(0 0 0)
(0 -3.469446952e-18 0)
(0 0 0)
(0 -3.469446952e-18 0)
(0 -6.938893904e-18 0)
(0 -6.938893904e-18 0)
(0 6.938893904e-18 0)
(0 0 0)
(0 0 0)
(1.734723476e-18 6.938893904e-18 0)
(0 -6.938893904e-18 0)
(0 6.938893904e-18 0)
(0 6.938893904e-18 0)
(0 -6.938893904e-18 0)
(0 0 0)
(0 6.938893904e-18 0)
(1.734723476e-18 6.938893904e-18 0)
(0 -6.938893904e-18 0)
(0 -1.387778781e-17 0)
(0 -6.938893904e-18 0)
(0 0 0)
(0 -6.938893904e-18 0)
(0 -6.938893904e-18 0)
(0 -1.387778781e-17 0)
(1.734723476e-18 6.938893904e-18 0)
(0 6.938893904e-18 0)
(0 -6.938893904e-18 0)
(0 -1.387778781e-17 0)
(0 0 0)
(0 1.387778781e-17 0)
(0 0 0)
(0 -6.938893904e-18 0)
(-1.734723476e-18 -6.938893904e-18 0)
(0 0 0)
(0 -6.938893904e-18 0)
(0 0 0)
(0 0 0)
(0 -1.387778781e-17 0)
(0 0 0)
(0 0 0)
(0 1.387778781e-17 0)
(0 -1.387778781e-17 0)
(0 0 0)
(0 -1.387778781e-17 0)
(3.469446952e-18 1.387778781e-17 0)
(0 -1.387778781e-17 0)
(0 -1.387778781e-17 0)
(0 -1.387778781e-17 0)
(0 -1.387778781e-17 0)
(0 0 0)
(0 -1.387778781e-17 0)
(0 0 0)
(0 -1.387778781e-17 0)
(0 0 0)
(0 0 0)
(0 -1.387778781e-17 0)
(0 -1.387778781e-17 0)
(0 -1.387778781e-17 0)
(0 0 0)
(3.469446952e-18 0 0)
(0 0 0)
(0 1.387778781e-17 0)
(0 0 0)
(0 0 0)
(0 -1.387778781e-17 0)
(0 -2.775557562e-17 0)
(0 -1.387778781e-17 0)
(0 -1.387778781e-17 0)
(0 0 0)
(0 0 0)
(0 0 0)
(0 0 0)
(0 0 0)
(0 -1.387778781e-17 0)
(0 0 0)
(0 2.168404345e-19 0)
(0 0 0)
(0 -4.33680869e-19 0)
(1.734723476e-18 8.67361738e-19 0)
(1.734723476e-18 -8.67361738e-19 0)
(1.734723476e-18 8.67361738e-19 0)
(1.734723476e-18 0 0)
(0 -1.734723476e-18 0)
(1.734723476e-18 1.734723476e-18 0)
(0 -1.734723476e-18 0)
(1.734723476e-18 1.734723476e-18 0)
(0 -1.734723476e-18 0)
(1.734723476e-18 1.734723476e-18 0)
(0 -1.734723476e-18 0)
(1.734723476e-18 1.734723476e-18 0)
(1.734723476e-18 3.469446952e-18 0)
(0 0 0)
(1.734723476e-18 3.469446952e-18 0)
(1.734723476e-18 0 0)
(1.734723476e-18 0 0)
(0 -3.469446952e-18 0)
(1.734723476e-18 3.469446952e-18 0)
(1.734723476e-18 0 0)
(1.734723476e-18 3.469446952e-18 0)
(0 0 0)
(1.734723476e-18 0 0)
(1.734723476e-18 -3.469446952e-18 0)
(1.734723476e-18 -3.469446952e-18 0)
(0 0 0)
(1.734723476e-18 0 0)
(1.734723476e-18 -6.938893904e-18 0)
(1.734723476e-18 0 0)
(1.734723476e-18 0 0)
(1.734723476e-18 0 0)
(3.469446952e-18 0 0)
(1.734723476e-18 0 0)
(1.734723476e-18 0 0)
(1.734723476e-18 0 0)
(1.734723476e-18 0 0)
(1.734723476e-18 0 0)
(1.734723476e-18 6.938893904e-18 0)
(3.469446952e-18 1.387778781e-17 0)
(1.734723476e-18 1.387778781e-17 0)
(1.734723476e-18 0 0)
(1.734723476e-18 0 0)
(1.734723476e-18 0 0)
(1.734723476e-18 0 0)
(1.734723476e-18 0 0)
(1.734723476e-18 0 0)
(3.469446952e-18 3.469446952e-17 0)
(1.734723476e-18 0 0)
(1.734723476e-18 0 0)
(1.734723476e-18 0 0)
(1.734723476e-18 6.938893904e-18 0)
(1.734723476e-18 1.387778781e-17 0)
(1.734723476e-18 1.387778781e-17 0)
(1.734723476e-18 1.387778781e-17 0)
(-1.734723476e-18 -6.938893904e-18 0)
(1.734723476e-18 -6.938893904e-18 0)
(1.734723476e-18 6.938893904e-18 0)
(1.734723476e-18 2.081668171e-17 0)
(1.734723476e-18 1.387778781e-17 0)
(1.734723476e-18 1.387778781e-17 0)
(1.734723476e-18 1.387778781e-17 0)
(1.734723476e-18 1.387778781e-17 0)
(1.734723476e-18 0 0)
(1.734723476e-18 1.387778781e-17 0)
(1.734723476e-18 0 0)
(1.734723476e-18 0 0)
(-1.734723476e-18 0 0)
(1.734723476e-18 1.387778781e-17 0)
(1.734723476e-18 0 0)
(1.734723476e-18 1.387778781e-17 0)
(1.734723476e-18 -1.387778781e-17 0)
(1.734723476e-18 0 0)
(1.734723476e-18 0 0)
(1.734723476e-18 1.387778781e-17 0)
(1.734723476e-18 0 0)
(1.734723476e-18 0 0)
(1.734723476e-18 0 0)
(1.734723476e-18 0 0)
(1.734723476e-18 1.387778781e-17 0)
(1.734723476e-18 0 0)
(1.734723476e-18 0 0)
(1.734723476e-18 1.387778781e-17 0)
(1.734723476e-18 0 0)
(1.734723476e-18 1.387778781e-17 0)
(1.734723476e-18 1.387778781e-17 0)
(1.734723476e-18 0 0)
(1.734723476e-18 1.387778781e-17 0)
(1.734723476e-18 0 0)
(1.734723476e-18 1.387778781e-17 0)
(1.734723476e-18 0 0)
(1.734723476e-18 0 0)
(1.734723476e-18 0 0)
(1.734723476e-18 0 0)
(1.734723476e-18 0 0)
(1.734723476e-18 1.387778781e-17 0)
(1.734723476e-18 1.387778781e-17 0)
(3.469446952e-18 0 0)
(3.469446952e-18 2.168404345e-19 0)
(3.469446952e-18 0 0)
(3.469446952e-18 -4.33680869e-19 0)
(3.469446952e-18 8.67361738e-19 0)
(3.469446952e-18 -8.67361738e-19 0)
(3.469446952e-18 8.67361738e-19 0)
(3.469446952e-18 0 0)
(0 -1.734723476e-18 0)
(3.469446952e-18 1.734723476e-18 0)
(0 -1.734723476e-18 0)
(3.469446952e-18 1.734723476e-18 0)
(0 -1.734723476e-18 0)
(3.469446952e-18 1.734723476e-18 0)
(0 -1.734723476e-18 0)
(3.469446952e-18 1.734723476e-18 0)
(3.469446952e-18 3.469446952e-18 0)
(0 0 0)
(3.469446952e-18 3.469446952e-18 0)
(3.469446952e-18 0 0)
(3.469446952e-18 0 0)
(0 -3.469446952e-18 0)
(3.469446952e-18 3.469446952e-18 0)
(3.469446952e-18 0 0)
(3.469446952e-18 3.469446952e-18 0)
(0 0 0)
(3.469446952e-18 0 0)
(3.469446952e-18 -3.469446952e-18 0)
(3.469446952e-18 -3.469446952e-18 0)
(0 0 0)
(3.469446952e-18 0 0)
(3.469446952e-18 -6.938893904e-18 0)
(3.469446952e-18 0 0)
(3.469446952e-18 0 0)
(3.469446952e-18 0 0)
(3.469446952e-18 0 0)
(3.469446952e-18 0 0)
(3.469446952e-18 0 0)
(3.469446952e-18 0 0)
(3.469446952e-18 0 0)
(3.469446952e-18 0 0)
(3.469446952e-18 6.938893904e-18 0)
(3.469446952e-18 1.387778781e-17 0)
(3.469446952e-18 1.387778781e-17 0)
(3.469446952e-18 0 0)
(3.469446952e-18 0 0)
(3.469446952e-18 0 0)
(3.469446952e-18 0 0)
(3.469446952e-18 0 0)
(3.469446952e-18 0 0)
(3.469446952e-18 3.469446952e-17 0)
(3.469446952e-18 0 0)
(3.469446952e-18 0 0)
(3.469446952e-18 0 0)
(3.469446952e-18 6.938893904e-18 0)
(3.469446952e-18 1.387778781e-17 0)
(3.469446952e-18 1.387778781e-17 0)
(3.469446952e-18 1.387778781e-17 0)
(0 -6.938893904e-18 0)
(3.469446952e-18 -6.938893904e-18 0)
(3.469446952e-18 6.938893904e-18 0)
(3.469446952e-18 2.081668171e-17 0)
(3.469446952e-18 1.387778781e-17 0)
(3.469446952e-18 1.387778781e-17 0)
(3.469446952e-18 1.387778781e-17 0)
(3.469446952e-18 1.387778781e-17 0)
(3.469446952e-18 0 0)
(3.469446952e-18 1.387778781e-17 0)
(3.469446952e-18 0 0)
(3.469446952e-18 0 0)
(0 0 0)
(3.469446952e-18 1.387778781e-17 0)
(3.469446952e-18 0 0)
(3.469446952e-18 1.387778781e-17 0)
(3.469446952e-18 -1.387778781e-17 0)
(3.469446952e-18 0 0)
(3.469446952e-18 0 0)
(3.469446952e-18 1.387778781e-17 0)
(3.469446952e-18 0 0)
(3.469446952e-18 0 0)
(3.469446952e-18 0 0)
(3.469446952e-18 0 0)
(3.469446952e-18 1.387778781e-17 0)
(3.469446952e-18 0 0)
(3.469446952e-18 0 0)
(0 1.387778781e-17 0)
(3.469446952e-18 0 0)
(3.469446952e-18 1.387778781e-17 0)
(3.469446952e-18 1.387778781e-17 0)
(3.469446952e-18 0 0)
(3.469446952e-18 1.387778781e-17 0)
(3.469446952e-18 0 0)
(3.469446952e-18 1.387778781e-17 0)
(3.469446952e-18 0 0)
(3.469446952e-18 0 0)
(3.469446952e-18 0 0)
(3.469446952e-18 0 0)
(3.469446952e-18 0 0)
(3.469446952e-18 1.387778781e-17 0)
(3.469446952e-18 1.387778781e-17 0)
(3.469446952e-18 1.084202172e-19 0)
(3.469446952e-18 2.168404345e-19 0)
(3.469446952e-18 4.33680869e-19 0)
(6.938893904e-18 0 0)
(3.469446952e-18 0 0)
(3.469446952e-18 0 0)
(3.469446952e-18 1.734723476e-18 0)
(6.938893904e-18 8.67361738e-19 0)
(0 0 0)
(6.938893904e-18 1.734723476e-18 0)
(0 0 0)
(6.938893904e-18 1.734723476e-18 0)
(0 5.204170428e-18 0)
(6.938893904e-18 0 0)
(0 3.469446952e-18 0)
(6.938893904e-18 3.469446952e-18 0)
(6.938893904e-18 3.469446952e-18 0)
(3.469446952e-18 3.469446952e-18 0)
(6.938893904e-18 3.469446952e-18 0)
(6.938893904e-18 3.469446952e-18 0)
(6.938893904e-18 0 0)
(3.469446952e-18 0 0)
(6.938893904e-18 3.469446952e-18 0)
(6.938893904e-18 0 0)
(6.938893904e-18 6.938893904e-18 0)
(3.469446952e-18 -3.469446952e-18 0)
(6.938893904e-18 3.469446952e-18 0)
(6.938893904e-18 3.469446952e-18 0)
(6.938893904e-18 1.040834086e-17 0)
(3.469446952e-18 -3.469446952e-18 0)
(6.938893904e-18 0 0)
(6.938893904e-18 6.938893904e-18 0)
(6.938893904e-18 1.387778781e-17 0)
(6.938893904e-18 6.938893904e-18 0)
(6.938893904e-18 6.938893904e-18 0)
(0 6.938893904e-18 0)
(6.938893904e-18 6.938893904e-18 0)
(6.938893904e-18 0 0)
(6.938893904e-18 6.938893904e-18 0)
(6.938893904e-18 6.938893904e-18 0)
(6.938893904e-18 1.387778781e-17 0)
(6.938893904e-18 6.938893904e-18 0)
(0 -6.938893904e-18 0)
(6.938893904e-18 1.387778781e-17 0)
(6.938893904e-18 6.938893904e-18 0)
(6.938893904e-18 6.938893904e-18 0)
(6.938893904e-18 0 0)
(6.938893904e-18 6.938893904e-18 0)
(6.938893904e-18 6.938893904e-18 0)
(6.938893904e-18 6.938893904e-18 0)
(0 2.081668171e-17 0)
(6.938893904e-18 1.387778781e-17 0)
(6.938893904e-18 6.938893904e-18 0)
(6.938893904e-18 -6.938893904e-18 0)
(6.938893904e-18 0 0)
(6.938893904e-18 6.938893904e-18 0)
(6.938893904e-18 6.938893904e-18 0)
(6.938893904e-18 0 0)
(-3.469446952e-18 -2.775557562e-17 0)
(6.938893904e-18 0 0)
(6.938893904e-18 1.387778781e-17 0)
(6.938893904e-18 1.387778781e-17 0)
(6.938893904e-18 1.387778781e-17 0)
(6.938893904e-18 1.387778781e-17 0)
(6.938893904e-18 1.387778781e-17 0)
(6.938893904e-18 0 0)
(6.938893904e-18 1.387778781e-17 0)
(6.938893904e-18 1.387778781e-17 0)
(6.938893904e-18 2.775557562e-17 0)
(6.938893904e-18 1.387778781e-17 0)
(3.469446952e-18 2.775557562e-17 0)
(6.938893904e-18 0 0)
(6.938893904e-18 2.775557562e-17 0)
(6.938893904e-18 2.775557562e-17 0)
(6.938893904e-18 1.387778781e-17 0)
(6.938893904e-18 0 0)
(6.938893904e-18 1.387778781e-17 0)
(6.938893904e-18 2.775557562e-17 0)
(6.938893904e-18 0 0)
(6.938893904e-18 1.387778781e-17 0)
(6.938893904e-18 0 0)
(6.938893904e-18 0 0)
(6.938893904e-18 0 0)
(6.938893904e-18 2.775557562e-17 0)
(6.938893904e-18 0 0)
(0 0 0)
(6.938893904e-18 0 0)
(6.938893904e-18 2.775557562e-17 0)
(6.938893904e-18 0 0)
(6.938893904e-18 0 0)
(6.938893904e-18 1.387778781e-17 0)
(6.938893904e-18 1.387778781e-17 0)
(6.938893904e-18 2.775557562e-17 0)
(6.938893904e-18 0 0)
(6.938893904e-18 2.775557562e-17 0)
(6.938893904e-18 0 0)
(6.938893904e-18 0 0)
(6.938893904e-18 1.387778781e-17 0)
(6.938893904e-18 0 0)
(6.938893904e-18 1.387778781e-17 0)
(0 0 0)
(0 2.168404345e-19 0)
(0 0 0)
(0 -4.33680869e-19 0)
(0 8.67361738e-19 0)
(0 -8.67361738e-19 0)
(0 8.67361738e-19 0)
(0 0 0)
(-3.469446952e-18 -1.734723476e-18 0)
(-3.469446952e-18 1.734723476e-18 0)
(-3.469446952e-18 -1.734723476e-18 0)
(-3.469446952e-18 1.734723476e-18 0)
(-3.469446952e-18 -1.734723476e-18 0)
(-3.469446952e-18 1.734723476e-18 0)
(-3.469446952e-18 -1.734723476e-18 0)
(-3.469446952e-18 1.734723476e-18 0)
(-3.469446952e-18 3.469446952e-18 0)
(0 0 0)
(-3.469446952e-18 3.469446952e-18 0)
(-3.469446952e-18 0 0)
(-3.469446952e-18 0 0)
(3.469446952e-18 -3.469446952e-18 0)
(-3.469446952e-18 3.469446952e-18 0)
(-3.469446952e-18 0 0)
(-3.469446952e-18 3.469446952e-18 0)
(3.469446952e-18 0 0)
(-3.469446952e-18 0 0)
(-3.469446952e-18 -3.469446952e-18 0)
(-3.469446952e-18 -3.469446952e-18 0)
(3.469446952e-18 0 0)
(-3.469446952e-18 0 0)
(-3.469446952e-18 -6.938893904e-18 0)
(-3.469446952e-18 0 0)
(-3.469446952e-18 0 0)
(-3.469446952e-18 0 0)
(6.938893904e-18 0 0)
(-3.469446952e-18 0 0)
(-3.469446952e-18 0 0)
(-3.469446952e-18 0 0)
(-3.469446952e-18 0 0)
(-3.469446952e-18 0 0)
(-3.469446952e-18 6.938893904e-18 0)
(6.938893904e-18 1.387778781e-17 0)
(-3.469446952e-18 1.387778781e-17 0)
(-3.469446952e-18 0 0)
(-3.469446952e-18 0 0)
(-3.469446952e-18 0 0)
(-3.469446952e-18 0 0)
(-3.469446952e-18 0 0)
(-3.469446952e-18 0 0)
(6.938893904e-18 3.469446952e-17 0)
(-3.469446952e-18 0 0)
(-3.469446952e-18 0 0)
(-3.469446952e-18 0 0)
(-3.469446952e-18 6.938893904e-18 0)
(-3.469446952e-18 1.387778781e-17 0)
(-3.469446952e-18 1.387778781e-17 0)
(-3.469446952e-18 1.387778781e-17 0)
(3.469446952e-18 -6.938893904e-18 0)
(-3.469446952e-18 -6.938893904e-18 0)
(-3.469446952e-18 6.938893904e-18 0)
(-3.469446952e-18 2.081668171e-17 0)
(-3.469446952e-18 1.387778781e-17 0)
(-3.469446952e-18 1.387778781e-17 0)
(-3.469446952e-18 1.387778781e-17 0)
(-3.469446952e-18 1.387778781e-17 0)
(-3.469446952e-18 0 0)
(-3.469446952e-18 1.387778781e-17 0)
(-3.469446952e-18 0 0)
(-3.469446952e-18 0 0)
(0 0 0)
(-3.469446952e-18 1.387778781e-17 0)
(-3.469446952e-18 0 0)
(-3.469446952e-18 1.387778781e-17 0)
(-3.469446952e-18 -1.387778781e-17 0)
(-3.469446952e-18 0 0)
(-3.469446952e-18 0 0)
(-3.469446952e-18 1.387778781e-17 0)
(-3.469446952e-18 0 0)
(-3.469446952e-18 0 0)
(-3.469446952e-18 0 0)
(-3.469446952e-18 0 0)
(-3.469446952e-18 1.387778781e-17 0)
(-3.469446952e-18 0 0)
(-3.469446952e-18 0 0)
(0 1.387778781e-17 0)
(-3.469446952e-18 0 0)
(-3.469446952e-18 1.387778781e-17 0)
(-3.469446952e-18 1.387778781e-17 0)
(-3.469446952e-18 0 0)
(-3.469446952e-18 1.387778781e-17 0)
(-3.469446952e-18 0 0)
(-3.469446952e-18 1.387778781e-17 0)
(-3.469446952e-18 0 0)
(-3.469446952e-18 0 0)
(-3.469446952e-18 0 0)
(-3.469446952e-18 0 0)
(-3.469446952e-18 0 0)
(-3.469446952e-18 1.387778781e-17 0)
(-3.469446952e-18 1.387778781e-17 0)
(0 0 0)
(0 2.168404345e-19 0)
(0 0 0)
(0 -4.33680869e-19 0)
(0 8.67361738e-19 0)
(0 -8.67361738e-19 0)
(0 8.67361738e-19 0)
(0 0 0)
(-3.469446952e-18 -1.734723476e-18 0)
(0 1.734723476e-18 0)
(-3.469446952e-18 -1.734723476e-18 0)
(0 1.734723476e-18 0)
(-3.469446952e-18 -1.734723476e-18 0)
(0 1.734723476e-18 0)
(-3.469446952e-18 -1.734723476e-18 0)
(0 1.734723476e-18 0)
(0 3.469446952e-18 0)
(0 0 0)
(0 3.469446952e-18 0)
(0 0 0)
(0 0 0)
(0 -3.469446952e-18 0)
(0 3.469446952e-18 0)
(0 0 0)
(0 3.469446952e-18 0)
(0 0 0)
(0 0 0)
(0 -3.469446952e-18 0)
(0 -3.469446952e-18 0)
(-3.469446952e-18 0 0)
(0 0 0)
(0 -6.938893904e-18 0)
(0 0 0)
(0 0 0)
(0 0 0)
(6.938893904e-18 0 0)
(0 0 0)
(0 0 0)
(0 0 0)
(0 0 0)
(0 0 0)
(0 6.938893904e-18 0)
(6.938893904e-18 1.387778781e-17 0)
(0 1.387778781e-17 0)
(0 0 0)
(0 0 0)
(0 0 0)
(0 0 0)
(0 0 0)
(0 0 0)
(6.938893904e-18 3.469446952e-17 0)
(0 0 0)
(0 0 0)
(0 0 0)
(0 6.938893904e-18 0)
(0 1.387778781e-17 0)
(0 1.387778781e-17 0)
(0 1.387778781e-17 0)
(0 -6.938893904e-18 0)
(0 -6.938893904e-18 0)
(0 6.938893904e-18 0)
(0 2.081668171e-17 0)
(0 1.387778781e-17 0)
(0 1.387778781e-17 0)
(0 1.387778781e-17 0)
(0 1.387778781e-17 0)
(0 0 0)
(0 1.387778781e-17 0)
(0 0 0)
(0 0 0)
(0 0 0)
(0 1.387778781e-17 0)
(0 0 0)
(0 1.387778781e-17 0)
(0 -1.387778781e-17 0)
(0 0 0)
(0 0 0)
(0 1.387778781e-17 0)
(0 0 0)
(0 0 0)
(0 0 0)
(0 0 0)
(0 1.387778781e-17 0)
(0 0 0)
(0 0 0)
(3.469446952e-18 1.387778781e-17 0)
(0 0 0)
(0 1.387778781e-17 0)
(0 1.387778781e-17 0)
(0 0 0)
(0 1.387778781e-17 0)
(0 0 0)
(0 1.387778781e-17 0)
(0 0 0)
(0 0 0)
(0 0 0)
(0 0 0)
(0 0 0)
(0 1.387778781e-17 0)
(0 1.387778781e-17 0)
(0 0 0)
(0 2.168404345e-19 0)
(0 0 0)
(-3.469446952e-18 -4.33680869e-19 0)
(0 8.67361738e-19 0)
(0 -8.67361738e-19 0)
(0 8.67361738e-19 0)
(0 0 0)
(-3.469446952e-18 -1.734723476e-18 0)
(0 1.734723476e-18 0)
(-3.469446952e-18 -1.734723476e-18 0)
(0 1.734723476e-18 0)
(-3.469446952e-18 -1.734723476e-18 0)
(0 1.734723476e-18 0)
(-3.469446952e-18 -1.734723476e-18 0)
(0 1.734723476e-18 0)
(0 3.469446952e-18 0)
(-3.469446952e-18 0 0)
(0 3.469446952e-18 0)
(0 0 0)
(0 0 0)
(-3.469446952e-18 -3.469446952e-18 0)
(0 3.469446952e-18 0)
(0 0 0)
(0 3.469446952e-18 0)
(-3.469446952e-18 0 0)
(0 0 0)
(0 -3.469446952e-18 0)
(0 -3.469446952e-18 0)
(-3.469446952e-18 0 0)
(0 0 0)
(0 -6.938893904e-18 0)
(0 0 0)
(0 0 0)
(0 0 0)
(6.938893904e-18 0 0)
(0 0 0)
(0 0 0)
(0 0 0)
(0 0 0)
(0 0 0)
(0 6.938893904e-18 0)
(6.938893904e-18 1.387778781e-17 0)
(0 1.387778781e-17 0)
(0 0 0)
(0 0 0)
(0 0 0)
(0 0 0)
(0 0 0)
(0 0 0)
(6.938893904e-18 3.469446952e-17 0)
(0 0 0)
(0 0 0)
(0 0 0)
(0 6.938893904e-18 0)
(0 1.387778781e-17 0)
(0 1.387778781e-17 0)
(0 1.387778781e-17 0)
(0 -6.938893904e-18 0)
(0 -6.938893904e-18 0)
(0 6.938893904e-18 0)
(0 2.081668171e-17 0)
(0 1.387778781e-17 0)
(0 1.387778781e-17 0)
(0 1.387778781e-17 0)
(0 1.387778781e-17 0)
(0 0 0)
(0 1.387778781e-17 0)
(0 0 0)
(0 0 0)
(0 0 0)
(0 1.387778781e-17 0)
(0 0 0)
(0 1.387778781e-17 0)
(0 -1.387778781e-17 0)
(0 0 0)
(0 0 0)
(0 1.387778781e-17 0)
(0 0 0)
(0 0 0)
(0 0 0)
(0 0 0)
(0 1.387778781e-17 0)
(0 0 0)
(0 0 0)
(0 1.387778781e-17 0)
(0 0 0)
(0 1.387778781e-17 0)
(0 1.387778781e-17 0)
(0 0 0)
(0 1.387778781e-17 0)
(0 0 0)
(0 1.387778781e-17 0)
(0 0 0)
(0 0 0)
(0 0 0)
(0 0 0)
(0 0 0)
(0 1.387778781e-17 0)
(0 1.387778781e-17 0)
(6.938893904e-18 1.084202172e-19 0)
(6.938893904e-18 2.168404345e-19 0)
(6.938893904e-18 4.33680869e-19 0)
(6.938893904e-18 -8.67361738e-19 0)
(6.938893904e-18 0 0)
(0 0 0)
(0 1.734723476e-18 0)
(0 0 0)
(3.469446952e-18 0 0)
(3.469446952e-18 1.734723476e-18 0)
(3.469446952e-18 0 0)
(3.469446952e-18 1.734723476e-18 0)
(3.469446952e-18 5.204170428e-18 0)
(3.469446952e-18 0 0)
(0 3.469446952e-18 0)
(3.469446952e-18 3.469446952e-18 0)
(3.469446952e-18 3.469446952e-18 0)
(-3.469446952e-18 0 0)
(3.469446952e-18 3.469446952e-18 0)
(3.469446952e-18 3.469446952e-18 0)
(3.469446952e-18 0 0)
(0 0 0)
(3.469446952e-18 3.469446952e-18 0)
(3.469446952e-18 0 0)
(3.469446952e-18 6.938893904e-18 0)
(0 -6.938893904e-18 0)
(3.469446952e-18 3.469446952e-18 0)
(3.469446952e-18 3.469446952e-18 0)
(3.469446952e-18 6.938893904e-18 0)
(0 -3.469446952e-18 0)
(3.469446952e-18 0 0)
(3.469446952e-18 6.938893904e-18 0)
(3.469446952e-18 1.387778781e-17 0)
(3.469446952e-18 6.938893904e-18 0)
(3.469446952e-18 6.938893904e-18 0)
(6.938893904e-18 6.938893904e-18 0)
(3.469446952e-18 6.938893904e-18 0)
(3.469446952e-18 0 0)
(3.469446952e-18 6.938893904e-18 0)
(3.469446952e-18 6.938893904e-18 0)
(3.469446952e-18 1.387778781e-17 0)
(3.469446952e-18 1.387778781e-17 0)
(6.938893904e-18 -6.938893904e-18 0)
(3.469446952e-18 1.387778781e-17 0)
(3.469446952e-18 6.938893904e-18 0)
(3.469446952e-18 6.938893904e-18 0)
(3.469446952e-18 0 0)
(3.469446952e-18 6.938893904e-18 0)
(3.469446952e-18 6.938893904e-18 0)
(3.469446952e-18 1.387778781e-17 0)
(6.938893904e-18 2.081668171e-17 0)
(3.469446952e-18 1.387778781e-17 0)
(3.469446952e-18 6.938893904e-18 0)
(3.469446952e-18 -6.938893904e-18 0)
(3.469446952e-18 0 0)
(3.469446952e-18 6.938893904e-18 0)
(3.469446952e-18 6.938893904e-18 0)
(3.469446952e-18 6.938893904e-18 0)
(-3.469446952e-18 -2.775557562e-17 0)
(3.469446952e-18 0 0)
(3.469446952e-18 1.387778781e-17 0)
(3.469446952e-18 1.387778781e-17 0)
(3.469446952e-18 1.387778781e-17 0)
(3.469446952e-18 1.387778781e-17 0)
(3.469446952e-18 1.387778781e-17 0)
(3.469446952e-18 0 0)
(3.469446952e-18 1.387778781e-17 0)
(3.469446952e-18 1.387778781e-17 0)
(3.469446952e-18 2.775557562e-17 0)
(3.469446952e-18 1.387778781e-17 0)
(6.938893904e-18 2.775557562e-17 0)
(3.469446952e-18 0 0)
(3.469446952e-18 1.387778781e-17 0)
(3.469446952e-18 1.387778781e-17 0)
(3.469446952e-18 1.387778781e-17 0)
(3.469446952e-18 0 0)
(3.469446952e-18 1.387778781e-17 0)
(3.469446952e-18 1.387778781e-17 0)
(3.469446952e-18 0 0)
(3.469446952e-18 1.387778781e-17 0)
(3.469446952e-18 0 0)
(3.469446952e-18 -1.387778781e-17 0)
(3.469446952e-18 0 0)
(3.469446952e-18 2.775557562e-17 0)
(3.469446952e-18 0 0)
(0 0 0)
(3.469446952e-18 0 0)
(3.469446952e-18 2.775557562e-17 0)
(3.469446952e-18 0 0)
(3.469446952e-18 0 0)
(3.469446952e-18 1.387778781e-17 0)
(3.469446952e-18 1.387778781e-17 0)
(3.469446952e-18 2.775557562e-17 0)
(3.469446952e-18 0 0)
(3.469446952e-18 1.387778781e-17 0)
(3.469446952e-18 0 0)
(3.469446952e-18 0 0)
(3.469446952e-18 1.387778781e-17 0)
(3.469446952e-18 0 0)
(3.469446952e-18 1.387778781e-17 0)
(0 0 0)
(0 2.168404345e-19 0)
(0 0 0)
(0 -4.33680869e-19 0)
(0 8.67361738e-19 0)
(0 -8.67361738e-19 0)
(0 8.67361738e-19 0)
(0 0 0)
(3.469446952e-18 -1.734723476e-18 0)
(3.469446952e-18 1.734723476e-18 0)
(0 -1.734723476e-18 0)
(3.469446952e-18 1.734723476e-18 0)
(0 -1.734723476e-18 0)
(3.469446952e-18 1.734723476e-18 0)
(0 -1.734723476e-18 0)
(3.469446952e-18 1.734723476e-18 0)
(3.469446952e-18 3.469446952e-18 0)
(0 0 0)
(3.469446952e-18 3.469446952e-18 0)
(3.469446952e-18 0 0)
(3.469446952e-18 0 0)
(0 -3.469446952e-18 0)
(3.469446952e-18 3.469446952e-18 0)
(3.469446952e-18 0 0)
(3.469446952e-18 3.469446952e-18 0)
(0 0 0)
(3.469446952e-18 0 0)
(3.469446952e-18 -3.469446952e-18 0)
(3.469446952e-18 -3.469446952e-18 0)
(0 0 0)
(3.469446952e-18 0 0)
(3.469446952e-18 -6.938893904e-18 0)
(3.469446952e-18 0 0)
(3.469446952e-18 0 0)
(3.469446952e-18 0 0)
(6.938893904e-18 0 0)
(3.469446952e-18 0 0)
(3.469446952e-18 0 0)
(3.469446952e-18 0 0)
(3.469446952e-18 0 0)
(3.469446952e-18 0 0)
(3.469446952e-18 6.938893904e-18 0)
(6.938893904e-18 1.387778781e-17 0)
(3.469446952e-18 1.387778781e-17 0)
(3.469446952e-18 0 0)
(3.469446952e-18 0 0)
(3.469446952e-18 0 0)
(3.469446952e-18 0 0)
(3.469446952e-18 0 0)
(3.469446952e-18 0 0)
(6.938893904e-18 3.469446952e-17 0)
(3.469446952e-18 0 0)
(3.469446952e-18 0 0)
(3.469446952e-18 0 0)
(3.469446952e-18 6.938893904e-18 0)
(3.469446952e-18 1.387778781e-17 0)
(3.469446952e-18 1.387778781e-17 0)
(3.469446952e-18 1.387778781e-17 0)
(0 -6.938893904e-18 0)
(3.469446952e-18 -6.938893904e-18 0)
(3.469446952e-18 6.938893904e-18 0)
(3.469446952e-18 2.081668171e-17 0)
(3.469446952e-18 1.387778781e-17 0)
(3.469446952e-18 1.387778781e-17 0)
(3.469446952e-18 1.387778781e-17 0)
(3.469446952e-18 1.387778781e-17 0)
(3.469446952e-18 0 0)
(3.469446952e-18 1.387778781e-17 0)
(3.469446952e-18 0 0)
(3.469446952e-18 0 0)
(0 0 0)
(3.469446952e-18 1.387778781e-17 0)
(3.469446952e-18 0 0)
(3.469446952e-18 1.387778781e-17 0)
(3.469446952e-18 -1.387778781e-17 0)
(3.469446952e-18 0 0)
(3.469446952e-18 0 0)
(3.469446952e-18 1.387778781e-17 0)
(3.469446952e-18 0 0)
(3.469446952e-18 0 0)
(3.469446952e-18 0 0)
(3.469446952e-18 0 0)
(3.469446952e-18 1.387778781e-17 0)
(3.469446952e-18 0 0)
(3.469446952e-18 0 0)
(0 1.387778781e-17 0)
(3.469446952e-18 0 0)
(3.469446952e-18 1.387778781e-17 0)
(3.469446952e-18 1.387778781e-17 0)
(3.469446952e-18 0 0)
(3.469446952e-18 1.387778781e-17 0)
(3.469446952e-18 0 0)
(3.469446952e-18 1.387778781e-17 0)
(3.469446952e-18 0 0)
(3.469446952e-18 0 0)
(3.469446952e-18 0 0)
(3.469446952e-18 0 0)
(3.469446952e-18 0 0)
(3.469446952e-18 1.387778781e-17 0)
(3.469446952e-18 1.387778781e-17 0)
(3.469446952e-18 0 0)
(3.469446952e-18 2.168404345e-19 0)
(3.469446952e-18 0 0)
(0 -4.33680869e-19 0)
(6.938893904e-18 8.67361738e-19 0)
(6.938893904e-18 -8.67361738e-19 0)
(6.938893904e-18 8.67361738e-19 0)
(3.469446952e-18 0 0)
(0 -1.734723476e-18 0)
(0 1.734723476e-18 0)
(0 -1.734723476e-18 0)
(0 1.734723476e-18 0)
(0 -1.734723476e-18 0)
(0 1.734723476e-18 0)
(0 -1.734723476e-18 0)
(0 1.734723476e-18 0)
(0 3.469446952e-18 0)
(0 0 0)
(0 3.469446952e-18 0)
(0 0 0)
(0 0 0)
(0 -3.469446952e-18 0)
(0 3.469446952e-18 0)
(0 0 0)
(0 3.469446952e-18 0)
(0 0 0)
(0 0 0)
(0 -3.469446952e-18 0)
(0 -3.469446952e-18 0)
(0 0 0)
(0 0 0)
(0 -6.938893904e-18 0)
(0 0 0)
(0 0 0)
(0 0 0)
(1.040834086e-17 0 0)
(0 0 0)
(0 0 0)
(0 0 0)
(0 0 0)
(0 0 0)
(0 6.938893904e-18 0)
(1.040834086e-17 1.387778781e-17 0)
(0 1.387778781e-17 0)
(0 0 0)
(0 0 0)
(0 0 0)
(0 0 0)
(0 0 0)
(0 0 0)
(1.040834086e-17 3.469446952e-17 0)
(0 0 0)
(0 0 0)
(0 0 0)
(0 6.938893904e-18 0)
(0 1.387778781e-17 0)
(0 1.387778781e-17 0)
(0 1.387778781e-17 0)
(0 -6.938893904e-18 0)
(0 -6.938893904e-18 0)
(0 6.938893904e-18 0)
(0 2.081668171e-17 0)
(0 1.387778781e-17 0)
(0 1.387778781e-17 0)
(0 1.387778781e-17 0)
(0 1.387778781e-17 0)
(0 0 0)
(0 1.387778781e-17 0)
(0 0 0)
(0 0 0)
(0 0 0)
(0 1.387778781e-17 0)
(0 0 0)
(0 1.387778781e-17 0)
(0 -1.387778781e-17 0)
(0 0 0)
(0 0 0)
(0 1.387778781e-17 0)
(0 0 0)
(0 0 0)
(0 0 0)
(0 0 0)
(0 1.387778781e-17 0)
(0 0 0)
(0 0 0)
(0 1.387778781e-17 0)
(0 0 0)
(0 1.387778781e-17 0)
(0 1.387778781e-17 0)
(0 0 0)
(0 1.387778781e-17 0)
(0 0 0)
(0 1.387778781e-17 0)
(0 0 0)
(0 0 0)
(0 0 0)
(0 0 0)
(0 0 0)
(0 1.387778781e-17 0)
(0 1.387778781e-17 0)
(0 0 0)
(0 2.168404345e-19 0)
(0 0 0)
(0 -4.33680869e-19 0)
(0 8.67361738e-19 0)
(0 -8.67361738e-19 0)
(0 8.67361738e-19 0)
(0 0 0)
(-3.469446952e-18 -1.734723476e-18 0)
(3.469446952e-18 1.734723476e-18 0)
(-3.469446952e-18 -1.734723476e-18 0)
(3.469446952e-18 1.734723476e-18 0)
(-3.469446952e-18 -1.734723476e-18 0)
(3.469446952e-18 1.734723476e-18 0)
(-3.469446952e-18 -1.734723476e-18 0)
(3.469446952e-18 1.734723476e-18 0)
(3.469446952e-18 3.469446952e-18 0)
(-6.938893904e-18 0 0)
(3.469446952e-18 3.469446952e-18 0)
(3.469446952e-18 0 0)
(3.469446952e-18 0 0)
(-6.938893904e-18 -3.469446952e-18 0)
(3.469446952e-18 3.469446952e-18 0)
(3.469446952e-18 0 0)
(3.469446952e-18 3.469446952e-18 0)
(-6.938893904e-18 0 0)
(3.469446952e-18 0 0)
(3.469446952e-18 -3.469446952e-18 0)
(3.469446952e-18 -3.469446952e-18 0)
(0 0 0)
(3.469446952e-18 0 0)
(3.469446952e-18 -6.938893904e-18 0)
(3.469446952e-18 0 0)
(3.469446952e-18 0 0)
(3.469446952e-18 0 0)
(3.469446952e-18 0 0)
(3.469446952e-18 0 0)
(3.469446952e-18 0 0)
(3.469446952e-18 0 0)
(3.469446952e-18 0 0)
(3.469446952e-18 0 0)
(3.469446952e-18 6.938893904e-18 0)
(3.469446952e-18 1.387778781e-17 0)
(3.469446952e-18 1.387778781e-17 0)
(3.469446952e-18 0 0)
(3.469446952e-18 0 0)
(3.469446952e-18 0 0)
(3.469446952e-18 0 0)
(3.469446952e-18 0 0)
(3.469446952e-18 0 0)
(3.469446952e-18 3.469446952e-17 0)
(3.469446952e-18 0 0)
(3.469446952e-18 0 0)
(3.469446952e-18 0 0)
(3.469446952e-18 6.938893904e-18 0)
(3.469446952e-18 1.387778781e-17 0)
(3.469446952e-18 1.387778781e-17 0)
(3.469446952e-18 1.387778781e-17 0)
(0 -6.938893904e-18 0)
(3.469446952e-18 -6.938893904e-18 0)
(3.469446952e-18 6.938893904e-18 0)
(3.469446952e-18 2.081668171e-17 0)
(3.469446952e-18 1.387778781e-17 0)
(3.469446952e-18 1.387778781e-17 0)
(3.469446952e-18 1.387778781e-17 0)
(3.469446952e-18 1.387778781e-17 0)
(3.469446952e-18 0 0)
(3.469446952e-18 1.387778781e-17 0)
(3.469446952e-18 0 0)
(3.469446952e-18 0 0)
(0 0 0)
(3.469446952e-18 1.387778781e-17 0)
(3.469446952e-18 0 0)
(3.469446952e-18 1.387778781e-17 0)
(3.469446952e-18 -1.387778781e-17 0)
(3.469446952e-18 0 0)
(3.469446952e-18 0 0)
(3.469446952e-18 1.387778781e-17 0)
(3.469446952e-18 0 0)
(3.469446952e-18 0 0)
(3.469446952e-18 0 0)
(3.469446952e-18 0 0)
(3.469446952e-18 1.387778781e-17 0)
(3.469446952e-18 0 0)
(3.469446952e-18 0 0)
(0 1.387778781e-17 0)
(3.469446952e-18 0 0)
(3.469446952e-18 1.387778781e-17 0)
(3.469446952e-18 1.387778781e-17 0)
(3.469446952e-18 0 0)
(3.469446952e-18 1.387778781e-17 0)
(3.469446952e-18 0 0)
(3.469446952e-18 1.387778781e-17 0)
(3.469446952e-18 0 0)
(3.469446952e-18 0 0)
(3.469446952e-18 0 0)
(3.469446952e-18 0 0)
(3.469446952e-18 0 0)
(3.469446952e-18 1.387778781e-17 0)
(3.469446952e-18 1.387778781e-17 0)
(0 1.084202172e-19 0)
(0 2.168404345e-19 0)
(0 4.33680869e-19 0)
(0 -8.67361738e-19 0)
(0 0 0)
(0 0 0)
(0 1.734723476e-18 0)
(0 0 0)
(0 0 0)
(3.469446952e-18 1.734723476e-18 0)
(0 0 0)
(3.469446952e-18 1.734723476e-18 0)
(0 5.204170428e-18 0)
(3.469446952e-18 0 0)
(0 3.469446952e-18 0)
(3.469446952e-18 3.469446952e-18 0)
(3.469446952e-18 3.469446952e-18 0)
(-6.938893904e-18 0 0)
(3.469446952e-18 3.469446952e-18 0)
(3.469446952e-18 3.469446952e-18 0)
(3.469446952e-18 0 0)
(-6.938893904e-18 0 0)
(3.469446952e-18 3.469446952e-18 0)
(3.469446952e-18 0 0)
(3.469446952e-18 6.938893904e-18 0)
(-6.938893904e-18 -6.938893904e-18 0)
(3.469446952e-18 3.469446952e-18 0)
(3.469446952e-18 3.469446952e-18 0)
(3.469446952e-18 6.938893904e-18 0)
(-6.938893904e-18 -3.469446952e-18 0)
(3.469446952e-18 0 0)
(3.469446952e-18 6.938893904e-18 0)
(3.469446952e-18 1.387778781e-17 0)
(3.469446952e-18 6.938893904e-18 0)
(3.469446952e-18 6.938893904e-18 0)
(-6.938893904e-18 6.938893904e-18 0)
(3.469446952e-18 6.938893904e-18 0)
(3.469446952e-18 0 0)
(3.469446952e-18 6.938893904e-18 0)
(3.469446952e-18 6.938893904e-18 0)
(3.469446952e-18 1.387778781e-17 0)
(3.469446952e-18 1.387778781e-17 0)
(-6.938893904e-18 -6.938893904e-18 0)
(3.469446952e-18 1.387778781e-17 0)
(3.469446952e-18 6.938893904e-18 0)
(3.469446952e-18 6.938893904e-18 0)
(3.469446952e-18 0 0)
(3.469446952e-18 6.938893904e-18 0)
(3.469446952e-18 6.938893904e-18 0)
(3.469446952e-18 1.387778781e-17 0)
(-6.938893904e-18 2.081668171e-17 0)
(3.469446952e-18 1.387778781e-17 0)
(3.469446952e-18 6.938893904e-18 0)
(3.469446952e-18 -6.938893904e-18 0)
(3.469446952e-18 0 0)
(3.469446952e-18 6.938893904e-18 0)
(3.469446952e-18 6.938893904e-18 0)
(3.469446952e-18 6.938893904e-18 0)
(-1.387778781e-17 -2.775557562e-17 0)
(3.469446952e-18 0 0)
(3.469446952e-18 1.387778781e-17 0)
(3.469446952e-18 1.387778781e-17 0)
(3.469446952e-18 1.387778781e-17 0)
(3.469446952e-18 1.387778781e-17 0)
(3.469446952e-18 1.387778781e-17 0)
(3.469446952e-18 0 0)
(3.469446952e-18 1.387778781e-17 0)
(3.469446952e-18 1.387778781e-17 0)
(3.469446952e-18 2.775557562e-17 0)
(3.469446952e-18 1.387778781e-17 0)
(0 2.775557562e-17 0)
(3.469446952e-18 0 0)
(3.469446952e-18 1.387778781e-17 0)
(3.469446952e-18 1.387778781e-17 0)
(3.469446952e-18 1.387778781e-17 0)
(3.469446952e-18 0 0)
(3.469446952e-18 1.387778781e-17 0)
(3.469446952e-18 1.387778781e-17 0)
(3.469446952e-18 0 0)
(3.469446952e-18 1.387778781e-17 0)
(3.469446952e-18 0 0)
(3.469446952e-18 -1.387778781e-17 0)
(3.469446952e-18 0 0)
(3.469446952e-18 2.775557562e-17 0)
(3.469446952e-18 0 0)
(-6.938893904e-18 0 0)
(3.469446952e-18 0 0)
(3.469446952e-18 2.775557562e-17 0)
(3.469446952e-18 0 0)
(3.469446952e-18 0 0)
(3.469446952e-18 1.387778781e-17 0)
(3.469446952e-18 1.387778781e-17 0)
(3.469446952e-18 2.775557562e-17 0)
(3.469446952e-18 0 0)
(3.469446952e-18 1.387778781e-17 0)
(3.469446952e-18 0 0)
(3.469446952e-18 0 0)
(3.469446952e-18 1.387778781e-17 0)
(3.469446952e-18 0 0)
(3.469446952e-18 1.387778781e-17 0)
(0 0 0)
(0 2.168404345e-19 0)
(0 0 0)
(-3.469446952e-18 -4.33680869e-19 0)
(0 8.67361738e-19 0)
(0 -8.67361738e-19 0)
(0 8.67361738e-19 0)
(0 0 0)
(0 -1.734723476e-18 0)
(0 1.734723476e-18 0)
(0 -1.734723476e-18 0)
(0 1.734723476e-18 0)
(0 -1.734723476e-18 0)
(0 1.734723476e-18 0)
(6.938893904e-18 -1.734723476e-18 0)
(0 1.734723476e-18 0)
(0 3.469446952e-18 0)
(3.469446952e-18 0 0)
(0 3.469446952e-18 0)
(0 0 0)
(0 0 0)
(0 -3.469446952e-18 0)
(0 3.469446952e-18 0)
(0 0 0)
(0 3.469446952e-18 0)
(0 0 0)
(0 0 0)
(0 -3.469446952e-18 0)
(0 -3.469446952e-18 0)
(0 0 0)
(0 0 0)
(0 -6.938893904e-18 0)
(0 0 0)
(0 0 0)
(0 0 0)
(6.938893904e-18 0 0)
(0 0 0)
(0 0 0)
(0 0 0)
(0 0 0)
(0 0 0)
(0 6.938893904e-18 0)
(6.938893904e-18 1.387778781e-17 0)
(0 1.387778781e-17 0)
(0 0 0)
(0 0 0)
(0 0 0)
(0 0 0)
(0 0 0)
(0 0 0)
(6.938893904e-18 3.469446952e-17 0)
(0 0 0)
(0 0 0)
(0 0 0)
(0 6.938893904e-18 0)
(0 1.387778781e-17 0)
(0 1.387778781e-17 0)
(0 1.387778781e-17 0)
(0 -6.938893904e-18 0)
(0 -6.938893904e-18 0)
(0 6.938893904e-18 0)
(0 2.081668171e-17 0)
(0 1.387778781e-17 0)
(0 1.387778781e-17 0)
(0 1.387778781e-17 0)
(0 1.387778781e-17 0)
(0 0 0)
(0 1.387778781e-17 0)
(0 0 0)
(0 0 0)
(-3.469446952e-18 0 0)
(0 1.387778781e-17 0)
(0 0 0)
(0 1.387778781e-17 0)
(0 -1.387778781e-17 0)
(0 0 0)
(0 0 0)
(0 1.387778781e-17 0)
(0 0 0)
(0 0 0)
(0 0 0)
(0 0 0)
(0 1.387778781e-17 0)
(0 0 0)
(0 0 0)
(-3.469446952e-18 1.387778781e-17 0)
(0 0 0)
(0 1.387778781e-17 0)
(0 1.387778781e-17 0)
(0 0 0)
(0 1.387778781e-17 0)
(0 0 0)
(0 1.387778781e-17 0)
(0 0 0)
(0 0 0)
(0 0 0)
(0 0 0)
(0 0 0)
(0 1.387778781e-17 0)
(0 1.387778781e-17 0)
(0 0 0)
(0 2.168404345e-19 0)
(0 0 0)
(0 -4.33680869e-19 0)
(0 8.67361738e-19 0)
(0 -8.67361738e-19 0)
(0 8.67361738e-19 0)
(0 0 0)
(-3.469446952e-18 -1.734723476e-18 0)
(6.938893904e-18 1.734723476e-18 0)
(-3.469446952e-18 -1.734723476e-18 0)
(6.938893904e-18 1.734723476e-18 0)
(-3.469446952e-18 -1.734723476e-18 0)
(6.938893904e-18 1.734723476e-18 0)
(-3.469446952e-18 -1.734723476e-18 0)
(6.938893904e-18 1.734723476e-18 0)
(6.938893904e-18 3.469446952e-18 0)
(-3.469446952e-18 0 0)
(6.938893904e-18 3.469446952e-18 0)
(6.938893904e-18 0 0)
(6.938893904e-18 0 0)
(-3.469446952e-18 -3.469446952e-18 0)
(6.938893904e-18 3.469446952e-18 0)
(6.938893904e-18 0 0)
(6.938893904e-18 3.469446952e-18 0)
(-3.469446952e-18 0 0)
(6.938893904e-18 0 0)
(6.938893904e-18 -3.469446952e-18 0)
(6.938893904e-18 -3.469446952e-18 0)
(-3.469446952e-18 0 0)
(6.938893904e-18 0 0)
(6.938893904e-18 -6.938893904e-18 0)
(6.938893904e-18 0 0)
(6.938893904e-18 0 0)
(6.938893904e-18 0 0)
(6.938893904e-18 0 0)
(6.938893904e-18 0 0)
(6.938893904e-18 0 0)
(6.938893904e-18 0 0)
(6.938893904e-18 0 0)
(6.938893904e-18 0 0)
(6.938893904e-18 6.938893904e-18 0)
(6.938893904e-18 1.387778781e-17 0)
(6.938893904e-18 1.387778781e-17 0)
(6.938893904e-18 0 0)
(6.938893904e-18 0 0)
(6.938893904e-18 0 0)
(6.938893904e-18 0 0)
(6.938893904e-18 0 0)
(6.938893904e-18 0 0)
(6.938893904e-18 3.469446952e-17 0)
(6.938893904e-18 0 0)
(6.938893904e-18 0 0)
(6.938893904e-18 0 0)
(6.938893904e-18 6.938893904e-18 0)
(6.938893904e-18 1.387778781e-17 0)
(6.938893904e-18 1.387778781e-17 0)
(6.938893904e-18 1.387778781e-17 0)
(0 -6.938893904e-18 0)
(6.938893904e-18 -6.938893904e-18 0)
(6.938893904e-18 6.938893904e-18 0)
(6.938893904e-18 2.081668171e-17 0)
(6.938893904e-18 1.387778781e-17 0)
(6.938893904e-18 1.387778781e-17 0)
(6.938893904e-18 1.387778781e-17 0)
(6.938893904e-18 1.387778781e-17 0)
(6.938893904e-18 0 0)
(6.938893904e-18 1.387778781e-17 0)
(6.938893904e-18 0 0)
(6.938893904e-18 0 0)
(0 0 0)
(6.938893904e-18 1.387778781e-17 0)
(6.938893904e-18 0 0)
(6.938893904e-18 1.387778781e-17 0)
(6.938893904e-18 -1.387778781e-17 0)
(6.938893904e-18 0 0)
(6.938893904e-18 0 0)
(6.938893904e-18 1.387778781e-17 0)
(6.938893904e-18 0 0)
(6.938893904e-18 0 0)
(6.938893904e-18 0 0)
(6.938893904e-18 0 0)
(6.938893904e-18 1.387778781e-17 0)
(6.938893904e-18 0 0)
(6.938893904e-18 0 0)
(0 1.387778781e-17 0)
(6.938893904e-18 0 0)
(6.938893904e-18 1.387778781e-17 0)
(6.938893904e-18 1.387778781e-17 0)
(6.938893904e-18 0 0)
(6.938893904e-18 1.387778781e-17 0)
(6.938893904e-18 0 0)
(6.938893904e-18 1.387778781e-17 0)
(6.938893904e-18 0 0)
(6.938893904e-18 0 0)
(6.938893904e-18 0 0)
(6.938893904e-18 0 0)
(6.938893904e-18 0 0)
(6.938893904e-18 1.387778781e-17 0)
(6.938893904e-18 1.387778781e-17 0)
(3.469446952e-18 0 0)
(3.469446952e-18 2.168404345e-19 0)
(3.469446952e-18 0 0)
(-3.469446952e-18 -4.33680869e-19 0)
(3.469446952e-18 8.67361738e-19 0)
(3.469446952e-18 -8.67361738e-19 0)
(3.469446952e-18 8.67361738e-19 0)
(-3.469446952e-18 0 0)
(0 -1.734723476e-18 0)
(3.469446952e-18 1.734723476e-18 0)
(0 -1.734723476e-18 0)
(3.469446952e-18 1.734723476e-18 0)
(0 -1.734723476e-18 0)
(3.469446952e-18 1.734723476e-18 0)
(0 -1.734723476e-18 0)
(3.469446952e-18 1.734723476e-18 0)
(3.469446952e-18 3.469446952e-18 0)
(0 0 0)
(3.469446952e-18 3.469446952e-18 0)
(3.469446952e-18 0 0)
(3.469446952e-18 0 0)
(0 -3.469446952e-18 0)
(3.469446952e-18 3.469446952e-18 0)
(3.469446952e-18 0 0)
(3.469446952e-18 3.469446952e-18 0)
(0 0 0)
(3.469446952e-18 0 0)
(3.469446952e-18 -3.469446952e-18 0)
(3.469446952e-18 -3.469446952e-18 0)
(-3.469446952e-18 0 0)
(3.469446952e-18 0 0)
(3.469446952e-18 -6.938893904e-18 0)
(3.469446952e-18 0 0)
(3.469446952e-18 0 0)
(3.469446952e-18 0 0)
(6.938893904e-18 0 0)
(3.469446952e-18 0 0)
(3.469446952e-18 0 0)
(3.469446952e-18 0 0)
(3.469446952e-18 0 0)
(3.469446952e-18 0 0)
(3.469446952e-18 6.938893904e-18 0)
(6.938893904e-18 1.387778781e-17 0)
(3.469446952e-18 1.387778781e-17 0)
(3.469446952e-18 0 0)
(3.469446952e-18 0 0)
(3.469446952e-18 0 0)
(3.469446952e-18 0 0)
(3.469446952e-18 0 0)
(3.469446952e-18 0 0)
(6.938893904e-18 3.469446952e-17 0)
(3.469446952e-18 0 0)
(3.469446952e-18 0 0)
(3.469446952e-18 0 0)
(3.469446952e-18 6.938893904e-18 0)
(3.469446952e-18 1.387778781e-17 0)
(3.469446952e-18 1.387778781e-17 0)
(3.469446952e-18 1.387778781e-17 0)
(0 -6.938893904e-18 0)
(3.469446952e-18 -6.938893904e-18 0)
(3.469446952e-18 6.938893904e-18 0)
(3.469446952e-18 2.081668171e-17 0)
(3.469446952e-18 1.387778781e-17 0)
(3.469446952e-18 1.387778781e-17 0)
(3.469446952e-18 1.387778781e-17 0)
(3.469446952e-18 1.387778781e-17 0)
(3.469446952e-18 0 0)
(3.469446952e-18 1.387778781e-17 0)
(3.469446952e-18 0 0)
(3.469446952e-18 0 0)
(6.938893904e-18 0 0)
(3.469446952e-18 1.387778781e-17 0)
(3.469446952e-18 0 0)
(3.469446952e-18 1.387778781e-17 0)
(3.469446952e-18 -1.387778781e-17 0)
(3.469446952e-18 0 0)
(3.469446952e-18 0 0)
(3.469446952e-18 1.387778781e-17 0)
(3.469446952e-18 0 0)
(3.469446952e-18 0 0)
(3.469446952e-18 0 0)
(3.469446952e-18 0 0)
(3.469446952e-18 1.387778781e-17 0)
(3.469446952e-18 0 0)
(3.469446952e-18 0 0)
(6.938893904e-18 1.387778781e-17 0)
(3.469446952e-18 0 0)
(3.469446952e-18 1.387778781e-17 0)
(3.469446952e-18 1.387778781e-17 0)
(3.469446952e-18 0 0)
(3.469446952e-18 1.387778781e-17 0)
(3.469446952e-18 0 0)
(3.469446952e-18 1.387778781e-17 0)
(3.469446952e-18 0 0)
(3.469446952e-18 0 0)
(3.469446952e-18 0 0)
(3.469446952e-18 0 0)
(3.469446952e-18 0 0)
(3.469446952e-18 1.387778781e-17 0)
(3.469446952e-18 1.387778781e-17 0)
(-3.469446952e-18 0 0)
(-3.469446952e-18 -4.33680869e-19 0)
(-3.469446952e-18 -4.33680869e-19 0)
(-1.040834086e-17 -1.301042607e-18 0)
(3.469446952e-18 -8.67361738e-19 0)
(3.469446952e-18 -1.734723476e-18 0)
(3.469446952e-18 0 0)
(-3.469446952e-18 -1.734723476e-18 0)
(3.469446952e-18 0 0)
(0 -1.734723476e-18 0)
(3.469446952e-18 0 0)
(0 0 0)
(3.469446952e-18 3.469446952e-18 0)
(0 0 0)
(0 3.469446952e-18 0)
(0 0 0)
(0 -3.469446952e-18 0)
(-3.469446952e-18 0 0)
(0 0 0)
(0 0 0)
(0 -3.469446952e-18 0)
(-1.040834086e-17 -3.469446952e-18 0)
(0 0 0)
(0 0 0)
(0 0 0)
(-1.040834086e-17 -3.469446952e-18 0)
(0 0 0)
(0 -3.469446952e-18 0)
(0 0 0)
(-1.040834086e-17 -1.040834086e-17 0)
(0 -6.938893904e-18 0)
(0 0 0)
(0 6.938893904e-18 0)
(0 0 0)
(0 6.938893904e-18 0)
(0 6.938893904e-18 0)
(0 -6.938893904e-18 0)
(0 -6.938893904e-18 0)
(0 0 0)
(0 0 0)
(0 6.938893904e-18 0)
(0 6.938893904e-18 0)
(0 6.938893904e-18 0)
(0 -1.387778781e-17 0)
(0 0 0)
(0 -6.938893904e-18 0)
(0 -6.938893904e-18 0)
(0 0 0)
(0 -6.938893904e-18 0)
(0 0 0)
(0 2.081668171e-17 0)
(0 0 0)
(0 0 0)
(0 -6.938893904e-18 0)
(0 -1.387778781e-17 0)
(0 -1.387778781e-17 0)
(0 -6.938893904e-18 0)
(0 -6.938893904e-18 0)
(-6.938893904e-18 -1.387778781e-17 0)
(0 -1.387778781e-17 0)
(0 0 0)
(0 0 0)
(0 0 0)
(0 -1.387778781e-17 0)
(0 0 0)
(0 -1.387778781e-17 0)
(0 0 0)
(0 0 0)
(0 1.387778781e-17 0)
(0 0 0)
(3.469446952e-18 1.387778781e-17 0)
(0 -1.387778781e-17 0)
(0 0 0)
(0 -1.387778781e-17 0)
(0 0 0)
(0 -1.387778781e-17 0)
(0 -1.387778781e-17 0)
(0 0 0)
(0 -1.387778781e-17 0)
(0 -1.387778781e-17 0)
(0 -1.387778781e-17 0)
(0 0 0)
(0 -1.387778781e-17 0)
(0 -2.775557562e-17 0)
(0 -1.387778781e-17 0)
(6.938893904e-18 0 0)
(0 0 0)
(0 0 0)
(0 -1.387778781e-17 0)
(0 -1.387778781e-17 0)
(0 -1.387778781e-17 0)
(0 -1.387778781e-17 0)
(0 1.387778781e-17 0)
(0 0 0)
(0 -1.387778781e-17 0)
(0 -2.775557562e-17 0)
(0 -1.387778781e-17 0)
(0 -1.387778781e-17 0)
(0 -2.775557562e-17 0)
(0 -1.387778781e-17 0)
(6.938893904e-18 0 0)
(6.938893904e-18 2.168404345e-19 0)
(6.938893904e-18 0 0)
(0 -4.33680869e-19 0)
(0 8.67361738e-19 0)
(0 -8.67361738e-19 0)
(0 8.67361738e-19 0)
(0 0 0)
(0 -1.734723476e-18 0)
(0 1.734723476e-18 0)
(0 -1.734723476e-18 0)
(0 1.734723476e-18 0)
(0 -1.734723476e-18 0)
(0 1.734723476e-18 0)
(0 -1.734723476e-18 0)
(0 1.734723476e-18 0)
(0 3.469446952e-18 0)
(0 0 0)
(0 3.469446952e-18 0)
(0 0 0)
(0 0 0)
(0 -3.469446952e-18 0)
(0 3.469446952e-18 0)
(0 0 0)
(0 3.469446952e-18 0)
(0 0 0)
(0 0 0)
(0 -3.469446952e-18 0)
(0 -3.469446952e-18 0)
(0 0 0)
(0 0 0)
(0 -6.938893904e-18 0)
(0 0 0)
(0 0 0)
(0 0 0)
(6.938893904e-18 0 0)
(0 0 0)
(0 0 0)
(0 0 0)
(0 0 0)
(0 0 0)
(0 6.938893904e-18 0)
(6.938893904e-18 1.387778781e-17 0)
(0 1.387778781e-17 0)
(0 0 0)
(0 0 0)
(0 0 0)
(0 0 0)
(0 0 0)
(0 0 0)
(6.938893904e-18 3.469446952e-17 0)
(0 0 0)
(0 0 0)
(0 0 0)
(0 6.938893904e-18 0)
(0 1.387778781e-17 0)
(0 1.387778781e-17 0)
(0 1.387778781e-17 0)
(-3.469446952e-18 -6.938893904e-18 0)
(0 -6.938893904e-18 0)
(0 6.938893904e-18 0)
(0 2.081668171e-17 0)
(0 1.387778781e-17 0)
(0 1.387778781e-17 0)
(0 1.387778781e-17 0)
(0 1.387778781e-17 0)
(0 0 0)
(0 1.387778781e-17 0)
(0 0 0)
(0 0 0)
(0 0 0)
(0 1.387778781e-17 0)
(0 0 0)
(0 1.387778781e-17 0)
(0 -1.387778781e-17 0)
(0 0 0)
(0 0 0)
(0 1.387778781e-17 0)
(0 0 0)
(0 0 0)
(0 0 0)
(0 0 0)
(0 1.387778781e-17 0)
(0 0 0)
(0 0 0)
(0 1.387778781e-17 0)
(0 0 0)
(0 1.387778781e-17 0)
(0 1.387778781e-17 0)
(0 0 0)
(0 1.387778781e-17 0)
(0 0 0)
(0 1.387778781e-17 0)
(0 0 0)
(0 0 0)
(0 0 0)
(0 0 0)
(0 0 0)
(0 1.387778781e-17 0)
(0 1.387778781e-17 0)
(0 0 0)
(0 2.168404345e-19 0)
(0 0 0)
(-6.938893904e-18 -4.33680869e-19 0)
(0 8.67361738e-19 0)
(0 -8.67361738e-19 0)
(0 8.67361738e-19 0)
(0 0 0)
(-6.938893904e-18 -1.734723476e-18 0)
(6.938893904e-18 1.734723476e-18 0)
(-6.938893904e-18 -1.734723476e-18 0)
(6.938893904e-18 1.734723476e-18 0)
(-6.938893904e-18 -1.734723476e-18 0)
(6.938893904e-18 1.734723476e-18 0)
(0 -1.734723476e-18 0)
(6.938893904e-18 1.734723476e-18 0)
(6.938893904e-18 3.469446952e-18 0)
(0 0 0)
(6.938893904e-18 3.469446952e-18 0)
(6.938893904e-18 0 0)
(6.938893904e-18 0 0)
(0 -3.469446952e-18 0)
(6.938893904e-18 3.469446952e-18 0)
(6.938893904e-18 0 0)
(6.938893904e-18 3.469446952e-18 0)
(0 0 0)
(6.938893904e-18 0 0)
(6.938893904e-18 -3.469446952e-18 0)
(6.938893904e-18 -3.469446952e-18 0)
(0 0 0)
(6.938893904e-18 0 0)
(6.938893904e-18 -6.938893904e-18 0)
(6.938893904e-18 0 0)
(6.938893904e-18 0 0)
(6.938893904e-18 0 0)
(6.938893904e-18 0 0)
(6.938893904e-18 0 0)
(6.938893904e-18 0 0)
(6.938893904e-18 0 0)
(6.938893904e-18 0 0)
(6.938893904e-18 0 0)
(6.938893904e-18 6.938893904e-18 0)
(6.938893904e-18 1.387778781e-17 0)
(6.938893904e-18 1.387778781e-17 0)
(6.938893904e-18 0 0)
(6.938893904e-18 0 0)
(6.938893904e-18 0 0)
(6.938893904e-18 0 0)
(6.938893904e-18 0 0)
(6.938893904e-18 0 0)
(6.938893904e-18 3.469446952e-17 0)
(6.938893904e-18 0 0)
(6.938893904e-18 0 0)
(6.938893904e-18 0 0)
(6.938893904e-18 6.938893904e-18 0)
(6.938893904e-18 1.387778781e-17 0)
(6.938893904e-18 1.387778781e-17 0)
(6.938893904e-18 1.387778781e-17 0)
(0 -6.938893904e-18 0)
(6.938893904e-18 -6.938893904e-18 0)
(6.938893904e-18 6.938893904e-18 0)
(6.938893904e-18 2.081668171e-17 0)
(6.938893904e-18 1.387778781e-17 0)
(6.938893904e-18 1.387778781e-17 0)
(6.938893904e-18 1.387778781e-17 0)
(6.938893904e-18 1.387778781e-17 0)
(6.938893904e-18 0 0)
(6.938893904e-18 1.387778781e-17 0)
(6.938893904e-18 0 0)
(6.938893904e-18 0 0)
(6.938893904e-18 0 0)
(6.938893904e-18 1.387778781e-17 0)
(6.938893904e-18 0 0)
(6.938893904e-18 1.387778781e-17 0)
(6.938893904e-18 -1.387778781e-17 0)
(6.938893904e-18 0 0)
(6.938893904e-18 0 0)
(6.938893904e-18 1.387778781e-17 0)
(6.938893904e-18 0 0)
(6.938893904e-18 0 0)
(6.938893904e-18 0 0)
(6.938893904e-18 0 0)
(6.938893904e-18 1.387778781e-17 0)
(6.938893904e-18 0 0)
(6.938893904e-18 0 0)
(6.938893904e-18 1.387778781e-17 0)
(6.938893904e-18 0 0)
(6.938893904e-18 1.387778781e-17 0)
(6.938893904e-18 1.387778781e-17 0)
(6.938893904e-18 0 0)
(6.938893904e-18 1.387778781e-17 0)
(6.938893904e-18 0 0)
(6.938893904e-18 1.387778781e-17 0)
(6.938893904e-18 0 0)
(6.938893904e-18 0 0)
(6.938893904e-18 0 0)
(6.938893904e-18 0 0)
(6.938893904e-18 0 0)
(6.938893904e-18 1.387778781e-17 0)
(6.938893904e-18 1.387778781e-17 0)
(0 0 0)
(0 2.168404345e-19 0)
(0 0 0)
(0 -4.33680869e-19 0)
(6.938893904e-18 8.67361738e-19 0)
(0 -8.67361738e-19 0)
(0 8.67361738e-19 0)
(0 0 0)
(-6.938893904e-18 -1.734723476e-18 0)
(0 1.734723476e-18 0)
(-6.938893904e-18 -1.734723476e-18 0)
(0 1.734723476e-18 0)
(-6.938893904e-18 -1.734723476e-18 0)
(0 1.734723476e-18 0)
(0 -1.734723476e-18 0)
(0 1.734723476e-18 0)
(0 3.469446952e-18 0)
(6.938893904e-18 0 0)
(0 3.469446952e-18 0)
(0 0 0)
(0 0 0)
(6.938893904e-18 -3.469446952e-18 0)
(0 3.469446952e-18 0)
(0 0 0)
(0 3.469446952e-18 0)
(6.938893904e-18 0 0)
(0 0 0)
(0 -3.469446952e-18 0)
(0 -3.469446952e-18 0)
(0 0 0)
(0 0 0)
(0 -6.938893904e-18 0)
(0 0 0)
(0 0 0)
(0 0 0)
(6.938893904e-18 0 0)
(0 0 0)
(0 0 0)
(0 0 0)
(0 0 0)
(0 0 0)
(0 6.938893904e-18 0)
(6.938893904e-18 1.387778781e-17 0)
(0 1.387778781e-17 0)
(0 0 0)
(0 0 0)
(0 0 0)
(0 0 0)
(0 0 0)
(0 0 0)
(6.938893904e-18 3.469446952e-17 0)
(0 0 0)
(0 0 0)
(0 0 0)
(0 6.938893904e-18 0)
(0 1.387778781e-17 0)
(0 1.387778781e-17 0)
(0 1.387778781e-17 0)
(0 -6.938893904e-18 0)
(0 -6.938893904e-18 0)
(0 6.938893904e-18 0)
(0 2.081668171e-17 0)
(0 1.387778781e-17 0)
(0 1.387778781e-17 0)
(0 1.387778781e-17 0)
(0 1.387778781e-17 0)
(0 0 0)
(0 1.387778781e-17 0)
(0 0 0)
(0 0 0)
(0 0 0)
(0 1.387778781e-17 0)
(0 0 0)
(0 1.387778781e-17 0)
(0 -1.387778781e-17 0)
(0 0 0)
(0 0 0)
(0 1.387778781e-17 0)
(0 0 0)
(0 0 0)
(0 0 0)
(0 0 0)
(0 1.387778781e-17 0)
(0 0 0)
(0 0 0)
(0 1.387778781e-17 0)
(0 0 0)
(0 1.387778781e-17 0)
(0 1.387778781e-17 0)
(0 0 0)
(0 1.387778781e-17 0)
(0 0 0)
(0 1.387778781e-17 0)
(0 0 0)
(0 0 0)
(0 0 0)
(0 0 0)
(0 0 0)
(0 1.387778781e-17 0)
(0 1.387778781e-17 0)
(0 0 0)
(0 2.168404345e-19 0)
(0 0 0)
(0 -4.33680869e-19 0)
(6.938893904e-18 8.67361738e-19 0)
(6.938893904e-18 -8.67361738e-19 0)
(6.938893904e-18 8.67361738e-19 0)
(6.938893904e-18 0 0)
(0 -1.734723476e-18 0)
(0 1.734723476e-18 0)
(0 -1.734723476e-18 0)
(0 1.734723476e-18 0)
(0 -1.734723476e-18 0)
(0 1.734723476e-18 0)
(-6.938893904e-18 -1.734723476e-18 0)
(0 1.734723476e-18 0)
(0 3.469446952e-18 0)
(-6.938893904e-18 0 0)
(0 3.469446952e-18 0)
(0 0 0)
(0 0 0)
(-6.938893904e-18 -3.469446952e-18 0)
(0 3.469446952e-18 0)
(0 0 0)
(0 3.469446952e-18 0)
(-6.938893904e-18 0 0)
(0 0 0)
(0 -3.469446952e-18 0)
(0 -3.469446952e-18 0)
(-6.938893904e-18 0 0)
(0 0 0)
(0 -6.938893904e-18 0)
(0 0 0)
(0 0 0)
(0 0 0)
(6.938893904e-18 0 0)
(0 0 0)
(0 0 0)
(0 0 0)
(0 0 0)
(0 0 0)
(0 6.938893904e-18 0)
(6.938893904e-18 1.387778781e-17 0)
(0 1.387778781e-17 0)
(0 0 0)
(0 0 0)
(0 0 0)
(0 0 0)
(0 0 0)
(0 0 0)
(6.938893904e-18 3.469446952e-17 0)
(0 0 0)
(0 0 0)
(0 0 0)
(0 6.938893904e-18 0)
(0 1.387778781e-17 0)
(0 1.387778781e-17 0)
(0 1.387778781e-17 0)
(-6.938893904e-18 -6.938893904e-18 0)
(0 -6.938893904e-18 0)
(0 6.938893904e-18 0)
(0 2.081668171e-17 0)
(0 1.387778781e-17 0)
(0 1.387778781e-17 0)
(0 1.387778781e-17 0)
(0 1.387778781e-17 0)
(0 0 0)
(0 1.387778781e-17 0)
(0 0 0)
(0 0 0)
(6.938893904e-18 0 0)
(0 1.387778781e-17 0)
(0 0 0)
(0 1.387778781e-17 0)
(0 -1.387778781e-17 0)
(0 0 0)
(0 0 0)
(0 1.387778781e-17 0)
(0 0 0)
(0 0 0)
(0 0 0)
(0 0 0)
(0 1.387778781e-17 0)
(0 0 0)
(0 0 0)
(6.938893904e-18 1.387778781e-17 0)
(0 0 0)
(0 1.387778781e-17 0)
(0 1.387778781e-17 0)
(0 0 0)
(0 1.387778781e-17 0)
(0 0 0)
(0 1.387778781e-17 0)
(0 0 0)
(0 0 0)
(0 0 0)
(0 0 0)
(0 0 0)
(0 1.387778781e-17 0)
(0 1.387778781e-17 0)
(0 0 0)
(0 2.168404345e-19 0)
(0 0 0)
(0 -4.33680869e-19 0)
(0 8.67361738e-19 0)
(0 -8.67361738e-19 0)
(0 8.67361738e-19 0)
(0 0 0)
(0 -1.734723476e-18 0)
(0 1.734723476e-18 0)
(0 -1.734723476e-18 0)
(0 1.734723476e-18 0)
(0 -1.734723476e-18 0)
(0 1.734723476e-18 0)
(0 -1.734723476e-18 0)
(0 1.734723476e-18 0)
(0 3.469446952e-18 0)
(0 0 0)
(0 3.469446952e-18 0)
(0 0 0)
(0 0 0)
(0 -3.469446952e-18 0)
(0 3.469446952e-18 0)
(0 0 0)
(0 3.469446952e-18 0)
(0 0 0)
(0 0 0)
(0 -3.469446952e-18 0)
(0 -3.469446952e-18 0)
(0 0 0)
(0 0 0)
(0 -6.938893904e-18 0)
(0 0 0)
(0 0 0)
(0 0 0)
(6.938893904e-18 0 0)
(0 0 0)
(0 0 0)
(0 0 0)
(0 0 0)
(0 0 0)
(0 6.938893904e-18 0)
(6.938893904e-18 1.387778781e-17 0)
(0 1.387778781e-17 0)
(0 0 0)
(0 0 0)
(0 0 0)
(0 0 0)
(0 0 0)
(0 0 0)
(6.938893904e-18 3.469446952e-17 0)
(0 0 0)
(0 0 0)
(0 0 0)
(0 6.938893904e-18 0)
(0 1.387778781e-17 0)
(0 1.387778781e-17 0)
(0 1.387778781e-17 0)
(0 -6.938893904e-18 0)
(0 -6.938893904e-18 0)
(0 6.938893904e-18 0)
(0 2.081668171e-17 0)
(0 1.387778781e-17 0)
(0 1.387778781e-17 0)
(0 1.387778781e-17 0)
(0 1.387778781e-17 0)
(0 0 0)
(0 1.387778781e-17 0)
(0 0 0)
(0 0 0)
(0 0 0)
(0 1.387778781e-17 0)
(0 0 0)
(0 1.387778781e-17 0)
(0 -1.387778781e-17 0)
(0 0 0)
(0 0 0)
(0 1.387778781e-17 0)
(0 0 0)
(0 0 0)
(0 0 0)
(0 0 0)
(0 1.387778781e-17 0)
(0 0 0)
(0 0 0)
(0 1.387778781e-17 0)
(0 0 0)
(0 1.387778781e-17 0)
(0 1.387778781e-17 0)
(0 0 0)
(0 1.387778781e-17 0)
(0 0 0)
(0 1.387778781e-17 0)
(0 0 0)
(0 0 0)
(0 0 0)
(0 0 0)
(0 0 0)
(0 1.387778781e-17 0)
(0 1.387778781e-17 0)
(-1.387778781e-17 -1.084202172e-19 0)
(-1.387778781e-17 -8.67361738e-19 0)
(-1.387778781e-17 -4.33680869e-19 0)
(-1.387778781e-17 -1.301042607e-18 0)
(-1.387778781e-17 -1.734723476e-18 0)
(-1.387778781e-17 -2.602085214e-18 0)
(-1.387778781e-17 -2.602085214e-18 0)
(-1.387778781e-17 -2.602085214e-18 0)
(-6.938893904e-18 -1.734723476e-18 0)
(0 -1.734723476e-18 0)
(-6.938893904e-18 -3.469446952e-18 0)
(0 -1.734723476e-18 0)
(-6.938893904e-18 3.469446952e-18 0)
(0 -5.204170428e-18 0)
(-6.938893904e-18 -1.734723476e-18 0)
(0 -5.204170428e-18 0)
(0 -3.469446952e-18 0)
(-6.938893904e-18 -3.469446952e-18 0)
(0 -3.469446952e-18 0)
(0 -3.469446952e-18 0)
(0 -3.469446952e-18 0)
(-6.938893904e-18 -3.469446952e-18 0)
(0 -3.469446952e-18 0)
(0 -1.040834086e-17 0)
(0 -3.469446952e-18 0)
(-6.938893904e-18 0 0)
(0 -6.938893904e-18 0)
(0 -6.938893904e-18 0)
(0 -6.938893904e-18 0)
(-6.938893904e-18 -6.938893904e-18 0)
(0 -1.040834086e-17 0)
(0 -6.938893904e-18 0)
(0 -6.938893904e-18 0)
(0 -6.938893904e-18 0)
(0 -6.938893904e-18 0)
(6.938893904e-18 6.938893904e-18 0)
(0 -6.938893904e-18 0)
(0 -6.938893904e-18 0)
(0 -6.938893904e-18 0)
(0 -6.938893904e-18 0)
(0 0 0)
(0 -6.938893904e-18 0)
(6.938893904e-18 0 0)
(0 -1.387778781e-17 0)
(0 -6.938893904e-18 0)
(0 -6.938893904e-18 0)
(0 -1.387778781e-17 0)
(0 -6.938893904e-18 0)
(0 -6.938893904e-18 0)
(0 -1.387778781e-17 0)
(6.938893904e-18 2.081668171e-17 0)
(0 -6.938893904e-18 0)
(0 -2.775557562e-17 0)
(0 -2.081668171e-17 0)
(0 -2.081668171e-17 0)
(0 -2.081668171e-17 0)
(0 -2.775557562e-17 0)
(0 -2.081668171e-17 0)
(6.938893904e-18 6.938893904e-18 0)
(0 -1.387778781e-17 0)
(0 -6.938893904e-18 0)
(0 0 0)
(0 0 0)
(0 -1.387778781e-17 0)
(0 -1.387778781e-17 0)
(0 0 0)
(0 -1.387778781e-17 0)
(0 -2.775557562e-17 0)
(0 -1.387778781e-17 0)
(0 0 0)
(2.081668171e-17 2.775557562e-17 0)
(0 -1.387778781e-17 0)
(0 0 0)
(0 -1.387778781e-17 0)
(0 -1.387778781e-17 0)
(0 -1.387778781e-17 0)
(0 0 0)
(0 -1.387778781e-17 0)
(0 -1.387778781e-17 0)
(0 0 0)
(0 -1.387778781e-17 0)
(0 -1.387778781e-17 0)
(0 -1.387778781e-17 0)
(0 -1.387778781e-17 0)
(0 -1.387778781e-17 0)
(6.938893904e-18 4.163336342e-17 0)
(0 -1.387778781e-17 0)
(0 -1.387778781e-17 0)
(0 -1.387778781e-17 0)
(0 -2.775557562e-17 0)
(0 -1.387778781e-17 0)
(0 -1.387778781e-17 0)
(0 -2.775557562e-17 0)
(0 -1.387778781e-17 0)
(0 -1.387778781e-17 0)
(0 0 0)
(0 -4.163336342e-17 0)
(0 -2.775557562e-17 0)
(0 -4.163336342e-17 0)
(0 -2.775557562e-17 0)
(6.938893904e-18 0 0)
(6.938893904e-18 2.168404345e-19 0)
(6.938893904e-18 0 0)
(0 -4.33680869e-19 0)
(0 8.67361738e-19 0)
(0 -8.67361738e-19 0)
(0 8.67361738e-19 0)
(0 0 0)
(-6.938893904e-18 -1.734723476e-18 0)
(6.938893904e-18 1.734723476e-18 0)
(-6.938893904e-18 -1.734723476e-18 0)
(6.938893904e-18 1.734723476e-18 0)
(-6.938893904e-18 -1.734723476e-18 0)
(6.938893904e-18 1.734723476e-18 0)
(-6.938893904e-18 -1.734723476e-18 0)
(6.938893904e-18 1.734723476e-18 0)
(6.938893904e-18 3.469446952e-18 0)
(0 0 0)
(6.938893904e-18 3.469446952e-18 0)
(6.938893904e-18 0 0)
(6.938893904e-18 0 0)
(0 -3.469446952e-18 0)
(6.938893904e-18 3.469446952e-18 0)
(6.938893904e-18 0 0)
(6.938893904e-18 3.469446952e-18 0)
(0 0 0)
(6.938893904e-18 0 0)
(6.938893904e-18 -3.469446952e-18 0)
(6.938893904e-18 -3.469446952e-18 0)
(6.938893904e-18 0 0)
(6.938893904e-18 0 0)
(6.938893904e-18 -6.938893904e-18 0)
(6.938893904e-18 0 0)
(6.938893904e-18 0 0)
(6.938893904e-18 0 0)
(1.387778781e-17 0 0)
(6.938893904e-18 0 0)
(6.938893904e-18 0 0)
(6.938893904e-18 0 0)
(6.938893904e-18 0 0)
(6.938893904e-18 0 0)
(6.938893904e-18 6.938893904e-18 0)
(1.387778781e-17 1.387778781e-17 0)
(6.938893904e-18 1.387778781e-17 0)
(6.938893904e-18 0 0)
(6.938893904e-18 0 0)
(6.938893904e-18 0 0)
(6.938893904e-18 0 0)
(6.938893904e-18 0 0)
(6.938893904e-18 0 0)
(1.387778781e-17 3.469446952e-17 0)
(6.938893904e-18 0 0)
(6.938893904e-18 0 0)
(6.938893904e-18 0 0)
(6.938893904e-18 6.938893904e-18 0)
(6.938893904e-18 1.387778781e-17 0)
(6.938893904e-18 1.387778781e-17 0)
(6.938893904e-18 1.387778781e-17 0)
(0 -6.938893904e-18 0)
(6.938893904e-18 -6.938893904e-18 0)
(6.938893904e-18 6.938893904e-18 0)
(6.938893904e-18 2.081668171e-17 0)
(6.938893904e-18 1.387778781e-17 0)
(6.938893904e-18 1.387778781e-17 0)
(6.938893904e-18 1.387778781e-17 0)
(6.938893904e-18 1.387778781e-17 0)
(6.938893904e-18 0 0)
(6.938893904e-18 1.387778781e-17 0)
(6.938893904e-18 0 0)
(6.938893904e-18 0 0)
(0 0 0)
(6.938893904e-18 1.387778781e-17 0)
(6.938893904e-18 0 0)
(6.938893904e-18 1.387778781e-17 0)
(6.938893904e-18 -1.387778781e-17 0)
(6.938893904e-18 0 0)
(6.938893904e-18 0 0)
(6.938893904e-18 1.387778781e-17 0)
(6.938893904e-18 0 0)
(6.938893904e-18 0 0)
(6.938893904e-18 0 0)
(6.938893904e-18 0 0)
(6.938893904e-18 1.387778781e-17 0)
(6.938893904e-18 0 0)
(6.938893904e-18 0 0)
(0 1.387778781e-17 0)
(6.938893904e-18 0 0)
(6.938893904e-18 1.387778781e-17 0)
(6.938893904e-18 1.387778781e-17 0)
(6.938893904e-18 0 0)
(6.938893904e-18 1.387778781e-17 0)
(6.938893904e-18 0 0)
(6.938893904e-18 1.387778781e-17 0)
(6.938893904e-18 0 0)
(6.938893904e-18 0 0)
(6.938893904e-18 0 0)
(6.938893904e-18 0 0)
(6.938893904e-18 0 0)
(6.938893904e-18 1.387778781e-17 0)
(6.938893904e-18 1.387778781e-17 0)
(6.938893904e-18 0 0)
(6.938893904e-18 2.168404345e-19 0)
(6.938893904e-18 0 0)
(6.938893904e-18 -4.33680869e-19 0)
(6.938893904e-18 8.67361738e-19 0)
(6.938893904e-18 -8.67361738e-19 0)
(6.938893904e-18 8.67361738e-19 0)
(6.938893904e-18 0 0)
(0 -1.734723476e-18 0)
(0 1.734723476e-18 0)
(6.938893904e-18 -1.734723476e-18 0)
(0 1.734723476e-18 0)
(6.938893904e-18 -1.734723476e-18 0)
(0 1.734723476e-18 0)
(6.938893904e-18 -1.734723476e-18 0)
(0 1.734723476e-18 0)
(0 3.469446952e-18 0)
(-6.938893904e-18 0 0)
(0 3.469446952e-18 0)
(0 0 0)
(0 0 0)
(-6.938893904e-18 -3.469446952e-18 0)
(0 3.469446952e-18 0)
(0 0 0)
(0 3.469446952e-18 0)
(-6.938893904e-18 0 0)
(0 0 0)
(0 -3.469446952e-18 0)
(0 -3.469446952e-18 0)
(-6.938893904e-18 0 0)
(0 0 0)
(0 -6.938893904e-18 0)
(0 0 0)
(0 0 0)
(0 0 0)
(1.387778781e-17 0 0)
(0 0 0)
(0 0 0)
(0 0 0)
(0 0 0)
(0 0 0)
(0 6.938893904e-18 0)
(1.387778781e-17 1.387778781e-17 0)
(0 1.387778781e-17 0)
(0 0 0)
(0 0 0)
(0 0 0)
(0 0 0)
(0 0 0)
(0 0 0)
(1.387778781e-17 3.469446952e-17 0)
(0 0 0)
(0 0 0)
(0 0 0)
(0 6.938893904e-18 0)
(0 1.387778781e-17 0)
(0 1.387778781e-17 0)
(0 1.387778781e-17 0)
(6.938893904e-18 -6.938893904e-18 0)
(0 -6.938893904e-18 0)
(0 6.938893904e-18 0)
(0 2.081668171e-17 0)
(0 1.387778781e-17 0)
(0 1.387778781e-17 0)
(0 1.387778781e-17 0)
(0 1.387778781e-17 0)
(0 0 0)
(0 1.387778781e-17 0)
(0 0 0)
(0 0 0)
(0 0 0)
(0 1.387778781e-17 0)
(0 0 0)
(0 1.387778781e-17 0)
(0 -1.387778781e-17 0)
(0 0 0)
(0 0 0)
(0 1.387778781e-17 0)
(0 0 0)
(0 0 0)
(0 0 0)
(0 0 0)
(0 1.387778781e-17 0)
(0 0 0)
(0 0 0)
(0 1.387778781e-17 0)
(0 0 0)
(0 1.387778781e-17 0)
(0 1.387778781e-17 0)
(0 0 0)
(0 1.387778781e-17 0)
(0 0 0)
(0 1.387778781e-17 0)
(0 0 0)
(0 0 0)
(0 0 0)
(0 0 0)
(0 0 0)
(0 1.387778781e-17 0)
(0 1.387778781e-17 0)
(6.938893904e-18 0 0)
(6.938893904e-18 2.168404345e-19 0)
(6.938893904e-18 0 0)
(0 -4.33680869e-19 0)
(0 8.67361738e-19 0)
(0 -8.67361738e-19 0)
(0 8.67361738e-19 0)
(0 0 0)
(6.938893904e-18 -1.734723476e-18 0)
(1.387778781e-17 1.734723476e-18 0)
(6.938893904e-18 -1.734723476e-18 0)
(1.387778781e-17 1.734723476e-18 0)
(6.938893904e-18 -1.734723476e-18 0)
(1.387778781e-17 1.734723476e-18 0)
(6.938893904e-18 -1.734723476e-18 0)
(1.387778781e-17 1.734723476e-18 0)
(1.387778781e-17 3.469446952e-18 0)
(-6.938893904e-18 0 0)
(1.387778781e-17 3.469446952e-18 0)
(1.387778781e-17 0 0)
(1.387778781e-17 0 0)
(-6.938893904e-18 -3.469446952e-18 0)
(1.387778781e-17 3.469446952e-18 0)
(1.387778781e-17 0 0)
(1.387778781e-17 3.469446952e-18 0)
(-6.938893904e-18 0 0)
(1.387778781e-17 0 0)
(1.387778781e-17 -3.469446952e-18 0)
(1.387778781e-17 -3.469446952e-18 0)
(-6.938893904e-18 0 0)
(1.387778781e-17 0 0)
(1.387778781e-17 -6.938893904e-18 0)
(1.387778781e-17 0 0)
(1.387778781e-17 0 0)
(1.387778781e-17 0 0)
(1.387778781e-17 0 0)
(1.387778781e-17 0 0)
(1.387778781e-17 0 0)
(1.387778781e-17 0 0)
(1.387778781e-17 0 0)
(1.387778781e-17 0 0)
(1.387778781e-17 6.938893904e-18 0)
(1.387778781e-17 1.387778781e-17 0)
(1.387778781e-17 1.387778781e-17 0)
(1.387778781e-17 0 0)
(1.387778781e-17 0 0)
(1.387778781e-17 0 0)
(1.387778781e-17 0 0)
(1.387778781e-17 0 0)
(1.387778781e-17 0 0)
(1.387778781e-17 3.469446952e-17 0)
(1.387778781e-17 0 0)
(1.387778781e-17 0 0)
(1.387778781e-17 0 0)
(1.387778781e-17 6.938893904e-18 0)
(1.387778781e-17 1.387778781e-17 0)
(1.387778781e-17 1.387778781e-17 0)
(1.387778781e-17 1.387778781e-17 0)
(0 -6.938893904e-18 0)
(1.387778781e-17 -6.938893904e-18 0)
(1.387778781e-17 6.938893904e-18 0)
(1.387778781e-17 2.081668171e-17 0)
(1.387778781e-17 1.387778781e-17 0)
(1.387778781e-17 1.387778781e-17 0)
(1.387778781e-17 1.387778781e-17 0)
(1.387778781e-17 1.387778781e-17 0)
(1.387778781e-17 0 0)
(1.387778781e-17 1.387778781e-17 0)
(1.387778781e-17 0 0)
(1.387778781e-17 0 0)
(0 0 0)
(1.387778781e-17 1.387778781e-17 0)
(1.387778781e-17 0 0)
(1.387778781e-17 1.387778781e-17 0)
(1.387778781e-17 -1.387778781e-17 0)
(1.387778781e-17 0 0)
(1.387778781e-17 0 0)
(1.387778781e-17 1.387778781e-17 0)
(1.387778781e-17 0 0)
(1.387778781e-17 0 0)
(1.387778781e-17 0 0)
(1.387778781e-17 0 0)
(1.387778781e-17 1.387778781e-17 0)
(1.387778781e-17 0 0)
(1.387778781e-17 0 0)
(0 1.387778781e-17 0)
(1.387778781e-17 0 0)
(1.387778781e-17 1.387778781e-17 0)
(1.387778781e-17 1.387778781e-17 0)
(1.387778781e-17 0 0)
(1.387778781e-17 1.387778781e-17 0)
(1.387778781e-17 0 0)
(1.387778781e-17 1.387778781e-17 0)
(1.387778781e-17 0 0)
(1.387778781e-17 0 0)
(1.387778781e-17 0 0)
(1.387778781e-17 0 0)
(1.387778781e-17 0 0)
(1.387778781e-17 1.387778781e-17 0)
(1.387778781e-17 1.387778781e-17 0)
(1.387778781e-17 0 0)
(1.387778781e-17 2.168404345e-19 0)
(1.387778781e-17 0 0)
(1.387778781e-17 -4.33680869e-19 0)
(1.387778781e-17 8.67361738e-19 0)
(1.387778781e-17 -8.67361738e-19 0)
(1.387778781e-17 8.67361738e-19 0)
(1.387778781e-17 0 0)
(-6.938893904e-18 -1.734723476e-18 0)
(6.938893904e-18 1.734723476e-18 0)
(-6.938893904e-18 -1.734723476e-18 0)
(6.938893904e-18 1.734723476e-18 0)
(-6.938893904e-18 -1.734723476e-18 0)
(6.938893904e-18 1.734723476e-18 0)
(-6.938893904e-18 -1.734723476e-18 0)
(6.938893904e-18 1.734723476e-18 0)
(6.938893904e-18 3.469446952e-18 0)
(0 0 0)
(6.938893904e-18 3.469446952e-18 0)
(6.938893904e-18 0 0)
(6.938893904e-18 0 0)
(0 -3.469446952e-18 0)
(6.938893904e-18 3.469446952e-18 0)
(6.938893904e-18 0 0)
(6.938893904e-18 3.469446952e-18 0)
(0 0 0)
(6.938893904e-18 0 0)
(6.938893904e-18 -3.469446952e-18 0)
(6.938893904e-18 -3.469446952e-18 0)
(0 0 0)
(6.938893904e-18 0 0)
(6.938893904e-18 -6.938893904e-18 0)
(6.938893904e-18 0 0)
(6.938893904e-18 0 0)
(6.938893904e-18 0 0)
(6.938893904e-18 0 0)
(6.938893904e-18 0 0)
(6.938893904e-18 0 0)
(6.938893904e-18 0 0)
(6.938893904e-18 0 0)
(6.938893904e-18 0 0)
(6.938893904e-18 6.938893904e-18 0)
(6.938893904e-18 1.387778781e-17 0)
(6.938893904e-18 1.387778781e-17 0)
(6.938893904e-18 0 0)
(6.938893904e-18 0 0)
(6.938893904e-18 0 0)
(6.938893904e-18 0 0)
(6.938893904e-18 0 0)
(6.938893904e-18 0 0)
(6.938893904e-18 3.469446952e-17 0)
(6.938893904e-18 0 0)
(6.938893904e-18 0 0)
(6.938893904e-18 0 0)
(6.938893904e-18 6.938893904e-18 0)
(6.938893904e-18 1.387778781e-17 0)
(6.938893904e-18 1.387778781e-17 0)
(6.938893904e-18 1.387778781e-17 0)
(0 -6.938893904e-18 0)
(6.938893904e-18 -6.938893904e-18 0)
(6.938893904e-18 6.938893904e-18 0)
(6.938893904e-18 2.081668171e-17 0)
(6.938893904e-18 1.387778781e-17 0)
(6.938893904e-18 1.387778781e-17 0)
(6.938893904e-18 1.387778781e-17 0)
(6.938893904e-18 1.387778781e-17 0)
(6.938893904e-18 0 0)
(6.938893904e-18 1.387778781e-17 0)
(6.938893904e-18 0 0)
(6.938893904e-18 0 0)
(0 0 0)
(6.938893904e-18 1.387778781e-17 0)
(6.938893904e-18 0 0)
(6.938893904e-18 1.387778781e-17 0)
(6.938893904e-18 -1.387778781e-17 0)
(6.938893904e-18 0 0)
(6.938893904e-18 0 0)
(6.938893904e-18 1.387778781e-17 0)
(6.938893904e-18 0 0)
(6.938893904e-18 0 0)
(6.938893904e-18 0 0)
(6.938893904e-18 0 0)
(6.938893904e-18 1.387778781e-17 0)
(6.938893904e-18 0 0)
(6.938893904e-18 0 0)
(0 1.387778781e-17 0)
(6.938893904e-18 0 0)
(6.938893904e-18 1.387778781e-17 0)
(6.938893904e-18 1.387778781e-17 0)
(6.938893904e-18 0 0)
(6.938893904e-18 1.387778781e-17 0)
(6.938893904e-18 0 0)
(6.938893904e-18 1.387778781e-17 0)
(6.938893904e-18 0 0)
(6.938893904e-18 0 0)
(6.938893904e-18 0 0)
(6.938893904e-18 0 0)
(6.938893904e-18 0 0)
(6.938893904e-18 1.387778781e-17 0)
(6.938893904e-18 1.387778781e-17 0)
(6.938893904e-18 0 0)
(6.938893904e-18 2.168404345e-19 0)
(6.938893904e-18 0 0)
(6.938893904e-18 -4.33680869e-19 0)
(0 8.67361738e-19 0)
(0 -8.67361738e-19 0)
(0 8.67361738e-19 0)
(6.938893904e-18 0 0)
(-6.938893904e-18 -1.734723476e-18 0)
(0 1.734723476e-18 0)
(-6.938893904e-18 -1.734723476e-18 0)
(0 1.734723476e-18 0)
(-6.938893904e-18 -1.734723476e-18 0)
(0 1.734723476e-18 0)
(-6.938893904e-18 -1.734723476e-18 0)
(0 1.734723476e-18 0)
(0 3.469446952e-18 0)
(0 0 0)
(0 3.469446952e-18 0)
(0 0 0)
(0 0 0)
(0 -3.469446952e-18 0)
(0 3.469446952e-18 0)
(0 0 0)
(0 3.469446952e-18 0)
(0 0 0)
(0 0 0)
(0 -3.469446952e-18 0)
(0 -3.469446952e-18 0)
(0 0 0)
(0 0 0)
(0 -6.938893904e-18 0)
(0 0 0)
(0 0 0)
(0 0 0)
(0 0 0)
(0 0 0)
(0 0 0)
(0 0 0)
(0 0 0)
(0 0 0)
(0 6.938893904e-18 0)
(0 1.387778781e-17 0)
(0 1.387778781e-17 0)
(0 0 0)
(0 0 0)
(0 0 0)
(0 0 0)
(0 0 0)
(0 0 0)
(0 3.469446952e-17 0)
(0 0 0)
(0 0 0)
(0 0 0)
(0 6.938893904e-18 0)
(0 1.387778781e-17 0)
(0 1.387778781e-17 0)
(0 1.387778781e-17 0)
(-6.938893904e-18 -6.938893904e-18 0)
(0 -6.938893904e-18 0)
(0 6.938893904e-18 0)
(0 2.081668171e-17 0)
(0 1.387778781e-17 0)
(0 1.387778781e-17 0)
(0 1.387778781e-17 0)
(0 1.387778781e-17 0)
(0 0 0)
(0 1.387778781e-17 0)
(0 0 0)
(0 0 0)
(0 0 0)
(0 1.387778781e-17 0)
(0 0 0)
(0 1.387778781e-17 0)
(0 -1.387778781e-17 0)
(0 0 0)
(0 0 0)
(0 1.387778781e-17 0)
(0 0 0)
(0 0 0)
(0 0 0)
(0 0 0)
(0 1.387778781e-17 0)
(0 0 0)
(0 0 0)
(0 1.387778781e-17 0)
(0 0 0)
(0 1.387778781e-17 0)
(0 1.387778781e-17 0)
(0 0 0)
(0 1.387778781e-17 0)
(0 0 0)
(0 1.387778781e-17 0)
(0 0 0)
(0 0 0)
(0 0 0)
(0 0 0)
(0 0 0)
(0 1.387778781e-17 0)
(0 1.387778781e-17 0)
(-6.938893904e-18 0 0)
(-6.938893904e-18 2.168404345e-19 0)
(-6.938893904e-18 0 0)
(-1.387778781e-17 -4.33680869e-19 0)
(0 8.67361738e-19 0)
(-6.938893904e-18 -8.67361738e-19 0)
(-6.938893904e-18 8.67361738e-19 0)
(-1.387778781e-17 0 0)
(-6.938893904e-18 -1.734723476e-18 0)
(-6.938893904e-18 1.734723476e-18 0)
(0 -1.734723476e-18 0)
(-6.938893904e-18 1.734723476e-18 0)
(0 -1.734723476e-18 0)
(-6.938893904e-18 1.734723476e-18 0)
(-6.938893904e-18 -1.734723476e-18 0)
(-6.938893904e-18 1.734723476e-18 0)
(-6.938893904e-18 3.469446952e-18 0)
(-6.938893904e-18 0 0)
(-6.938893904e-18 3.469446952e-18 0)
(-6.938893904e-18 0 0)
(-6.938893904e-18 0 0)
(0 -3.469446952e-18 0)
(-6.938893904e-18 3.469446952e-18 0)
(-6.938893904e-18 0 0)
(-6.938893904e-18 3.469446952e-18 0)
(0 0 0)
(-6.938893904e-18 0 0)
(-6.938893904e-18 -3.469446952e-18 0)
(-6.938893904e-18 -3.469446952e-18 0)
(-6.938893904e-18 0 0)
(-6.938893904e-18 0 0)
(-6.938893904e-18 -6.938893904e-18 0)
(-6.938893904e-18 0 0)
(-6.938893904e-18 0 0)
(-6.938893904e-18 0 0)
(1.387778781e-17 0 0)
(-6.938893904e-18 0 0)
(-6.938893904e-18 0 0)
(-6.938893904e-18 0 0)
(-6.938893904e-18 0 0)
(-6.938893904e-18 0 0)
(-6.938893904e-18 6.938893904e-18 0)
(2.081668171e-17 1.387778781e-17 0)
(-6.938893904e-18 1.387778781e-17 0)
(-6.938893904e-18 0 0)
(-6.938893904e-18 0 0)
(-6.938893904e-18 0 0)
(-6.938893904e-18 0 0)
(-6.938893904e-18 0 0)
(-6.938893904e-18 0 0)
(2.081668171e-17 3.469446952e-17 0)
(-6.938893904e-18 0 0)
(-6.938893904e-18 0 0)
(-6.938893904e-18 0 0)
(-6.938893904e-18 6.938893904e-18 0)
(-6.938893904e-18 1.387778781e-17 0)
(-6.938893904e-18 1.387778781e-17 0)
(-6.938893904e-18 1.387778781e-17 0)
(0 -6.938893904e-18 0)
(-6.938893904e-18 -6.938893904e-18 0)
(-6.938893904e-18 6.938893904e-18 0)
(-6.938893904e-18 2.081668171e-17 0)
(-6.938893904e-18 1.387778781e-17 0)
(-6.938893904e-18 1.387778781e-17 0)
(-6.938893904e-18 1.387778781e-17 0)
(-6.938893904e-18 1.387778781e-17 0)
(-6.938893904e-18 0 0)
(-6.938893904e-18 1.387778781e-17 0)
(-6.938893904e-18 0 0)
(-6.938893904e-18 0 0)
(6.938893904e-18 0 0)
(-6.938893904e-18 1.387778781e-17 0)
(-6.938893904e-18 0 0)
(-6.938893904e-18 1.387778781e-17 0)
(-6.938893904e-18 -1.387778781e-17 0)
(-6.938893904e-18 0 0)
(-6.938893904e-18 0 0)
(-6.938893904e-18 1.387778781e-17 0)
(-6.938893904e-18 0 0)
(-6.938893904e-18 0 0)
(-6.938893904e-18 0 0)
(-6.938893904e-18 0 0)
(-6.938893904e-18 1.387778781e-17 0)
(-6.938893904e-18 0 0)
(-6.938893904e-18 0 0)
(0 1.387778781e-17 0)
(-6.938893904e-18 0 0)
(-6.938893904e-18 1.387778781e-17 0)
(-6.938893904e-18 1.387778781e-17 0)
(-6.938893904e-18 0 0)
(-6.938893904e-18 1.387778781e-17 0)
(-6.938893904e-18 0 0)
(-6.938893904e-18 1.387778781e-17 0)
(-6.938893904e-18 0 0)
(-6.938893904e-18 0 0)
(-6.938893904e-18 0 0)
(-6.938893904e-18 0 0)
(-6.938893904e-18 0 0)
(-6.938893904e-18 1.387778781e-17 0)
(-6.938893904e-18 1.387778781e-17 0)
(0 -1.084202172e-19 0)
(0 -8.67361738e-19 0)
(0 -4.33680869e-19 0)
(6.938893904e-18 -4.33680869e-19 0)
(-1.387778781e-17 -1.734723476e-18 0)
(0 -1.734723476e-18 0)
(0 -2.602085214e-18 0)
(0 0 0)
(0 -1.734723476e-18 0)
(-6.938893904e-18 -1.734723476e-18 0)
(0 -3.469446952e-18 0)
(-6.938893904e-18 -1.734723476e-18 0)
(0 3.469446952e-18 0)
(-6.938893904e-18 -3.469446952e-18 0)
(6.938893904e-18 1.734723476e-18 0)
(-6.938893904e-18 -5.204170428e-18 0)
(-6.938893904e-18 -3.469446952e-18 0)
(0 -3.469446952e-18 0)
(-6.938893904e-18 -3.469446952e-18 0)
(-6.938893904e-18 -3.469446952e-18 0)
(-6.938893904e-18 -3.469446952e-18 0)
(0 -3.469446952e-18 0)
(-6.938893904e-18 -3.469446952e-18 0)
(-6.938893904e-18 -1.040834086e-17 0)
(-6.938893904e-18 -3.469446952e-18 0)
(0 0 0)
(-6.938893904e-18 -6.938893904e-18 0)
(-6.938893904e-18 -6.938893904e-18 0)
(-6.938893904e-18 -6.938893904e-18 0)
(6.938893904e-18 6.938893904e-18 0)
(-6.938893904e-18 -1.040834086e-17 0)
(-6.938893904e-18 -6.938893904e-18 0)
(-6.938893904e-18 -6.938893904e-18 0)
(-6.938893904e-18 -6.938893904e-18 0)
(-6.938893904e-18 -6.938893904e-18 0)
(0 6.938893904e-18 0)
(-6.938893904e-18 -6.938893904e-18 0)
(-6.938893904e-18 -6.938893904e-18 0)
(-6.938893904e-18 -6.938893904e-18 0)
(-6.938893904e-18 -6.938893904e-18 0)
(-6.938893904e-18 0 0)
(-6.938893904e-18 -1.387778781e-17 0)
(0 6.938893904e-18 0)
(-6.938893904e-18 -6.938893904e-18 0)
(-6.938893904e-18 -6.938893904e-18 0)
(-6.938893904e-18 -1.387778781e-17 0)
(-6.938893904e-18 -6.938893904e-18 0)
(-6.938893904e-18 -1.387778781e-17 0)
(-6.938893904e-18 -6.938893904e-18 0)
(-6.938893904e-18 0 0)
(0 2.081668171e-17 0)
(-6.938893904e-18 -6.938893904e-18 0)
(-6.938893904e-18 -2.775557562e-17 0)
(-6.938893904e-18 -2.775557562e-17 0)
(-6.938893904e-18 -2.081668171e-17 0)
(-6.938893904e-18 -2.081668171e-17 0)
(-6.938893904e-18 -2.775557562e-17 0)
(-6.938893904e-18 -2.081668171e-17 0)
(6.938893904e-18 6.938893904e-18 0)
(-6.938893904e-18 -1.387778781e-17 0)
(-6.938893904e-18 -6.938893904e-18 0)
(-6.938893904e-18 -6.938893904e-18 0)
(-6.938893904e-18 0 0)
(-6.938893904e-18 -1.387778781e-17 0)
(-6.938893904e-18 -2.775557562e-17 0)
(-6.938893904e-18 0 0)
(-6.938893904e-18 -1.387778781e-17 0)
(-6.938893904e-18 -2.775557562e-17 0)
(-6.938893904e-18 -2.775557562e-17 0)
(-6.938893904e-18 0 0)
(6.938893904e-18 2.775557562e-17 0)
(-6.938893904e-18 -1.387778781e-17 0)
(-6.938893904e-18 0 0)
(-6.938893904e-18 -1.387778781e-17 0)
(-6.938893904e-18 -1.387778781e-17 0)
(-6.938893904e-18 0 0)
(-6.938893904e-18 0 0)
(-6.938893904e-18 -1.387778781e-17 0)
(-6.938893904e-18 -1.387778781e-17 0)
(-6.938893904e-18 -1.387778781e-17 0)
(-6.938893904e-18 -1.387778781e-17 0)
(-6.938893904e-18 -2.775557562e-17 0)
(-6.938893904e-18 -1.387778781e-17 0)
(-6.938893904e-18 -1.387778781e-17 0)
(-6.938893904e-18 -4.163336342e-17 0)
(-6.938893904e-18 1.387778781e-17 0)
(-6.938893904e-18 -1.387778781e-17 0)
(-6.938893904e-18 -1.387778781e-17 0)
(-6.938893904e-18 -2.775557562e-17 0)
(-6.938893904e-18 -2.775557562e-17 0)
(-6.938893904e-18 -1.387778781e-17 0)
(-6.938893904e-18 -1.387778781e-17 0)
(-6.938893904e-18 -1.387778781e-17 0)
(-6.938893904e-18 -1.387778781e-17 0)
(-6.938893904e-18 -1.387778781e-17 0)
(-6.938893904e-18 0 0)
(-6.938893904e-18 -4.163336342e-17 0)
(-6.938893904e-18 -2.775557562e-17 0)
(-6.938893904e-18 -2.775557562e-17 0)
(-6.938893904e-18 -2.775557562e-17 0)
(-6.938893904e-18 0 0)
(-6.938893904e-18 2.168404345e-19 0)
(-6.938893904e-18 0 0)
(-1.387778781e-17 -4.33680869e-19 0)
(0 8.67361738e-19 0)
(6.938893904e-18 -8.67361738e-19 0)
(6.938893904e-18 8.67361738e-19 0)
(0 0 0)
(-6.938893904e-18 -1.734723476e-18 0)
(-6.938893904e-18 1.734723476e-18 0)
(-6.938893904e-18 -1.734723476e-18 0)
(-6.938893904e-18 1.734723476e-18 0)
(-6.938893904e-18 -1.734723476e-18 0)
(-6.938893904e-18 1.734723476e-18 0)
(-6.938893904e-18 -1.734723476e-18 0)
(-6.938893904e-18 1.734723476e-18 0)
(-6.938893904e-18 3.469446952e-18 0)
(0 0 0)
(-6.938893904e-18 3.469446952e-18 0)
(-6.938893904e-18 0 0)
(-6.938893904e-18 0 0)
(-1.387778781e-17 -3.469446952e-18 0)
(-6.938893904e-18 3.469446952e-18 0)
(-6.938893904e-18 0 0)
(-6.938893904e-18 3.469446952e-18 0)
(-1.387778781e-17 0 0)
(-6.938893904e-18 0 0)
(-6.938893904e-18 -3.469446952e-18 0)
(-6.938893904e-18 -3.469446952e-18 0)
(-1.387778781e-17 0 0)
(-6.938893904e-18 0 0)
(-6.938893904e-18 -6.938893904e-18 0)
(-6.938893904e-18 0 0)
(-6.938893904e-18 0 0)
(-6.938893904e-18 0 0)
(2.081668171e-17 0 0)
(-6.938893904e-18 0 0)
(-6.938893904e-18 0 0)
(-6.938893904e-18 0 0)
(-6.938893904e-18 0 0)
(-6.938893904e-18 0 0)
(-6.938893904e-18 6.938893904e-18 0)
(1.387778781e-17 1.387778781e-17 0)
(-6.938893904e-18 1.387778781e-17 0)
(-6.938893904e-18 0 0)
(-6.938893904e-18 0 0)
(-6.938893904e-18 0 0)
(-6.938893904e-18 0 0)
(-6.938893904e-18 0 0)
(-6.938893904e-18 0 0)
(1.387778781e-17 3.469446952e-17 0)
(-6.938893904e-18 0 0)
(-6.938893904e-18 0 0)
(-6.938893904e-18 0 0)
(-6.938893904e-18 6.938893904e-18 0)
(-6.938893904e-18 1.387778781e-17 0)
(-6.938893904e-18 1.387778781e-17 0)
(-6.938893904e-18 1.387778781e-17 0)
(0 -6.938893904e-18 0)
(-6.938893904e-18 -6.938893904e-18 0)
(-6.938893904e-18 6.938893904e-18 0)
(-6.938893904e-18 2.081668171e-17 0)
(-6.938893904e-18 1.387778781e-17 0)
(-6.938893904e-18 1.387778781e-17 0)
(-6.938893904e-18 1.387778781e-17 0)
(-6.938893904e-18 1.387778781e-17 0)
(-6.938893904e-18 0 0)
(-6.938893904e-18 1.387778781e-17 0)
(-6.938893904e-18 0 0)
(-6.938893904e-18 0 0)
(1.387778781e-17 0 0)
(-6.938893904e-18 1.387778781e-17 0)
(-6.938893904e-18 0 0)
(-6.938893904e-18 1.387778781e-17 0)
(-6.938893904e-18 -1.387778781e-17 0)
(-6.938893904e-18 0 0)
(-6.938893904e-18 0 0)
(-6.938893904e-18 1.387778781e-17 0)
(-6.938893904e-18 0 0)
(-6.938893904e-18 0 0)
(-6.938893904e-18 0 0)
(-6.938893904e-18 0 0)
(-6.938893904e-18 1.387778781e-17 0)
(-6.938893904e-18 0 0)
(-6.938893904e-18 0 0)
(1.387778781e-17 1.387778781e-17 0)
(-6.938893904e-18 0 0)
(-6.938893904e-18 1.387778781e-17 0)
(-6.938893904e-18 1.387778781e-17 0)
(-6.938893904e-18 0 0)
(-6.938893904e-18 1.387778781e-17 0)
(-6.938893904e-18 0 0)
(-6.938893904e-18 1.387778781e-17 0)
(-6.938893904e-18 0 0)
(-6.938893904e-18 0 0)
(-6.938893904e-18 0 0)
(-6.938893904e-18 0 0)
(-6.938893904e-18 0 0)
(-6.938893904e-18 1.387778781e-17 0)
(-6.938893904e-18 1.387778781e-17 0)
(0 0 0)
(0 2.168404345e-19 0)
(0 0 0)
(0 -4.33680869e-19 0)
(0 8.67361738e-19 0)
(0 -8.67361738e-19 0)
(0 8.67361738e-19 0)
(0 0 0)
(0 -1.734723476e-18 0)
(0 1.734723476e-18 0)
(-1.387778781e-17 -1.734723476e-18 0)
(0 1.734723476e-18 0)
(-1.387778781e-17 -1.734723476e-18 0)
(0 1.734723476e-18 0)
(-1.387778781e-17 -1.734723476e-18 0)
(0 1.734723476e-18 0)
(0 3.469446952e-18 0)
(0 0 0)
(0 3.469446952e-18 0)
(0 0 0)
(0 0 0)
(0 -3.469446952e-18 0)
(0 3.469446952e-18 0)
(0 0 0)
(0 3.469446952e-18 0)
(0 0 0)
(0 0 0)
(0 -3.469446952e-18 0)
(0 -3.469446952e-18 0)
(0 0 0)
(0 0 0)
(0 -6.938893904e-18 0)
(0 0 0)
(0 0 0)
(0 0 0)
(1.387778781e-17 0 0)
(0 0 0)
(0 0 0)
(0 0 0)
(0 0 0)
(0 0 0)
(0 6.938893904e-18 0)
(1.387778781e-17 1.387778781e-17 0)
(0 1.387778781e-17 0)
(0 0 0)
(0 0 0)
(0 0 0)
(0 0 0)
(0 0 0)
(0 0 0)
(1.387778781e-17 3.469446952e-17 0)
(0 0 0)
(0 0 0)
(0 0 0)
(0 6.938893904e-18 0)
(0 1.387778781e-17 0)
(0 1.387778781e-17 0)
(0 1.387778781e-17 0)
(0 -6.938893904e-18 0)
(0 -6.938893904e-18 0)
(0 6.938893904e-18 0)
(0 2.081668171e-17 0)
(0 1.387778781e-17 0)
(0 1.387778781e-17 0)
(0 1.387778781e-17 0)
(0 1.387778781e-17 0)
(0 0 0)
(0 1.387778781e-17 0)
(0 0 0)
(0 0 0)
(6.938893904e-18 0 0)
(0 1.387778781e-17 0)
(0 0 0)
(0 1.387778781e-17 0)
(0 -1.387778781e-17 0)
(0 0 0)
(0 0 0)
(0 1.387778781e-17 0)
(0 0 0)
(0 0 0)
(0 0 0)
(0 0 0)
(0 1.387778781e-17 0)
(0 0 0)
(0 0 0)
(6.938893904e-18 1.387778781e-17 0)
(0 0 0)
(0 1.387778781e-17 0)
(0 1.387778781e-17 0)
(0 0 0)
(0 1.387778781e-17 0)
(0 0 0)
(0 1.387778781e-17 0)
(0 0 0)
(0 0 0)
(0 0 0)
(0 0 0)
(0 0 0)
(0 1.387778781e-17 0)
(0 1.387778781e-17 0)
(0 0 0)
(0 2.168404345e-19 0)
(0 0 0)
(0 -4.33680869e-19 0)
(0 8.67361738e-19 0)
(0 -8.67361738e-19 0)
(0 8.67361738e-19 0)
(0 0 0)
(0 -1.734723476e-18 0)
(0 1.734723476e-18 0)
(0 -1.734723476e-18 0)
(0 1.734723476e-18 0)
(0 -1.734723476e-18 0)
(0 1.734723476e-18 0)
(0 -1.734723476e-18 0)
(0 1.734723476e-18 0)
(0 3.469446952e-18 0)
(-6.938893904e-18 0 0)
(0 3.469446952e-18 0)
(0 0 0)
(0 0 0)
(-6.938893904e-18 -3.469446952e-18 0)
(0 3.469446952e-18 0)
(0 0 0)
(0 3.469446952e-18 0)
(-6.938893904e-18 0 0)
(0 0 0)
(0 -3.469446952e-18 0)
(0 -3.469446952e-18 0)
(-6.938893904e-18 0 0)
(0 0 0)
(0 -6.938893904e-18 0)
(0 0 0)
(0 0 0)
(0 0 0)
(1.387778781e-17 0 0)
(0 0 0)
(0 0 0)
(0 0 0)
(0 0 0)
(0 0 0)
(0 6.938893904e-18 0)
(2.081668171e-17 1.387778781e-17 0)
(0 1.387778781e-17 0)
(0 0 0)
(0 0 0)
(0 0 0)
(0 0 0)
(0 0 0)
(0 0 0)
(2.081668171e-17 3.469446952e-17 0)
(0 0 0)
(0 0 0)
(0 0 0)
(0 6.938893904e-18 0)
(0 1.387778781e-17 0)
(0 1.387778781e-17 0)
(0 1.387778781e-17 0)
(0 -6.938893904e-18 0)
(0 -6.938893904e-18 0)
(0 6.938893904e-18 0)
(0 2.081668171e-17 0)
(0 1.387778781e-17 0)
(0 1.387778781e-17 0)
(0 1.387778781e-17 0)
(0 1.387778781e-17 0)
(0 0 0)
(0 1.387778781e-17 0)
(0 0 0)
(0 0 0)
(0 0 0)
(0 1.387778781e-17 0)
(0 0 0)
(0 1.387778781e-17 0)
(0 -1.387778781e-17 0)
(0 0 0)
(0 0 0)
(0 1.387778781e-17 0)
(0 0 0)
(0 0 0)
(0 0 0)
(0 0 0)
(0 1.387778781e-17 0)
(0 0 0)
(0 0 0)
(-6.938893904e-18 1.387778781e-17 0)
(0 0 0)
(0 1.387778781e-17 0)
(0 1.387778781e-17 0)
(0 0 0)
(0 1.387778781e-17 0)
(0 0 0)
(0 1.387778781e-17 0)
(0 0 0)
(0 0 0)
(0 0 0)
(0 0 0)
(0 0 0)
(0 1.387778781e-17 0)
(0 1.387778781e-17 0)
(0 0 0)
(0 2.168404345e-19 0)
(0 0 0)
(0 -4.33680869e-19 0)
(1.387778781e-17 8.67361738e-19 0)
(0 -8.67361738e-19 0)
(0 8.67361738e-19 0)
(0 0 0)
(0 -1.734723476e-18 0)
(0 1.734723476e-18 0)
(6.938893904e-18 -1.734723476e-18 0)
(0 1.734723476e-18 0)
(6.938893904e-18 -1.734723476e-18 0)
(0 1.734723476e-18 0)
(0 -1.734723476e-18 0)
(0 1.734723476e-18 0)
(0 3.469446952e-18 0)
(-6.938893904e-18 0 0)
(0 3.469446952e-18 0)
(0 0 0)
(0 0 0)
(-6.938893904e-18 -3.469446952e-18 0)
(0 3.469446952e-18 0)
(0 0 0)
(0 3.469446952e-18 0)
(-6.938893904e-18 0 0)
(0 0 0)
(0 -3.469446952e-18 0)
(0 -3.469446952e-18 0)
(-6.938893904e-18 0 0)
(0 0 0)
(0 -6.938893904e-18 0)
(0 0 0)
(0 0 0)
(0 0 0)
(2.081668171e-17 0 0)
(0 0 0)
(0 0 0)
(0 0 0)
(0 0 0)
(0 0 0)
(0 6.938893904e-18 0)
(1.387778781e-17 1.387778781e-17 0)
(0 1.387778781e-17 0)
(0 0 0)
(0 0 0)
(0 0 0)
(0 0 0)
(0 0 0)
(0 0 0)
(1.387778781e-17 3.469446952e-17 0)
(0 0 0)
(0 0 0)
(0 0 0)
(0 6.938893904e-18 0)
(0 1.387778781e-17 0)
(0 1.387778781e-17 0)
(0 1.387778781e-17 0)
(0 -6.938893904e-18 0)
(0 -6.938893904e-18 0)
(0 6.938893904e-18 0)
(0 2.081668171e-17 0)
(0 1.387778781e-17 0)
(0 1.387778781e-17 0)
(0 1.387778781e-17 0)
(0 1.387778781e-17 0)
(0 0 0)
(0 1.387778781e-17 0)
(0 0 0)
(0 0 0)
(-6.938893904e-18 0 0)
(0 1.387778781e-17 0)
(0 0 0)
(0 1.387778781e-17 0)
(0 -1.387778781e-17 0)
(0 0 0)
(0 0 0)
(0 1.387778781e-17 0)
(0 0 0)
(0 0 0)
(0 0 0)
(0 0 0)
(0 1.387778781e-17 0)
(0 0 0)
(0 0 0)
(6.938893904e-18 1.387778781e-17 0)
(0 0 0)
(0 1.387778781e-17 0)
(0 1.387778781e-17 0)
(0 0 0)
(0 1.387778781e-17 0)
(0 0 0)
(0 1.387778781e-17 0)
(0 0 0)
(0 0 0)
(0 0 0)
(0 0 0)
(0 0 0)
(0 1.387778781e-17 0)
(0 1.387778781e-17 0)
(0 0 0)
(0 2.168404345e-19 0)
(0 0 0)
(-6.938893904e-18 -4.33680869e-19 0)
(6.938893904e-18 8.67361738e-19 0)
(0 -8.67361738e-19 0)
(0 8.67361738e-19 0)
(-6.938893904e-18 0 0)
(0 -1.734723476e-18 0)
(0 1.734723476e-18 0)
(6.938893904e-18 -1.734723476e-18 0)
(0 1.734723476e-18 0)
(6.938893904e-18 -1.734723476e-18 0)
(0 1.734723476e-18 0)
(6.938893904e-18 -1.734723476e-18 0)
(0 1.734723476e-18 0)
(0 3.469446952e-18 0)
(-6.938893904e-18 0 0)
(0 3.469446952e-18 0)
(0 0 0)
(0 0 0)
(0 -3.469446952e-18 0)
(0 3.469446952e-18 0)
(0 0 0)
(0 3.469446952e-18 0)
(0 0 0)
(0 0 0)
(0 -3.469446952e-18 0)
(0 -3.469446952e-18 0)
(-6.938893904e-18 0 0)
(0 0 0)
(0 -6.938893904e-18 0)
(0 0 0)
(0 0 0)
(0 0 0)
(1.387778781e-17 0 0)
(0 0 0)
(0 0 0)
(0 0 0)
(0 0 0)
(0 0 0)
(0 6.938893904e-18 0)
(2.081668171e-17 1.387778781e-17 0)
(0 1.387778781e-17 0)
(0 0 0)
(0 0 0)
(0 0 0)
(0 0 0)
(0 0 0)
(0 0 0)
(2.081668171e-17 3.469446952e-17 0)
(0 0 0)
(0 0 0)
(0 0 0)
(0 6.938893904e-18 0)
(0 1.387778781e-17 0)
(0 1.387778781e-17 0)
(0 1.387778781e-17 0)
(6.938893904e-18 -6.938893904e-18 0)
(0 -6.938893904e-18 0)
(0 6.938893904e-18 0)
(0 2.081668171e-17 0)
(0 1.387778781e-17 0)
(0 1.387778781e-17 0)
(0 1.387778781e-17 0)
(0 1.387778781e-17 0)
(0 0 0)
(0 1.387778781e-17 0)
(0 0 0)
(0 0 0)
(0 0 0)
(0 1.387778781e-17 0)
(0 0 0)
(0 1.387778781e-17 0)
(0 -1.387778781e-17 0)
(0 0 0)
(0 0 0)
(0 1.387778781e-17 0)
(0 0 0)
(0 0 0)
(0 0 0)
(0 0 0)
(0 1.387778781e-17 0)
(0 0 0)
(0 0 0)
(1.387778781e-17 1.387778781e-17 0)
(0 0 0)
(0 1.387778781e-17 0)
(0 1.387778781e-17 0)
(0 0 0)
(0 1.387778781e-17 0)
(0 0 0)
(0 1.387778781e-17 0)
(0 0 0)
(0 0 0)
(0 0 0)
(0 0 0)
(0 0 0)
(0 1.387778781e-17 0)
(0 1.387778781e-17 0)
(0 0 0)
(0 2.168404345e-19 0)
(0 0 0)
(0 -4.33680869e-19 0)
(1.387778781e-17 8.67361738e-19 0)
(1.387778781e-17 -8.67361738e-19 0)
(1.387778781e-17 8.67361738e-19 0)
(0 0 0)
(-6.938893904e-18 -1.734723476e-18 0)
(0 1.734723476e-18 0)
(-6.938893904e-18 -1.734723476e-18 0)
(0 1.734723476e-18 0)
(-6.938893904e-18 -1.734723476e-18 0)
(0 1.734723476e-18 0)
(-6.938893904e-18 -1.734723476e-18 0)
(0 1.734723476e-18 0)
(0 3.469446952e-18 0)
(0 0 0)
(0 3.469446952e-18 0)
(0 0 0)
(0 0 0)
(-6.938893904e-18 -3.469446952e-18 0)
(0 3.469446952e-18 0)
(0 0 0)
(0 3.469446952e-18 0)
(-6.938893904e-18 0 0)
(0 0 0)
(0 -3.469446952e-18 0)
(0 -3.469446952e-18 0)
(-6.938893904e-18 0 0)
(0 0 0)
(0 -6.938893904e-18 0)
(0 0 0)
(0 0 0)
(0 0 0)
(1.387778781e-17 0 0)
(0 0 0)
(0 0 0)
(0 0 0)
(0 0 0)
(0 0 0)
(0 6.938893904e-18 0)
(1.387778781e-17 1.387778781e-17 0)
(0 1.387778781e-17 0)
(0 0 0)
(0 0 0)
(0 0 0)
(0 0 0)
(0 0 0)
(0 0 0)
(1.387778781e-17 3.469446952e-17 0)
(0 0 0)
(0 0 0)
(0 0 0)
(0 6.938893904e-18 0)
(0 1.387778781e-17 0)
(0 1.387778781e-17 0)
(0 1.387778781e-17 0)
(-1.387778781e-17 -6.938893904e-18 0)
(0 -6.938893904e-18 0)
(0 6.938893904e-18 0)
(0 2.081668171e-17 0)
(0 1.387778781e-17 0)
(0 1.387778781e-17 0)
(0 1.387778781e-17 0)
(0 1.387778781e-17 0)
(0 0 0)
(0 1.387778781e-17 0)
(0 0 0)
(0 0 0)
(6.938893904e-18 0 0)
(0 1.387778781e-17 0)
(0 0 0)
(0 1.387778781e-17 0)
(0 -1.387778781e-17 0)
(0 0 0)
(0 0 0)
(0 1.387778781e-17 0)
(0 0 0)
(0 0 0)
(0 0 0)
(0 0 0)
(0 1.387778781e-17 0)
(0 0 0)
(0 0 0)
(0 1.387778781e-17 0)
(0 0 0)
(0 1.387778781e-17 0)
(0 1.387778781e-17 0)
(0 0 0)
(0 1.387778781e-17 0)
(0 0 0)
(0 1.387778781e-17 0)
(0 0 0)
(0 0 0)
(0 0 0)
(0 0 0)
(0 0 0)
(0 1.387778781e-17 0)
(0 1.387778781e-17 0)
(6.938893904e-18 0 0)
(6.938893904e-18 2.168404345e-19 0)
(6.938893904e-18 0 0)
(6.938893904e-18 -4.33680869e-19 0)
(6.938893904e-18 8.67361738e-19 0)
(1.387778781e-17 -8.67361738e-19 0)
(1.387778781e-17 8.67361738e-19 0)
(1.387778781e-17 0 0)
(-1.387778781e-17 -1.734723476e-18 0)
(0 1.734723476e-18 0)
(-1.387778781e-17 -1.734723476e-18 0)
(0 1.734723476e-18 0)
(-1.387778781e-17 -1.734723476e-18 0)
(0 1.734723476e-18 0)
(-1.387778781e-17 -1.734723476e-18 0)
(0 1.734723476e-18 0)
(0 3.469446952e-18 0)
(-6.938893904e-18 0 0)
(0 3.469446952e-18 0)
(0 0 0)
(0 0 0)
(-6.938893904e-18 -3.469446952e-18 0)
(0 3.469446952e-18 0)
(0 0 0)
(0 3.469446952e-18 0)
(-6.938893904e-18 0 0)
(0 0 0)
(0 -3.469446952e-18 0)
(0 -3.469446952e-18 0)
(0 0 0)
(0 0 0)
(0 -6.938893904e-18 0)
(0 0 0)
(0 0 0)
(0 0 0)
(6.938893904e-18 0 0)
(0 0 0)
(0 0 0)
(0 0 0)
(0 0 0)
(0 0 0)
(0 6.938893904e-18 0)
(0 1.387778781e-17 0)
(0 1.387778781e-17 0)
(0 0 0)
(0 0 0)
(0 0 0)
(0 0 0)
(0 0 0)
(0 0 0)
(0 3.469446952e-17 0)
(0 0 0)
(0 0 0)
(0 0 0)
(0 6.938893904e-18 0)
(0 1.387778781e-17 0)
(0 1.387778781e-17 0)
(0 1.387778781e-17 0)
(0 -6.938893904e-18 0)
(0 -6.938893904e-18 0)
(0 6.938893904e-18 0)
(0 2.081668171e-17 0)
(0 1.387778781e-17 0)
(0 1.387778781e-17 0)
(0 1.387778781e-17 0)
(0 1.387778781e-17 0)
(0 0 0)
(0 1.387778781e-17 0)
(0 0 0)
(0 0 0)
(6.938893904e-18 0 0)
(0 1.387778781e-17 0)
(0 0 0)
(0 1.387778781e-17 0)
(0 -1.387778781e-17 0)
(0 0 0)
(0 0 0)
(0 1.387778781e-17 0)
(0 0 0)
(0 0 0)
(0 0 0)
(0 0 0)
(0 1.387778781e-17 0)
(0 0 0)
(0 0 0)
(6.938893904e-18 1.387778781e-17 0)
(0 0 0)
(0 1.387778781e-17 0)
(0 1.387778781e-17 0)
(0 0 0)
(0 1.387778781e-17 0)
(0 0 0)
(0 1.387778781e-17 0)
(0 0 0)
(0 0 0)
(0 0 0)
(0 0 0)
(0 0 0)
(0 1.387778781e-17 0)
(0 1.387778781e-17 0)
(-1.387778781e-17 -1.084202172e-19 0)
(-1.387778781e-17 -8.67361738e-19 0)
(-1.387778781e-17 -4.33680869e-19 0)
(0 -4.33680869e-19 0)
(-2.081668171e-17 -1.734723476e-18 0)
(-2.081668171e-17 -1.734723476e-18 0)
(-2.081668171e-17 -2.602085214e-18 0)
(0 0 0)
(-1.387778781e-17 -1.734723476e-18 0)
(-2.775557562e-17 -1.734723476e-18 0)
(-1.387778781e-17 -3.469446952e-18 0)
(-2.775557562e-17 -1.734723476e-18 0)
(-1.387778781e-17 3.469446952e-18 0)
(-2.775557562e-17 -3.469446952e-18 0)
(0 1.734723476e-18 0)
(-2.775557562e-17 -5.204170428e-18 0)
(-2.775557562e-17 -3.469446952e-18 0)
(-2.775557562e-17 -3.469446952e-18 0)
(-2.775557562e-17 -3.469446952e-18 0)
(-2.775557562e-17 -3.469446952e-18 0)
(-2.775557562e-17 -3.469446952e-18 0)
(-2.775557562e-17 -3.469446952e-18 0)
(-2.775557562e-17 -3.469446952e-18 0)
(-2.775557562e-17 -1.040834086e-17 0)
(-2.775557562e-17 -3.469446952e-18 0)
(-2.775557562e-17 0 0)
(-2.775557562e-17 -6.938893904e-18 0)
(-2.775557562e-17 -6.938893904e-18 0)
(-2.775557562e-17 -6.938893904e-18 0)
(-1.387778781e-17 6.938893904e-18 0)
(-2.775557562e-17 -1.040834086e-17 0)
(-2.775557562e-17 -6.938893904e-18 0)
(-2.775557562e-17 -6.938893904e-18 0)
(-2.775557562e-17 -6.938893904e-18 0)
(-2.775557562e-17 -6.938893904e-18 0)
(-6.938893904e-18 6.938893904e-18 0)
(-2.775557562e-17 -6.938893904e-18 0)
(-2.775557562e-17 -6.938893904e-18 0)
(-2.775557562e-17 -6.938893904e-18 0)
(-2.775557562e-17 -6.938893904e-18 0)
(-2.775557562e-17 0 0)
(-2.775557562e-17 -1.387778781e-17 0)
(-6.938893904e-18 6.938893904e-18 0)
(-2.775557562e-17 -6.938893904e-18 0)
(-2.775557562e-17 -6.938893904e-18 0)
(-2.775557562e-17 -1.387778781e-17 0)
(-2.775557562e-17 -6.938893904e-18 0)
(-2.775557562e-17 -1.387778781e-17 0)
(-2.775557562e-17 -6.938893904e-18 0)
(-2.775557562e-17 0 0)
(-6.938893904e-18 2.081668171e-17 0)
(-2.775557562e-17 -6.938893904e-18 0)
(-2.775557562e-17 -2.775557562e-17 0)
(-2.775557562e-17 -2.775557562e-17 0)
(-2.775557562e-17 -2.081668171e-17 0)
(-2.775557562e-17 -2.081668171e-17 0)
(-2.775557562e-17 -2.775557562e-17 0)
(-2.775557562e-17 -2.081668171e-17 0)
(-1.387778781e-17 6.938893904e-18 0)
(-2.775557562e-17 -1.387778781e-17 0)
(-2.775557562e-17 -6.938893904e-18 0)
(-2.775557562e-17 -6.938893904e-18 0)
(-2.775557562e-17 0 0)
(-2.775557562e-17 -1.387778781e-17 0)
(-2.775557562e-17 -2.775557562e-17 0)
(-2.775557562e-17 0 0)
(-2.775557562e-17 -1.387778781e-17 0)
(-2.775557562e-17 -2.775557562e-17 0)
(-2.775557562e-17 -2.775557562e-17 0)
(-2.775557562e-17 0 0)
(6.938893904e-18 2.775557562e-17 0)
(-2.775557562e-17 -1.387778781e-17 0)
(-2.775557562e-17 0 0)
(-2.775557562e-17 -1.387778781e-17 0)
(-2.775557562e-17 -1.387778781e-17 0)
(-2.775557562e-17 0 0)
(-2.775557562e-17 0 0)
(-2.775557562e-17 -1.387778781e-17 0)
(-2.775557562e-17 -1.387778781e-17 0)
(-2.775557562e-17 -1.387778781e-17 0)
(-2.775557562e-17 -1.387778781e-17 0)
(-2.775557562e-17 -2.775557562e-17 0)
(-2.775557562e-17 -1.387778781e-17 0)
(-2.775557562e-17 -1.387778781e-17 0)
(-2.775557562e-17 -4.163336342e-17 0)
(-6.938893904e-18 1.387778781e-17 0)
(-2.775557562e-17 -1.387778781e-17 0)
(-2.775557562e-17 -1.387778781e-17 0)
(-2.775557562e-17 -2.775557562e-17 0)
(-2.775557562e-17 -2.775557562e-17 0)
(-2.775557562e-17 -1.387778781e-17 0)
(-2.775557562e-17 -1.387778781e-17 0)
(-2.775557562e-17 -1.387778781e-17 0)
(-2.775557562e-17 -1.387778781e-17 0)
(-2.775557562e-17 -1.387778781e-17 0)
(-2.775557562e-17 0 0)
(-2.775557562e-17 -4.163336342e-17 0)
(-2.775557562e-17 -2.775557562e-17 0)
(-2.775557562e-17 -2.775557562e-17 0)
(-2.775557562e-17 -2.775557562e-17 0)
(-6.938893904e-18 0 0)
(-6.938893904e-18 2.168404345e-19 0)
(-6.938893904e-18 0 0)
(-6.938893904e-18 -4.33680869e-19 0)
(1.387778781e-17 8.67361738e-19 0)
(6.938893904e-18 -8.67361738e-19 0)
(6.938893904e-18 8.67361738e-19 0)
(6.938893904e-18 0 0)
(6.938893904e-18 -1.734723476e-18 0)
(0 1.734723476e-18 0)
(6.938893904e-18 -1.734723476e-18 0)
(0 1.734723476e-18 0)
(6.938893904e-18 -1.734723476e-18 0)
(0 1.734723476e-18 0)
(6.938893904e-18 -1.734723476e-18 0)
(0 1.734723476e-18 0)
(0 3.469446952e-18 0)
(-6.938893904e-18 0 0)
(0 3.469446952e-18 0)
(0 0 0)
(0 0 0)
(-6.938893904e-18 -3.469446952e-18 0)
(0 3.469446952e-18 0)
(0 0 0)
(0 3.469446952e-18 0)
(-6.938893904e-18 0 0)
(0 0 0)
(0 -3.469446952e-18 0)
(0 -3.469446952e-18 0)
(-6.938893904e-18 0 0)
(0 0 0)
(0 -6.938893904e-18 0)
(0 0 0)
(0 0 0)
(0 0 0)
(0 0 0)
(0 0 0)
(0 0 0)
(0 0 0)
(0 0 0)
(0 0 0)
(0 6.938893904e-18 0)
(0 1.387778781e-17 0)
(0 1.387778781e-17 0)
(0 0 0)
(0 0 0)
(0 0 0)
(0 0 0)
(0 0 0)
(0 0 0)
(0 3.469446952e-17 0)
(0 0 0)
(0 0 0)
(0 0 0)
(0 6.938893904e-18 0)
(0 1.387778781e-17 0)
(0 1.387778781e-17 0)
(0 1.387778781e-17 0)
(-1.387778781e-17 -6.938893904e-18 0)
(0 -6.938893904e-18 0)
(0 6.938893904e-18 0)
(0 2.081668171e-17 0)
(0 1.387778781e-17 0)
(0 1.387778781e-17 0)
(0 1.387778781e-17 0)
(0 1.387778781e-17 0)
(0 0 0)
(0 1.387778781e-17 0)
(0 0 0)
(0 0 0)
(6.938893904e-18 0 0)
(0 1.387778781e-17 0)
(0 0 0)
(0 1.387778781e-17 0)
(0 -1.387778781e-17 0)
(0 0 0)
(0 0 0)
(0 1.387778781e-17 0)
(0 0 0)
(0 0 0)
(0 0 0)
(0 0 0)
(0 1.387778781e-17 0)
(0 0 0)
(0 0 0)
(1.387778781e-17 1.387778781e-17 0)
(0 0 0)
(0 1.387778781e-17 0)
(0 1.387778781e-17 0)
(0 0 0)
(0 1.387778781e-17 0)
(0 0 0)
(0 1.387778781e-17 0)
(0 0 0)
(0 0 0)
(0 0 0)
(0 0 0)
(0 0 0)
(0 1.387778781e-17 0)
(0 1.387778781e-17 0)
(-6.938893904e-18 0 0)
(-6.938893904e-18 2.168404345e-19 0)
(-6.938893904e-18 0 0)
(-6.938893904e-18 -4.33680869e-19 0)
(1.387778781e-17 8.67361738e-19 0)
(1.387778781e-17 -8.67361738e-19 0)
(1.387778781e-17 8.67361738e-19 0)
(1.387778781e-17 0 0)
(-6.938893904e-18 -1.734723476e-18 0)
(0 1.734723476e-18 0)
(-6.938893904e-18 -1.734723476e-18 0)
(0 1.734723476e-18 0)
(-6.938893904e-18 -1.734723476e-18 0)
(0 1.734723476e-18 0)
(-6.938893904e-18 -1.734723476e-18 0)
(0 1.734723476e-18 0)
(0 3.469446952e-18 0)
(-1.387778781e-17 0 0)
(0 3.469446952e-18 0)
(0 0 0)
(0 0 0)
(-1.387778781e-17 -3.469446952e-18 0)
(0 3.469446952e-18 0)
(0 0 0)
(0 3.469446952e-18 0)
(-1.387778781e-17 0 0)
(0 0 0)
(0 -3.469446952e-18 0)
(0 -3.469446952e-18 0)
(-1.387778781e-17 0 0)
(0 0 0)
(0 -6.938893904e-18 0)
(0 0 0)
(0 0 0)
(0 0 0)
(2.775557562e-17 0 0)
(0 0 0)
(0 0 0)
(0 0 0)
(0 0 0)
(0 0 0)
(0 6.938893904e-18 0)
(2.775557562e-17 1.387778781e-17 0)
(0 1.387778781e-17 0)
(0 0 0)
(0 0 0)
(0 0 0)
(0 0 0)
(0 0 0)
(0 0 0)
(2.775557562e-17 3.469446952e-17 0)
(0 0 0)
(0 0 0)
(0 0 0)
(0 6.938893904e-18 0)
(0 1.387778781e-17 0)
(0 1.387778781e-17 0)
(0 1.387778781e-17 0)
(6.938893904e-18 -6.938893904e-18 0)
(0 -6.938893904e-18 0)
(0 6.938893904e-18 0)
(0 2.081668171e-17 0)
(0 1.387778781e-17 0)
(0 1.387778781e-17 0)
(0 1.387778781e-17 0)
(0 1.387778781e-17 0)
(0 0 0)
(0 1.387778781e-17 0)
(0 0 0)
(0 0 0)
(1.387778781e-17 0 0)
(0 1.387778781e-17 0)
(0 0 0)
(0 1.387778781e-17 0)
(0 -1.387778781e-17 0)
(0 0 0)
(0 0 0)
(0 1.387778781e-17 0)
(0 0 0)
(0 0 0)
(0 0 0)
(0 0 0)
(0 1.387778781e-17 0)
(0 0 0)
(0 0 0)
(1.387778781e-17 1.387778781e-17 0)
(0 0 0)
(0 1.387778781e-17 0)
(0 1.387778781e-17 0)
(0 0 0)
(0 1.387778781e-17 0)
(0 0 0)
(0 1.387778781e-17 0)
(0 0 0)
(0 0 0)
(0 0 0)
(0 0 0)
(0 0 0)
(0 1.387778781e-17 0)
(0 1.387778781e-17 0)
(0 0 0)
(0 2.168404345e-19 0)
(0 0 0)
(-1.387778781e-17 -4.33680869e-19 0)
(1.387778781e-17 8.67361738e-19 0)
(1.387778781e-17 -8.67361738e-19 0)
(1.387778781e-17 8.67361738e-19 0)
(0 0 0)
(-6.938893904e-18 -1.734723476e-18 0)
(0 1.734723476e-18 0)
(-6.938893904e-18 -1.734723476e-18 0)
(0 1.734723476e-18 0)
(-6.938893904e-18 -1.734723476e-18 0)
(0 1.734723476e-18 0)
(0 -1.734723476e-18 0)
(0 1.734723476e-18 0)
(0 3.469446952e-18 0)
(0 0 0)
(0 3.469446952e-18 0)
(0 0 0)
(0 0 0)
(0 -3.469446952e-18 0)
(0 3.469446952e-18 0)
(0 0 0)
(0 3.469446952e-18 0)
(0 0 0)
(0 0 0)
(0 -3.469446952e-18 0)
(0 -3.469446952e-18 0)
(-6.938893904e-18 0 0)
(0 0 0)
(0 -6.938893904e-18 0)
(0 0 0)
(0 0 0)
(0 0 0)
(1.387778781e-17 0 0)
(0 0 0)
(0 0 0)
(0 0 0)
(0 0 0)
(0 0 0)
(0 6.938893904e-18 0)
(2.775557562e-17 1.387778781e-17 0)
(0 1.387778781e-17 0)
(0 0 0)
(0 0 0)
(0 0 0)
(0 0 0)
(0 0 0)
(0 0 0)
(2.775557562e-17 3.469446952e-17 0)
(0 0 0)
(0 0 0)
(0 0 0)
(0 6.938893904e-18 0)
(0 1.387778781e-17 0)
(0 1.387778781e-17 0)
(0 1.387778781e-17 0)
(6.938893904e-18 -6.938893904e-18 0)
(0 -6.938893904e-18 0)
(0 6.938893904e-18 0)
(0 2.081668171e-17 0)
(0 1.387778781e-17 0)
(0 1.387778781e-17 0)
(0 1.387778781e-17 0)
(0 1.387778781e-17 0)
(0 0 0)
(0 1.387778781e-17 0)
(0 0 0)
(0 0 0)
(-6.938893904e-18 0 0)
(0 1.387778781e-17 0)
(0 0 0)
(0 1.387778781e-17 0)
(0 -1.387778781e-17 0)
(0 0 0)
(0 0 0)
(0 1.387778781e-17 0)
(0 0 0)
(0 0 0)
(0 0 0)
(0 0 0)
(0 1.387778781e-17 0)
(0 0 0)
(0 0 0)
(-6.938893904e-18 1.387778781e-17 0)
(0 0 0)
(0 1.387778781e-17 0)
(0 1.387778781e-17 0)
(0 0 0)
(0 1.387778781e-17 0)
(0 0 0)
(0 1.387778781e-17 0)
(0 0 0)
(0 0 0)
(0 0 0)
(0 0 0)
(0 0 0)
(0 1.387778781e-17 0)
(0 1.387778781e-17 0)
(6.938893904e-18 0 0)
(6.938893904e-18 2.168404345e-19 0)
(6.938893904e-18 0 0)
(6.938893904e-18 -4.33680869e-19 0)
(6.938893904e-18 8.67361738e-19 0)
(6.938893904e-18 -8.67361738e-19 0)
(6.938893904e-18 8.67361738e-19 0)
(6.938893904e-18 0 0)
(0 -1.734723476e-18 0)
(6.938893904e-18 1.734723476e-18 0)
(-6.938893904e-18 -1.734723476e-18 0)
(6.938893904e-18 1.734723476e-18 0)
(-6.938893904e-18 -1.734723476e-18 0)
(6.938893904e-18 1.734723476e-18 0)
(-6.938893904e-18 -1.734723476e-18 0)
(6.938893904e-18 1.734723476e-18 0)
(6.938893904e-18 3.469446952e-18 0)
(0 0 0)
(6.938893904e-18 3.469446952e-18 0)
(6.938893904e-18 0 0)
(6.938893904e-18 0 0)
(0 -3.469446952e-18 0)
(6.938893904e-18 3.469446952e-18 0)
(6.938893904e-18 0 0)
(6.938893904e-18 3.469446952e-18 0)
(0 0 0)
(6.938893904e-18 0 0)
(6.938893904e-18 -3.469446952e-18 0)
(6.938893904e-18 -3.469446952e-18 0)
(-1.387778781e-17 0 0)
(6.938893904e-18 0 0)
(6.938893904e-18 -6.938893904e-18 0)
(6.938893904e-18 0 0)
(6.938893904e-18 0 0)
(6.938893904e-18 0 0)
(1.387778781e-17 0 0)
(6.938893904e-18 0 0)
(6.938893904e-18 0 0)
(6.938893904e-18 0 0)
(6.938893904e-18 0 0)
(6.938893904e-18 0 0)
(6.938893904e-18 6.938893904e-18 0)
(1.387778781e-17 1.387778781e-17 0)
(6.938893904e-18 1.387778781e-17 0)
(6.938893904e-18 0 0)
(6.938893904e-18 0 0)
(6.938893904e-18 0 0)
(6.938893904e-18 0 0)
(6.938893904e-18 0 0)
(6.938893904e-18 0 0)
(1.387778781e-17 3.469446952e-17 0)
(6.938893904e-18 0 0)
(6.938893904e-18 0 0)
(6.938893904e-18 0 0)
(6.938893904e-18 6.938893904e-18 0)
(6.938893904e-18 1.387778781e-17 0)
(6.938893904e-18 1.387778781e-17 0)
(6.938893904e-18 1.387778781e-17 0)
(-6.938893904e-18 -6.938893904e-18 0)
(6.938893904e-18 -6.938893904e-18 0)
(6.938893904e-18 6.938893904e-18 0)
(6.938893904e-18 2.081668171e-17 0)
(6.938893904e-18 1.387778781e-17 0)
(6.938893904e-18 1.387778781e-17 0)
(6.938893904e-18 1.387778781e-17 0)
(6.938893904e-18 1.387778781e-17 0)
(6.938893904e-18 0 0)
(6.938893904e-18 1.387778781e-17 0)
(6.938893904e-18 0 0)
(6.938893904e-18 0 0)
(-6.938893904e-18 0 0)
(6.938893904e-18 1.387778781e-17 0)
(6.938893904e-18 0 0)
(6.938893904e-18 1.387778781e-17 0)
(6.938893904e-18 -1.387778781e-17 0)
(6.938893904e-18 0 0)
(6.938893904e-18 0 0)
(6.938893904e-18 1.387778781e-17 0)
(6.938893904e-18 0 0)
(6.938893904e-18 0 0)
(6.938893904e-18 0 0)
(6.938893904e-18 0 0)
(6.938893904e-18 1.387778781e-17 0)
(6.938893904e-18 0 0)
(6.938893904e-18 0 0)
(-6.938893904e-18 1.387778781e-17 0)
(6.938893904e-18 0 0)
(6.938893904e-18 1.387778781e-17 0)
(6.938893904e-18 1.387778781e-17 0)
(6.938893904e-18 0 0)
(6.938893904e-18 1.387778781e-17 0)
(6.938893904e-18 0 0)
(6.938893904e-18 1.387778781e-17 0)
(6.938893904e-18 0 0)
(6.938893904e-18 0 0)
(6.938893904e-18 0 0)
(6.938893904e-18 0 0)
(6.938893904e-18 0 0)
(6.938893904e-18 1.387778781e-17 0)
(6.938893904e-18 1.387778781e-17 0)
(0 0 0)
(0 2.168404345e-19 0)
(0 0 0)
(0 -4.33680869e-19 0)
(6.938893904e-18 8.67361738e-19 0)
(6.938893904e-18 -8.67361738e-19 0)
(6.938893904e-18 8.67361738e-19 0)
(6.938893904e-18 0 0)
(6.938893904e-18 -1.734723476e-18 0)
(0 1.734723476e-18 0)
(6.938893904e-18 -1.734723476e-18 0)
(0 1.734723476e-18 0)
(6.938893904e-18 -1.734723476e-18 0)
(0 1.734723476e-18 0)
(6.938893904e-18 -1.734723476e-18 0)
(0 1.734723476e-18 0)
(0 3.469446952e-18 0)
(-6.938893904e-18 0 0)
(0 3.469446952e-18 0)
(0 0 0)
(0 0 0)
(-6.938893904e-18 -3.469446952e-18 0)
(0 3.469446952e-18 0)
(0 0 0)
(0 3.469446952e-18 0)
(-6.938893904e-18 0 0)
(0 0 0)
(0 -3.469446952e-18 0)
(0 -3.469446952e-18 0)
(-6.938893904e-18 0 0)
(0 0 0)
(0 -6.938893904e-18 0)
(0 0 0)
(0 0 0)
(0 0 0)
(1.387778781e-17 0 0)
(0 0 0)
(0 0 0)
(0 0 0)
(0 0 0)
(0 0 0)
(0 6.938893904e-18 0)
(1.387778781e-17 1.387778781e-17 0)
(0 1.387778781e-17 0)
(0 0 0)
(0 0 0)
(0 0 0)
(0 0 0)
(0 0 0)
(0 0 0)
(1.387778781e-17 3.469446952e-17 0)
(0 0 0)
(0 0 0)
(0 0 0)
(0 6.938893904e-18 0)
(0 1.387778781e-17 0)
(0 1.387778781e-17 0)
(0 1.387778781e-17 0)
(-6.938893904e-18 -6.938893904e-18 0)
(0 -6.938893904e-18 0)
(0 6.938893904e-18 0)
(0 2.081668171e-17 0)
(0 1.387778781e-17 0)
(0 1.387778781e-17 0)
(0 1.387778781e-17 0)
(0 1.387778781e-17 0)
(0 0 0)
(0 1.387778781e-17 0)
(0 0 0)
(0 0 0)
(0 0 0)
(0 1.387778781e-17 0)
(0 0 0)
(0 1.387778781e-17 0)
(0 -1.387778781e-17 0)
(0 0 0)
(0 0 0)
(0 1.387778781e-17 0)
(0 0 0)
(0 0 0)
(0 0 0)
(0 0 0)
(0 1.387778781e-17 0)
(0 0 0)
(0 0 0)
(0 1.387778781e-17 0)
(0 0 0)
(0 1.387778781e-17 0)
(0 1.387778781e-17 0)
(0 0 0)
(0 1.387778781e-17 0)
(0 0 0)
(0 1.387778781e-17 0)
(0 0 0)
(0 0 0)
(0 0 0)
(0 0 0)
(0 0 0)
(0 1.387778781e-17 0)
(0 1.387778781e-17 0)
(0 0 0)
(0 2.168404345e-19 0)
(0 0 0)
(0 -4.33680869e-19 0)
(1.387778781e-17 8.67361738e-19 0)
(1.387778781e-17 -8.67361738e-19 0)
(1.387778781e-17 8.67361738e-19 0)
(1.387778781e-17 0 0)
(-6.938893904e-18 -1.734723476e-18 0)
(-6.938893904e-18 1.734723476e-18 0)
(-6.938893904e-18 -1.734723476e-18 0)
(-6.938893904e-18 1.734723476e-18 0)
(-6.938893904e-18 -1.734723476e-18 0)
(-6.938893904e-18 1.734723476e-18 0)
(-1.387778781e-17 -1.734723476e-18 0)
(-6.938893904e-18 1.734723476e-18 0)
(-6.938893904e-18 3.469446952e-18 0)
(0 0 0)
(-6.938893904e-18 3.469446952e-18 0)
(-6.938893904e-18 0 0)
(-6.938893904e-18 0 0)
(0 -3.469446952e-18 0)
(-6.938893904e-18 3.469446952e-18 0)
(-6.938893904e-18 0 0)
(-6.938893904e-18 3.469446952e-18 0)
(0 0 0)
(-6.938893904e-18 0 0)
(-6.938893904e-18 -3.469446952e-18 0)
(-6.938893904e-18 -3.469446952e-18 0)
(0 0 0)
(-6.938893904e-18 0 0)
(-6.938893904e-18 -6.938893904e-18 0)
(-6.938893904e-18 0 0)
(-6.938893904e-18 0 0)
(-6.938893904e-18 0 0)
(2.775557562e-17 0 0)
(-6.938893904e-18 0 0)
(-6.938893904e-18 0 0)
(-6.938893904e-18 0 0)
(-6.938893904e-18 0 0)
(-6.938893904e-18 0 0)
(-6.938893904e-18 6.938893904e-18 0)
(2.775557562e-17 1.387778781e-17 0)
(-6.938893904e-18 1.387778781e-17 0)
(-6.938893904e-18 0 0)
(-6.938893904e-18 0 0)
(-6.938893904e-18 0 0)
(-6.938893904e-18 0 0)
(-6.938893904e-18 0 0)
(-6.938893904e-18 0 0)
(2.775557562e-17 3.469446952e-17 0)
(-6.938893904e-18 0 0)
(-6.938893904e-18 0 0)
(-6.938893904e-18 0 0)
(-6.938893904e-18 6.938893904e-18 0)
(-6.938893904e-18 1.387778781e-17 0)
(-6.938893904e-18 1.387778781e-17 0)
(-6.938893904e-18 1.387778781e-17 0)
(0 -6.938893904e-18 0)
(-6.938893904e-18 -6.938893904e-18 0)
(-6.938893904e-18 6.938893904e-18 0)
(-6.938893904e-18 2.081668171e-17 0)
(-6.938893904e-18 1.387778781e-17 0)
(-6.938893904e-18 1.387778781e-17 0)
(-6.938893904e-18 1.387778781e-17 0)
(-6.938893904e-18 1.387778781e-17 0)
(-6.938893904e-18 0 0)
(-6.938893904e-18 1.387778781e-17 0)
(-6.938893904e-18 0 0)
(-6.938893904e-18 0 0)
(6.938893904e-18 0 0)
(-6.938893904e-18 1.387778781e-17 0)
(-6.938893904e-18 0 0)
(-6.938893904e-18 1.387778781e-17 0)
(-6.938893904e-18 -1.387778781e-17 0)
(-6.938893904e-18 0 0)
(-6.938893904e-18 0 0)
(-6.938893904e-18 1.387778781e-17 0)
(-6.938893904e-18 0 0)
(-6.938893904e-18 0 0)
(-6.938893904e-18 0 0)
(-6.938893904e-18 0 0)
(-6.938893904e-18 1.387778781e-17 0)
(-6.938893904e-18 0 0)
(-6.938893904e-18 0 0)
(6.938893904e-18 1.387778781e-17 0)
(-6.938893904e-18 0 0)
(-6.938893904e-18 1.387778781e-17 0)
(-6.938893904e-18 1.387778781e-17 0)
(-6.938893904e-18 0 0)
(-6.938893904e-18 1.387778781e-17 0)
(-6.938893904e-18 0 0)
(-6.938893904e-18 1.387778781e-17 0)
(-6.938893904e-18 0 0)
(-6.938893904e-18 0 0)
(-6.938893904e-18 0 0)
(-6.938893904e-18 0 0)
(-6.938893904e-18 0 0)
(-6.938893904e-18 1.387778781e-17 0)
(-6.938893904e-18 1.387778781e-17 0)
(0 0 0)
(0 2.168404345e-19 0)
(0 0 0)
(0 -4.33680869e-19 0)
(6.938893904e-18 8.67361738e-19 0)
(6.938893904e-18 -8.67361738e-19 0)
(6.938893904e-18 8.67361738e-19 0)
(6.938893904e-18 0 0)
(-6.938893904e-18 -1.734723476e-18 0)
(-6.938893904e-18 1.734723476e-18 0)
(-6.938893904e-18 -1.734723476e-18 0)
(-6.938893904e-18 1.734723476e-18 0)
(-6.938893904e-18 -1.734723476e-18 0)
(-6.938893904e-18 1.734723476e-18 0)
(-6.938893904e-18 -1.734723476e-18 0)
(-6.938893904e-18 1.734723476e-18 0)
(-6.938893904e-18 3.469446952e-18 0)
(-6.938893904e-18 0 0)
(-6.938893904e-18 3.469446952e-18 0)
(-6.938893904e-18 0 0)
(-6.938893904e-18 0 0)
(-6.938893904e-18 -3.469446952e-18 0)
(-6.938893904e-18 3.469446952e-18 0)
(-6.938893904e-18 0 0)
(-6.938893904e-18 3.469446952e-18 0)
(-6.938893904e-18 0 0)
(-6.938893904e-18 0 0)
(-6.938893904e-18 -3.469446952e-18 0)
(-6.938893904e-18 -3.469446952e-18 0)
(6.938893904e-18 0 0)
(-6.938893904e-18 0 0)
(-6.938893904e-18 -6.938893904e-18 0)
(-6.938893904e-18 0 0)
(-6.938893904e-18 0 0)
(-6.938893904e-18 0 0)
(1.387778781e-17 0 0)
(-6.938893904e-18 0 0)
(-6.938893904e-18 0 0)
(-6.938893904e-18 0 0)
(-6.938893904e-18 0 0)
(-6.938893904e-18 0 0)
(-6.938893904e-18 6.938893904e-18 0)
(1.387778781e-17 1.387778781e-17 0)
(-6.938893904e-18 1.387778781e-17 0)
(-6.938893904e-18 0 0)
(-6.938893904e-18 0 0)
(-6.938893904e-18 0 0)
(-6.938893904e-18 0 0)
(-6.938893904e-18 0 0)
(-6.938893904e-18 0 0)
(1.387778781e-17 3.469446952e-17 0)
(-6.938893904e-18 0 0)
(-6.938893904e-18 0 0)
(-6.938893904e-18 0 0)
(-6.938893904e-18 6.938893904e-18 0)
(-6.938893904e-18 1.387778781e-17 0)
(-6.938893904e-18 1.387778781e-17 0)
(-6.938893904e-18 1.387778781e-17 0)
(-6.938893904e-18 -6.938893904e-18 0)
(-6.938893904e-18 -6.938893904e-18 0)
(-6.938893904e-18 6.938893904e-18 0)
(-6.938893904e-18 2.081668171e-17 0)
(-6.938893904e-18 1.387778781e-17 0)
(-6.938893904e-18 1.387778781e-17 0)
(-6.938893904e-18 1.387778781e-17 0)
(-6.938893904e-18 1.387778781e-17 0)
(-6.938893904e-18 0 0)
(-6.938893904e-18 1.387778781e-17 0)
(-6.938893904e-18 0 0)
(-6.938893904e-18 0 0)
(-1.387778781e-17 0 0)
(-6.938893904e-18 1.387778781e-17 0)
(-6.938893904e-18 0 0)
(-6.938893904e-18 1.387778781e-17 0)
(-6.938893904e-18 -1.387778781e-17 0)
(-6.938893904e-18 0 0)
(-6.938893904e-18 0 0)
(-6.938893904e-18 1.387778781e-17 0)
(-6.938893904e-18 0 0)
(-6.938893904e-18 0 0)
(-6.938893904e-18 0 0)
(-6.938893904e-18 0 0)
(-6.938893904e-18 1.387778781e-17 0)
(-6.938893904e-18 0 0)
(-6.938893904e-18 0 0)
(-1.387778781e-17 1.387778781e-17 0)
(-6.938893904e-18 0 0)
(-6.938893904e-18 1.387778781e-17 0)
(-6.938893904e-18 1.387778781e-17 0)
(-6.938893904e-18 0 0)
(-6.938893904e-18 1.387778781e-17 0)
(-6.938893904e-18 0 0)
(-6.938893904e-18 1.387778781e-17 0)
(-6.938893904e-18 0 0)
(-6.938893904e-18 0 0)
(-6.938893904e-18 0 0)
(-6.938893904e-18 0 0)
(-6.938893904e-18 0 0)
(-6.938893904e-18 1.387778781e-17 0)
(-6.938893904e-18 1.387778781e-17 0)
(-6.938893904e-18 0 0)
(-6.938893904e-18 -4.33680869e-19 0)
(-6.938893904e-18 0 0)
(6.938893904e-18 8.67361738e-19 0)
(0 0 0)
(0 -8.67361738e-19 0)
(0 0 0)
(1.387778781e-17 1.734723476e-18 0)
(-6.938893904e-18 -1.734723476e-18 0)
(6.938893904e-18 0 0)
(-6.938893904e-18 -3.469446952e-18 0)
(6.938893904e-18 0 0)
(-6.938893904e-18 0 0)
(6.938893904e-18 1.734723476e-18 0)
(6.938893904e-18 1.734723476e-18 0)
(6.938893904e-18 -1.734723476e-18 0)
(6.938893904e-18 0 0)
(-6.938893904e-18 -3.469446952e-18 0)
(6.938893904e-18 -3.469446952e-18 0)
(6.938893904e-18 0 0)
(6.938893904e-18 0 0)
(-6.938893904e-18 -3.469446952e-18 0)
(6.938893904e-18 0 0)
(6.938893904e-18 0 0)
(6.938893904e-18 0 0)
(-6.938893904e-18 0 0)
(6.938893904e-18 0 0)
(6.938893904e-18 0 0)
(6.938893904e-18 0 0)
(0 6.938893904e-18 0)
(6.938893904e-18 -3.469446952e-18 0)
(6.938893904e-18 0 0)
(6.938893904e-18 0 0)
(6.938893904e-18 6.938893904e-18 0)
(6.938893904e-18 0 0)
(0 6.938893904e-18 0)
(6.938893904e-18 0 0)
(6.938893904e-18 -6.938893904e-18 0)
(6.938893904e-18 0 0)
(6.938893904e-18 0 0)
(6.938893904e-18 6.938893904e-18 0)
(6.938893904e-18 0 0)
(0 6.938893904e-18 0)
(6.938893904e-18 0 0)
(6.938893904e-18 0 0)
(6.938893904e-18 0 0)
(6.938893904e-18 0 0)
(6.938893904e-18 -6.938893904e-18 0)
(6.938893904e-18 6.938893904e-18 0)
(6.938893904e-18 0 0)
(0 2.081668171e-17 0)
(6.938893904e-18 6.938893904e-18 0)
(6.938893904e-18 -1.387778781e-17 0)
(6.938893904e-18 -1.387778781e-17 0)
(6.938893904e-18 -6.938893904e-18 0)
(6.938893904e-18 -6.938893904e-18 0)
(6.938893904e-18 0 0)
(6.938893904e-18 -6.938893904e-18 0)
(0 6.938893904e-18 0)
(6.938893904e-18 -6.938893904e-18 0)
(6.938893904e-18 6.938893904e-18 0)
(6.938893904e-18 6.938893904e-18 0)
(6.938893904e-18 0 0)
(6.938893904e-18 -1.387778781e-17 0)
(6.938893904e-18 -1.387778781e-17 0)
(6.938893904e-18 1.387778781e-17 0)
(6.938893904e-18 0 0)
(6.938893904e-18 -1.387778781e-17 0)
(6.938893904e-18 -1.387778781e-17 0)
(6.938893904e-18 1.387778781e-17 0)
(-6.938893904e-18 1.387778781e-17 0)
(6.938893904e-18 0 0)
(6.938893904e-18 0 0)
(6.938893904e-18 0 0)
(6.938893904e-18 -1.387778781e-17 0)
(6.938893904e-18 1.387778781e-17 0)
(6.938893904e-18 1.387778781e-17 0)
(6.938893904e-18 0 0)
(6.938893904e-18 -1.387778781e-17 0)
(6.938893904e-18 -1.387778781e-17 0)
(6.938893904e-18 0 0)
(6.938893904e-18 0 0)
(6.938893904e-18 -2.775557562e-17 0)
(6.938893904e-18 -1.387778781e-17 0)
(6.938893904e-18 -2.775557562e-17 0)
(6.938893904e-18 0 0)
(6.938893904e-18 0 0)
(6.938893904e-18 0 0)
(6.938893904e-18 0 0)
(6.938893904e-18 0 0)
(6.938893904e-18 0 0)
(6.938893904e-18 0 0)
(6.938893904e-18 1.387778781e-17 0)
(6.938893904e-18 0 0)
(6.938893904e-18 0 0)
(6.938893904e-18 1.387778781e-17 0)
(6.938893904e-18 -1.387778781e-17 0)
(6.938893904e-18 0 0)
(6.938893904e-18 0 0)
(6.938893904e-18 -1.387778781e-17 0)
(0 0 0)
(0 2.168404345e-19 0)
(0 0 0)
(-6.938893904e-18 -4.33680869e-19 0)
(0 8.67361738e-19 0)
(0 -8.67361738e-19 0)
(0 8.67361738e-19 0)
(-6.938893904e-18 0 0)
(0 -1.734723476e-18 0)
(6.938893904e-18 1.734723476e-18 0)
(-6.938893904e-18 -1.734723476e-18 0)
(6.938893904e-18 1.734723476e-18 0)
(-6.938893904e-18 -1.734723476e-18 0)
(6.938893904e-18 1.734723476e-18 0)
(-6.938893904e-18 -1.734723476e-18 0)
(6.938893904e-18 1.734723476e-18 0)
(6.938893904e-18 3.469446952e-18 0)
(-6.938893904e-18 0 0)
(6.938893904e-18 3.469446952e-18 0)
(6.938893904e-18 0 0)
(6.938893904e-18 0 0)
(-6.938893904e-18 -3.469446952e-18 0)
(6.938893904e-18 3.469446952e-18 0)
(6.938893904e-18 0 0)
(6.938893904e-18 3.469446952e-18 0)
(-6.938893904e-18 0 0)
(6.938893904e-18 0 0)
(6.938893904e-18 -3.469446952e-18 0)
(6.938893904e-18 -3.469446952e-18 0)
(-6.938893904e-18 0 0)
(6.938893904e-18 0 0)
(6.938893904e-18 -6.938893904e-18 0)
(6.938893904e-18 0 0)
(6.938893904e-18 0 0)
(6.938893904e-18 0 0)
(1.387778781e-17 0 0)
(6.938893904e-18 0 0)
(6.938893904e-18 0 0)
(6.938893904e-18 0 0)
(6.938893904e-18 0 0)
(6.938893904e-18 0 0)
(6.938893904e-18 6.938893904e-18 0)
(1.387778781e-17 1.387778781e-17 0)
(6.938893904e-18 1.387778781e-17 0)
(6.938893904e-18 0 0)
(6.938893904e-18 0 0)
(6.938893904e-18 0 0)
(6.938893904e-18 0 0)
(6.938893904e-18 0 0)
(6.938893904e-18 0 0)
(1.387778781e-17 3.469446952e-17 0)
(6.938893904e-18 0 0)
(6.938893904e-18 0 0)
(6.938893904e-18 0 0)
(6.938893904e-18 6.938893904e-18 0)
(6.938893904e-18 1.387778781e-17 0)
(6.938893904e-18 1.387778781e-17 0)
(6.938893904e-18 1.387778781e-17 0)
(6.938893904e-18 -6.938893904e-18 0)
(6.938893904e-18 -6.938893904e-18 0)
(6.938893904e-18 6.938893904e-18 0)
(6.938893904e-18 2.081668171e-17 0)
(6.938893904e-18 1.387778781e-17 0)
(6.938893904e-18 1.387778781e-17 0)
(6.938893904e-18 1.387778781e-17 0)
(6.938893904e-18 1.387778781e-17 0)
(6.938893904e-18 0 0)
(6.938893904e-18 1.387778781e-17 0)
(6.938893904e-18 0 0)
(6.938893904e-18 0 0)
(0 0 0)
(6.938893904e-18 1.387778781e-17 0)
(6.938893904e-18 0 0)
(6.938893904e-18 1.387778781e-17 0)
(6.938893904e-18 -1.387778781e-17 0)
(6.938893904e-18 0 0)
(6.938893904e-18 0 0)
(6.938893904e-18 1.387778781e-17 0)
(6.938893904e-18 0 0)
(6.938893904e-18 0 0)
(6.938893904e-18 0 0)
(6.938893904e-18 0 0)
(6.938893904e-18 1.387778781e-17 0)
(6.938893904e-18 0 0)
(6.938893904e-18 0 0)
(0 1.387778781e-17 0)
(6.938893904e-18 0 0)
(6.938893904e-18 1.387778781e-17 0)
(6.938893904e-18 1.387778781e-17 0)
(6.938893904e-18 0 0)
(6.938893904e-18 1.387778781e-17 0)
(6.938893904e-18 0 0)
(6.938893904e-18 1.387778781e-17 0)
(6.938893904e-18 0 0)
(6.938893904e-18 0 0)
(6.938893904e-18 0 0)
(6.938893904e-18 0 0)
(6.938893904e-18 0 0)
(6.938893904e-18 1.387778781e-17 0)
(6.938893904e-18 1.387778781e-17 0)
(6.938893904e-18 0 0)
(6.938893904e-18 2.168404345e-19 0)
(6.938893904e-18 0 0)
(-6.938893904e-18 -4.33680869e-19 0)
(-6.938893904e-18 8.67361738e-19 0)
(6.938893904e-18 -8.67361738e-19 0)
(6.938893904e-18 8.67361738e-19 0)
(6.938893904e-18 0 0)
(-6.938893904e-18 -1.734723476e-18 0)
(6.938893904e-18 1.734723476e-18 0)
(-6.938893904e-18 -1.734723476e-18 0)
(6.938893904e-18 1.734723476e-18 0)
(-6.938893904e-18 -1.734723476e-18 0)
(6.938893904e-18 1.734723476e-18 0)
(-6.938893904e-18 -1.734723476e-18 0)
(6.938893904e-18 1.734723476e-18 0)
(6.938893904e-18 3.469446952e-18 0)
(0 0 0)
(6.938893904e-18 3.469446952e-18 0)
(6.938893904e-18 0 0)
(6.938893904e-18 0 0)
(0 -3.469446952e-18 0)
(6.938893904e-18 3.469446952e-18 0)
(6.938893904e-18 0 0)
(6.938893904e-18 3.469446952e-18 0)
(0 0 0)
(6.938893904e-18 0 0)
(6.938893904e-18 -3.469446952e-18 0)
(6.938893904e-18 -3.469446952e-18 0)
(0 0 0)
(6.938893904e-18 0 0)
(6.938893904e-18 -6.938893904e-18 0)
(6.938893904e-18 0 0)
(6.938893904e-18 0 0)
(6.938893904e-18 0 0)
(2.081668171e-17 0 0)
(6.938893904e-18 0 0)
(6.938893904e-18 0 0)
(6.938893904e-18 0 0)
(6.938893904e-18 0 0)
(6.938893904e-18 0 0)
(6.938893904e-18 6.938893904e-18 0)
(2.081668171e-17 1.387778781e-17 0)
(6.938893904e-18 1.387778781e-17 0)
(6.938893904e-18 0 0)
(6.938893904e-18 0 0)
(6.938893904e-18 0 0)
(6.938893904e-18 0 0)
(6.938893904e-18 0 0)
(6.938893904e-18 0 0)
(2.081668171e-17 3.469446952e-17 0)
(6.938893904e-18 0 0)
(6.938893904e-18 0 0)
(6.938893904e-18 0 0)
(6.938893904e-18 6.938893904e-18 0)
(6.938893904e-18 1.387778781e-17 0)
(6.938893904e-18 1.387778781e-17 0)
(6.938893904e-18 1.387778781e-17 0)
(-6.938893904e-18 -6.938893904e-18 0)
(6.938893904e-18 -6.938893904e-18 0)
(6.938893904e-18 6.938893904e-18 0)
(6.938893904e-18 2.081668171e-17 0)
(6.938893904e-18 1.387778781e-17 0)
(6.938893904e-18 1.387778781e-17 0)
(6.938893904e-18 1.387778781e-17 0)
(6.938893904e-18 1.387778781e-17 0)
(6.938893904e-18 0 0)
(6.938893904e-18 1.387778781e-17 0)
(6.938893904e-18 0 0)
(6.938893904e-18 0 0)
(6.938893904e-18 0 0)
(6.938893904e-18 1.387778781e-17 0)
(6.938893904e-18 0 0)
(6.938893904e-18 1.387778781e-17 0)
(6.938893904e-18 -1.387778781e-17 0)
(6.938893904e-18 0 0)
(6.938893904e-18 0 0)
(6.938893904e-18 1.387778781e-17 0)
(6.938893904e-18 0 0)
(6.938893904e-18 0 0)
(6.938893904e-18 0 0)
(6.938893904e-18 0 0)
(6.938893904e-18 1.387778781e-17 0)
(6.938893904e-18 0 0)
(6.938893904e-18 0 0)
(2.081668171e-17 1.387778781e-17 0)
(6.938893904e-18 0 0)
(6.938893904e-18 1.387778781e-17 0)
(6.938893904e-18 1.387778781e-17 0)
(6.938893904e-18 0 0)
(6.938893904e-18 1.387778781e-17 0)
(6.938893904e-18 0 0)
(6.938893904e-18 1.387778781e-17 0)
(6.938893904e-18 0 0)
(6.938893904e-18 0 0)
(6.938893904e-18 0 0)
(6.938893904e-18 0 0)
(6.938893904e-18 0 0)
(6.938893904e-18 1.387778781e-17 0)
(6.938893904e-18 1.387778781e-17 0)
(-6.938893904e-18 0 0)
(-6.938893904e-18 2.168404345e-19 0)
(-6.938893904e-18 0 0)
(-6.938893904e-18 -4.33680869e-19 0)
(-6.938893904e-18 8.67361738e-19 0)
(2.081668171e-17 -8.67361738e-19 0)
(2.081668171e-17 8.67361738e-19 0)
(2.081668171e-17 0 0)
(0 -1.734723476e-18 0)
(-6.938893904e-18 1.734723476e-18 0)
(0 -1.734723476e-18 0)
(-6.938893904e-18 1.734723476e-18 0)
(0 -1.734723476e-18 0)
(-6.938893904e-18 1.734723476e-18 0)
(0 -1.734723476e-18 0)
(-6.938893904e-18 1.734723476e-18 0)
(-6.938893904e-18 3.469446952e-18 0)
(-6.938893904e-18 0 0)
(-6.938893904e-18 3.469446952e-18 0)
(-6.938893904e-18 0 0)
(-6.938893904e-18 0 0)
(0 -3.469446952e-18 0)
(-6.938893904e-18 3.469446952e-18 0)
(-6.938893904e-18 0 0)
(-6.938893904e-18 3.469446952e-18 0)
(0 0 0)
(-6.938893904e-18 0 0)
(-6.938893904e-18 -3.469446952e-18 0)
(-6.938893904e-18 -3.469446952e-18 0)
(0 0 0)
(-6.938893904e-18 0 0)
(-6.938893904e-18 -6.938893904e-18 0)
(-6.938893904e-18 0 0)
(-6.938893904e-18 0 0)
(-6.938893904e-18 0 0)
(6.938893904e-18 0 0)
(-6.938893904e-18 0 0)
(-6.938893904e-18 0 0)
(-6.938893904e-18 0 0)
(-6.938893904e-18 0 0)
(-6.938893904e-18 0 0)
(-6.938893904e-18 6.938893904e-18 0)
(2.081668171e-17 1.387778781e-17 0)
(-6.938893904e-18 1.387778781e-17 0)
(-6.938893904e-18 0 0)
(-6.938893904e-18 0 0)
(-6.938893904e-18 0 0)
(-6.938893904e-18 0 0)
(-6.938893904e-18 0 0)
(-6.938893904e-18 0 0)
(2.081668171e-17 3.469446952e-17 0)
(-6.938893904e-18 0 0)
(-6.938893904e-18 0 0)
(-6.938893904e-18 0 0)
(-6.938893904e-18 6.938893904e-18 0)
(-6.938893904e-18 1.387778781e-17 0)
(-6.938893904e-18 1.387778781e-17 0)
(-6.938893904e-18 1.387778781e-17 0)
(6.938893904e-18 -6.938893904e-18 0)
(-6.938893904e-18 -6.938893904e-18 0)
(-6.938893904e-18 6.938893904e-18 0)
(-6.938893904e-18 2.081668171e-17 0)
(-6.938893904e-18 1.387778781e-17 0)
(-6.938893904e-18 1.387778781e-17 0)
(-6.938893904e-18 1.387778781e-17 0)
(-6.938893904e-18 1.387778781e-17 0)
(-6.938893904e-18 0 0)
(-6.938893904e-18 1.387778781e-17 0)
(-6.938893904e-18 0 0)
(-6.938893904e-18 0 0)
(-6.938893904e-18 0 0)
(-6.938893904e-18 1.387778781e-17 0)
(-6.938893904e-18 0 0)
(-6.938893904e-18 1.387778781e-17 0)
(-6.938893904e-18 -1.387778781e-17 0)
(-6.938893904e-18 0 0)
(-6.938893904e-18 0 0)
(-6.938893904e-18 1.387778781e-17 0)
(-6.938893904e-18 0 0)
(-6.938893904e-18 0 0)
(-6.938893904e-18 0 0)
(-6.938893904e-18 0 0)
(-6.938893904e-18 1.387778781e-17 0)
(-6.938893904e-18 0 0)
(-6.938893904e-18 0 0)
(6.938893904e-18 1.387778781e-17 0)
(-6.938893904e-18 0 0)
(-6.938893904e-18 1.387778781e-17 0)
(-6.938893904e-18 1.387778781e-17 0)
(-6.938893904e-18 0 0)
(-6.938893904e-18 1.387778781e-17 0)
(-6.938893904e-18 0 0)
(-6.938893904e-18 1.387778781e-17 0)
(-6.938893904e-18 0 0)
(-6.938893904e-18 0 0)
(-6.938893904e-18 0 0)
(-6.938893904e-18 0 0)
(-6.938893904e-18 0 0)
(-6.938893904e-18 1.387778781e-17 0)
(-6.938893904e-18 1.387778781e-17 0)
(0 0 0)
(0 2.168404345e-19 0)
(0 0 0)
(0 -4.33680869e-19 0)
(6.938893904e-18 8.67361738e-19 0)
(6.938893904e-18 -8.67361738e-19 0)
(6.938893904e-18 8.67361738e-19 0)
(1.387778781e-17 0 0)
(-6.938893904e-18 -1.734723476e-18 0)
(-6.938893904e-18 1.734723476e-18 0)
(-6.938893904e-18 -1.734723476e-18 0)
(-6.938893904e-18 1.734723476e-18 0)
(-6.938893904e-18 -1.734723476e-18 0)
(-6.938893904e-18 1.734723476e-18 0)
(-6.938893904e-18 -1.734723476e-18 0)
(-6.938893904e-18 1.734723476e-18 0)
(-6.938893904e-18 3.469446952e-18 0)
(-6.938893904e-18 0 0)
(-6.938893904e-18 3.469446952e-18 0)
(-6.938893904e-18 0 0)
(-6.938893904e-18 0 0)
(-6.938893904e-18 -3.469446952e-18 0)
(-6.938893904e-18 3.469446952e-18 0)
(-6.938893904e-18 0 0)
(-6.938893904e-18 3.469446952e-18 0)
(-6.938893904e-18 0 0)
(-6.938893904e-18 0 0)
(-6.938893904e-18 -3.469446952e-18 0)
(-6.938893904e-18 -3.469446952e-18 0)
(-6.938893904e-18 0 0)
(-6.938893904e-18 0 0)
(-6.938893904e-18 -6.938893904e-18 0)
(-6.938893904e-18 0 0)
(-6.938893904e-18 0 0)
(-6.938893904e-18 0 0)
(1.387778781e-17 0 0)
(-6.938893904e-18 0 0)
(-6.938893904e-18 0 0)
(-6.938893904e-18 0 0)
(-6.938893904e-18 0 0)
(-6.938893904e-18 0 0)
(-6.938893904e-18 6.938893904e-18 0)
(1.387778781e-17 1.387778781e-17 0)
(-6.938893904e-18 1.387778781e-17 0)
(-6.938893904e-18 0 0)
(-6.938893904e-18 0 0)
(-6.938893904e-18 0 0)
(-6.938893904e-18 0 0)
(-6.938893904e-18 0 0)
(-6.938893904e-18 0 0)
(1.387778781e-17 3.469446952e-17 0)
(-6.938893904e-18 0 0)
(-6.938893904e-18 0 0)
(-6.938893904e-18 0 0)
(-6.938893904e-18 6.938893904e-18 0)
(-6.938893904e-18 1.387778781e-17 0)
(-6.938893904e-18 1.387778781e-17 0)
(-6.938893904e-18 1.387778781e-17 0)
(0 -6.938893904e-18 0)
(-6.938893904e-18 -6.938893904e-18 0)
(-6.938893904e-18 6.938893904e-18 0)
(-6.938893904e-18 2.081668171e-17 0)
(-6.938893904e-18 1.387778781e-17 0)
(-6.938893904e-18 1.387778781e-17 0)
(-6.938893904e-18 1.387778781e-17 0)
(-6.938893904e-18 1.387778781e-17 0)
(-6.938893904e-18 0 0)
(-6.938893904e-18 1.387778781e-17 0)
(-6.938893904e-18 0 0)
(-6.938893904e-18 0 0)
(0 0 0)
(-6.938893904e-18 1.387778781e-17 0)
(-6.938893904e-18 0 0)
(-6.938893904e-18 1.387778781e-17 0)
(-6.938893904e-18 -1.387778781e-17 0)
(-6.938893904e-18 0 0)
(-6.938893904e-18 0 0)
(-6.938893904e-18 1.387778781e-17 0)
(-6.938893904e-18 0 0)
(-6.938893904e-18 0 0)
(-6.938893904e-18 0 0)
(-6.938893904e-18 0 0)
(-6.938893904e-18 1.387778781e-17 0)
(-6.938893904e-18 0 0)
(-6.938893904e-18 0 0)
(0 1.387778781e-17 0)
(-6.938893904e-18 0 0)
(-6.938893904e-18 1.387778781e-17 0)
(-6.938893904e-18 1.387778781e-17 0)
(-6.938893904e-18 0 0)
(-6.938893904e-18 1.387778781e-17 0)
(-6.938893904e-18 0 0)
(-6.938893904e-18 1.387778781e-17 0)
(-6.938893904e-18 0 0)
(-6.938893904e-18 0 0)
(-6.938893904e-18 0 0)
(-6.938893904e-18 0 0)
(-6.938893904e-18 0 0)
(-6.938893904e-18 1.387778781e-17 0)
(-6.938893904e-18 1.387778781e-17 0)
(0 0 0)
(0 2.168404345e-19 0)
(0 0 0)
(0 -4.33680869e-19 0)
(0 8.67361738e-19 0)
(0 -8.67361738e-19 0)
(0 8.67361738e-19 0)
(0 0 0)
(-1.387778781e-17 -1.734723476e-18 0)
(0 1.734723476e-18 0)
(-1.387778781e-17 -1.734723476e-18 0)
(0 1.734723476e-18 0)
(-1.387778781e-17 -1.734723476e-18 0)
(0 1.734723476e-18 0)
(-1.387778781e-17 -1.734723476e-18 0)
(0 1.734723476e-18 0)
(0 3.469446952e-18 0)
(-1.387778781e-17 0 0)
(0 3.469446952e-18 0)
(0 0 0)
(0 0 0)
(-1.387778781e-17 -3.469446952e-18 0)
(0 3.469446952e-18 0)
(0 0 0)
(0 3.469446952e-18 0)
(-1.387778781e-17 0 0)
(0 0 0)
(0 -3.469446952e-18 0)
(0 -3.469446952e-18 0)
(-1.387778781e-17 0 0)
(0 0 0)
(0 -6.938893904e-18 0)
(0 0 0)
(0 0 0)
(0 0 0)
(2.775557562e-17 0 0)
(0 0 0)
(0 0 0)
(0 0 0)
(0 0 0)
(0 0 0)
(0 6.938893904e-18 0)
(2.775557562e-17 1.387778781e-17 0)
(0 1.387778781e-17 0)
(0 0 0)
(0 0 0)
(0 0 0)
(0 0 0)
(0 0 0)
(0 0 0)
(2.775557562e-17 3.469446952e-17 0)
(0 0 0)
(0 0 0)
(0 0 0)
(0 6.938893904e-18 0)
(0 1.387778781e-17 0)
(0 1.387778781e-17 0)
(0 1.387778781e-17 0)
(1.387778781e-17 -6.938893904e-18 0)
(0 -6.938893904e-18 0)
(0 6.938893904e-18 0)
(0 2.081668171e-17 0)
(0 1.387778781e-17 0)
(0 1.387778781e-17 0)
(0 1.387778781e-17 0)
(0 1.387778781e-17 0)
(0 0 0)
(0 1.387778781e-17 0)
(0 0 0)
(0 0 0)
(-1.387778781e-17 0 0)
(0 1.387778781e-17 0)
(0 0 0)
(0 1.387778781e-17 0)
(0 -1.387778781e-17 0)
(0 0 0)
(0 0 0)
(0 1.387778781e-17 0)
(0 0 0)
(0 0 0)
(0 0 0)
(0 0 0)
(0 1.387778781e-17 0)
(0 0 0)
(0 0 0)
(-1.387778781e-17 1.387778781e-17 0)
(0 0 0)
(0 1.387778781e-17 0)
(0 1.387778781e-17 0)
(0 0 0)
(0 1.387778781e-17 0)
(0 0 0)
(0 1.387778781e-17 0)
(0 0 0)
(0 0 0)
(0 0 0)
(0 0 0)
(0 0 0)
(0 1.387778781e-17 0)
(0 1.387778781e-17 0)
(1.387778781e-17 0 0)
(1.387778781e-17 2.168404345e-19 0)
(1.387778781e-17 0 0)
(1.387778781e-17 -4.33680869e-19 0)
(1.387778781e-17 8.67361738e-19 0)
(1.387778781e-17 -8.67361738e-19 0)
(1.387778781e-17 8.67361738e-19 0)
(1.387778781e-17 0 0)
(-1.387778781e-17 -1.734723476e-18 0)
(0 1.734723476e-18 0)
(-1.387778781e-17 -1.734723476e-18 0)
(0 1.734723476e-18 0)
(-1.387778781e-17 -1.734723476e-18 0)
(0 1.734723476e-18 0)
(0 -1.734723476e-18 0)
(0 1.734723476e-18 0)
(0 3.469446952e-18 0)
(-1.387778781e-17 0 0)
(0 3.469446952e-18 0)
(0 0 0)
(0 0 0)
(-1.387778781e-17 -3.469446952e-18 0)
(0 3.469446952e-18 0)
(0 0 0)
(0 3.469446952e-18 0)
(-1.387778781e-17 0 0)
(0 0 0)
(0 -3.469446952e-18 0)
(0 -3.469446952e-18 0)
(0 0 0)
(0 0 0)
(0 -6.938893904e-18 0)
(0 0 0)
(0 0 0)
(0 0 0)
(1.387778781e-17 0 0)
(0 0 0)
(0 0 0)
(0 0 0)
(0 0 0)
(0 0 0)
(0 6.938893904e-18 0)
(2.775557562e-17 1.387778781e-17 0)
(0 1.387778781e-17 0)
(0 0 0)
(0 0 0)
(0 0 0)
(0 0 0)
(0 0 0)
(0 0 0)
(2.775557562e-17 3.469446952e-17 0)
(0 0 0)
(0 0 0)
(0 0 0)
(0 6.938893904e-18 0)
(0 1.387778781e-17 0)
(0 1.387778781e-17 0)
(0 1.387778781e-17 0)
(1.387778781e-17 -6.938893904e-18 0)
(0 -6.938893904e-18 0)
(0 6.938893904e-18 0)
(0 2.081668171e-17 0)
(0 1.387778781e-17 0)
(0 1.387778781e-17 0)
(0 1.387778781e-17 0)
(0 1.387778781e-17 0)
(0 0 0)
(0 1.387778781e-17 0)
(0 0 0)
(0 0 0)
(-1.387778781e-17 0 0)
(0 1.387778781e-17 0)
(0 0 0)
(0 1.387778781e-17 0)
(0 -1.387778781e-17 0)
(0 0 0)
(0 0 0)
(0 1.387778781e-17 0)
(0 0 0)
(0 0 0)
(0 0 0)
(0 0 0)
(0 1.387778781e-17 0)
(0 0 0)
(0 0 0)
(1.387778781e-17 1.387778781e-17 0)
(0 0 0)
(0 1.387778781e-17 0)
(0 1.387778781e-17 0)
(0 0 0)
(0 1.387778781e-17 0)
(0 0 0)
(0 1.387778781e-17 0)
(0 0 0)
(0 0 0)
(0 0 0)
(0 0 0)
(0 0 0)
(0 1.387778781e-17 0)
(0 1.387778781e-17 0)
(1.387778781e-17 0 0)
(1.387778781e-17 2.168404345e-19 0)
(1.387778781e-17 0 0)
(1.387778781e-17 -4.33680869e-19 0)
(1.387778781e-17 8.67361738e-19 0)
(1.387778781e-17 -8.67361738e-19 0)
(1.387778781e-17 8.67361738e-19 0)
(1.387778781e-17 0 0)
(-1.387778781e-17 -1.734723476e-18 0)
(0 1.734723476e-18 0)
(-1.387778781e-17 -1.734723476e-18 0)
(0 1.734723476e-18 0)
(-1.387778781e-17 -1.734723476e-18 0)
(0 1.734723476e-18 0)
(0 -1.734723476e-18 0)
(0 1.734723476e-18 0)
(0 3.469446952e-18 0)
(0 0 0)
(0 3.469446952e-18 0)
(0 0 0)
(0 0 0)
(0 -3.469446952e-18 0)
(0 3.469446952e-18 0)
(0 0 0)
(0 3.469446952e-18 0)
(0 0 0)
(0 0 0)
(0 -3.469446952e-18 0)
(0 -3.469446952e-18 0)
(0 0 0)
(0 0 0)
(0 -6.938893904e-18 0)
(0 0 0)
(0 0 0)
(0 0 0)
(1.387778781e-17 0 0)
(0 0 0)
(0 0 0)
(0 0 0)
(0 0 0)
(0 0 0)
(0 6.938893904e-18 0)
(1.387778781e-17 1.387778781e-17 0)
(0 1.387778781e-17 0)
(0 0 0)
(0 0 0)
(0 0 0)
(0 0 0)
(0 0 0)
(0 0 0)
(1.387778781e-17 3.469446952e-17 0)
(0 0 0)
(0 0 0)
(0 0 0)
(0 6.938893904e-18 0)
(0 1.387778781e-17 0)
(0 1.387778781e-17 0)
(0 1.387778781e-17 0)
(-1.387778781e-17 -6.938893904e-18 0)
(0 -6.938893904e-18 0)
(0 6.938893904e-18 0)
(0 2.081668171e-17 0)
(0 1.387778781e-17 0)
(0 1.387778781e-17 0)
(0 1.387778781e-17 0)
(0 1.387778781e-17 0)
(0 0 0)
(0 1.387778781e-17 0)
(0 0 0)
(0 0 0)
(0 0 0)
(0 1.387778781e-17 0)
(0 0 0)
(0 1.387778781e-17 0)
(0 -1.387778781e-17 0)
(0 0 0)
(0 0 0)
(0 1.387778781e-17 0)
(0 0 0)
(0 0 0)
(0 0 0)
(0 0 0)
(0 1.387778781e-17 0)
(0 0 0)
(0 0 0)
(0 1.387778781e-17 0)
(0 0 0)
(0 1.387778781e-17 0)
(0 1.387778781e-17 0)
(0 0 0)
(0 1.387778781e-17 0)
(0 0 0)
(0 1.387778781e-17 0)
(0 0 0)
(0 0 0)
(0 0 0)
(0 0 0)
(0 0 0)
(0 1.387778781e-17 0)
(0 1.387778781e-17 0)
(1.387778781e-17 0 0)
(1.387778781e-17 2.168404345e-19 0)
(1.387778781e-17 0 0)
(1.387778781e-17 -4.33680869e-19 0)
(1.387778781e-17 8.67361738e-19 0)
(1.387778781e-17 -8.67361738e-19 0)
(1.387778781e-17 8.67361738e-19 0)
(1.387778781e-17 0 0)
(1.387778781e-17 -1.734723476e-18 0)
(0 1.734723476e-18 0)
(1.387778781e-17 -1.734723476e-18 0)
(0 1.734723476e-18 0)
(1.387778781e-17 -1.734723476e-18 0)
(0 1.734723476e-18 0)
(1.387778781e-17 -1.734723476e-18 0)
(0 1.734723476e-18 0)
(0 3.469446952e-18 0)
(0 0 0)
(0 3.469446952e-18 0)
(0 0 0)
(0 0 0)
(0 -3.469446952e-18 0)
(0 3.469446952e-18 0)
(0 0 0)
(0 3.469446952e-18 0)
(0 0 0)
(0 0 0)
(0 -3.469446952e-18 0)
(0 -3.469446952e-18 0)
(0 0 0)
(0 0 0)
(0 -6.938893904e-18 0)
(0 0 0)
(0 0 0)
(0 0 0)
(1.387778781e-17 0 0)
(0 0 0)
(0 0 0)
(0 0 0)
(0 0 0)
(0 0 0)
(0 6.938893904e-18 0)
(1.387778781e-17 1.387778781e-17 0)
(0 1.387778781e-17 0)
(0 0 0)
(0 0 0)
(0 0 0)
(0 0 0)
(0 0 0)
(0 0 0)
(1.387778781e-17 3.469446952e-17 0)
(0 0 0)
(0 0 0)
(0 0 0)
(0 6.938893904e-18 0)
(0 1.387778781e-17 0)
(0 1.387778781e-17 0)
(0 1.387778781e-17 0)
(0 -6.938893904e-18 0)
(0 -6.938893904e-18 0)
(0 6.938893904e-18 0)
(0 2.081668171e-17 0)
(0 1.387778781e-17 0)
(0 1.387778781e-17 0)
(0 1.387778781e-17 0)
(0 1.387778781e-17 0)
(0 0 0)
(0 1.387778781e-17 0)
(0 0 0)
(0 0 0)
(0 0 0)
(0 1.387778781e-17 0)
(0 0 0)
(0 1.387778781e-17 0)
(0 -1.387778781e-17 0)
(0 0 0)
(0 0 0)
(0 1.387778781e-17 0)
(0 0 0)
(0 0 0)
(0 0 0)
(0 0 0)
(0 1.387778781e-17 0)
(0 0 0)
(0 0 0)
(0 1.387778781e-17 0)
(0 0 0)
(0 1.387778781e-17 0)
(0 1.387778781e-17 0)
(0 0 0)
(0 1.387778781e-17 0)
(0 0 0)
(0 1.387778781e-17 0)
(0 0 0)
(0 0 0)
(0 0 0)
(0 0 0)
(0 0 0)
(0 1.387778781e-17 0)
(0 1.387778781e-17 0)
(0 0 0)
(0 2.168404345e-19 0)
(0 0 0)
(0 -4.33680869e-19 0)
(0 8.67361738e-19 0)
(0 -8.67361738e-19 0)
(0 8.67361738e-19 0)
(0 0 0)
(-1.387778781e-17 -1.734723476e-18 0)
(1.387778781e-17 1.734723476e-18 0)
(-1.387778781e-17 -1.734723476e-18 0)
(1.387778781e-17 1.734723476e-18 0)
(-1.387778781e-17 -1.734723476e-18 0)
(1.387778781e-17 1.734723476e-18 0)
(0 -1.734723476e-18 0)
(1.387778781e-17 1.734723476e-18 0)
(1.387778781e-17 3.469446952e-18 0)
(0 0 0)
(1.387778781e-17 3.469446952e-18 0)
(1.387778781e-17 0 0)
(1.387778781e-17 0 0)
(0 -3.469446952e-18 0)
(1.387778781e-17 3.469446952e-18 0)
(1.387778781e-17 0 0)
(1.387778781e-17 3.469446952e-18 0)
(0 0 0)
(1.387778781e-17 0 0)
(1.387778781e-17 -3.469446952e-18 0)
(1.387778781e-17 -3.469446952e-18 0)
(0 0 0)
(1.387778781e-17 0 0)
(1.387778781e-17 -6.938893904e-18 0)
(1.387778781e-17 0 0)
(1.387778781e-17 0 0)
(1.387778781e-17 0 0)
(2.775557562e-17 0 0)
(1.387778781e-17 0 0)
(1.387778781e-17 0 0)
(1.387778781e-17 0 0)
(1.387778781e-17 0 0)
(1.387778781e-17 0 0)
(1.387778781e-17 6.938893904e-18 0)
(2.775557562e-17 1.387778781e-17 0)
(1.387778781e-17 1.387778781e-17 0)
(1.387778781e-17 0 0)
(1.387778781e-17 0 0)
(1.387778781e-17 0 0)
(1.387778781e-17 0 0)
(1.387778781e-17 0 0)
(1.387778781e-17 0 0)
(2.775557562e-17 3.469446952e-17 0)
(1.387778781e-17 0 0)
(1.387778781e-17 0 0)
(1.387778781e-17 0 0)
(1.387778781e-17 6.938893904e-18 0)
(1.387778781e-17 1.387778781e-17 0)
(1.387778781e-17 1.387778781e-17 0)
(1.387778781e-17 1.387778781e-17 0)
(1.387778781e-17 -6.938893904e-18 0)
(1.387778781e-17 -6.938893904e-18 0)
(1.387778781e-17 6.938893904e-18 0)
(1.387778781e-17 2.081668171e-17 0)
(1.387778781e-17 1.387778781e-17 0)
(1.387778781e-17 1.387778781e-17 0)
(1.387778781e-17 1.387778781e-17 0)
(1.387778781e-17 1.387778781e-17 0)
(1.387778781e-17 0 0)
(1.387778781e-17 1.387778781e-17 0)
(1.387778781e-17 0 0)
(1.387778781e-17 0 0)
(0 0 0)
(1.387778781e-17 1.387778781e-17 0)
(1.387778781e-17 0 0)
(1.387778781e-17 1.387778781e-17 0)
(1.387778781e-17 -1.387778781e-17 0)
(1.387778781e-17 0 0)
(1.387778781e-17 0 0)
(1.387778781e-17 1.387778781e-17 0)
(1.387778781e-17 0 0)
(1.387778781e-17 0 0)
(1.387778781e-17 0 0)
(1.387778781e-17 0 0)
(1.387778781e-17 1.387778781e-17 0)
(1.387778781e-17 0 0)
(1.387778781e-17 0 0)
(0 1.387778781e-17 0)
(1.387778781e-17 0 0)
(1.387778781e-17 1.387778781e-17 0)
(1.387778781e-17 1.387778781e-17 0)
(1.387778781e-17 0 0)
(1.387778781e-17 1.387778781e-17 0)
(1.387778781e-17 0 0)
(1.387778781e-17 1.387778781e-17 0)
(1.387778781e-17 0 0)
(1.387778781e-17 0 0)
(1.387778781e-17 0 0)
(1.387778781e-17 0 0)
(1.387778781e-17 0 0)
(1.387778781e-17 1.387778781e-17 0)
(1.387778781e-17 1.387778781e-17 0)
(0 0 0)
(0 2.168404345e-19 0)
(0 0 0)
(0 -4.33680869e-19 0)
(0 8.67361738e-19 0)
(0 -8.67361738e-19 0)
(0 8.67361738e-19 0)
(0 0 0)
(0 -1.734723476e-18 0)
(0 1.734723476e-18 0)
(0 -1.734723476e-18 0)
(0 1.734723476e-18 0)
(0 -1.734723476e-18 0)
(0 1.734723476e-18 0)
(0 -1.734723476e-18 0)
(0 1.734723476e-18 0)
(0 3.469446952e-18 0)
(1.387778781e-17 0 0)
(0 3.469446952e-18 0)
(0 0 0)
(0 0 0)
(0 -3.469446952e-18 0)
(0 3.469446952e-18 0)
(0 0 0)
(0 3.469446952e-18 0)
(0 0 0)
(0 0 0)
(0 -3.469446952e-18 0)
(0 -3.469446952e-18 0)
(0 0 0)
(0 0 0)
(0 -6.938893904e-18 0)
(0 0 0)
(0 0 0)
(0 0 0)
(1.387778781e-17 0 0)
(0 0 0)
(0 0 0)
(0 0 0)
(0 0 0)
(0 0 0)
(0 6.938893904e-18 0)
(2.775557562e-17 1.387778781e-17 0)
(0 1.387778781e-17 0)
(0 0 0)
(0 0 0)
(0 0 0)
(0 0 0)
(0 0 0)
(0 0 0)
(2.775557562e-17 3.469446952e-17 0)
(0 0 0)
(0 0 0)
(0 0 0)
(0 6.938893904e-18 0)
(0 1.387778781e-17 0)
(0 1.387778781e-17 0)
(0 1.387778781e-17 0)
(1.387778781e-17 -6.938893904e-18 0)
(0 -6.938893904e-18 0)
(0 6.938893904e-18 0)
(0 2.081668171e-17 0)
(0 1.387778781e-17 0)
(0 1.387778781e-17 0)
(0 1.387778781e-17 0)
(0 1.387778781e-17 0)
(0 0 0)
(0 1.387778781e-17 0)
(0 0 0)
(0 0 0)
(0 0 0)
(0 1.387778781e-17 0)
(0 0 0)
(0 1.387778781e-17 0)
(0 -1.387778781e-17 0)
(0 0 0)
(0 0 0)
(0 1.387778781e-17 0)
(0 0 0)
(0 0 0)
(0 0 0)
(0 0 0)
(0 1.387778781e-17 0)
(0 0 0)
(0 0 0)
(0 1.387778781e-17 0)
(0 0 0)
(0 1.387778781e-17 0)
(0 1.387778781e-17 0)
(0 0 0)
(0 1.387778781e-17 0)
(0 0 0)
(0 1.387778781e-17 0)
(0 0 0)
(0 0 0)
(0 0 0)
(0 0 0)
(0 0 0)
(0 1.387778781e-17 0)
(0 1.387778781e-17 0)
(-1.387778781e-17 0 0)
(-1.387778781e-17 2.168404345e-19 0)
(-1.387778781e-17 0 0)
(-1.387778781e-17 -4.33680869e-19 0)
(-1.387778781e-17 8.67361738e-19 0)
(-1.387778781e-17 -8.67361738e-19 0)
(-1.387778781e-17 8.67361738e-19 0)
(-1.387778781e-17 0 0)
(0 -1.734723476e-18 0)
(0 1.734723476e-18 0)
(0 -1.734723476e-18 0)
(0 1.734723476e-18 0)
(0 -1.734723476e-18 0)
(0 1.734723476e-18 0)
(0 -1.734723476e-18 0)
(0 1.734723476e-18 0)
(0 3.469446952e-18 0)
(-1.387778781e-17 0 0)
(0 3.469446952e-18 0)
(0 0 0)
(0 0 0)
(-1.387778781e-17 -3.469446952e-18 0)
(0 3.469446952e-18 0)
(0 0 0)
(0 3.469446952e-18 0)
(-1.387778781e-17 0 0)
(0 0 0)
(0 -3.469446952e-18 0)
(0 -3.469446952e-18 0)
(-1.387778781e-17 0 0)
(0 0 0)
(0 -6.938893904e-18 0)
(0 0 0)
(0 0 0)
(0 0 0)
(1.387778781e-17 0 0)
(0 0 0)
(0 0 0)
(0 0 0)
(0 0 0)
(0 0 0)
(0 6.938893904e-18 0)
(1.387778781e-17 1.387778781e-17 0)
(0 1.387778781e-17 0)
(0 0 0)
(0 0 0)
(0 0 0)
(0 0 0)
(0 0 0)
(0 0 0)
(1.387778781e-17 3.469446952e-17 0)
(0 0 0)
(0 0 0)
(0 0 0)
(0 6.938893904e-18 0)
(0 1.387778781e-17 0)
(0 1.387778781e-17 0)
(0 1.387778781e-17 0)
(-1.387778781e-17 -6.938893904e-18 0)
(0 -6.938893904e-18 0)
(0 6.938893904e-18 0)
(0 2.081668171e-17 0)
(0 1.387778781e-17 0)
(0 1.387778781e-17 0)
(0 1.387778781e-17 0)
(0 1.387778781e-17 0)
(0 0 0)
(0 1.387778781e-17 0)
(0 0 0)
(0 0 0)
(0 0 0)
(0 1.387778781e-17 0)
(0 0 0)
(0 1.387778781e-17 0)
(0 -1.387778781e-17 0)
(0 0 0)
(0 0 0)
(0 1.387778781e-17 0)
(0 0 0)
(0 0 0)
(0 0 0)
(0 0 0)
(0 1.387778781e-17 0)
(0 0 0)
(0 0 0)
(0 1.387778781e-17 0)
(0 0 0)
(0 1.387778781e-17 0)
(0 1.387778781e-17 0)
(0 0 0)
(0 1.387778781e-17 0)
(0 0 0)
(0 1.387778781e-17 0)
(0 0 0)
(0 0 0)
(0 0 0)
(0 0 0)
(0 0 0)
(0 1.387778781e-17 0)
(0 1.387778781e-17 0)
(0 1.084202172e-19 0)
(0 0 0)
(0 -4.33680869e-19 0)
(0 -8.67361738e-19 0)
(-1.387778781e-17 0 0)
(-1.387778781e-17 8.67361738e-19 0)
(-1.387778781e-17 0 0)
(-1.387778781e-17 2.602085214e-18 0)
(1.387778781e-17 0 0)
(0 1.734723476e-18 0)
(1.387778781e-17 1.734723476e-18 0)
(0 0 0)
(1.387778781e-17 0 0)
(0 0 0)
(0 3.469446952e-18 0)
(0 3.469446952e-18 0)
(0 0 0)
(1.387778781e-17 0 0)
(0 0 0)
(0 0 0)
(0 0 0)
(1.387778781e-17 -3.469446952e-18 0)
(0 0 0)
(0 0 0)
(0 0 0)
(1.387778781e-17 3.469446952e-18 0)
(0 6.938893904e-18 0)
(0 0 0)
(0 -3.469446952e-18 0)
(1.387778781e-17 -3.469446952e-18 0)
(0 0 0)
(0 6.938893904e-18 0)
(0 0 0)
(0 6.938893904e-18 0)
(0 0 0)
(-1.387778781e-17 -6.938893904e-18 0)
(0 0 0)
(0 0 0)
(0 0 0)
(0 0 0)
(0 0 0)
(0 -6.938893904e-18 0)
(-1.387778781e-17 0 0)
(0 -6.938893904e-18 0)
(0 6.938893904e-18 0)
(0 0 0)
(0 1.387778781e-17 0)
(0 0 0)
(0 6.938893904e-18 0)
(0 6.938893904e-18 0)
(-1.387778781e-17 0 0)
(0 6.938893904e-18 0)
(0 -6.938893904e-18 0)
(0 6.938893904e-18 0)
(0 6.938893904e-18 0)
(0 0 0)
(0 -6.938893904e-18 0)
(0 1.387778781e-17 0)
(0 -6.938893904e-18 0)
(0 0 0)
(0 6.938893904e-18 0)
(0 2.081668171e-17 0)
(0 0 0)
(0 1.387778781e-17 0)
(0 1.387778781e-17 0)
(0 0 0)
(0 1.387778781e-17 0)
(0 0 0)
(0 0 0)
(0 0 0)
(-1.387778781e-17 1.387778781e-17 0)
(0 0 0)
(0 1.387778781e-17 0)
(0 0 0)
(0 0 0)
(0 0 0)
(0 1.387778781e-17 0)
(0 1.387778781e-17 0)
(0 1.387778781e-17 0)
(0 -1.387778781e-17 0)
(0 0 0)
(0 -1.387778781e-17 0)
(0 0 0)
(0 1.387778781e-17 0)
(0 0 0)
(-1.387778781e-17 1.387778781e-17 0)
(0 0 0)
(0 0 0)
(0 0 0)
(0 2.775557562e-17 0)
(0 0 0)
(0 0 0)
(0 0 0)
(0 0 0)
(0 -1.387778781e-17 0)
(0 0 0)
(0 0 0)
(0 1.387778781e-17 0)
(0 1.387778781e-17 0)
(0 0 0)
(1.387778781e-17 0 0)
(1.387778781e-17 2.168404345e-19 0)
(1.387778781e-17 0 0)
(1.387778781e-17 -4.33680869e-19 0)
(1.387778781e-17 8.67361738e-19 0)
(1.387778781e-17 -8.67361738e-19 0)
(1.387778781e-17 8.67361738e-19 0)
(1.387778781e-17 0 0)
(-1.387778781e-17 -1.734723476e-18 0)
(1.387778781e-17 1.734723476e-18 0)
(-1.387778781e-17 -1.734723476e-18 0)
(1.387778781e-17 1.734723476e-18 0)
(-1.387778781e-17 -1.734723476e-18 0)
(1.387778781e-17 1.734723476e-18 0)
(-1.387778781e-17 -1.734723476e-18 0)
(1.387778781e-17 1.734723476e-18 0)
(1.387778781e-17 3.469446952e-18 0)
(-1.387778781e-17 0 0)
(1.387778781e-17 3.469446952e-18 0)
(1.387778781e-17 0 0)
(1.387778781e-17 0 0)
(-1.387778781e-17 -3.469446952e-18 0)
(1.387778781e-17 3.469446952e-18 0)
(1.387778781e-17 0 0)
(1.387778781e-17 3.469446952e-18 0)
(-1.387778781e-17 0 0)
(1.387778781e-17 0 0)
(1.387778781e-17 -3.469446952e-18 0)
(1.387778781e-17 -3.469446952e-18 0)
(-1.387778781e-17 0 0)
(1.387778781e-17 0 0)
(1.387778781e-17 -6.938893904e-18 0)
(1.387778781e-17 0 0)
(1.387778781e-17 0 0)
(1.387778781e-17 0 0)
(1.387778781e-17 0 0)
(1.387778781e-17 0 0)
(1.387778781e-17 0 0)
(1.387778781e-17 0 0)
(1.387778781e-17 0 0)
(1.387778781e-17 0 0)
(1.387778781e-17 6.938893904e-18 0)
(1.387778781e-17 1.387778781e-17 0)
(1.387778781e-17 1.387778781e-17 0)
(1.387778781e-17 0 0)
(1.387778781e-17 0 0)
(1.387778781e-17 0 0)
(1.387778781e-17 0 0)
(1.387778781e-17 0 0)
(1.387778781e-17 0 0)
(1.387778781e-17 3.469446952e-17 0)
(1.387778781e-17 0 0)
(1.387778781e-17 0 0)
(1.387778781e-17 0 0)
(1.387778781e-17 6.938893904e-18 0)
(1.387778781e-17 1.387778781e-17 0)
(1.387778781e-17 1.387778781e-17 0)
(1.387778781e-17 1.387778781e-17 0)
(0 -6.938893904e-18 0)
(1.387778781e-17 -6.938893904e-18 0)
(1.387778781e-17 6.938893904e-18 0)
(1.387778781e-17 2.081668171e-17 0)
(1.387778781e-17 1.387778781e-17 0)
(1.387778781e-17 1.387778781e-17 0)
(1.387778781e-17 1.387778781e-17 0)
(1.387778781e-17 1.387778781e-17 0)
(1.387778781e-17 0 0)
(1.387778781e-17 1.387778781e-17 0)
(1.387778781e-17 0 0)
(1.387778781e-17 0 0)
(0 0 0)
(1.387778781e-17 1.387778781e-17 0)
(1.387778781e-17 0 0)
(1.387778781e-17 1.387778781e-17 0)
(1.387778781e-17 -1.387778781e-17 0)
(1.387778781e-17 0 0)
(1.387778781e-17 0 0)
(1.387778781e-17 1.387778781e-17 0)
(1.387778781e-17 0 0)
(1.387778781e-17 0 0)
(1.387778781e-17 0 0)
(1.387778781e-17 0 0)
(1.387778781e-17 1.387778781e-17 0)
(1.387778781e-17 0 0)
(1.387778781e-17 0 0)
(0 1.387778781e-17 0)
(1.387778781e-17 0 0)
(1.387778781e-17 1.387778781e-17 0)
(1.387778781e-17 1.387778781e-17 0)
(1.387778781e-17 0 0)
(1.387778781e-17 1.387778781e-17 0)
(1.387778781e-17 0 0)
(1.387778781e-17 1.387778781e-17 0)
(1.387778781e-17 0 0)
(1.387778781e-17 0 0)
(1.387778781e-17 0 0)
(1.387778781e-17 0 0)
(1.387778781e-17 0 0)
(1.387778781e-17 1.387778781e-17 0)
(1.387778781e-17 1.387778781e-17 0)
(1.387778781e-17 0 0)
(1.387778781e-17 2.168404345e-19 0)
(1.387778781e-17 0 0)
(0 -4.33680869e-19 0)
(1.387778781e-17 8.67361738e-19 0)
(1.387778781e-17 -8.67361738e-19 0)
(1.387778781e-17 8.67361738e-19 0)
(1.387778781e-17 0 0)
(-1.387778781e-17 -1.734723476e-18 0)
(0 1.734723476e-18 0)
(0 -1.734723476e-18 0)
(0 1.734723476e-18 0)
(0 -1.734723476e-18 0)
(0 1.734723476e-18 0)
(1.387778781e-17 -1.734723476e-18 0)
(0 1.734723476e-18 0)
(0 3.469446952e-18 0)
(1.387778781e-17 0 0)
(0 3.469446952e-18 0)
(0 0 0)
(0 0 0)
(1.387778781e-17 -3.469446952e-18 0)
(0 3.469446952e-18 0)
(0 0 0)
(0 3.469446952e-18 0)
(1.387778781e-17 0 0)
(0 0 0)
(0 -3.469446952e-18 0)
(0 -3.469446952e-18 0)
(1.387778781e-17 0 0)
(0 0 0)
(0 -6.938893904e-18 0)
(0 0 0)
(0 0 0)
(0 0 0)
(0 0 0)
(0 0 0)
(0 0 0)
(0 0 0)
(0 0 0)
(0 0 0)
(0 6.938893904e-18 0)
(0 1.387778781e-17 0)
(0 1.387778781e-17 0)
(0 0 0)
(0 0 0)
(0 0 0)
(0 0 0)
(0 0 0)
(0 0 0)
(0 3.469446952e-17 0)
(0 0 0)
(0 0 0)
(0 0 0)
(0 6.938893904e-18 0)
(0 1.387778781e-17 0)
(0 1.387778781e-17 0)
(0 1.387778781e-17 0)
(0 -6.938893904e-18 0)
(0 -6.938893904e-18 0)
(0 6.938893904e-18 0)
(0 2.081668171e-17 0)
(0 1.387778781e-17 0)
(0 1.387778781e-17 0)
(0 1.387778781e-17 0)
(0 1.387778781e-17 0)
(0 0 0)
(0 1.387778781e-17 0)
(0 0 0)
(0 0 0)
(1.387778781e-17 0 0)
(0 1.387778781e-17 0)
(0 0 0)
(0 1.387778781e-17 0)
(0 -1.387778781e-17 0)
(0 0 0)
(0 0 0)
(0 1.387778781e-17 0)
(0 0 0)
(0 0 0)
(0 0 0)
(0 0 0)
(0 1.387778781e-17 0)
(0 0 0)
(0 0 0)
(1.387778781e-17 1.387778781e-17 0)
(0 0 0)
(0 1.387778781e-17 0)
(0 1.387778781e-17 0)
(0 0 0)
(0 1.387778781e-17 0)
(0 0 0)
(0 1.387778781e-17 0)
(0 0 0)
(0 0 0)
(0 0 0)
(0 0 0)
(0 0 0)
(0 1.387778781e-17 0)
(0 1.387778781e-17 0)
(0 0 0)
(0 2.168404345e-19 0)
(0 0 0)
(-1.387778781e-17 -4.33680869e-19 0)
(0 8.67361738e-19 0)
(0 -8.67361738e-19 0)
(0 8.67361738e-19 0)
(0 0 0)
(-1.387778781e-17 -1.734723476e-18 0)
(1.387778781e-17 1.734723476e-18 0)
(-1.387778781e-17 -1.734723476e-18 0)
(1.387778781e-17 1.734723476e-18 0)
(-1.387778781e-17 -1.734723476e-18 0)
(1.387778781e-17 1.734723476e-18 0)
(-1.387778781e-17 -1.734723476e-18 0)
(1.387778781e-17 1.734723476e-18 0)
(1.387778781e-17 3.469446952e-18 0)
(0 0 0)
(1.387778781e-17 3.469446952e-18 0)
(1.387778781e-17 0 0)
(1.387778781e-17 0 0)
(-1.387778781e-17 -3.469446952e-18 0)
(1.387778781e-17 3.469446952e-18 0)
(1.387778781e-17 0 0)
(1.387778781e-17 3.469446952e-18 0)
(-1.387778781e-17 0 0)
(1.387778781e-17 0 0)
(1.387778781e-17 -3.469446952e-18 0)
(1.387778781e-17 -3.469446952e-18 0)
(-1.387778781e-17 0 0)
(1.387778781e-17 0 0)
(1.387778781e-17 -6.938893904e-18 0)
(1.387778781e-17 0 0)
(1.387778781e-17 0 0)
(1.387778781e-17 0 0)
(1.387778781e-17 0 0)
(1.387778781e-17 0 0)
(1.387778781e-17 0 0)
(1.387778781e-17 0 0)
(1.387778781e-17 0 0)
(1.387778781e-17 0 0)
(1.387778781e-17 6.938893904e-18 0)
(1.387778781e-17 1.387778781e-17 0)
(1.387778781e-17 1.387778781e-17 0)
(1.387778781e-17 0 0)
(1.387778781e-17 0 0)
(1.387778781e-17 0 0)
(1.387778781e-17 0 0)
(1.387778781e-17 0 0)
(1.387778781e-17 0 0)
(1.387778781e-17 3.469446952e-17 0)
(1.387778781e-17 0 0)
(1.387778781e-17 0 0)
(1.387778781e-17 0 0)
(1.387778781e-17 6.938893904e-18 0)
(1.387778781e-17 1.387778781e-17 0)
(1.387778781e-17 1.387778781e-17 0)
(1.387778781e-17 1.387778781e-17 0)
(0 -6.938893904e-18 0)
(1.387778781e-17 -6.938893904e-18 0)
(1.387778781e-17 6.938893904e-18 0)
(1.387778781e-17 2.081668171e-17 0)
(1.387778781e-17 1.387778781e-17 0)
(1.387778781e-17 1.387778781e-17 0)
(1.387778781e-17 1.387778781e-17 0)
(1.387778781e-17 1.387778781e-17 0)
(1.387778781e-17 0 0)
(1.387778781e-17 1.387778781e-17 0)
(1.387778781e-17 0 0)
(1.387778781e-17 0 0)
(0 0 0)
(1.387778781e-17 1.387778781e-17 0)
(1.387778781e-17 0 0)
(1.387778781e-17 1.387778781e-17 0)
(1.387778781e-17 -1.387778781e-17 0)
(1.387778781e-17 0 0)
(1.387778781e-17 0 0)
(1.387778781e-17 1.387778781e-17 0)
(1.387778781e-17 0 0)
(1.387778781e-17 0 0)
(1.387778781e-17 0 0)
(1.387778781e-17 0 0)
(1.387778781e-17 1.387778781e-17 0)
(1.387778781e-17 0 0)
(1.387778781e-17 0 0)
(0 1.387778781e-17 0)
(1.387778781e-17 0 0)
(1.387778781e-17 1.387778781e-17 0)
(1.387778781e-17 1.387778781e-17 0)
(1.387778781e-17 0 0)
(1.387778781e-17 1.387778781e-17 0)
(1.387778781e-17 0 0)
(1.387778781e-17 1.387778781e-17 0)
(1.387778781e-17 0 0)
(1.387778781e-17 0 0)
(1.387778781e-17 0 0)
(1.387778781e-17 0 0)
(1.387778781e-17 0 0)
(1.387778781e-17 1.387778781e-17 0)
(1.387778781e-17 1.387778781e-17 0)
(0 0 0)
(0 2.168404345e-19 0)
(0 0 0)
(0 -4.33680869e-19 0)
(0 8.67361738e-19 0)
(0 -8.67361738e-19 0)
(0 8.67361738e-19 0)
(0 0 0)
(1.387778781e-17 -1.734723476e-18 0)
(1.387778781e-17 1.734723476e-18 0)
(1.387778781e-17 -1.734723476e-18 0)
(1.387778781e-17 1.734723476e-18 0)
(1.387778781e-17 -1.734723476e-18 0)
(1.387778781e-17 1.734723476e-18 0)
(1.387778781e-17 -1.734723476e-18 0)
(1.387778781e-17 1.734723476e-18 0)
(1.387778781e-17 3.469446952e-18 0)
(0 0 0)
(1.387778781e-17 3.469446952e-18 0)
(1.387778781e-17 0 0)
(1.387778781e-17 0 0)
(0 -3.469446952e-18 0)
(1.387778781e-17 3.469446952e-18 0)
(1.387778781e-17 0 0)
(1.387778781e-17 3.469446952e-18 0)
(0 0 0)
(1.387778781e-17 0 0)
(1.387778781e-17 -3.469446952e-18 0)
(1.387778781e-17 -3.469446952e-18 0)
(0 0 0)
(1.387778781e-17 0 0)
(1.387778781e-17 -6.938893904e-18 0)
(1.387778781e-17 0 0)
(1.387778781e-17 0 0)
(1.387778781e-17 0 0)
(2.775557562e-17 0 0)
(1.387778781e-17 0 0)
(1.387778781e-17 0 0)
(1.387778781e-17 0 0)
(1.387778781e-17 0 0)
(1.387778781e-17 0 0)
(1.387778781e-17 6.938893904e-18 0)
(2.775557562e-17 1.387778781e-17 0)
(1.387778781e-17 1.387778781e-17 0)
(1.387778781e-17 0 0)
(1.387778781e-17 0 0)
(1.387778781e-17 0 0)
(1.387778781e-17 0 0)
(1.387778781e-17 0 0)
(1.387778781e-17 0 0)
(2.775557562e-17 3.469446952e-17 0)
(1.387778781e-17 0 0)
(1.387778781e-17 0 0)
(1.387778781e-17 0 0)
(1.387778781e-17 6.938893904e-18 0)
(1.387778781e-17 1.387778781e-17 0)
(1.387778781e-17 1.387778781e-17 0)
(1.387778781e-17 1.387778781e-17 0)
(1.387778781e-17 -6.938893904e-18 0)
(1.387778781e-17 -6.938893904e-18 0)
(1.387778781e-17 6.938893904e-18 0)
(1.387778781e-17 2.081668171e-17 0)
(1.387778781e-17 1.387778781e-17 0)
(1.387778781e-17 1.387778781e-17 0)
(1.387778781e-17 1.387778781e-17 0)
(1.387778781e-17 1.387778781e-17 0)
(1.387778781e-17 0 0)
(1.387778781e-17 1.387778781e-17 0)
(1.387778781e-17 0 0)
(1.387778781e-17 0 0)
(1.387778781e-17 0 0)
(1.387778781e-17 1.387778781e-17 0)
(1.387778781e-17 0 0)
(1.387778781e-17 1.387778781e-17 0)
(1.387778781e-17 -1.387778781e-17 0)
(1.387778781e-17 0 0)
(1.387778781e-17 0 0)
(1.387778781e-17 1.387778781e-17 0)
(1.387778781e-17 0 0)
(1.387778781e-17 0 0)
(1.387778781e-17 0 0)
(1.387778781e-17 0 0)
(1.387778781e-17 1.387778781e-17 0)
(1.387778781e-17 0 0)
(1.387778781e-17 0 0)
(1.387778781e-17 1.387778781e-17 0)
(1.387778781e-17 0 0)
(1.387778781e-17 1.387778781e-17 0)
(1.387778781e-17 1.387778781e-17 0)
(1.387778781e-17 0 0)
(1.387778781e-17 1.387778781e-17 0)
(1.387778781e-17 0 0)
(1.387778781e-17 1.387778781e-17 0)
(1.387778781e-17 0 0)
(1.387778781e-17 0 0)
(1.387778781e-17 0 0)
(1.387778781e-17 0 0)
(1.387778781e-17 0 0)
(1.387778781e-17 1.387778781e-17 0)
(1.387778781e-17 1.387778781e-17 0)
(1.387778781e-17 0 0)
(1.387778781e-17 2.168404345e-19 0)
(1.387778781e-17 0 0)
(1.387778781e-17 -4.33680869e-19 0)
(1.387778781e-17 8.67361738e-19 0)
(1.387778781e-17 -8.67361738e-19 0)
(1.387778781e-17 8.67361738e-19 0)
(1.387778781e-17 0 0)
(0 -1.734723476e-18 0)
(1.387778781e-17 1.734723476e-18 0)
(0 -1.734723476e-18 0)
(1.387778781e-17 1.734723476e-18 0)
(0 -1.734723476e-18 0)
(1.387778781e-17 1.734723476e-18 0)
(0 -1.734723476e-18 0)
(1.387778781e-17 1.734723476e-18 0)
(1.387778781e-17 3.469446952e-18 0)
(-1.387778781e-17 0 0)
(1.387778781e-17 3.469446952e-18 0)
(1.387778781e-17 0 0)
(1.387778781e-17 0 0)
(-1.387778781e-17 -3.469446952e-18 0)
(1.387778781e-17 3.469446952e-18 0)
(1.387778781e-17 0 0)
(1.387778781e-17 3.469446952e-18 0)
(-1.387778781e-17 0 0)
(1.387778781e-17 0 0)
(1.387778781e-17 -3.469446952e-18 0)
(1.387778781e-17 -3.469446952e-18 0)
(-1.387778781e-17 0 0)
(1.387778781e-17 0 0)
(1.387778781e-17 -6.938893904e-18 0)
(1.387778781e-17 0 0)
(1.387778781e-17 0 0)
(1.387778781e-17 0 0)
(2.775557562e-17 0 0)
(1.387778781e-17 0 0)
(1.387778781e-17 0 0)
(1.387778781e-17 0 0)
(1.387778781e-17 0 0)
(1.387778781e-17 0 0)
(1.387778781e-17 6.938893904e-18 0)
(1.387778781e-17 1.387778781e-17 0)
(1.387778781e-17 1.387778781e-17 0)
(1.387778781e-17 0 0)
(1.387778781e-17 0 0)
(1.387778781e-17 0 0)
(1.387778781e-17 0 0)
(1.387778781e-17 0 0)
(1.387778781e-17 0 0)
(1.387778781e-17 3.469446952e-17 0)
(1.387778781e-17 0 0)
(1.387778781e-17 0 0)
(1.387778781e-17 0 0)
(1.387778781e-17 6.938893904e-18 0)
(1.387778781e-17 1.387778781e-17 0)
(1.387778781e-17 1.387778781e-17 0)
(1.387778781e-17 1.387778781e-17 0)
(-1.387778781e-17 -6.938893904e-18 0)
(1.387778781e-17 -6.938893904e-18 0)
(1.387778781e-17 6.938893904e-18 0)
(1.387778781e-17 2.081668171e-17 0)
(1.387778781e-17 1.387778781e-17 0)
(1.387778781e-17 1.387778781e-17 0)
(1.387778781e-17 1.387778781e-17 0)
(1.387778781e-17 1.387778781e-17 0)
(1.387778781e-17 0 0)
(1.387778781e-17 1.387778781e-17 0)
(1.387778781e-17 0 0)
(1.387778781e-17 0 0)
(0 0 0)
(1.387778781e-17 1.387778781e-17 0)
(1.387778781e-17 0 0)
(1.387778781e-17 1.387778781e-17 0)
(1.387778781e-17 -1.387778781e-17 0)
(1.387778781e-17 0 0)
(1.387778781e-17 0 0)
(1.387778781e-17 1.387778781e-17 0)
(1.387778781e-17 0 0)
(1.387778781e-17 0 0)
(1.387778781e-17 0 0)
(1.387778781e-17 0 0)
(1.387778781e-17 1.387778781e-17 0)
(1.387778781e-17 0 0)
(1.387778781e-17 0 0)
(0 1.387778781e-17 0)
(1.387778781e-17 0 0)
(1.387778781e-17 1.387778781e-17 0)
(1.387778781e-17 1.387778781e-17 0)
(1.387778781e-17 0 0)
(1.387778781e-17 1.387778781e-17 0)
(1.387778781e-17 0 0)
(1.387778781e-17 1.387778781e-17 0)
(1.387778781e-17 0 0)
(1.387778781e-17 0 0)
(1.387778781e-17 0 0)
(1.387778781e-17 0 0)
(1.387778781e-17 0 0)
(1.387778781e-17 1.387778781e-17 0)
(1.387778781e-17 1.387778781e-17 0)
(0 0 0)
(0 2.168404345e-19 0)
(0 0 0)
(0 -4.33680869e-19 0)
(1.387778781e-17 8.67361738e-19 0)
(1.387778781e-17 -8.67361738e-19 0)
(1.387778781e-17 8.67361738e-19 0)
(1.387778781e-17 0 0)
(-1.387778781e-17 -1.734723476e-18 0)
(0 1.734723476e-18 0)
(-1.387778781e-17 -1.734723476e-18 0)
(0 1.734723476e-18 0)
(-1.387778781e-17 -1.734723476e-18 0)
(0 1.734723476e-18 0)
(-1.387778781e-17 -1.734723476e-18 0)
(0 1.734723476e-18 0)
(0 3.469446952e-18 0)
(0 0 0)
(0 3.469446952e-18 0)
(0 0 0)
(0 0 0)
(0 -3.469446952e-18 0)
(0 3.469446952e-18 0)
(0 0 0)
(0 3.469446952e-18 0)
(0 0 0)
(0 0 0)
(0 -3.469446952e-18 0)
(0 -3.469446952e-18 0)
(0 0 0)
(0 0 0)
(0 -6.938893904e-18 0)
(0 0 0)
(0 0 0)
(0 0 0)
(1.387778781e-17 0 0)
(0 0 0)
(0 0 0)
(0 0 0)
(0 0 0)
(0 0 0)
(0 6.938893904e-18 0)
(1.387778781e-17 1.387778781e-17 0)
(0 1.387778781e-17 0)
(0 0 0)
(0 0 0)
(0 0 0)
(0 0 0)
(0 0 0)
(0 0 0)
(1.387778781e-17 3.469446952e-17 0)
(0 0 0)
(0 0 0)
(0 0 0)
(0 6.938893904e-18 0)
(0 1.387778781e-17 0)
(0 1.387778781e-17 0)
(0 1.387778781e-17 0)
(-1.387778781e-17 -6.938893904e-18 0)
(0 -6.938893904e-18 0)
(0 6.938893904e-18 0)
(0 2.081668171e-17 0)
(0 1.387778781e-17 0)
(0 1.387778781e-17 0)
(0 1.387778781e-17 0)
(0 1.387778781e-17 0)
(0 0 0)
(0 1.387778781e-17 0)
(0 0 0)
(0 0 0)
(0 0 0)
(0 1.387778781e-17 0)
(0 0 0)
(0 1.387778781e-17 0)
(0 -1.387778781e-17 0)
(0 0 0)
(0 0 0)
(0 1.387778781e-17 0)
(0 0 0)
(0 0 0)
(0 0 0)
(0 0 0)
(0 1.387778781e-17 0)
(0 0 0)
(0 0 0)
(0 1.387778781e-17 0)
(0 0 0)
(0 1.387778781e-17 0)
(0 1.387778781e-17 0)
(0 0 0)
(0 1.387778781e-17 0)
(0 0 0)
(0 1.387778781e-17 0)
(0 0 0)
(0 0 0)
(0 0 0)
(0 0 0)
(0 0 0)
(0 1.387778781e-17 0)
(0 1.387778781e-17 0)
(1.387778781e-17 0 0)
(1.387778781e-17 2.168404345e-19 0)
(1.387778781e-17 0 0)
(1.387778781e-17 -4.33680869e-19 0)
(0 8.67361738e-19 0)
(0 -8.67361738e-19 0)
(0 8.67361738e-19 0)
(1.387778781e-17 0 0)
(0 -1.734723476e-18 0)
(1.387778781e-17 1.734723476e-18 0)
(0 -1.734723476e-18 0)
(1.387778781e-17 1.734723476e-18 0)
(0 -1.734723476e-18 0)
(1.387778781e-17 1.734723476e-18 0)
(0 -1.734723476e-18 0)
(1.387778781e-17 1.734723476e-18 0)
(1.387778781e-17 3.469446952e-18 0)
(1.387778781e-17 0 0)
(1.387778781e-17 3.469446952e-18 0)
(1.387778781e-17 0 0)
(1.387778781e-17 0 0)
(0 -3.469446952e-18 0)
(1.387778781e-17 3.469446952e-18 0)
(1.387778781e-17 0 0)
(1.387778781e-17 3.469446952e-18 0)
(0 0 0)
(1.387778781e-17 0 0)
(1.387778781e-17 -3.469446952e-18 0)
(1.387778781e-17 -3.469446952e-18 0)
(0 0 0)
(1.387778781e-17 0 0)
(1.387778781e-17 -6.938893904e-18 0)
(1.387778781e-17 0 0)
(1.387778781e-17 0 0)
(1.387778781e-17 0 0)
(2.775557562e-17 0 0)
(1.387778781e-17 0 0)
(1.387778781e-17 0 0)
(1.387778781e-17 0 0)
(1.387778781e-17 0 0)
(1.387778781e-17 0 0)
(1.387778781e-17 6.938893904e-18 0)
(2.775557562e-17 1.387778781e-17 0)
(1.387778781e-17 1.387778781e-17 0)
(1.387778781e-17 0 0)
(1.387778781e-17 0 0)
(1.387778781e-17 0 0)
(1.387778781e-17 0 0)
(1.387778781e-17 0 0)
(1.387778781e-17 0 0)
(2.775557562e-17 3.469446952e-17 0)
(1.387778781e-17 0 0)
(1.387778781e-17 0 0)
(1.387778781e-17 0 0)
(1.387778781e-17 6.938893904e-18 0)
(1.387778781e-17 1.387778781e-17 0)
(1.387778781e-17 1.387778781e-17 0)
(1.387778781e-17 1.387778781e-17 0)
(0 -6.938893904e-18 0)
(1.387778781e-17 -6.938893904e-18 0)
(1.387778781e-17 6.938893904e-18 0)
(1.387778781e-17 2.081668171e-17 0)
(1.387778781e-17 1.387778781e-17 0)
(1.387778781e-17 1.387778781e-17 0)
(1.387778781e-17 1.387778781e-17 0)
(1.387778781e-17 1.387778781e-17 0)
(1.387778781e-17 0 0)
(1.387778781e-17 1.387778781e-17 0)
(1.387778781e-17 0 0)
(1.387778781e-17 0 0)
(1.387778781e-17 0 0)
(1.387778781e-17 1.387778781e-17 0)
(1.387778781e-17 0 0)
(1.387778781e-17 1.387778781e-17 0)
(1.387778781e-17 -1.387778781e-17 0)
(1.387778781e-17 0 0)
(1.387778781e-17 0 0)
(1.387778781e-17 1.387778781e-17 0)
(1.387778781e-17 0 0)
(1.387778781e-17 0 0)
(1.387778781e-17 0 0)
(1.387778781e-17 0 0)
(1.387778781e-17 1.387778781e-17 0)
(1.387778781e-17 0 0)
(1.387778781e-17 0 0)
(1.387778781e-17 1.387778781e-17 0)
(1.387778781e-17 0 0)
(1.387778781e-17 1.387778781e-17 0)
(1.387778781e-17 1.387778781e-17 0)
(1.387778781e-17 0 0)
(1.387778781e-17 1.387778781e-17 0)
(1.387778781e-17 0 0)
(1.387778781e-17 1.387778781e-17 0)
(1.387778781e-17 0 0)
(1.387778781e-17 0 0)
(1.387778781e-17 0 0)
(1.387778781e-17 0 0)
(1.387778781e-17 0 0)
(1.387778781e-17 1.387778781e-17 0)
(1.387778781e-17 1.387778781e-17 0)
(0 0 0)
(0 2.168404345e-19 0)
(0 0 0)
(0 -4.33680869e-19 0)
(0 8.67361738e-19 0)
(0 -8.67361738e-19 0)
(0 8.67361738e-19 0)
(0 0 0)
(0 -1.734723476e-18 0)
(0 1.734723476e-18 0)
(0 -1.734723476e-18 0)
(0 1.734723476e-18 0)
(0 -1.734723476e-18 0)
(0 1.734723476e-18 0)
(0 -1.734723476e-18 0)
(0 1.734723476e-18 0)
(0 3.469446952e-18 0)
(-1.387778781e-17 0 0)
(0 3.469446952e-18 0)
(0 0 0)
(0 0 0)
(-1.387778781e-17 -3.469446952e-18 0)
(0 3.469446952e-18 0)
(0 0 0)
(0 3.469446952e-18 0)
(-1.387778781e-17 0 0)
(0 0 0)
(0 -3.469446952e-18 0)
(0 -3.469446952e-18 0)
(-1.387778781e-17 0 0)
(0 0 0)
(0 -6.938893904e-18 0)
(0 0 0)
(0 0 0)
(0 0 0)
(2.775557562e-17 0 0)
(0 0 0)
(0 0 0)
(0 0 0)
(0 0 0)
(0 0 0)
(0 6.938893904e-18 0)
(2.775557562e-17 1.387778781e-17 0)
(0 1.387778781e-17 0)
(0 0 0)
(0 0 0)
(0 0 0)
(0 0 0)
(0 0 0)
(0 0 0)
(2.775557562e-17 3.469446952e-17 0)
(0 0 0)
(0 0 0)
(0 0 0)
(0 6.938893904e-18 0)
(0 1.387778781e-17 0)
(0 1.387778781e-17 0)
(0 1.387778781e-17 0)
(1.387778781e-17 -6.938893904e-18 0)
(0 -6.938893904e-18 0)
(0 6.938893904e-18 0)
(0 2.081668171e-17 0)
(0 1.387778781e-17 0)
(0 1.387778781e-17 0)
(0 1.387778781e-17 0)
(0 1.387778781e-17 0)
(0 0 0)
(0 1.387778781e-17 0)
(0 0 0)
(0 0 0)
(1.387778781e-17 0 0)
(0 1.387778781e-17 0)
(0 0 0)
(0 1.387778781e-17 0)
(0 -1.387778781e-17 0)
(0 0 0)
(0 0 0)
(0 1.387778781e-17 0)
(0 0 0)
(0 0 0)
(0 0 0)
(0 0 0)
(0 1.387778781e-17 0)
(0 0 0)
(0 0 0)
(1.387778781e-17 1.387778781e-17 0)
(0 0 0)
(0 1.387778781e-17 0)
(0 1.387778781e-17 0)
(0 0 0)
(0 1.387778781e-17 0)
(0 0 0)
(0 1.387778781e-17 0)
(0 0 0)
(0 0 0)
(0 0 0)
(0 0 0)
(0 0 0)
(0 1.387778781e-17 0)
(0 1.387778781e-17 0)
(1.387778781e-17 0 0)
(1.387778781e-17 2.168404345e-19 0)
(1.387778781e-17 0 0)
(1.387778781e-17 -4.33680869e-19 0)
(1.387778781e-17 8.67361738e-19 0)
(1.387778781e-17 -8.67361738e-19 0)
(1.387778781e-17 8.67361738e-19 0)
(1.387778781e-17 0 0)
(0 -1.734723476e-18 0)
(0 1.734723476e-18 0)
(0 -1.734723476e-18 0)
(0 1.734723476e-18 0)
(0 -1.734723476e-18 0)
(0 1.734723476e-18 0)
(0 -1.734723476e-18 0)
(0 1.734723476e-18 0)
(0 3.469446952e-18 0)
(-1.387778781e-17 0 0)
(0 3.469446952e-18 0)
(0 0 0)
(0 0 0)
(-1.387778781e-17 -3.469446952e-18 0)
(0 3.469446952e-18 0)
(0 0 0)
(0 3.469446952e-18 0)
(-1.387778781e-17 0 0)
(0 0 0)
(0 -3.469446952e-18 0)
(0 -3.469446952e-18 0)
(-1.387778781e-17 0 0)
(0 0 0)
(0 -6.938893904e-18 0)
(0 0 0)
(0 0 0)
(0 0 0)
(1.387778781e-17 0 0)
(0 0 0)
(0 0 0)
(0 0 0)
(0 0 0)
(0 0 0)
(0 6.938893904e-18 0)
(2.775557562e-17 1.387778781e-17 0)
(0 1.387778781e-17 0)
(0 0 0)
(0 0 0)
(0 0 0)
(0 0 0)
(0 0 0)
(0 0 0)
(2.775557562e-17 3.469446952e-17 0)
(0 0 0)
(0 0 0)
(0 0 0)
(0 6.938893904e-18 0)
(0 1.387778781e-17 0)
(0 1.387778781e-17 0)
(0 1.387778781e-17 0)
(1.387778781e-17 -6.938893904e-18 0)
(0 -6.938893904e-18 0)
(0 6.938893904e-18 0)
(0 2.081668171e-17 0)
(0 1.387778781e-17 0)
(0 1.387778781e-17 0)
(0 1.387778781e-17 0)
(0 1.387778781e-17 0)
(0 0 0)
(0 1.387778781e-17 0)
(0 0 0)
(0 0 0)
(1.387778781e-17 0 0)
(0 1.387778781e-17 0)
(0 0 0)
(0 1.387778781e-17 0)
(0 -1.387778781e-17 0)
(0 0 0)
(0 0 0)
(0 1.387778781e-17 0)
(0 0 0)
(0 0 0)
(0 0 0)
(0 0 0)
(0 1.387778781e-17 0)
(0 0 0)
(0 0 0)
(1.387778781e-17 1.387778781e-17 0)
(0 0 0)
(0 1.387778781e-17 0)
(0 1.387778781e-17 0)
(0 0 0)
(0 1.387778781e-17 0)
(0 0 0)
(0 1.387778781e-17 0)
(0 0 0)
(0 0 0)
(0 0 0)
(0 0 0)
(0 0 0)
(0 1.387778781e-17 0)
(0 1.387778781e-17 0)
(0 0 0)
(0 2.168404345e-19 0)
(0 0 0)
(-1.387778781e-17 -4.33680869e-19 0)
(0 8.67361738e-19 0)
(1.387778781e-17 -8.67361738e-19 0)
(1.387778781e-17 8.67361738e-19 0)
(0 0 0)
(-1.387778781e-17 -1.734723476e-18 0)
(0 1.734723476e-18 0)
(1.387778781e-17 -1.734723476e-18 0)
(0 1.734723476e-18 0)
(1.387778781e-17 -1.734723476e-18 0)
(0 1.734723476e-18 0)
(0 -1.734723476e-18 0)
(0 1.734723476e-18 0)
(0 3.469446952e-18 0)
(-1.387778781e-17 0 0)
(0 3.469446952e-18 0)
(0 0 0)
(0 0 0)
(-1.387778781e-17 -3.469446952e-18 0)
(0 3.469446952e-18 0)
(0 0 0)
(0 3.469446952e-18 0)
(-1.387778781e-17 0 0)
(0 0 0)
(0 -3.469446952e-18 0)
(0 -3.469446952e-18 0)
(-1.387778781e-17 0 0)
(0 0 0)
(0 -6.938893904e-18 0)
(0 0 0)
(0 0 0)
(0 0 0)
(1.387778781e-17 0 0)
(0 0 0)
(0 0 0)
(0 0 0)
(0 0 0)
(0 0 0)
(0 6.938893904e-18 0)
(1.387778781e-17 1.387778781e-17 0)
(0 1.387778781e-17 0)
(0 0 0)
(0 0 0)
(0 0 0)
(0 0 0)
(0 0 0)
(0 0 0)
(1.387778781e-17 3.469446952e-17 0)
(0 0 0)
(0 0 0)
(0 0 0)
(0 6.938893904e-18 0)
(0 1.387778781e-17 0)
(0 1.387778781e-17 0)
(0 1.387778781e-17 0)
(0 -6.938893904e-18 0)
(0 -6.938893904e-18 0)
(0 6.938893904e-18 0)
(0 2.081668171e-17 0)
(0 1.387778781e-17 0)
(0 1.387778781e-17 0)
(0 1.387778781e-17 0)
(0 1.387778781e-17 0)
(0 0 0)
(0 1.387778781e-17 0)
(0 0 0)
(0 0 0)
(0 0 0)
(0 1.387778781e-17 0)
(0 0 0)
(0 1.387778781e-17 0)
(0 -1.387778781e-17 0)
(0 0 0)
(0 0 0)
(0 1.387778781e-17 0)
(0 0 0)
(0 0 0)
(0 0 0)
(0 0 0)
(0 1.387778781e-17 0)
(0 0 0)
(0 0 0)
(0 1.387778781e-17 0)
(0 0 0)
(0 1.387778781e-17 0)
(0 1.387778781e-17 0)
(0 0 0)
(0 1.387778781e-17 0)
(0 0 0)
(0 1.387778781e-17 0)
(0 0 0)
(0 0 0)
(0 0 0)
(0 0 0)
(0 0 0)
(0 1.387778781e-17 0)
(0 1.387778781e-17 0)
(0 0 0)
(0 2.168404345e-19 0)
(0 0 0)
(-1.387778781e-17 -4.33680869e-19 0)
(0 8.67361738e-19 0)
(2.775557562e-17 -8.67361738e-19 0)
(2.775557562e-17 8.67361738e-19 0)
(1.387778781e-17 0 0)
(1.387778781e-17 -1.734723476e-18 0)
(0 1.734723476e-18 0)
(0 -1.734723476e-18 0)
(0 1.734723476e-18 0)
(0 -1.734723476e-18 0)
(0 1.734723476e-18 0)
(-1.387778781e-17 -1.734723476e-18 0)
(0 1.734723476e-18 0)
(0 3.469446952e-18 0)
(2.775557562e-17 0 0)
(0 3.469446952e-18 0)
(0 0 0)
(0 0 0)
(1.387778781e-17 -3.469446952e-18 0)
(0 3.469446952e-18 0)
(0 0 0)
(0 3.469446952e-18 0)
(1.387778781e-17 0 0)
(0 0 0)
(0 -3.469446952e-18 0)
(0 -3.469446952e-18 0)
(0 0 0)
(0 0 0)
(0 -6.938893904e-18 0)
(0 0 0)
(0 0 0)
(0 0 0)
(2.775557562e-17 0 0)
(0 0 0)
(0 0 0)
(0 0 0)
(0 0 0)
(0 0 0)
(0 6.938893904e-18 0)
(4.163336342e-17 1.387778781e-17 0)
(0 1.387778781e-17 0)
(0 0 0)
(0 0 0)
(0 0 0)
(0 0 0)
(0 0 0)
(0 0 0)
(4.163336342e-17 3.469446952e-17 0)
(0 0 0)
(0 0 0)
(0 0 0)
(0 6.938893904e-18 0)
(0 1.387778781e-17 0)
(0 1.387778781e-17 0)
(0 1.387778781e-17 0)
(0 -6.938893904e-18 0)
(0 -6.938893904e-18 0)
(0 6.938893904e-18 0)
(0 2.081668171e-17 0)
(0 1.387778781e-17 0)
(0 1.387778781e-17 0)
(0 1.387778781e-17 0)
(0 1.387778781e-17 0)
(0 0 0)
(0 1.387778781e-17 0)
(0 0 0)
(0 0 0)
(2.775557562e-17 0 0)
(0 1.387778781e-17 0)
(0 0 0)
(0 1.387778781e-17 0)
(0 -1.387778781e-17 0)
(0 0 0)
(0 0 0)
(0 1.387778781e-17 0)
(0 0 0)
(0 0 0)
(0 0 0)
(0 0 0)
(0 1.387778781e-17 0)
(0 0 0)
(0 0 0)
(2.775557562e-17 1.387778781e-17 0)
(0 0 0)
(0 1.387778781e-17 0)
(0 1.387778781e-17 0)
(0 0 0)
(0 1.387778781e-17 0)
(0 0 0)
(0 1.387778781e-17 0)
(0 0 0)
(0 0 0)
(0 0 0)
(0 0 0)
(0 0 0)
(0 1.387778781e-17 0)
(0 1.387778781e-17 0)
(0 0 0)
(0 2.168404345e-19 0)
(0 0 0)
(0 -4.33680869e-19 0)
(0 8.67361738e-19 0)
(0 -8.67361738e-19 0)
(0 8.67361738e-19 0)
(0 0 0)
(1.387778781e-17 -1.734723476e-18 0)
(1.387778781e-17 1.734723476e-18 0)
(1.387778781e-17 -1.734723476e-18 0)
(1.387778781e-17 1.734723476e-18 0)
(1.387778781e-17 -1.734723476e-18 0)
(1.387778781e-17 1.734723476e-18 0)
(1.387778781e-17 -1.734723476e-18 0)
(1.387778781e-17 1.734723476e-18 0)
(1.387778781e-17 3.469446952e-18 0)
(0 0 0)
(1.387778781e-17 3.469446952e-18 0)
(1.387778781e-17 0 0)
(1.387778781e-17 0 0)
(0 -3.469446952e-18 0)
(1.387778781e-17 3.469446952e-18 0)
(1.387778781e-17 0 0)
(1.387778781e-17 3.469446952e-18 0)
(0 0 0)
(1.387778781e-17 0 0)
(1.387778781e-17 -3.469446952e-18 0)
(1.387778781e-17 -3.469446952e-18 0)
(0 0 0)
(1.387778781e-17 0 0)
(1.387778781e-17 -6.938893904e-18 0)
(1.387778781e-17 0 0)
(1.387778781e-17 0 0)
(1.387778781e-17 0 0)
(2.775557562e-17 0 0)
(1.387778781e-17 0 0)
(1.387778781e-17 0 0)
(1.387778781e-17 0 0)
(1.387778781e-17 0 0)
(1.387778781e-17 0 0)
(1.387778781e-17 6.938893904e-18 0)
(2.775557562e-17 1.387778781e-17 0)
(1.387778781e-17 1.387778781e-17 0)
(1.387778781e-17 0 0)
(1.387778781e-17 0 0)
(1.387778781e-17 0 0)
(1.387778781e-17 0 0)
(1.387778781e-17 0 0)
(1.387778781e-17 0 0)
(2.775557562e-17 3.469446952e-17 0)
(1.387778781e-17 0 0)
(1.387778781e-17 0 0)
(1.387778781e-17 0 0)
(1.387778781e-17 6.938893904e-18 0)
(1.387778781e-17 1.387778781e-17 0)
(1.387778781e-17 1.387778781e-17 0)
(1.387778781e-17 1.387778781e-17 0)
(2.775557562e-17 -6.938893904e-18 0)
(1.387778781e-17 -6.938893904e-18 0)
(1.387778781e-17 6.938893904e-18 0)
(1.387778781e-17 2.081668171e-17 0)
(1.387778781e-17 1.387778781e-17 0)
(1.387778781e-17 1.387778781e-17 0)
(1.387778781e-17 1.387778781e-17 0)
(1.387778781e-17 1.387778781e-17 0)
(1.387778781e-17 0 0)
(1.387778781e-17 1.387778781e-17 0)
(1.387778781e-17 0 0)
(1.387778781e-17 0 0)
(0 0 0)
(1.387778781e-17 1.387778781e-17 0)
(1.387778781e-17 0 0)
(1.387778781e-17 1.387778781e-17 0)
(1.387778781e-17 -1.387778781e-17 0)
(1.387778781e-17 0 0)
(1.387778781e-17 0 0)
(1.387778781e-17 1.387778781e-17 0)
(1.387778781e-17 0 0)
(1.387778781e-17 0 0)
(1.387778781e-17 0 0)
(1.387778781e-17 0 0)
(1.387778781e-17 1.387778781e-17 0)
(1.387778781e-17 0 0)
(1.387778781e-17 0 0)
(0 1.387778781e-17 0)
(1.387778781e-17 0 0)
(1.387778781e-17 1.387778781e-17 0)
(1.387778781e-17 1.387778781e-17 0)
(1.387778781e-17 0 0)
(1.387778781e-17 1.387778781e-17 0)
(1.387778781e-17 0 0)
(1.387778781e-17 1.387778781e-17 0)
(1.387778781e-17 0 0)
(1.387778781e-17 0 0)
(1.387778781e-17 0 0)
(1.387778781e-17 0 0)
(1.387778781e-17 0 0)
(1.387778781e-17 1.387778781e-17 0)
(1.387778781e-17 1.387778781e-17 0)
(0 0 0)
(0 2.168404345e-19 0)
(0 0 0)
(0 -4.33680869e-19 0)
(0 8.67361738e-19 0)
(0 -8.67361738e-19 0)
(0 8.67361738e-19 0)
(0 0 0)
(0 -1.734723476e-18 0)
(0 1.734723476e-18 0)
(0 -1.734723476e-18 0)
(0 1.734723476e-18 0)
(0 -1.734723476e-18 0)
(0 1.734723476e-18 0)
(0 -1.734723476e-18 0)
(0 1.734723476e-18 0)
(0 3.469446952e-18 0)
(0 0 0)
(0 3.469446952e-18 0)
(0 0 0)
(0 0 0)
(0 -3.469446952e-18 0)
(0 3.469446952e-18 0)
(0 0 0)
(0 3.469446952e-18 0)
(0 0 0)
(0 0 0)
(0 -3.469446952e-18 0)
(0 -3.469446952e-18 0)
(0 0 0)
(0 0 0)
(0 -6.938893904e-18 0)
(0 0 0)
(0 0 0)
(0 0 0)
(2.775557562e-17 0 0)
(0 0 0)
(0 0 0)
(0 0 0)
(0 0 0)
(0 0 0)
(0 6.938893904e-18 0)
(2.775557562e-17 1.387778781e-17 0)
(0 1.387778781e-17 0)
(0 0 0)
(0 0 0)
(0 0 0)
(0 0 0)
(0 0 0)
(0 0 0)
(2.775557562e-17 3.469446952e-17 0)
(0 0 0)
(0 0 0)
(0 0 0)
(0 6.938893904e-18 0)
(0 1.387778781e-17 0)
(0 1.387778781e-17 0)
(0 1.387778781e-17 0)
(1.387778781e-17 -6.938893904e-18 0)
(0 -6.938893904e-18 0)
(0 6.938893904e-18 0)
(0 2.081668171e-17 0)
(0 1.387778781e-17 0)
(0 1.387778781e-17 0)
(0 1.387778781e-17 0)
(0 1.387778781e-17 0)
(0 0 0)
(0 1.387778781e-17 0)
(0 0 0)
(0 0 0)
(1.387778781e-17 0 0)
(0 1.387778781e-17 0)
(0 0 0)
(0 1.387778781e-17 0)
(0 -1.387778781e-17 0)
(0 0 0)
(0 0 0)
(0 1.387778781e-17 0)
(0 0 0)
(0 0 0)
(0 0 0)
(0 0 0)
(0 1.387778781e-17 0)
(0 0 0)
(0 0 0)
(2.775557562e-17 1.387778781e-17 0)
(0 0 0)
(0 1.387778781e-17 0)
(0 1.387778781e-17 0)
(0 0 0)
(0 1.387778781e-17 0)
(0 0 0)
(0 1.387778781e-17 0)
(0 0 0)
(0 0 0)
(0 0 0)
(0 0 0)
(0 0 0)
(0 1.387778781e-17 0)
(0 1.387778781e-17 0)
(0 0 0)
(0 2.168404345e-19 0)
(0 0 0)
(0 -4.33680869e-19 0)
(0 8.67361738e-19 0)
(0 -8.67361738e-19 0)
(0 8.67361738e-19 0)
(0 0 0)
(0 -1.734723476e-18 0)
(0 1.734723476e-18 0)
(0 -1.734723476e-18 0)
(0 1.734723476e-18 0)
(0 -1.734723476e-18 0)
(0 1.734723476e-18 0)
(0 -1.734723476e-18 0)
(0 1.734723476e-18 0)
(0 3.469446952e-18 0)
(1.387778781e-17 0 0)
(0 3.469446952e-18 0)
(0 0 0)
(0 0 0)
(1.387778781e-17 -3.469446952e-18 0)
(0 3.469446952e-18 0)
(0 0 0)
(0 3.469446952e-18 0)
(1.387778781e-17 0 0)
(0 0 0)
(0 -3.469446952e-18 0)
(0 -3.469446952e-18 0)
(1.387778781e-17 0 0)
(0 0 0)
(0 -6.938893904e-18 0)
(0 0 0)
(0 0 0)
(0 0 0)
(1.387778781e-17 0 0)
(0 0 0)
(0 0 0)
(0 0 0)
(0 0 0)
(0 0 0)
(0 6.938893904e-18 0)
(4.163336342e-17 1.387778781e-17 0)
(0 1.387778781e-17 0)
(0 0 0)
(0 0 0)
(0 0 0)
(0 0 0)
(0 0 0)
(0 0 0)
(4.163336342e-17 3.469446952e-17 0)
(0 0 0)
(0 0 0)
(0 0 0)
(0 6.938893904e-18 0)
(0 1.387778781e-17 0)
(0 1.387778781e-17 0)
(0 1.387778781e-17 0)
(2.775557562e-17 -6.938893904e-18 0)
(0 -6.938893904e-18 0)
(0 6.938893904e-18 0)
(0 2.081668171e-17 0)
(0 1.387778781e-17 0)
(0 1.387778781e-17 0)
(0 1.387778781e-17 0)
(0 1.387778781e-17 0)
(0 0 0)
(0 1.387778781e-17 0)
(0 0 0)
(0 0 0)
(0 0 0)
(0 1.387778781e-17 0)
(0 0 0)
(0 1.387778781e-17 0)
(0 -1.387778781e-17 0)
(0 0 0)
(0 0 0)
(0 1.387778781e-17 0)
(0 0 0)
(0 0 0)
(0 0 0)
(0 0 0)
(0 1.387778781e-17 0)
(0 0 0)
(0 0 0)
(0 1.387778781e-17 0)
(0 0 0)
(0 1.387778781e-17 0)
(0 1.387778781e-17 0)
(0 0 0)
(0 1.387778781e-17 0)
(0 0 0)
(0 1.387778781e-17 0)
(0 0 0)
(0 0 0)
(0 0 0)
(0 0 0)
(0 0 0)
(0 1.387778781e-17 0)
(0 1.387778781e-17 0)
(1.387778781e-17 1.084202172e-19 0)
(1.387778781e-17 0 0)
(1.387778781e-17 -4.33680869e-19 0)
(1.387778781e-17 -8.67361738e-19 0)
(1.387778781e-17 0 0)
(1.387778781e-17 8.67361738e-19 0)
(1.387778781e-17 0 0)
(1.387778781e-17 2.602085214e-18 0)
(0 0 0)
(-1.387778781e-17 1.734723476e-18 0)
(0 1.734723476e-18 0)
(-1.387778781e-17 0 0)
(0 1.734723476e-18 0)
(-1.387778781e-17 1.734723476e-18 0)
(0 3.469446952e-18 0)
(-1.387778781e-17 1.734723476e-18 0)
(-1.387778781e-17 0 0)
(-1.387778781e-17 0 0)
(-1.387778781e-17 0 0)
(-1.387778781e-17 0 0)
(-1.387778781e-17 0 0)
(-1.387778781e-17 -3.469446952e-18 0)
(-1.387778781e-17 0 0)
(-1.387778781e-17 0 0)
(-1.387778781e-17 0 0)
(-1.387778781e-17 -3.469446952e-18 0)
(-1.387778781e-17 6.938893904e-18 0)
(-1.387778781e-17 0 0)
(-1.387778781e-17 -3.469446952e-18 0)
(-1.387778781e-17 -3.469446952e-18 0)
(-1.387778781e-17 0 0)
(-1.387778781e-17 6.938893904e-18 0)
(-1.387778781e-17 0 0)
(-1.387778781e-17 6.938893904e-18 0)
(-1.387778781e-17 0 0)
(-1.387778781e-17 0 0)
(-1.387778781e-17 0 0)
(-1.387778781e-17 0 0)
(-1.387778781e-17 0 0)
(-1.387778781e-17 0 0)
(-1.387778781e-17 0 0)
(-1.387778781e-17 0 0)
(-1.387778781e-17 6.938893904e-18 0)
(-1.387778781e-17 -6.938893904e-18 0)
(-1.387778781e-17 6.938893904e-18 0)
(-1.387778781e-17 1.387778781e-17 0)
(-1.387778781e-17 6.938893904e-18 0)
(-1.387778781e-17 -6.938893904e-18 0)
(-1.387778781e-17 1.387778781e-17 0)
(-1.387778781e-17 6.938893904e-18 0)
(-1.387778781e-17 1.387778781e-17 0)
(-1.387778781e-17 -6.938893904e-18 0)
(-1.387778781e-17 -6.938893904e-18 0)
(-1.387778781e-17 6.938893904e-18 0)
(-1.387778781e-17 6.938893904e-18 0)
(-1.387778781e-17 0 0)
(-1.387778781e-17 -6.938893904e-18 0)
(-1.387778781e-17 1.387778781e-17 0)
(-2.775557562e-17 -2.775557562e-17 0)
(-1.387778781e-17 0 0)
(-1.387778781e-17 -6.938893904e-18 0)
(-1.387778781e-17 6.938893904e-18 0)
(-1.387778781e-17 0 0)
(-1.387778781e-17 1.387778781e-17 0)
(-1.387778781e-17 0 0)
(-1.387778781e-17 0 0)
(-1.387778781e-17 1.387778781e-17 0)
(-1.387778781e-17 0 0)
(-1.387778781e-17 0 0)
(-1.387778781e-17 0 0)
(1.387778781e-17 1.387778781e-17 0)
(-1.387778781e-17 0 0)
(-1.387778781e-17 1.387778781e-17 0)
(-1.387778781e-17 0 0)
(-1.387778781e-17 0 0)
(-1.387778781e-17 0 0)
(-1.387778781e-17 1.387778781e-17 0)
(-1.387778781e-17 1.387778781e-17 0)
(-1.387778781e-17 1.387778781e-17 0)
(-1.387778781e-17 -1.387778781e-17 0)
(-1.387778781e-17 0 0)
(-1.387778781e-17 -1.387778781e-17 0)
(-1.387778781e-17 0 0)
(-1.387778781e-17 -1.387778781e-17 0)
(-1.387778781e-17 0 0)
(1.387778781e-17 1.387778781e-17 0)
(-1.387778781e-17 0 0)
(-1.387778781e-17 1.387778781e-17 0)
(-1.387778781e-17 0 0)
(-1.387778781e-17 1.387778781e-17 0)
(-1.387778781e-17 0 0)
(-1.387778781e-17 0 0)
(-1.387778781e-17 0 0)
(-1.387778781e-17 0 0)
(-1.387778781e-17 -1.387778781e-17 0)
(-1.387778781e-17 1.387778781e-17 0)
(-1.387778781e-17 0 0)
(-1.387778781e-17 1.387778781e-17 0)
(-1.387778781e-17 2.775557562e-17 0)
(-1.387778781e-17 0 0)
(1.387778781e-17 0 0)
(1.387778781e-17 2.168404345e-19 0)
(1.387778781e-17 0 0)
(-1.387778781e-17 -4.33680869e-19 0)
(2.775557562e-17 8.67361738e-19 0)
(2.775557562e-17 -8.67361738e-19 0)
(2.775557562e-17 8.67361738e-19 0)
(0 0 0)
(2.775557562e-17 -1.734723476e-18 0)
(0 1.734723476e-18 0)
(0 -1.734723476e-18 0)
(0 1.734723476e-18 0)
(0 -1.734723476e-18 0)
(0 1.734723476e-18 0)
(-2.775557562e-17 -1.734723476e-18 0)
(0 1.734723476e-18 0)
(0 3.469446952e-18 0)
(1.387778781e-17 0 0)
(0 3.469446952e-18 0)
(0 0 0)
(0 0 0)
(0 -3.469446952e-18 0)
(0 3.469446952e-18 0)
(0 0 0)
(0 3.469446952e-18 0)
(0 0 0)
(0 0 0)
(0 -3.469446952e-18 0)
(0 -3.469446952e-18 0)
(-1.387778781e-17 0 0)
(0 0 0)
(0 -6.938893904e-18 0)
(0 0 0)
(0 0 0)
(0 0 0)
(2.775557562e-17 0 0)
(0 0 0)
(0 0 0)
(0 0 0)
(0 0 0)
(0 0 0)
(0 6.938893904e-18 0)
(2.775557562e-17 1.387778781e-17 0)
(0 1.387778781e-17 0)
(0 0 0)
(0 0 0)
(0 0 0)
(0 0 0)
(0 0 0)
(0 0 0)
(2.775557562e-17 3.469446952e-17 0)
(0 0 0)
(0 0 0)
(0 0 0)
(0 6.938893904e-18 0)
(0 1.387778781e-17 0)
(0 1.387778781e-17 0)
(0 1.387778781e-17 0)
(0 -6.938893904e-18 0)
(0 -6.938893904e-18 0)
(0 6.938893904e-18 0)
(0 2.081668171e-17 0)
(0 1.387778781e-17 0)
(0 1.387778781e-17 0)
(0 1.387778781e-17 0)
(0 1.387778781e-17 0)
(0 0 0)
(0 1.387778781e-17 0)
(0 0 0)
(0 0 0)
(0 0 0)
(0 1.387778781e-17 0)
(0 0 0)
(0 1.387778781e-17 0)
(0 -1.387778781e-17 0)
(0 0 0)
(0 0 0)
(0 1.387778781e-17 0)
(0 0 0)
(0 0 0)
(0 0 0)
(0 0 0)
(0 1.387778781e-17 0)
(0 0 0)
(0 0 0)
(0 1.387778781e-17 0)
(0 0 0)
(0 1.387778781e-17 0)
(0 1.387778781e-17 0)
(0 0 0)
(0 1.387778781e-17 0)
(0 0 0)
(0 1.387778781e-17 0)
(0 0 0)
(0 0 0)
(0 0 0)
(0 0 0)
(0 0 0)
(0 1.387778781e-17 0)
(0 1.387778781e-17 0)
(1.387778781e-17 0 0)
(1.387778781e-17 2.168404345e-19 0)
(1.387778781e-17 0 0)
(-1.387778781e-17 -4.33680869e-19 0)
(2.775557562e-17 8.67361738e-19 0)
(2.775557562e-17 -8.67361738e-19 0)
(2.775557562e-17 8.67361738e-19 0)
(0 0 0)
(2.775557562e-17 -1.734723476e-18 0)
(1.387778781e-17 1.734723476e-18 0)
(1.387778781e-17 -1.734723476e-18 0)
(1.387778781e-17 1.734723476e-18 0)
(1.387778781e-17 -1.734723476e-18 0)
(1.387778781e-17 1.734723476e-18 0)
(0 -1.734723476e-18 0)
(1.387778781e-17 1.734723476e-18 0)
(1.387778781e-17 3.469446952e-18 0)
(-1.387778781e-17 0 0)
(1.387778781e-17 3.469446952e-18 0)
(1.387778781e-17 0 0)
(1.387778781e-17 0 0)
(-1.387778781e-17 -3.469446952e-18 0)
(1.387778781e-17 3.469446952e-18 0)
(1.387778781e-17 0 0)
(1.387778781e-17 3.469446952e-18 0)
(-1.387778781e-17 0 0)
(1.387778781e-17 0 0)
(1.387778781e-17 -3.469446952e-18 0)
(1.387778781e-17 -3.469446952e-18 0)
(0 0 0)
(1.387778781e-17 0 0)
(1.387778781e-17 -6.938893904e-18 0)
(1.387778781e-17 0 0)
(1.387778781e-17 0 0)
(1.387778781e-17 0 0)
(2.775557562e-17 0 0)
(1.387778781e-17 0 0)
(1.387778781e-17 0 0)
(1.387778781e-17 0 0)
(1.387778781e-17 0 0)
(1.387778781e-17 0 0)
(1.387778781e-17 6.938893904e-18 0)
(2.775557562e-17 1.387778781e-17 0)
(1.387778781e-17 1.387778781e-17 0)
(1.387778781e-17 0 0)
(1.387778781e-17 0 0)
(1.387778781e-17 0 0)
(1.387778781e-17 0 0)
(1.387778781e-17 0 0)
(1.387778781e-17 0 0)
(2.775557562e-17 3.469446952e-17 0)
(1.387778781e-17 0 0)
(1.387778781e-17 0 0)
(1.387778781e-17 0 0)
(1.387778781e-17 6.938893904e-18 0)
(1.387778781e-17 1.387778781e-17 0)
(1.387778781e-17 1.387778781e-17 0)
(1.387778781e-17 1.387778781e-17 0)
(0 -6.938893904e-18 0)
(1.387778781e-17 -6.938893904e-18 0)
(1.387778781e-17 6.938893904e-18 0)
(1.387778781e-17 2.081668171e-17 0)
(1.387778781e-17 1.387778781e-17 0)
(1.387778781e-17 1.387778781e-17 0)
(1.387778781e-17 1.387778781e-17 0)
(1.387778781e-17 1.387778781e-17 0)
(1.387778781e-17 0 0)
(1.387778781e-17 1.387778781e-17 0)
(1.387778781e-17 0 0)
(1.387778781e-17 0 0)
(2.775557562e-17 0 0)
(1.387778781e-17 1.387778781e-17 0)
(1.387778781e-17 0 0)
(1.387778781e-17 1.387778781e-17 0)
(1.387778781e-17 -1.387778781e-17 0)
(1.387778781e-17 0 0)
(1.387778781e-17 0 0)
(1.387778781e-17 1.387778781e-17 0)
(1.387778781e-17 0 0)
(1.387778781e-17 0 0)
(1.387778781e-17 0 0)
(1.387778781e-17 0 0)
(1.387778781e-17 1.387778781e-17 0)
(1.387778781e-17 0 0)
(1.387778781e-17 0 0)
(1.387778781e-17 1.387778781e-17 0)
(1.387778781e-17 0 0)
(1.387778781e-17 1.387778781e-17 0)
(1.387778781e-17 1.387778781e-17 0)
(1.387778781e-17 0 0)
(1.387778781e-17 1.387778781e-17 0)
(1.387778781e-17 0 0)
(1.387778781e-17 1.387778781e-17 0)
(1.387778781e-17 0 0)
(1.387778781e-17 0 0)
(1.387778781e-17 0 0)
(1.387778781e-17 0 0)
(1.387778781e-17 0 0)
(1.387778781e-17 1.387778781e-17 0)
(1.387778781e-17 1.387778781e-17 0)
(0 0 0)
(0 2.168404345e-19 0)
(0 0 0)
(-1.387778781e-17 -4.33680869e-19 0)
(2.775557562e-17 8.67361738e-19 0)
(2.775557562e-17 -8.67361738e-19 0)
(2.775557562e-17 8.67361738e-19 0)
(1.387778781e-17 0 0)
(1.387778781e-17 -1.734723476e-18 0)
(1.387778781e-17 1.734723476e-18 0)
(0 -1.734723476e-18 0)
(1.387778781e-17 1.734723476e-18 0)
(0 -1.734723476e-18 0)
(1.387778781e-17 1.734723476e-18 0)
(-1.387778781e-17 -1.734723476e-18 0)
(1.387778781e-17 1.734723476e-18 0)
(1.387778781e-17 3.469446952e-18 0)
(-1.387778781e-17 0 0)
(1.387778781e-17 3.469446952e-18 0)
(1.387778781e-17 0 0)
(1.387778781e-17 0 0)
(-1.387778781e-17 -3.469446952e-18 0)
(1.387778781e-17 3.469446952e-18 0)
(1.387778781e-17 0 0)
(1.387778781e-17 3.469446952e-18 0)
(-1.387778781e-17 0 0)
(1.387778781e-17 0 0)
(1.387778781e-17 -3.469446952e-18 0)
(1.387778781e-17 -3.469446952e-18 0)
(-1.387778781e-17 0 0)
(1.387778781e-17 0 0)
(1.387778781e-17 -6.938893904e-18 0)
(1.387778781e-17 0 0)
(1.387778781e-17 0 0)
(1.387778781e-17 0 0)
(2.775557562e-17 0 0)
(1.387778781e-17 0 0)
(1.387778781e-17 0 0)
(1.387778781e-17 0 0)
(1.387778781e-17 0 0)
(1.387778781e-17 0 0)
(1.387778781e-17 6.938893904e-18 0)
(4.163336342e-17 1.387778781e-17 0)
(1.387778781e-17 1.387778781e-17 0)
(1.387778781e-17 0 0)
(1.387778781e-17 0 0)
(1.387778781e-17 0 0)
(1.387778781e-17 0 0)
(1.387778781e-17 0 0)
(1.387778781e-17 0 0)
(4.163336342e-17 3.469446952e-17 0)
(1.387778781e-17 0 0)
(1.387778781e-17 0 0)
(1.387778781e-17 0 0)
(1.387778781e-17 6.938893904e-18 0)
(1.387778781e-17 1.387778781e-17 0)
(1.387778781e-17 1.387778781e-17 0)
(1.387778781e-17 1.387778781e-17 0)
(0 -6.938893904e-18 0)
(1.387778781e-17 -6.938893904e-18 0)
(1.387778781e-17 6.938893904e-18 0)
(1.387778781e-17 2.081668171e-17 0)
(1.387778781e-17 1.387778781e-17 0)
(1.387778781e-17 1.387778781e-17 0)
(1.387778781e-17 1.387778781e-17 0)
(1.387778781e-17 1.387778781e-17 0)
(1.387778781e-17 0 0)
(1.387778781e-17 1.387778781e-17 0)
(1.387778781e-17 0 0)
(1.387778781e-17 0 0)
(0 0 0)
(1.387778781e-17 1.387778781e-17 0)
(1.387778781e-17 0 0)
(1.387778781e-17 1.387778781e-17 0)
(1.387778781e-17 -1.387778781e-17 0)
(1.387778781e-17 0 0)
(1.387778781e-17 0 0)
(1.387778781e-17 1.387778781e-17 0)
(1.387778781e-17 0 0)
(1.387778781e-17 0 0)
(1.387778781e-17 0 0)
(1.387778781e-17 0 0)
(1.387778781e-17 1.387778781e-17 0)
(1.387778781e-17 0 0)
(1.387778781e-17 0 0)
(0 1.387778781e-17 0)
(1.387778781e-17 0 0)
(1.387778781e-17 1.387778781e-17 0)
(1.387778781e-17 1.387778781e-17 0)
(1.387778781e-17 0 0)
(1.387778781e-17 1.387778781e-17 0)
(1.387778781e-17 0 0)
(1.387778781e-17 1.387778781e-17 0)
(1.387778781e-17 0 0)
(1.387778781e-17 0 0)
(1.387778781e-17 0 0)
(1.387778781e-17 0 0)
(1.387778781e-17 0 0)
(1.387778781e-17 1.387778781e-17 0)
(1.387778781e-17 1.387778781e-17 0)
(0 0 0)
(0 2.168404345e-19 0)
(0 0 0)
(0 -4.33680869e-19 0)
(1.387778781e-17 8.67361738e-19 0)
(1.387778781e-17 -8.67361738e-19 0)
(1.387778781e-17 8.67361738e-19 0)
(0 0 0)
(-1.387778781e-17 -1.734723476e-18 0)
(0 1.734723476e-18 0)
(-1.387778781e-17 -1.734723476e-18 0)
(0 1.734723476e-18 0)
(-1.387778781e-17 -1.734723476e-18 0)
(0 1.734723476e-18 0)
(0 -1.734723476e-18 0)
(0 1.734723476e-18 0)
(0 3.469446952e-18 0)
(-1.387778781e-17 0 0)
(0 3.469446952e-18 0)
(0 0 0)
(0 0 0)
(-1.387778781e-17 -3.469446952e-18 0)
(0 3.469446952e-18 0)
(0 0 0)
(0 3.469446952e-18 0)
(-1.387778781e-17 0 0)
(0 0 0)
(0 -3.469446952e-18 0)
(0 -3.469446952e-18 0)
(-1.387778781e-17 0 0)
(0 0 0)
(0 -6.938893904e-18 0)
(0 0 0)
(0 0 0)
(0 0 0)
(4.163336342e-17 0 0)
(0 0 0)
(0 0 0)
(0 0 0)
(0 0 0)
(0 0 0)
(0 6.938893904e-18 0)
(4.163336342e-17 1.387778781e-17 0)
(0 1.387778781e-17 0)
(0 0 0)
(0 0 0)
(0 0 0)
(0 0 0)
(0 0 0)
(0 0 0)
(4.163336342e-17 3.469446952e-17 0)
(0 0 0)
(0 0 0)
(0 0 0)
(0 6.938893904e-18 0)
(0 1.387778781e-17 0)
(0 1.387778781e-17 0)
(0 1.387778781e-17 0)
(0 -6.938893904e-18 0)
(0 -6.938893904e-18 0)
(0 6.938893904e-18 0)
(0 2.081668171e-17 0)
(0 1.387778781e-17 0)
(0 1.387778781e-17 0)
(0 1.387778781e-17 0)
(0 1.387778781e-17 0)
(0 0 0)
(0 1.387778781e-17 0)
(0 0 0)
(0 0 0)
(0 0 0)
(0 1.387778781e-17 0)
(0 0 0)
(0 1.387778781e-17 0)
(0 -1.387778781e-17 0)
(0 0 0)
(0 0 0)
(0 1.387778781e-17 0)
(0 0 0)
(0 0 0)
(0 0 0)
(0 0 0)
(0 1.387778781e-17 0)
(0 0 0)
(0 0 0)
(1.387778781e-17 1.387778781e-17 0)
(0 0 0)
(0 1.387778781e-17 0)
(0 1.387778781e-17 0)
(0 0 0)
(0 1.387778781e-17 0)
(0 0 0)
(0 1.387778781e-17 0)
(0 0 0)
(0 0 0)
(0 0 0)
(0 0 0)
(0 0 0)
(0 1.387778781e-17 0)
(0 1.387778781e-17 0)
(0 0 0)
(0 2.168404345e-19 0)
(0 0 0)
(0 -4.33680869e-19 0)
(1.387778781e-17 8.67361738e-19 0)
(1.387778781e-17 -8.67361738e-19 0)
(1.387778781e-17 8.67361738e-19 0)
(0 0 0)
(-1.387778781e-17 -1.734723476e-18 0)
(1.387778781e-17 1.734723476e-18 0)
(-1.387778781e-17 -1.734723476e-18 0)
(1.387778781e-17 1.734723476e-18 0)
(-1.387778781e-17 -1.734723476e-18 0)
(1.387778781e-17 1.734723476e-18 0)
(-1.387778781e-17 -1.734723476e-18 0)
(1.387778781e-17 1.734723476e-18 0)
(1.387778781e-17 3.469446952e-18 0)
(-1.387778781e-17 0 0)
(1.387778781e-17 3.469446952e-18 0)
(1.387778781e-17 0 0)
(1.387778781e-17 0 0)
(-1.387778781e-17 -3.469446952e-18 0)
(1.387778781e-17 3.469446952e-18 0)
(1.387778781e-17 0 0)
(1.387778781e-17 3.469446952e-18 0)
(-1.387778781e-17 0 0)
(1.387778781e-17 0 0)
(1.387778781e-17 -3.469446952e-18 0)
(1.387778781e-17 -3.469446952e-18 0)
(-1.387778781e-17 0 0)
(1.387778781e-17 0 0)
(1.387778781e-17 -6.938893904e-18 0)
(1.387778781e-17 0 0)
(1.387778781e-17 0 0)
(1.387778781e-17 0 0)
(2.775557562e-17 0 0)
(1.387778781e-17 0 0)
(1.387778781e-17 0 0)
(1.387778781e-17 0 0)
(1.387778781e-17 0 0)
(1.387778781e-17 0 0)
(1.387778781e-17 6.938893904e-18 0)
(2.775557562e-17 1.387778781e-17 0)
(1.387778781e-17 1.387778781e-17 0)
(1.387778781e-17 0 0)
(1.387778781e-17 0 0)
(1.387778781e-17 0 0)
(1.387778781e-17 0 0)
(1.387778781e-17 0 0)
(1.387778781e-17 0 0)
(2.775557562e-17 3.469446952e-17 0)
(1.387778781e-17 0 0)
(1.387778781e-17 0 0)
(1.387778781e-17 0 0)
(1.387778781e-17 6.938893904e-18 0)
(1.387778781e-17 1.387778781e-17 0)
(1.387778781e-17 1.387778781e-17 0)
(1.387778781e-17 1.387778781e-17 0)
(0 -6.938893904e-18 0)
(1.387778781e-17 -6.938893904e-18 0)
(1.387778781e-17 6.938893904e-18 0)
(1.387778781e-17 2.081668171e-17 0)
(1.387778781e-17 1.387778781e-17 0)
(1.387778781e-17 1.387778781e-17 0)
(1.387778781e-17 1.387778781e-17 0)
(1.387778781e-17 1.387778781e-17 0)
(1.387778781e-17 0 0)
(1.387778781e-17 1.387778781e-17 0)
(1.387778781e-17 0 0)
(1.387778781e-17 0 0)
(0 0 0)
(1.387778781e-17 1.387778781e-17 0)
(1.387778781e-17 0 0)
(1.387778781e-17 1.387778781e-17 0)
(1.387778781e-17 -1.387778781e-17 0)
(1.387778781e-17 0 0)
(1.387778781e-17 0 0)
(1.387778781e-17 1.387778781e-17 0)
(1.387778781e-17 0 0)
(1.387778781e-17 0 0)
(1.387778781e-17 0 0)
(1.387778781e-17 0 0)
(1.387778781e-17 1.387778781e-17 0)
(1.387778781e-17 0 0)
(1.387778781e-17 0 0)
(0 1.387778781e-17 0)
(1.387778781e-17 0 0)
(1.387778781e-17 1.387778781e-17 0)
(1.387778781e-17 1.387778781e-17 0)
(1.387778781e-17 0 0)
(1.387778781e-17 1.387778781e-17 0)
(1.387778781e-17 0 0)
(1.387778781e-17 1.387778781e-17 0)
(1.387778781e-17 0 0)
(1.387778781e-17 0 0)
(1.387778781e-17 0 0)
(1.387778781e-17 0 0)
(1.387778781e-17 0 0)
(1.387778781e-17 1.387778781e-17 0)
(1.387778781e-17 1.387778781e-17 0)
(0 0 0)
(0 2.168404345e-19 0)
(0 0 0)
(0 -4.33680869e-19 0)
(1.387778781e-17 8.67361738e-19 0)
(0 -8.67361738e-19 0)
(0 8.67361738e-19 0)
(0 0 0)
(-2.775557562e-17 -1.734723476e-18 0)
(0 1.734723476e-18 0)
(-2.775557562e-17 -1.734723476e-18 0)
(0 1.734723476e-18 0)
(-2.775557562e-17 -1.734723476e-18 0)
(0 1.734723476e-18 0)
(-2.775557562e-17 -1.734723476e-18 0)
(0 1.734723476e-18 0)
(0 3.469446952e-18 0)
(0 0 0)
(0 3.469446952e-18 0)
(0 0 0)
(0 0 0)
(0 -3.469446952e-18 0)
(0 3.469446952e-18 0)
(0 0 0)
(0 3.469446952e-18 0)
(0 0 0)
(0 0 0)
(0 -3.469446952e-18 0)
(0 -3.469446952e-18 0)
(0 0 0)
(0 0 0)
(0 -6.938893904e-18 0)
(0 0 0)
(0 0 0)
(0 0 0)
(1.387778781e-17 0 0)
(0 0 0)
(0 0 0)
(0 0 0)
(0 0 0)
(0 0 0)
(0 6.938893904e-18 0)
(1.387778781e-17 1.387778781e-17 0)
(0 1.387778781e-17 0)
(0 0 0)
(0 0 0)
(0 0 0)
(0 0 0)
(0 0 0)
(0 0 0)
(1.387778781e-17 3.469446952e-17 0)
(0 0 0)
(0 0 0)
(0 0 0)
(0 6.938893904e-18 0)
(0 1.387778781e-17 0)
(0 1.387778781e-17 0)
(0 1.387778781e-17 0)
(0 -6.938893904e-18 0)
(0 -6.938893904e-18 0)
(0 6.938893904e-18 0)
(0 2.081668171e-17 0)
(0 1.387778781e-17 0)
(0 1.387778781e-17 0)
(0 1.387778781e-17 0)
(0 1.387778781e-17 0)
(0 0 0)
(0 1.387778781e-17 0)
(0 0 0)
(0 0 0)
(0 0 0)
(0 1.387778781e-17 0)
(0 0 0)
(0 1.387778781e-17 0)
(0 -1.387778781e-17 0)
(0 0 0)
(0 0 0)
(0 1.387778781e-17 0)
(0 0 0)
(0 0 0)
(0 0 0)
(0 0 0)
(0 1.387778781e-17 0)
(0 0 0)
(0 0 0)
(0 1.387778781e-17 0)
(0 0 0)
(0 1.387778781e-17 0)
(0 1.387778781e-17 0)
(0 0 0)
(0 1.387778781e-17 0)
(0 0 0)
(0 1.387778781e-17 0)
(0 0 0)
(0 0 0)
(0 0 0)
(0 0 0)
(0 0 0)
(0 1.387778781e-17 0)
(0 1.387778781e-17 0)
(0 0 0)
(0 2.168404345e-19 0)
(0 0 0)
(0 -4.33680869e-19 0)
(0 8.67361738e-19 0)
(-1.387778781e-17 -8.67361738e-19 0)
(-1.387778781e-17 8.67361738e-19 0)
(0 0 0)
(-1.387778781e-17 -1.734723476e-18 0)
(1.387778781e-17 1.734723476e-18 0)
(-1.387778781e-17 -1.734723476e-18 0)
(1.387778781e-17 1.734723476e-18 0)
(-1.387778781e-17 -1.734723476e-18 0)
(1.387778781e-17 1.734723476e-18 0)
(-1.387778781e-17 -1.734723476e-18 0)
(1.387778781e-17 1.734723476e-18 0)
(1.387778781e-17 3.469446952e-18 0)
(1.387778781e-17 0 0)
(1.387778781e-17 3.469446952e-18 0)
(1.387778781e-17 0 0)
(1.387778781e-17 0 0)
(1.387778781e-17 -3.469446952e-18 0)
(1.387778781e-17 3.469446952e-18 0)
(1.387778781e-17 0 0)
(1.387778781e-17 3.469446952e-18 0)
(1.387778781e-17 0 0)
(1.387778781e-17 0 0)
(1.387778781e-17 -3.469446952e-18 0)
(1.387778781e-17 -3.469446952e-18 0)
(1.387778781e-17 0 0)
(1.387778781e-17 0 0)
(1.387778781e-17 -6.938893904e-18 0)
(1.387778781e-17 0 0)
(1.387778781e-17 0 0)
(1.387778781e-17 0 0)
(4.163336342e-17 0 0)
(1.387778781e-17 0 0)
(1.387778781e-17 0 0)
(1.387778781e-17 0 0)
(1.387778781e-17 0 0)
(1.387778781e-17 0 0)
(1.387778781e-17 6.938893904e-18 0)
(2.775557562e-17 1.387778781e-17 0)
(1.387778781e-17 1.387778781e-17 0)
(1.387778781e-17 0 0)
(1.387778781e-17 0 0)
(1.387778781e-17 0 0)
(1.387778781e-17 0 0)
(1.387778781e-17 0 0)
(1.387778781e-17 0 0)
(2.775557562e-17 3.469446952e-17 0)
(1.387778781e-17 0 0)
(1.387778781e-17 0 0)
(1.387778781e-17 0 0)
(1.387778781e-17 6.938893904e-18 0)
(1.387778781e-17 1.387778781e-17 0)
(1.387778781e-17 1.387778781e-17 0)
(1.387778781e-17 1.387778781e-17 0)
(-1.387778781e-17 -6.938893904e-18 0)
(1.387778781e-17 -6.938893904e-18 0)
(1.387778781e-17 6.938893904e-18 0)
(1.387778781e-17 2.081668171e-17 0)
(1.387778781e-17 1.387778781e-17 0)
(1.387778781e-17 1.387778781e-17 0)
(1.387778781e-17 1.387778781e-17 0)
(1.387778781e-17 1.387778781e-17 0)
(1.387778781e-17 0 0)
(1.387778781e-17 1.387778781e-17 0)
(1.387778781e-17 0 0)
(1.387778781e-17 0 0)
(0 0 0)
(1.387778781e-17 1.387778781e-17 0)
(1.387778781e-17 0 0)
(1.387778781e-17 1.387778781e-17 0)
(1.387778781e-17 -1.387778781e-17 0)
(1.387778781e-17 0 0)
(1.387778781e-17 0 0)
(1.387778781e-17 1.387778781e-17 0)
(1.387778781e-17 0 0)
(1.387778781e-17 0 0)
(1.387778781e-17 0 0)
(1.387778781e-17 0 0)
(1.387778781e-17 1.387778781e-17 0)
(1.387778781e-17 0 0)
(1.387778781e-17 0 0)
(0 1.387778781e-17 0)
(1.387778781e-17 0 0)
(1.387778781e-17 1.387778781e-17 0)
(1.387778781e-17 1.387778781e-17 0)
(1.387778781e-17 0 0)
(1.387778781e-17 1.387778781e-17 0)
(1.387778781e-17 0 0)
(1.387778781e-17 1.387778781e-17 0)
(1.387778781e-17 0 0)
(1.387778781e-17 0 0)
(1.387778781e-17 0 0)
(1.387778781e-17 0 0)
(1.387778781e-17 0 0)
(1.387778781e-17 1.387778781e-17 0)
(1.387778781e-17 1.387778781e-17 0)
(0 0 0)
(0 2.168404345e-19 0)
(0 0 0)
(-2.775557562e-17 -4.33680869e-19 0)
(0 8.67361738e-19 0)
(0 -8.67361738e-19 0)
(0 8.67361738e-19 0)
(0 0 0)
(-1.387778781e-17 -1.734723476e-18 0)
(0 1.734723476e-18 0)
(-1.387778781e-17 -1.734723476e-18 0)
(0 1.734723476e-18 0)
(-1.387778781e-17 -1.734723476e-18 0)
(0 1.734723476e-18 0)
(-1.387778781e-17 -1.734723476e-18 0)
(0 1.734723476e-18 0)
(0 3.469446952e-18 0)
(0 0 0)
(0 3.469446952e-18 0)
(0 0 0)
(0 0 0)
(0 -3.469446952e-18 0)
(0 3.469446952e-18 0)
(0 0 0)
(0 3.469446952e-18 0)
(0 0 0)
(0 0 0)
(0 -3.469446952e-18 0)
(0 -3.469446952e-18 0)
(0 0 0)
(0 0 0)
(0 -6.938893904e-18 0)
(0 0 0)
(0 0 0)
(0 0 0)
(1.387778781e-17 0 0)
(0 0 0)
(0 0 0)
(0 0 0)
(0 0 0)
(0 0 0)
(0 6.938893904e-18 0)
(1.387778781e-17 1.387778781e-17 0)
(0 1.387778781e-17 0)
(0 0 0)
(0 0 0)
(0 0 0)
(0 0 0)
(0 0 0)
(0 0 0)
(1.387778781e-17 3.469446952e-17 0)
(0 0 0)
(0 0 0)
(0 0 0)
(0 6.938893904e-18 0)
(0 1.387778781e-17 0)
(0 1.387778781e-17 0)
(0 1.387778781e-17 0)
(0 -6.938893904e-18 0)
(0 -6.938893904e-18 0)
(0 6.938893904e-18 0)
(0 2.081668171e-17 0)
(0 1.387778781e-17 0)
(0 1.387778781e-17 0)
(0 1.387778781e-17 0)
(0 1.387778781e-17 0)
(0 0 0)
(0 1.387778781e-17 0)
(0 0 0)
(0 0 0)
(0 0 0)
(0 1.387778781e-17 0)
(0 0 0)
(0 1.387778781e-17 0)
(0 -1.387778781e-17 0)
(0 0 0)
(0 0 0)
(0 1.387778781e-17 0)
(0 0 0)
(0 0 0)
(0 0 0)
(0 0 0)
(0 1.387778781e-17 0)
(0 0 0)
(0 0 0)
(0 1.387778781e-17 0)
(0 0 0)
(0 1.387778781e-17 0)
(0 1.387778781e-17 0)
(0 0 0)
(0 1.387778781e-17 0)
(0 0 0)
(0 1.387778781e-17 0)
(0 0 0)
(0 0 0)
(0 0 0)
(0 0 0)
(0 0 0)
(0 1.387778781e-17 0)
(0 1.387778781e-17 0)
(1.387778781e-17 0 0)
(1.387778781e-17 2.168404345e-19 0)
(1.387778781e-17 0 0)
(0 -4.33680869e-19 0)
(1.387778781e-17 8.67361738e-19 0)
(1.387778781e-17 -8.67361738e-19 0)
(1.387778781e-17 8.67361738e-19 0)
(1.387778781e-17 0 0)
(-2.775557562e-17 -1.734723476e-18 0)
(0 1.734723476e-18 0)
(-2.775557562e-17 -1.734723476e-18 0)
(0 1.734723476e-18 0)
(-2.775557562e-17 -1.734723476e-18 0)
(0 1.734723476e-18 0)
(-2.775557562e-17 -1.734723476e-18 0)
(0 1.734723476e-18 0)
(0 3.469446952e-18 0)
(0 0 0)
(0 3.469446952e-18 0)
(0 0 0)
(0 0 0)
(0 -3.469446952e-18 0)
(0 3.469446952e-18 0)
(0 0 0)
(0 3.469446952e-18 0)
(0 0 0)
(0 0 0)
(0 -3.469446952e-18 0)
(0 -3.469446952e-18 0)
(-1.387778781e-17 0 0)
(0 0 0)
(0 -6.938893904e-18 0)
(0 0 0)
(0 0 0)
(0 0 0)
(2.775557562e-17 0 0)
(0 0 0)
(0 0 0)
(0 0 0)
(0 0 0)
(0 0 0)
(0 6.938893904e-18 0)
(2.775557562e-17 1.387778781e-17 0)
(0 1.387778781e-17 0)
(0 0 0)
(0 0 0)
(0 0 0)
(0 0 0)
(0 0 0)
(0 0 0)
(2.775557562e-17 3.469446952e-17 0)
(0 0 0)
(0 0 0)
(0 0 0)
(0 6.938893904e-18 0)
(0 1.387778781e-17 0)
(0 1.387778781e-17 0)
(0 1.387778781e-17 0)
(0 -6.938893904e-18 0)
(0 -6.938893904e-18 0)
(0 6.938893904e-18 0)
(0 2.081668171e-17 0)
(0 1.387778781e-17 0)
(0 1.387778781e-17 0)
(0 1.387778781e-17 0)
(0 1.387778781e-17 0)
(0 0 0)
(0 1.387778781e-17 0)
(0 0 0)
(0 0 0)
(1.387778781e-17 0 0)
(0 1.387778781e-17 0)
(0 0 0)
(0 1.387778781e-17 0)
(0 -1.387778781e-17 0)
(0 0 0)
(0 0 0)
(0 1.387778781e-17 0)
(0 0 0)
(0 0 0)
(0 0 0)
(0 0 0)
(0 1.387778781e-17 0)
(0 0 0)
(0 0 0)
(1.387778781e-17 1.387778781e-17 0)
(0 0 0)
(0 1.387778781e-17 0)
(0 1.387778781e-17 0)
(0 0 0)
(0 1.387778781e-17 0)
(0 0 0)
(0 1.387778781e-17 0)
(0 0 0)
(0 0 0)
(0 0 0)
(0 0 0)
(0 0 0)
(0 1.387778781e-17 0)
(0 1.387778781e-17 0)
(0 0 0)
(0 2.168404345e-19 0)
(0 0 0)
(0 -4.33680869e-19 0)
(0 8.67361738e-19 0)
(0 -8.67361738e-19 0)
(0 8.67361738e-19 0)
(0 0 0)
(0 -1.734723476e-18 0)
(0 1.734723476e-18 0)
(-1.387778781e-17 -1.734723476e-18 0)
(0 1.734723476e-18 0)
(-1.387778781e-17 -1.734723476e-18 0)
(0 1.734723476e-18 0)
(-1.387778781e-17 -1.734723476e-18 0)
(0 1.734723476e-18 0)
(0 3.469446952e-18 0)
(1.387778781e-17 0 0)
(0 3.469446952e-18 0)
(0 0 0)
(0 0 0)
(0 -3.469446952e-18 0)
(0 3.469446952e-18 0)
(0 0 0)
(0 3.469446952e-18 0)
(0 0 0)
(0 0 0)
(0 -3.469446952e-18 0)
(0 -3.469446952e-18 0)
(-2.775557562e-17 0 0)
(0 0 0)
(0 -6.938893904e-18 0)
(0 0 0)
(0 0 0)
(0 0 0)
(0 0 0)
(0 0 0)
(0 0 0)
(0 0 0)
(0 0 0)
(0 0 0)
(0 6.938893904e-18 0)
(0 1.387778781e-17 0)
(0 1.387778781e-17 0)
(0 0 0)
(0 0 0)
(0 0 0)
(0 0 0)
(0 0 0)
(0 0 0)
(0 3.469446952e-17 0)
(0 0 0)
(0 0 0)
(0 0 0)
(0 6.938893904e-18 0)
(0 1.387778781e-17 0)
(0 1.387778781e-17 0)
(0 1.387778781e-17 0)
(-1.387778781e-17 -6.938893904e-18 0)
(0 -6.938893904e-18 0)
(0 6.938893904e-18 0)
(0 2.081668171e-17 0)
(0 1.387778781e-17 0)
(0 1.387778781e-17 0)
(0 1.387778781e-17 0)
(0 1.387778781e-17 0)
(0 0 0)
(0 1.387778781e-17 0)
(0 0 0)
(0 0 0)
(2.775557562e-17 0 0)
(0 1.387778781e-17 0)
(0 0 0)
(0 1.387778781e-17 0)
(0 -1.387778781e-17 0)
(0 0 0)
(0 0 0)
(0 1.387778781e-17 0)
(0 0 0)
(0 0 0)
(0 0 0)
(0 0 0)
(0 1.387778781e-17 0)
(0 0 0)
(0 0 0)
(1.387778781e-17 1.387778781e-17 0)
(0 0 0)
(0 1.387778781e-17 0)
(0 1.387778781e-17 0)
(0 0 0)
(0 1.387778781e-17 0)
(0 0 0)
(0 1.387778781e-17 0)
(0 0 0)
(0 0 0)
(0 0 0)
(0 0 0)
(0 0 0)
(0 1.387778781e-17 0)
(0 1.387778781e-17 0)
(1.387778781e-17 0 0)
(1.387778781e-17 2.168404345e-19 0)
(1.387778781e-17 0 0)
(1.387778781e-17 -4.33680869e-19 0)
(1.387778781e-17 8.67361738e-19 0)
(1.387778781e-17 -8.67361738e-19 0)
(1.387778781e-17 8.67361738e-19 0)
(1.387778781e-17 0 0)
(0 -1.734723476e-18 0)
(0 1.734723476e-18 0)
(0 -1.734723476e-18 0)
(0 1.734723476e-18 0)
(0 -1.734723476e-18 0)
(0 1.734723476e-18 0)
(0 -1.734723476e-18 0)
(0 1.734723476e-18 0)
(0 3.469446952e-18 0)
(2.775557562e-17 0 0)
(0 3.469446952e-18 0)
(0 0 0)
(0 0 0)
(0 -3.469446952e-18 0)
(0 3.469446952e-18 0)
(0 0 0)
(0 3.469446952e-18 0)
(0 0 0)
(0 0 0)
(0 -3.469446952e-18 0)
(0 -3.469446952e-18 0)
(-1.387778781e-17 0 0)
(0 0 0)
(0 -6.938893904e-18 0)
(0 0 0)
(0 0 0)
(0 0 0)
(4.163336342e-17 0 0)
(0 0 0)
(0 0 0)
(0 0 0)
(0 0 0)
(0 0 0)
(0 6.938893904e-18 0)
(4.163336342e-17 1.387778781e-17 0)
(0 1.387778781e-17 0)
(0 0 0)
(0 0 0)
(0 0 0)
(0 0 0)
(0 0 0)
(0 0 0)
(4.163336342e-17 3.469446952e-17 0)
(0 0 0)
(0 0 0)
(0 0 0)
(0 6.938893904e-18 0)
(0 1.387778781e-17 0)
(0 1.387778781e-17 0)
(0 1.387778781e-17 0)
(1.387778781e-17 -6.938893904e-18 0)
(0 -6.938893904e-18 0)
(0 6.938893904e-18 0)
(0 2.081668171e-17 0)
(0 1.387778781e-17 0)
(0 1.387778781e-17 0)
(0 1.387778781e-17 0)
(0 1.387778781e-17 0)
(0 0 0)
(0 1.387778781e-17 0)
(0 0 0)
(0 0 0)
(0 0 0)
(0 1.387778781e-17 0)
(0 0 0)
(0 1.387778781e-17 0)
(0 -1.387778781e-17 0)
(0 0 0)
(0 0 0)
(0 1.387778781e-17 0)
(0 0 0)
(0 0 0)
(0 0 0)
(0 0 0)
(0 1.387778781e-17 0)
(0 0 0)
(0 0 0)
(0 1.387778781e-17 0)
(0 0 0)
(0 1.387778781e-17 0)
(0 1.387778781e-17 0)
(0 0 0)
(0 1.387778781e-17 0)
(0 0 0)
(0 1.387778781e-17 0)
(0 0 0)
(0 0 0)
(0 0 0)
(0 0 0)
(0 0 0)
(0 1.387778781e-17 0)
(0 1.387778781e-17 0)
(0 0 0)
(0 2.168404345e-19 0)
(0 0 0)
(0 -4.33680869e-19 0)
(0 8.67361738e-19 0)
(0 -8.67361738e-19 0)
(0 8.67361738e-19 0)
(0 0 0)
(0 -1.734723476e-18 0)
(0 1.734723476e-18 0)
(0 -1.734723476e-18 0)
(0 1.734723476e-18 0)
(0 -1.734723476e-18 0)
(0 1.734723476e-18 0)
(0 -1.734723476e-18 0)
(0 1.734723476e-18 0)
(0 3.469446952e-18 0)
(0 0 0)
(0 3.469446952e-18 0)
(0 0 0)
(0 0 0)
(0 -3.469446952e-18 0)
(0 3.469446952e-18 0)
(0 0 0)
(0 3.469446952e-18 0)
(0 0 0)
(0 0 0)
(0 -3.469446952e-18 0)
(0 -3.469446952e-18 0)
(0 0 0)
(0 0 0)
(0 -6.938893904e-18 0)
(0 0 0)
(0 0 0)
(0 0 0)
(4.163336342e-17 0 0)
(0 0 0)
(0 0 0)
(0 0 0)
(0 0 0)
(0 0 0)
(0 6.938893904e-18 0)
(4.163336342e-17 1.387778781e-17 0)
(0 1.387778781e-17 0)
(0 0 0)
(0 0 0)
(0 0 0)
(0 0 0)
(0 0 0)
(0 0 0)
(4.163336342e-17 3.469446952e-17 0)
(0 0 0)
(0 0 0)
(0 0 0)
(0 6.938893904e-18 0)
(0 1.387778781e-17 0)
(0 1.387778781e-17 0)
(0 1.387778781e-17 0)
(0 -6.938893904e-18 0)
(0 -6.938893904e-18 0)
(0 6.938893904e-18 0)
(0 2.081668171e-17 0)
(0 1.387778781e-17 0)
(0 1.387778781e-17 0)
(0 1.387778781e-17 0)
(0 1.387778781e-17 0)
(0 0 0)
(0 1.387778781e-17 0)
(0 0 0)
(0 0 0)
(1.387778781e-17 0 0)
(0 1.387778781e-17 0)
(0 0 0)
(0 1.387778781e-17 0)
(0 -1.387778781e-17 0)
(0 0 0)
(0 0 0)
(0 1.387778781e-17 0)
(0 0 0)
(0 0 0)
(0 0 0)
(0 0 0)
(0 1.387778781e-17 0)
(0 0 0)
(0 0 0)
(1.387778781e-17 1.387778781e-17 0)
(0 0 0)
(0 1.387778781e-17 0)
(0 1.387778781e-17 0)
(0 0 0)
(0 1.387778781e-17 0)
(0 0 0)
(0 1.387778781e-17 0)
(0 0 0)
(0 0 0)
(0 0 0)
(0 0 0)
(0 0 0)
(0 1.387778781e-17 0)
(0 1.387778781e-17 0)
(0 0 0)
(0 2.168404345e-19 0)
(0 0 0)
(0 -4.33680869e-19 0)
(0 8.67361738e-19 0)
(0 -8.67361738e-19 0)
(0 8.67361738e-19 0)
(0 0 0)
(0 -1.734723476e-18 0)
(1.387778781e-17 1.734723476e-18 0)
(0 -1.734723476e-18 0)
(1.387778781e-17 1.734723476e-18 0)
(0 -1.734723476e-18 0)
(1.387778781e-17 1.734723476e-18 0)
(0 -1.734723476e-18 0)
(1.387778781e-17 1.734723476e-18 0)
(1.387778781e-17 3.469446952e-18 0)
(-2.775557562e-17 0 0)
(1.387778781e-17 3.469446952e-18 0)
(1.387778781e-17 0 0)
(1.387778781e-17 0 0)
(-2.775557562e-17 -3.469446952e-18 0)
(1.387778781e-17 3.469446952e-18 0)
(1.387778781e-17 0 0)
(1.387778781e-17 3.469446952e-18 0)
(-2.775557562e-17 0 0)
(1.387778781e-17 0 0)
(1.387778781e-17 -3.469446952e-18 0)
(1.387778781e-17 -3.469446952e-18 0)
(0 0 0)
(1.387778781e-17 0 0)
(1.387778781e-17 -6.938893904e-18 0)
(1.387778781e-17 0 0)
(1.387778781e-17 0 0)
(1.387778781e-17 0 0)
(4.163336342e-17 0 0)
(1.387778781e-17 0 0)
(1.387778781e-17 0 0)
(1.387778781e-17 0 0)
(1.387778781e-17 0 0)
(1.387778781e-17 0 0)
(1.387778781e-17 6.938893904e-18 0)
(2.775557562e-17 1.387778781e-17 0)
(1.387778781e-17 1.387778781e-17 0)
(1.387778781e-17 0 0)
(1.387778781e-17 0 0)
(1.387778781e-17 0 0)
(1.387778781e-17 0 0)
(1.387778781e-17 0 0)
(1.387778781e-17 0 0)
(2.775557562e-17 3.469446952e-17 0)
(1.387778781e-17 0 0)
(1.387778781e-17 0 0)
(1.387778781e-17 0 0)
(1.387778781e-17 6.938893904e-18 0)
(1.387778781e-17 1.387778781e-17 0)
(1.387778781e-17 1.387778781e-17 0)
(1.387778781e-17 1.387778781e-17 0)
(0 -6.938893904e-18 0)
(1.387778781e-17 -6.938893904e-18 0)
(1.387778781e-17 6.938893904e-18 0)
(1.387778781e-17 2.081668171e-17 0)
(1.387778781e-17 1.387778781e-17 0)
(1.387778781e-17 1.387778781e-17 0)
(1.387778781e-17 1.387778781e-17 0)
(1.387778781e-17 1.387778781e-17 0)
(1.387778781e-17 0 0)
(1.387778781e-17 1.387778781e-17 0)
(1.387778781e-17 0 0)
(1.387778781e-17 0 0)
(1.387778781e-17 0 0)
(1.387778781e-17 1.387778781e-17 0)
(1.387778781e-17 0 0)
(1.387778781e-17 1.387778781e-17 0)
(1.387778781e-17 -1.387778781e-17 0)
(1.387778781e-17 0 0)
(1.387778781e-17 0 0)
(1.387778781e-17 1.387778781e-17 0)
(1.387778781e-17 0 0)
(1.387778781e-17 0 0)
(1.387778781e-17 0 0)
(1.387778781e-17 0 0)
(1.387778781e-17 1.387778781e-17 0)
(1.387778781e-17 0 0)
(1.387778781e-17 0 0)
(-1.387778781e-17 1.387778781e-17 0)
(1.387778781e-17 0 0)
(1.387778781e-17 1.387778781e-17 0)
(1.387778781e-17 1.387778781e-17 0)
(1.387778781e-17 0 0)
(1.387778781e-17 1.387778781e-17 0)
(1.387778781e-17 0 0)
(1.387778781e-17 1.387778781e-17 0)
(1.387778781e-17 0 0)
(1.387778781e-17 0 0)
(1.387778781e-17 0 0)
(1.387778781e-17 0 0)
(1.387778781e-17 0 0)
(1.387778781e-17 1.387778781e-17 0)
(1.387778781e-17 1.387778781e-17 0)
(1.387778781e-17 0 0)
(1.387778781e-17 2.168404345e-19 0)
(1.387778781e-17 0 0)
(1.387778781e-17 -4.33680869e-19 0)
(1.387778781e-17 8.67361738e-19 0)
(1.387778781e-17 -8.67361738e-19 0)
(1.387778781e-17 8.67361738e-19 0)
(1.387778781e-17 0 0)
(0 -1.734723476e-18 0)
(1.387778781e-17 1.734723476e-18 0)
(0 -1.734723476e-18 0)
(1.387778781e-17 1.734723476e-18 0)
(0 -1.734723476e-18 0)
(1.387778781e-17 1.734723476e-18 0)
(-1.387778781e-17 -1.734723476e-18 0)
(1.387778781e-17 1.734723476e-18 0)
(1.387778781e-17 3.469446952e-18 0)
(-1.387778781e-17 0 0)
(1.387778781e-17 3.469446952e-18 0)
(1.387778781e-17 0 0)
(1.387778781e-17 0 0)
(-1.387778781e-17 -3.469446952e-18 0)
(1.387778781e-17 3.469446952e-18 0)
(1.387778781e-17 0 0)
(1.387778781e-17 3.469446952e-18 0)
(-1.387778781e-17 0 0)
(1.387778781e-17 0 0)
(1.387778781e-17 -3.469446952e-18 0)
(1.387778781e-17 -3.469446952e-18 0)
(-1.387778781e-17 0 0)
(1.387778781e-17 0 0)
(1.387778781e-17 -6.938893904e-18 0)
(1.387778781e-17 0 0)
(1.387778781e-17 0 0)
(1.387778781e-17 0 0)
(2.775557562e-17 0 0)
(1.387778781e-17 0 0)
(1.387778781e-17 0 0)
(1.387778781e-17 0 0)
(1.387778781e-17 0 0)
(1.387778781e-17 0 0)
(1.387778781e-17 6.938893904e-18 0)
(2.775557562e-17 1.387778781e-17 0)
(1.387778781e-17 1.387778781e-17 0)
(1.387778781e-17 0 0)
(1.387778781e-17 0 0)
(1.387778781e-17 0 0)
(1.387778781e-17 0 0)
(1.387778781e-17 0 0)
(1.387778781e-17 0 0)
(2.775557562e-17 3.469446952e-17 0)
(1.387778781e-17 0 0)
(1.387778781e-17 0 0)
(1.387778781e-17 0 0)
(1.387778781e-17 6.938893904e-18 0)
(1.387778781e-17 1.387778781e-17 0)
(1.387778781e-17 1.387778781e-17 0)
(1.387778781e-17 1.387778781e-17 0)
(1.387778781e-17 -6.938893904e-18 0)
(1.387778781e-17 -6.938893904e-18 0)
(1.387778781e-17 6.938893904e-18 0)
(1.387778781e-17 2.081668171e-17 0)
(1.387778781e-17 1.387778781e-17 0)
(1.387778781e-17 1.387778781e-17 0)
(1.387778781e-17 1.387778781e-17 0)
(1.387778781e-17 1.387778781e-17 0)
(1.387778781e-17 0 0)
(1.387778781e-17 1.387778781e-17 0)
(1.387778781e-17 0 0)
(1.387778781e-17 0 0)
(0 0 0)
(1.387778781e-17 1.387778781e-17 0)
(1.387778781e-17 0 0)
(1.387778781e-17 1.387778781e-17 0)
(1.387778781e-17 -1.387778781e-17 0)
(1.387778781e-17 0 0)
(1.387778781e-17 0 0)
(1.387778781e-17 1.387778781e-17 0)
(1.387778781e-17 0 0)
(1.387778781e-17 0 0)
(1.387778781e-17 0 0)
(1.387778781e-17 0 0)
(1.387778781e-17 1.387778781e-17 0)
(1.387778781e-17 0 0)
(1.387778781e-17 0 0)
(0 1.387778781e-17 0)
(1.387778781e-17 0 0)
(1.387778781e-17 1.387778781e-17 0)
(1.387778781e-17 1.387778781e-17 0)
(1.387778781e-17 0 0)
(1.387778781e-17 1.387778781e-17 0)
(1.387778781e-17 0 0)
(1.387778781e-17 1.387778781e-17 0)
(1.387778781e-17 0 0)
(1.387778781e-17 0 0)
(1.387778781e-17 0 0)
(1.387778781e-17 0 0)
(1.387778781e-17 0 0)
(1.387778781e-17 1.387778781e-17 0)
(1.387778781e-17 1.387778781e-17 0)
)
;
    }
    side1
    {
        type            patch;
        nFaces          100;
        startFace       39900;
    }
    side2
    {
        type            patch;
        nFaces          100;
        startFace       40000;
    }
    side3
    {
        type            patch;
        nFaces          0;
        startFace       40100;
    }
    side4
    {
        type            patch;
        nFaces          100;
        startFace       40100;
    }
)

// ************************************************************************* //
