/*--------------------------------*- C++ -*----------------------------------*\
  =========                 |
  \\      /  F ield         | OpenFOAM: The Open Source CFD Toolbox
   \\    /   O peration     | Website:  https://openfoam.org
    \\  /    A nd           | Version:  7
     \\/     M anipulation  |
\*---------------------------------------------------------------------------*/
FoamFile
{
    version     2.0;
    format      ascii;
    class       labelList;
    note        "nPoints: 51376 nCells: 46875 nFaces: 145000 nInternalFaces: 136250";
    location    "constant/polyMesh";
    object      neighbour;
}
// * * * * * * * * * * * * * * * * * * * * * * * * * * * * * * * * * * * * * //


136250
(
1
25
1875
2
26
1876
3
27
1877
4
28
1878
5
29
1879
6
30
1880
7
31
1881
8
32
1882
9
33
1883
10
34
1884
11
35
1885
12
36
1886
13
37
1887
14
38
1888
15
39
1889
16
40
1890
17
41
1891
18
42
1892
19
43
1893
20
44
1894
21
45
1895
22
46
1896
23
47
1897
24
48
1898
49
1899
26
50
1900
27
51
1901
28
52
1902
29
53
1903
30
54
1904
31
55
1905
32
56
1906
33
57
1907
34
58
1908
35
59
1909
36
60
1910
37
61
1911
38
62
1912
39
63
1913
40
64
1914
41
65
1915
42
66
1916
43
67
1917
44
68
1918
45
69
1919
46
70
1920
47
71
1921
48
72
1922
49
73
1923
74
1924
51
75
1925
52
76
1926
53
77
1927
54
78
1928
55
79
1929
56
80
1930
57
81
1931
58
82
1932
59
83
1933
60
84
1934
61
85
1935
62
86
1936
63
87
1937
64
88
1938
65
89
1939
66
90
1940
67
91
1941
68
92
1942
69
93
1943
70
94
1944
71
95
1945
72
96
1946
73
97
1947
74
98
1948
99
1949
76
100
1950
77
101
1951
78
102
1952
79
103
1953
80
104
1954
81
105
1955
82
106
1956
83
107
1957
84
108
1958
85
109
1959
86
110
1960
87
111
1961
88
112
1962
89
113
1963
90
114
1964
91
115
1965
92
116
1966
93
117
1967
94
118
1968
95
119
1969
96
120
1970
97
121
1971
98
122
1972
99
123
1973
124
1974
101
125
1975
102
126
1976
103
127
1977
104
128
1978
105
129
1979
106
130
1980
107
131
1981
108
132
1982
109
133
1983
110
134
1984
111
135
1985
112
136
1986
113
137
1987
114
138
1988
115
139
1989
116
140
1990
117
141
1991
118
142
1992
119
143
1993
120
144
1994
121
145
1995
122
146
1996
123
147
1997
124
148
1998
149
1999
126
150
2000
127
151
2001
128
152
2002
129
153
2003
130
154
2004
131
155
2005
132
156
2006
133
157
2007
134
158
2008
135
159
2009
136
160
2010
137
161
2011
138
162
2012
139
163
2013
140
164
2014
141
165
2015
142
166
2016
143
167
2017
144
168
2018
145
169
2019
146
170
2020
147
171
2021
148
172
2022
149
173
2023
174
2024
151
175
2025
152
176
2026
153
177
2027
154
178
2028
155
179
2029
156
180
2030
157
181
2031
158
182
2032
159
183
2033
160
184
2034
161
185
2035
162
186
2036
163
187
2037
164
188
2038
165
189
2039
166
190
2040
167
191
2041
168
192
2042
169
193
2043
170
194
2044
171
195
2045
172
196
2046
173
197
2047
174
198
2048
199
2049
176
200
2050
177
201
2051
178
202
2052
179
203
2053
180
204
2054
181
205
2055
182
206
2056
183
207
2057
184
208
2058
185
209
2059
186
210
2060
187
211
2061
188
212
2062
189
213
2063
190
214
2064
191
215
2065
192
216
2066
193
217
2067
194
218
2068
195
219
2069
196
220
2070
197
221
2071
198
222
2072
199
223
2073
224
2074
201
225
2075
202
226
2076
203
227
2077
204
228
2078
205
229
2079
206
230
2080
207
231
2081
208
232
2082
209
233
2083
210
234
2084
211
235
2085
212
236
2086
213
237
2087
214
238
2088
215
239
2089
216
240
2090
217
241
2091
218
242
2092
219
243
2093
220
244
2094
221
245
2095
222
246
2096
223
247
2097
224
248
2098
249
2099
226
250
2100
227
251
2101
228
252
2102
229
253
2103
230
254
2104
231
255
2105
232
256
2106
233
257
2107
234
258
2108
235
259
2109
236
260
2110
237
261
2111
238
262
2112
239
263
2113
240
264
2114
241
265
2115
242
266
2116
243
267
2117
244
268
2118
245
269
2119
246
270
2120
247
271
2121
248
272
2122
249
273
2123
274
2124
251
275
2125
252
276
2126
253
277
2127
254
278
2128
255
279
2129
256
280
2130
257
281
2131
258
282
2132
259
283
2133
260
284
2134
261
285
2135
262
286
2136
263
287
2137
264
288
2138
265
289
2139
266
290
2140
267
291
2141
268
292
2142
269
293
2143
270
294
2144
271
295
2145
272
296
2146
273
297
2147
274
298
2148
299
2149
276
300
2150
277
301
2151
278
302
2152
279
303
2153
280
304
2154
281
305
2155
282
306
2156
283
307
2157
284
308
2158
285
309
2159
286
310
2160
287
311
2161
288
312
2162
289
313
2163
290
314
2164
291
315
2165
292
316
2166
293
317
2167
294
318
2168
295
319
2169
296
320
2170
297
321
2171
298
322
2172
299
323
2173
324
2174
301
325
2175
302
326
2176
303
327
2177
304
328
2178
305
329
2179
306
330
2180
307
331
2181
308
332
2182
309
333
2183
310
334
2184
311
335
2185
312
336
2186
313
337
2187
314
338
2188
315
339
2189
316
340
2190
317
341
2191
318
342
2192
319
343
2193
320
344
2194
321
345
2195
322
346
2196
323
347
2197
324
348
2198
349
2199
326
350
2200
327
351
2201
328
352
2202
329
353
2203
330
354
2204
331
355
2205
332
356
2206
333
357
2207
334
358
2208
335
359
2209
336
360
2210
337
361
2211
338
362
2212
339
363
2213
340
364
2214
341
365
2215
342
366
2216
343
367
2217
344
368
2218
345
369
2219
346
370
2220
347
371
2221
348
372
2222
349
373
2223
374
2224
351
375
2225
352
376
2226
353
377
2227
354
378
2228
355
379
2229
356
380
2230
357
381
2231
358
382
2232
359
383
2233
360
384
2234
361
385
2235
362
386
2236
363
387
2237
364
388
2238
365
389
2239
366
390
2240
367
391
2241
368
392
2242
369
393
2243
370
394
2244
371
395
2245
372
396
2246
373
397
2247
374
398
2248
399
2249
376
400
2250
377
401
2251
378
402
2252
379
403
2253
380
404
2254
381
405
2255
382
406
2256
383
407
2257
384
408
2258
385
409
2259
386
410
2260
387
411
2261
388
412
2262
389
413
2263
390
414
2264
391
415
2265
392
416
2266
393
417
2267
394
418
2268
395
419
2269
396
420
2270
397
421
2271
398
422
2272
399
423
2273
424
2274
401
425
2275
402
426
2276
403
427
2277
404
428
2278
405
429
2279
406
430
2280
407
431
2281
408
432
2282
409
433
2283
410
434
2284
411
435
2285
412
436
2286
413
437
2287
414
438
2288
415
439
2289
416
440
2290
417
441
2291
418
442
2292
419
443
2293
420
444
2294
421
445
2295
422
446
2296
423
447
2297
424
448
2298
449
2299
426
450
2300
427
451
2301
428
452
2302
429
453
2303
430
454
2304
431
455
2305
432
456
2306
433
457
2307
434
458
2308
435
459
2309
436
460
2310
437
461
2311
438
462
2312
439
463
2313
440
464
2314
441
465
2315
442
466
2316
443
467
2317
444
468
2318
445
469
2319
446
470
2320
447
471
2321
448
472
2322
449
473
2323
474
2324
451
475
2325
452
476
2326
453
477
2327
454
478
2328
455
479
2329
456
480
2330
457
481
2331
458
482
2332
459
483
2333
460
484
2334
461
485
2335
462
486
2336
463
487
2337
464
488
2338
465
489
2339
466
490
2340
467
491
2341
468
492
2342
469
493
2343
470
494
2344
471
495
2345
472
496
2346
473
497
2347
474
498
2348
499
2349
476
500
2350
477
501
2351
478
502
2352
479
503
2353
480
504
2354
481
505
2355
482
506
2356
483
507
2357
484
508
2358
485
509
2359
486
510
2360
487
511
2361
488
512
2362
489
513
2363
490
514
2364
491
515
2365
492
516
2366
493
517
2367
494
518
2368
495
519
2369
496
520
2370
497
521
2371
498
522
2372
499
523
2373
524
2374
501
525
2375
502
526
2376
503
527
2377
504
528
2378
505
529
2379
506
530
2380
507
531
2381
508
532
2382
509
533
2383
510
534
2384
511
535
2385
512
536
2386
513
537
2387
514
538
2388
515
539
2389
516
540
2390
517
541
2391
518
542
2392
519
543
2393
520
544
2394
521
545
2395
522
546
2396
523
547
2397
524
548
2398
549
2399
526
550
2400
527
551
2401
528
552
2402
529
553
2403
530
554
2404
531
555
2405
532
556
2406
533
557
2407
534
558
2408
535
559
2409
536
560
2410
537
561
2411
538
562
2412
539
563
2413
540
564
2414
541
565
2415
542
566
2416
543
567
2417
544
568
2418
545
569
2419
546
570
2420
547
571
2421
548
572
2422
549
573
2423
574
2424
551
575
2425
552
576
2426
553
577
2427
554
578
2428
555
579
2429
556
580
2430
557
581
2431
558
582
2432
559
583
2433
560
584
2434
561
585
2435
562
586
2436
563
587
2437
564
588
2438
565
589
2439
566
590
2440
567
591
2441
568
592
2442
569
593
2443
570
594
2444
571
595
2445
572
596
2446
573
597
2447
574
598
2448
599
2449
576
600
2450
577
601
2451
578
602
2452
579
603
2453
580
604
2454
581
605
2455
582
606
2456
583
607
2457
584
608
2458
585
609
2459
586
610
2460
587
611
2461
588
612
2462
589
613
2463
590
614
2464
591
615
2465
592
616
2466
593
617
2467
594
618
2468
595
619
2469
596
620
2470
597
621
2471
598
622
2472
599
623
2473
624
2474
601
625
2475
602
626
2476
603
627
2477
604
628
2478
605
629
2479
606
630
2480
607
631
2481
608
632
2482
609
633
2483
610
634
2484
611
635
2485
612
636
2486
613
637
2487
614
638
2488
615
639
2489
616
640
2490
617
641
2491
618
642
2492
619
643
2493
620
644
2494
621
645
2495
622
646
2496
623
647
2497
624
648
2498
649
2499
626
650
2500
627
651
2501
628
652
2502
629
653
2503
630
654
2504
631
655
2505
632
656
2506
633
657
2507
634
658
2508
635
659
2509
636
660
2510
637
661
2511
638
662
2512
639
663
2513
640
664
2514
641
665
2515
642
666
2516
643
667
2517
644
668
2518
645
669
2519
646
670
2520
647
671
2521
648
672
2522
649
673
2523
674
2524
651
675
2525
652
676
2526
653
677
2527
654
678
2528
655
679
2529
656
680
2530
657
681
2531
658
682
2532
659
683
2533
660
684
2534
661
685
2535
662
686
2536
663
687
2537
664
688
2538
665
689
2539
666
690
2540
667
691
2541
668
692
2542
669
693
2543
670
694
2544
671
695
2545
672
696
2546
673
697
2547
674
698
2548
699
2549
676
700
2550
677
701
2551
678
702
2552
679
703
2553
680
704
2554
681
705
2555
682
706
2556
683
707
2557
684
708
2558
685
709
2559
686
710
2560
687
711
2561
688
712
2562
689
713
2563
690
714
2564
691
715
2565
692
716
2566
693
717
2567
694
718
2568
695
719
2569
696
720
2570
697
721
2571
698
722
2572
699
723
2573
724
2574
701
725
2575
702
726
2576
703
727
2577
704
728
2578
705
729
2579
706
730
2580
707
731
2581
708
732
2582
709
733
2583
710
734
2584
711
735
2585
712
736
2586
713
737
2587
714
738
2588
715
739
2589
716
740
2590
717
741
2591
718
742
2592
719
743
2593
720
744
2594
721
745
2595
722
746
2596
723
747
2597
724
748
2598
749
2599
726
750
2600
727
751
2601
728
752
2602
729
753
2603
730
754
2604
731
755
2605
732
756
2606
733
757
2607
734
758
2608
735
759
2609
736
760
2610
737
761
2611
738
762
2612
739
763
2613
740
764
2614
741
765
2615
742
766
2616
743
767
2617
744
768
2618
745
769
2619
746
770
2620
747
771
2621
748
772
2622
749
773
2623
774
2624
751
775
2625
752
776
2626
753
777
2627
754
778
2628
755
779
2629
756
780
2630
757
781
2631
758
782
2632
759
783
2633
760
784
2634
761
785
2635
762
786
2636
763
787
2637
764
788
2638
765
789
2639
766
790
2640
767
791
2641
768
792
2642
769
793
2643
770
794
2644
771
795
2645
772
796
2646
773
797
2647
774
798
2648
799
2649
776
800
2650
777
801
2651
778
802
2652
779
803
2653
780
804
2654
781
805
2655
782
806
2656
783
807
2657
784
808
2658
785
809
2659
786
810
2660
787
811
2661
788
812
2662
789
813
2663
790
814
2664
791
815
2665
792
816
2666
793
817
2667
794
818
2668
795
819
2669
796
820
2670
797
821
2671
798
822
2672
799
823
2673
824
2674
801
825
2675
802
826
2676
803
827
2677
804
828
2678
805
829
2679
806
830
2680
807
831
2681
808
832
2682
809
833
2683
810
834
2684
811
835
2685
812
836
2686
813
837
2687
814
838
2688
815
839
2689
816
840
2690
817
841
2691
818
842
2692
819
843
2693
820
844
2694
821
845
2695
822
846
2696
823
847
2697
824
848
2698
849
2699
826
850
2700
827
851
2701
828
852
2702
829
853
2703
830
854
2704
831
855
2705
832
856
2706
833
857
2707
834
858
2708
835
859
2709
836
860
2710
837
861
2711
838
862
2712
839
863
2713
840
864
2714
841
865
2715
842
866
2716
843
867
2717
844
868
2718
845
869
2719
846
870
2720
847
871
2721
848
872
2722
849
873
2723
874
2724
851
875
2725
852
876
2726
853
877
2727
854
878
2728
855
879
2729
856
880
2730
857
881
2731
858
882
2732
859
883
2733
860
884
2734
861
885
2735
862
886
2736
863
887
2737
864
888
2738
865
889
2739
866
890
2740
867
891
2741
868
892
2742
869
893
2743
870
894
2744
871
895
2745
872
896
2746
873
897
2747
874
898
2748
899
2749
876
900
2750
877
901
2751
878
902
2752
879
903
2753
880
904
2754
881
905
2755
882
906
2756
883
907
2757
884
908
2758
885
909
2759
886
910
2760
887
911
2761
888
912
2762
889
913
2763
890
914
2764
891
915
2765
892
916
2766
893
917
2767
894
918
2768
895
919
2769
896
920
2770
897
921
2771
898
922
2772
899
923
2773
924
2774
901
925
2775
902
926
2776
903
927
2777
904
928
2778
905
929
2779
906
930
2780
907
931
2781
908
932
2782
909
933
2783
910
934
2784
911
935
2785
912
936
2786
913
937
2787
914
938
2788
915
939
2789
916
940
2790
917
941
2791
918
942
2792
919
943
2793
920
944
2794
921
945
2795
922
946
2796
923
947
2797
924
948
2798
949
2799
926
950
2800
927
951
2801
928
952
2802
929
953
2803
930
954
2804
931
955
2805
932
956
2806
933
957
2807
934
958
2808
935
959
2809
936
960
2810
937
961
2811
938
962
2812
939
963
2813
940
964
2814
941
965
2815
942
966
2816
943
967
2817
944
968
2818
945
969
2819
946
970
2820
947
971
2821
948
972
2822
949
973
2823
974
2824
951
975
2825
952
976
2826
953
977
2827
954
978
2828
955
979
2829
956
980
2830
957
981
2831
958
982
2832
959
983
2833
960
984
2834
961
985
2835
962
986
2836
963
987
2837
964
988
2838
965
989
2839
966
990
2840
967
991
2841
968
992
2842
969
993
2843
970
994
2844
971
995
2845
972
996
2846
973
997
2847
974
998
2848
999
2849
976
1000
2850
977
1001
2851
978
1002
2852
979
1003
2853
980
1004
2854
981
1005
2855
982
1006
2856
983
1007
2857
984
1008
2858
985
1009
2859
986
1010
2860
987
1011
2861
988
1012
2862
989
1013
2863
990
1014
2864
991
1015
2865
992
1016
2866
993
1017
2867
994
1018
2868
995
1019
2869
996
1020
2870
997
1021
2871
998
1022
2872
999
1023
2873
1024
2874
1001
1025
2875
1002
1026
2876
1003
1027
2877
1004
1028
2878
1005
1029
2879
1006
1030
2880
1007
1031
2881
1008
1032
2882
1009
1033
2883
1010
1034
2884
1011
1035
2885
1012
1036
2886
1013
1037
2887
1014
1038
2888
1015
1039
2889
1016
1040
2890
1017
1041
2891
1018
1042
2892
1019
1043
2893
1020
1044
2894
1021
1045
2895
1022
1046
2896
1023
1047
2897
1024
1048
2898
1049
2899
1026
1050
2900
1027
1051
2901
1028
1052
2902
1029
1053
2903
1030
1054
2904
1031
1055
2905
1032
1056
2906
1033
1057
2907
1034
1058
2908
1035
1059
2909
1036
1060
2910
1037
1061
2911
1038
1062
2912
1039
1063
2913
1040
1064
2914
1041
1065
2915
1042
1066
2916
1043
1067
2917
1044
1068
2918
1045
1069
2919
1046
1070
2920
1047
1071
2921
1048
1072
2922
1049
1073
2923
1074
2924
1051
1075
2925
1052
1076
2926
1053
1077
2927
1054
1078
2928
1055
1079
2929
1056
1080
2930
1057
1081
2931
1058
1082
2932
1059
1083
2933
1060
1084
2934
1061
1085
2935
1062
1086
2936
1063
1087
2937
1064
1088
2938
1065
1089
2939
1066
1090
2940
1067
1091
2941
1068
1092
2942
1069
1093
2943
1070
1094
2944
1071
1095
2945
1072
1096
2946
1073
1097
2947
1074
1098
2948
1099
2949
1076
1100
2950
1077
1101
2951
1078
1102
2952
1079
1103
2953
1080
1104
2954
1081
1105
2955
1082
1106
2956
1083
1107
2957
1084
1108
2958
1085
1109
2959
1086
1110
2960
1087
1111
2961
1088
1112
2962
1089
1113
2963
1090
1114
2964
1091
1115
2965
1092
1116
2966
1093
1117
2967
1094
1118
2968
1095
1119
2969
1096
1120
2970
1097
1121
2971
1098
1122
2972
1099
1123
2973
1124
2974
1101
1125
2975
1102
1126
2976
1103
1127
2977
1104
1128
2978
1105
1129
2979
1106
1130
2980
1107
1131
2981
1108
1132
2982
1109
1133
2983
1110
1134
2984
1111
1135
2985
1112
1136
2986
1113
1137
2987
1114
1138
2988
1115
1139
2989
1116
1140
2990
1117
1141
2991
1118
1142
2992
1119
1143
2993
1120
1144
2994
1121
1145
2995
1122
1146
2996
1123
1147
2997
1124
1148
2998
1149
2999
1126
1150
3000
1127
1151
3001
1128
1152
3002
1129
1153
3003
1130
1154
3004
1131
1155
3005
1132
1156
3006
1133
1157
3007
1134
1158
3008
1135
1159
3009
1136
1160
3010
1137
1161
3011
1138
1162
3012
1139
1163
3013
1140
1164
3014
1141
1165
3015
1142
1166
3016
1143
1167
3017
1144
1168
3018
1145
1169
3019
1146
1170
3020
1147
1171
3021
1148
1172
3022
1149
1173
3023
1174
3024
1151
1175
3025
1152
1176
3026
1153
1177
3027
1154
1178
3028
1155
1179
3029
1156
1180
3030
1157
1181
3031
1158
1182
3032
1159
1183
3033
1160
1184
3034
1161
1185
3035
1162
1186
3036
1163
1187
3037
1164
1188
3038
1165
1189
3039
1166
1190
3040
1167
1191
3041
1168
1192
3042
1169
1193
3043
1170
1194
3044
1171
1195
3045
1172
1196
3046
1173
1197
3047
1174
1198
3048
1199
3049
1176
1200
3050
1177
1201
3051
1178
1202
3052
1179
1203
3053
1180
1204
3054
1181
1205
3055
1182
1206
3056
1183
1207
3057
1184
1208
3058
1185
1209
3059
1186
1210
3060
1187
1211
3061
1188
1212
3062
1189
1213
3063
1190
1214
3064
1191
1215
3065
1192
1216
3066
1193
1217
3067
1194
1218
3068
1195
1219
3069
1196
1220
3070
1197
1221
3071
1198
1222
3072
1199
1223
3073
1224
3074
1201
1225
3075
1202
1226
3076
1203
1227
3077
1204
1228
3078
1205
1229
3079
1206
1230
3080
1207
1231
3081
1208
1232
3082
1209
1233
3083
1210
1234
3084
1211
1235
3085
1212
1236
3086
1213
1237
3087
1214
1238
3088
1215
1239
3089
1216
1240
3090
1217
1241
3091
1218
1242
3092
1219
1243
3093
1220
1244
3094
1221
1245
3095
1222
1246
3096
1223
1247
3097
1224
1248
3098
1249
3099
1226
1250
3100
1227
1251
3101
1228
1252
3102
1229
1253
3103
1230
1254
3104
1231
1255
3105
1232
1256
3106
1233
1257
3107
1234
1258
3108
1235
1259
3109
1236
1260
3110
1237
1261
3111
1238
1262
3112
1239
1263
3113
1240
1264
3114
1241
1265
3115
1242
1266
3116
1243
1267
3117
1244
1268
3118
1245
1269
3119
1246
1270
3120
1247
1271
3121
1248
1272
3122
1249
1273
3123
1274
3124
1251
1275
3125
1252
1276
3126
1253
1277
3127
1254
1278
3128
1255
1279
3129
1256
1280
3130
1257
1281
3131
1258
1282
3132
1259
1283
3133
1260
1284
3134
1261
1285
3135
1262
1286
3136
1263
1287
3137
1264
1288
3138
1265
1289
3139
1266
1290
3140
1267
1291
3141
1268
1292
3142
1269
1293
3143
1270
1294
3144
1271
1295
3145
1272
1296
3146
1273
1297
3147
1274
1298
3148
1299
3149
1276
1300
3150
1277
1301
3151
1278
1302
3152
1279
1303
3153
1280
1304
3154
1281
1305
3155
1282
1306
3156
1283
1307
3157
1284
1308
3158
1285
1309
3159
1286
1310
3160
1287
1311
3161
1288
1312
3162
1289
1313
3163
1290
1314
3164
1291
1315
3165
1292
1316
3166
1293
1317
3167
1294
1318
3168
1295
1319
3169
1296
1320
3170
1297
1321
3171
1298
1322
3172
1299
1323
3173
1324
3174
1301
1325
3175
1302
1326
3176
1303
1327
3177
1304
1328
3178
1305
1329
3179
1306
1330
3180
1307
1331
3181
1308
1332
3182
1309
1333
3183
1310
1334
3184
1311
1335
3185
1312
1336
3186
1313
1337
3187
1314
1338
3188
1315
1339
3189
1316
1340
3190
1317
1341
3191
1318
1342
3192
1319
1343
3193
1320
1344
3194
1321
1345
3195
1322
1346
3196
1323
1347
3197
1324
1348
3198
1349
3199
1326
1350
3200
1327
1351
3201
1328
1352
3202
1329
1353
3203
1330
1354
3204
1331
1355
3205
1332
1356
3206
1333
1357
3207
1334
1358
3208
1335
1359
3209
1336
1360
3210
1337
1361
3211
1338
1362
3212
1339
1363
3213
1340
1364
3214
1341
1365
3215
1342
1366
3216
1343
1367
3217
1344
1368
3218
1345
1369
3219
1346
1370
3220
1347
1371
3221
1348
1372
3222
1349
1373
3223
1374
3224
1351
1375
3225
1352
1376
3226
1353
1377
3227
1354
1378
3228
1355
1379
3229
1356
1380
3230
1357
1381
3231
1358
1382
3232
1359
1383
3233
1360
1384
3234
1361
1385
3235
1362
1386
3236
1363
1387
3237
1364
1388
3238
1365
1389
3239
1366
1390
3240
1367
1391
3241
1368
1392
3242
1369
1393
3243
1370
1394
3244
1371
1395
3245
1372
1396
3246
1373
1397
3247
1374
1398
3248
1399
3249
1376
1400
3250
1377
1401
3251
1378
1402
3252
1379
1403
3253
1380
1404
3254
1381
1405
3255
1382
1406
3256
1383
1407
3257
1384
1408
3258
1385
1409
3259
1386
1410
3260
1387
1411
3261
1388
1412
3262
1389
1413
3263
1390
1414
3264
1391
1415
3265
1392
1416
3266
1393
1417
3267
1394
1418
3268
1395
1419
3269
1396
1420
3270
1397
1421
3271
1398
1422
3272
1399
1423
3273
1424
3274
1401
1425
3275
1402
1426
3276
1403
1427
3277
1404
1428
3278
1405
1429
3279
1406
1430
3280
1407
1431
3281
1408
1432
3282
1409
1433
3283
1410
1434
3284
1411
1435
3285
1412
1436
3286
1413
1437
3287
1414
1438
3288
1415
1439
3289
1416
1440
3290
1417
1441
3291
1418
1442
3292
1419
1443
3293
1420
1444
3294
1421
1445
3295
1422
1446
3296
1423
1447
3297
1424
1448
3298
1449
3299
1426
1450
3300
1427
1451
3301
1428
1452
3302
1429
1453
3303
1430
1454
3304
1431
1455
3305
1432
1456
3306
1433
1457
3307
1434
1458
3308
1435
1459
3309
1436
1460
3310
1437
1461
3311
1438
1462
3312
1439
1463
3313
1440
1464
3314
1441
1465
3315
1442
1466
3316
1443
1467
3317
1444
1468
3318
1445
1469
3319
1446
1470
3320
1447
1471
3321
1448
1472
3322
1449
1473
3323
1474
3324
1451
1475
3325
1452
1476
3326
1453
1477
3327
1454
1478
3328
1455
1479
3329
1456
1480
3330
1457
1481
3331
1458
1482
3332
1459
1483
3333
1460
1484
3334
1461
1485
3335
1462
1486
3336
1463
1487
3337
1464
1488
3338
1465
1489
3339
1466
1490
3340
1467
1491
3341
1468
1492
3342
1469
1493
3343
1470
1494
3344
1471
1495
3345
1472
1496
3346
1473
1497
3347
1474
1498
3348
1499
3349
1476
1500
3350
1477
1501
3351
1478
1502
3352
1479
1503
3353
1480
1504
3354
1481
1505
3355
1482
1506
3356
1483
1507
3357
1484
1508
3358
1485
1509
3359
1486
1510
3360
1487
1511
3361
1488
1512
3362
1489
1513
3363
1490
1514
3364
1491
1515
3365
1492
1516
3366
1493
1517
3367
1494
1518
3368
1495
1519
3369
1496
1520
3370
1497
1521
3371
1498
1522
3372
1499
1523
3373
1524
3374
1501
1525
3375
1502
1526
3376
1503
1527
3377
1504
1528
3378
1505
1529
3379
1506
1530
3380
1507
1531
3381
1508
1532
3382
1509
1533
3383
1510
1534
3384
1511
1535
3385
1512
1536
3386
1513
1537
3387
1514
1538
3388
1515
1539
3389
1516
1540
3390
1517
1541
3391
1518
1542
3392
1519
1543
3393
1520
1544
3394
1521
1545
3395
1522
1546
3396
1523
1547
3397
1524
1548
3398
1549
3399
1526
1550
3400
1527
1551
3401
1528
1552
3402
1529
1553
3403
1530
1554
3404
1531
1555
3405
1532
1556
3406
1533
1557
3407
1534
1558
3408
1535
1559
3409
1536
1560
3410
1537
1561
3411
1538
1562
3412
1539
1563
3413
1540
1564
3414
1541
1565
3415
1542
1566
3416
1543
1567
3417
1544
1568
3418
1545
1569
3419
1546
1570
3420
1547
1571
3421
1548
1572
3422
1549
1573
3423
1574
3424
1551
1575
3425
1552
1576
3426
1553
1577
3427
1554
1578
3428
1555
1579
3429
1556
1580
3430
1557
1581
3431
1558
1582
3432
1559
1583
3433
1560
1584
3434
1561
1585
3435
1562
1586
3436
1563
1587
3437
1564
1588
3438
1565
1589
3439
1566
1590
3440
1567
1591
3441
1568
1592
3442
1569
1593
3443
1570
1594
3444
1571
1595
3445
1572
1596
3446
1573
1597
3447
1574
1598
3448
1599
3449
1576
1600
3450
1577
1601
3451
1578
1602
3452
1579
1603
3453
1580
1604
3454
1581
1605
3455
1582
1606
3456
1583
1607
3457
1584
1608
3458
1585
1609
3459
1586
1610
3460
1587
1611
3461
1588
1612
3462
1589
1613
3463
1590
1614
3464
1591
1615
3465
1592
1616
3466
1593
1617
3467
1594
1618
3468
1595
1619
3469
1596
1620
3470
1597
1621
3471
1598
1622
3472
1599
1623
3473
1624
3474
1601
1625
3475
1602
1626
3476
1603
1627
3477
1604
1628
3478
1605
1629
3479
1606
1630
3480
1607
1631
3481
1608
1632
3482
1609
1633
3483
1610
1634
3484
1611
1635
3485
1612
1636
3486
1613
1637
3487
1614
1638
3488
1615
1639
3489
1616
1640
3490
1617
1641
3491
1618
1642
3492
1619
1643
3493
1620
1644
3494
1621
1645
3495
1622
1646
3496
1623
1647
3497
1624
1648
3498
1649
3499
1626
1650
3500
1627
1651
3501
1628
1652
3502
1629
1653
3503
1630
1654
3504
1631
1655
3505
1632
1656
3506
1633
1657
3507
1634
1658
3508
1635
1659
3509
1636
1660
3510
1637
1661
3511
1638
1662
3512
1639
1663
3513
1640
1664
3514
1641
1665
3515
1642
1666
3516
1643
1667
3517
1644
1668
3518
1645
1669
3519
1646
1670
3520
1647
1671
3521
1648
1672
3522
1649
1673
3523
1674
3524
1651
1675
3525
1652
1676
3526
1653
1677
3527
1654
1678
3528
1655
1679
3529
1656
1680
3530
1657
1681
3531
1658
1682
3532
1659
1683
3533
1660
1684
3534
1661
1685
3535
1662
1686
3536
1663
1687
3537
1664
1688
3538
1665
1689
3539
1666
1690
3540
1667
1691
3541
1668
1692
3542
1669
1693
3543
1670
1694
3544
1671
1695
3545
1672
1696
3546
1673
1697
3547
1674
1698
3548
1699
3549
1676
1700
3550
1677
1701
3551
1678
1702
3552
1679
1703
3553
1680
1704
3554
1681
1705
3555
1682
1706
3556
1683
1707
3557
1684
1708
3558
1685
1709
3559
1686
1710
3560
1687
1711
3561
1688
1712
3562
1689
1713
3563
1690
1714
3564
1691
1715
3565
1692
1716
3566
1693
1717
3567
1694
1718
3568
1695
1719
3569
1696
1720
3570
1697
1721
3571
1698
1722
3572
1699
1723
3573
1724
3574
1701
1725
3575
1702
1726
3576
1703
1727
3577
1704
1728
3578
1705
1729
3579
1706
1730
3580
1707
1731
3581
1708
1732
3582
1709
1733
3583
1710
1734
3584
1711
1735
3585
1712
1736
3586
1713
1737
3587
1714
1738
3588
1715
1739
3589
1716
1740
3590
1717
1741
3591
1718
1742
3592
1719
1743
3593
1720
1744
3594
1721
1745
3595
1722
1746
3596
1723
1747
3597
1724
1748
3598
1749
3599
1726
1750
3600
1727
1751
3601
1728
1752
3602
1729
1753
3603
1730
1754
3604
1731
1755
3605
1732
1756
3606
1733
1757
3607
1734
1758
3608
1735
1759
3609
1736
1760
3610
1737
1761
3611
1738
1762
3612
1739
1763
3613
1740
1764
3614
1741
1765
3615
1742
1766
3616
1743
1767
3617
1744
1768
3618
1745
1769
3619
1746
1770
3620
1747
1771
3621
1748
1772
3622
1749
1773
3623
1774
3624
1751
1775
3625
1752
1776
3626
1753
1777
3627
1754
1778
3628
1755
1779
3629
1756
1780
3630
1757
1781
3631
1758
1782
3632
1759
1783
3633
1760
1784
3634
1761
1785
3635
1762
1786
3636
1763
1787
3637
1764
1788
3638
1765
1789
3639
1766
1790
3640
1767
1791
3641
1768
1792
3642
1769
1793
3643
1770
1794
3644
1771
1795
3645
1772
1796
3646
1773
1797
3647
1774
1798
3648
1799
3649
1776
1800
3650
1777
1801
3651
1778
1802
3652
1779
1803
3653
1780
1804
3654
1781
1805
3655
1782
1806
3656
1783
1807
3657
1784
1808
3658
1785
1809
3659
1786
1810
3660
1787
1811
3661
1788
1812
3662
1789
1813
3663
1790
1814
3664
1791
1815
3665
1792
1816
3666
1793
1817
3667
1794
1818
3668
1795
1819
3669
1796
1820
3670
1797
1821
3671
1798
1822
3672
1799
1823
3673
1824
3674
1801
1825
3675
1802
1826
3676
1803
1827
3677
1804
1828
3678
1805
1829
3679
1806
1830
3680
1807
1831
3681
1808
1832
3682
1809
1833
3683
1810
1834
3684
1811
1835
3685
1812
1836
3686
1813
1837
3687
1814
1838
3688
1815
1839
3689
1816
1840
3690
1817
1841
3691
1818
1842
3692
1819
1843
3693
1820
1844
3694
1821
1845
3695
1822
1846
3696
1823
1847
3697
1824
1848
3698
1849
3699
1826
1850
3700
1827
1851
3701
1828
1852
3702
1829
1853
3703
1830
1854
3704
1831
1855
3705
1832
1856
3706
1833
1857
3707
1834
1858
3708
1835
1859
3709
1836
1860
3710
1837
1861
3711
1838
1862
3712
1839
1863
3713
1840
1864
3714
1841
1865
3715
1842
1866
3716
1843
1867
3717
1844
1868
3718
1845
1869
3719
1846
1870
3720
1847
1871
3721
1848
1872
3722
1849
1873
3723
1874
3724
1851
3725
1852
3726
1853
3727
1854
3728
1855
3729
1856
3730
1857
3731
1858
3732
1859
3733
1860
3734
1861
3735
1862
3736
1863
3737
1864
3738
1865
3739
1866
3740
1867
3741
1868
3742
1869
3743
1870
3744
1871
3745
1872
3746
1873
3747
1874
3748
3749
1876
1900
3750
1877
1901
3751
1878
1902
3752
1879
1903
3753
1880
1904
3754
1881
1905
3755
1882
1906
3756
1883
1907
3757
1884
1908
3758
1885
1909
3759
1886
1910
3760
1887
1911
3761
1888
1912
3762
1889
1913
3763
1890
1914
3764
1891
1915
3765
1892
1916
3766
1893
1917
3767
1894
1918
3768
1895
1919
3769
1896
1920
3770
1897
1921
3771
1898
1922
3772
1899
1923
3773
1924
3774
1901
1925
3775
1902
1926
3776
1903
1927
3777
1904
1928
3778
1905
1929
3779
1906
1930
3780
1907
1931
3781
1908
1932
3782
1909
1933
3783
1910
1934
3784
1911
1935
3785
1912
1936
3786
1913
1937
3787
1914
1938
3788
1915
1939
3789
1916
1940
3790
1917
1941
3791
1918
1942
3792
1919
1943
3793
1920
1944
3794
1921
1945
3795
1922
1946
3796
1923
1947
3797
1924
1948
3798
1949
3799
1926
1950
3800
1927
1951
3801
1928
1952
3802
1929
1953
3803
1930
1954
3804
1931
1955
3805
1932
1956
3806
1933
1957
3807
1934
1958
3808
1935
1959
3809
1936
1960
3810
1937
1961
3811
1938
1962
3812
1939
1963
3813
1940
1964
3814
1941
1965
3815
1942
1966
3816
1943
1967
3817
1944
1968
3818
1945
1969
3819
1946
1970
3820
1947
1971
3821
1948
1972
3822
1949
1973
3823
1974
3824
1951
1975
3825
1952
1976
3826
1953
1977
3827
1954
1978
3828
1955
1979
3829
1956
1980
3830
1957
1981
3831
1958
1982
3832
1959
1983
3833
1960
1984
3834
1961
1985
3835
1962
1986
3836
1963
1987
3837
1964
1988
3838
1965
1989
3839
1966
1990
3840
1967
1991
3841
1968
1992
3842
1969
1993
3843
1970
1994
3844
1971
1995
3845
1972
1996
3846
1973
1997
3847
1974
1998
3848
1999
3849
1976
2000
3850
1977
2001
3851
1978
2002
3852
1979
2003
3853
1980
2004
3854
1981
2005
3855
1982
2006
3856
1983
2007
3857
1984
2008
3858
1985
2009
3859
1986
2010
3860
1987
2011
3861
1988
2012
3862
1989
2013
3863
1990
2014
3864
1991
2015
3865
1992
2016
3866
1993
2017
3867
1994
2018
3868
1995
2019
3869
1996
2020
3870
1997
2021
3871
1998
2022
3872
1999
2023
3873
2024
3874
2001
2025
3875
2002
2026
3876
2003
2027
3877
2004
2028
3878
2005
2029
3879
2006
2030
3880
2007
2031
3881
2008
2032
3882
2009
2033
3883
2010
2034
3884
2011
2035
3885
2012
2036
3886
2013
2037
3887
2014
2038
3888
2015
2039
3889
2016
2040
3890
2017
2041
3891
2018
2042
3892
2019
2043
3893
2020
2044
3894
2021
2045
3895
2022
2046
3896
2023
2047
3897
2024
2048
3898
2049
3899
2026
2050
3900
2027
2051
3901
2028
2052
3902
2029
2053
3903
2030
2054
3904
2031
2055
3905
2032
2056
3906
2033
2057
3907
2034
2058
3908
2035
2059
3909
2036
2060
3910
2037
2061
3911
2038
2062
3912
2039
2063
3913
2040
2064
3914
2041
2065
3915
2042
2066
3916
2043
2067
3917
2044
2068
3918
2045
2069
3919
2046
2070
3920
2047
2071
3921
2048
2072
3922
2049
2073
3923
2074
3924
2051
2075
3925
2052
2076
3926
2053
2077
3927
2054
2078
3928
2055
2079
3929
2056
2080
3930
2057
2081
3931
2058
2082
3932
2059
2083
3933
2060
2084
3934
2061
2085
3935
2062
2086
3936
2063
2087
3937
2064
2088
3938
2065
2089
3939
2066
2090
3940
2067
2091
3941
2068
2092
3942
2069
2093
3943
2070
2094
3944
2071
2095
3945
2072
2096
3946
2073
2097
3947
2074
2098
3948
2099
3949
2076
2100
3950
2077
2101
3951
2078
2102
3952
2079
2103
3953
2080
2104
3954
2081
2105
3955
2082
2106
3956
2083
2107
3957
2084
2108
3958
2085
2109
3959
2086
2110
3960
2087
2111
3961
2088
2112
3962
2089
2113
3963
2090
2114
3964
2091
2115
3965
2092
2116
3966
2093
2117
3967
2094
2118
3968
2095
2119
3969
2096
2120
3970
2097
2121
3971
2098
2122
3972
2099
2123
3973
2124
3974
2101
2125
3975
2102
2126
3976
2103
2127
3977
2104
2128
3978
2105
2129
3979
2106
2130
3980
2107
2131
3981
2108
2132
3982
2109
2133
3983
2110
2134
3984
2111
2135
3985
2112
2136
3986
2113
2137
3987
2114
2138
3988
2115
2139
3989
2116
2140
3990
2117
2141
3991
2118
2142
3992
2119
2143
3993
2120
2144
3994
2121
2145
3995
2122
2146
3996
2123
2147
3997
2124
2148
3998
2149
3999
2126
2150
4000
2127
2151
4001
2128
2152
4002
2129
2153
4003
2130
2154
4004
2131
2155
4005
2132
2156
4006
2133
2157
4007
2134
2158
4008
2135
2159
4009
2136
2160
4010
2137
2161
4011
2138
2162
4012
2139
2163
4013
2140
2164
4014
2141
2165
4015
2142
2166
4016
2143
2167
4017
2144
2168
4018
2145
2169
4019
2146
2170
4020
2147
2171
4021
2148
2172
4022
2149
2173
4023
2174
4024
2151
2175
4025
2152
2176
4026
2153
2177
4027
2154
2178
4028
2155
2179
4029
2156
2180
4030
2157
2181
4031
2158
2182
4032
2159
2183
4033
2160
2184
4034
2161
2185
4035
2162
2186
4036
2163
2187
4037
2164
2188
4038
2165
2189
4039
2166
2190
4040
2167
2191
4041
2168
2192
4042
2169
2193
4043
2170
2194
4044
2171
2195
4045
2172
2196
4046
2173
2197
4047
2174
2198
4048
2199
4049
2176
2200
4050
2177
2201
4051
2178
2202
4052
2179
2203
4053
2180
2204
4054
2181
2205
4055
2182
2206
4056
2183
2207
4057
2184
2208
4058
2185
2209
4059
2186
2210
4060
2187
2211
4061
2188
2212
4062
2189
2213
4063
2190
2214
4064
2191
2215
4065
2192
2216
4066
2193
2217
4067
2194
2218
4068
2195
2219
4069
2196
2220
4070
2197
2221
4071
2198
2222
4072
2199
2223
4073
2224
4074
2201
2225
4075
2202
2226
4076
2203
2227
4077
2204
2228
4078
2205
2229
4079
2206
2230
4080
2207
2231
4081
2208
2232
4082
2209
2233
4083
2210
2234
4084
2211
2235
4085
2212
2236
4086
2213
2237
4087
2214
2238
4088
2215
2239
4089
2216
2240
4090
2217
2241
4091
2218
2242
4092
2219
2243
4093
2220
2244
4094
2221
2245
4095
2222
2246
4096
2223
2247
4097
2224
2248
4098
2249
4099
2226
2250
4100
2227
2251
4101
2228
2252
4102
2229
2253
4103
2230
2254
4104
2231
2255
4105
2232
2256
4106
2233
2257
4107
2234
2258
4108
2235
2259
4109
2236
2260
4110
2237
2261
4111
2238
2262
4112
2239
2263
4113
2240
2264
4114
2241
2265
4115
2242
2266
4116
2243
2267
4117
2244
2268
4118
2245
2269
4119
2246
2270
4120
2247
2271
4121
2248
2272
4122
2249
2273
4123
2274
4124
2251
2275
4125
2252
2276
4126
2253
2277
4127
2254
2278
4128
2255
2279
4129
2256
2280
4130
2257
2281
4131
2258
2282
4132
2259
2283
4133
2260
2284
4134
2261
2285
4135
2262
2286
4136
2263
2287
4137
2264
2288
4138
2265
2289
4139
2266
2290
4140
2267
2291
4141
2268
2292
4142
2269
2293
4143
2270
2294
4144
2271
2295
4145
2272
2296
4146
2273
2297
4147
2274
2298
4148
2299
4149
2276
2300
4150
2277
2301
4151
2278
2302
4152
2279
2303
4153
2280
2304
4154
2281
2305
4155
2282
2306
4156
2283
2307
4157
2284
2308
4158
2285
2309
4159
2286
2310
4160
2287
2311
4161
2288
2312
4162
2289
2313
4163
2290
2314
4164
2291
2315
4165
2292
2316
4166
2293
2317
4167
2294
2318
4168
2295
2319
4169
2296
2320
4170
2297
2321
4171
2298
2322
4172
2299
2323
4173
2324
4174
2301
2325
4175
2302
2326
4176
2303
2327
4177
2304
2328
4178
2305
2329
4179
2306
2330
4180
2307
2331
4181
2308
2332
4182
2309
2333
4183
2310
2334
4184
2311
2335
4185
2312
2336
4186
2313
2337
4187
2314
2338
4188
2315
2339
4189
2316
2340
4190
2317
2341
4191
2318
2342
4192
2319
2343
4193
2320
2344
4194
2321
2345
4195
2322
2346
4196
2323
2347
4197
2324
2348
4198
2349
4199
2326
2350
4200
2327
2351
4201
2328
2352
4202
2329
2353
4203
2330
2354
4204
2331
2355
4205
2332
2356
4206
2333
2357
4207
2334
2358
4208
2335
2359
4209
2336
2360
4210
2337
2361
4211
2338
2362
4212
2339
2363
4213
2340
2364
4214
2341
2365
4215
2342
2366
4216
2343
2367
4217
2344
2368
4218
2345
2369
4219
2346
2370
4220
2347
2371
4221
2348
2372
4222
2349
2373
4223
2374
4224
2351
2375
4225
2352
2376
4226
2353
2377
4227
2354
2378
4228
2355
2379
4229
2356
2380
4230
2357
2381
4231
2358
2382
4232
2359
2383
4233
2360
2384
4234
2361
2385
4235
2362
2386
4236
2363
2387
4237
2364
2388
4238
2365
2389
4239
2366
2390
4240
2367
2391
4241
2368
2392
4242
2369
2393
4243
2370
2394
4244
2371
2395
4245
2372
2396
4246
2373
2397
4247
2374
2398
4248
2399
4249
2376
2400
4250
2377
2401
4251
2378
2402
4252
2379
2403
4253
2380
2404
4254
2381
2405
4255
2382
2406
4256
2383
2407
4257
2384
2408
4258
2385
2409
4259
2386
2410
4260
2387
2411
4261
2388
2412
4262
2389
2413
4263
2390
2414
4264
2391
2415
4265
2392
2416
4266
2393
2417
4267
2394
2418
4268
2395
2419
4269
2396
2420
4270
2397
2421
4271
2398
2422
4272
2399
2423
4273
2424
4274
2401
2425
4275
2402
2426
4276
2403
2427
4277
2404
2428
4278
2405
2429
4279
2406
2430
4280
2407
2431
4281
2408
2432
4282
2409
2433
4283
2410
2434
4284
2411
2435
4285
2412
2436
4286
2413
2437
4287
2414
2438
4288
2415
2439
4289
2416
2440
4290
2417
2441
4291
2418
2442
4292
2419
2443
4293
2420
2444
4294
2421
2445
4295
2422
2446
4296
2423
2447
4297
2424
2448
4298
2449
4299
2426
2450
4300
2427
2451
4301
2428
2452
4302
2429
2453
4303
2430
2454
4304
2431
2455
4305
2432
2456
4306
2433
2457
4307
2434
2458
4308
2435
2459
4309
2436
2460
4310
2437
2461
4311
2438
2462
4312
2439
2463
4313
2440
2464
4314
2441
2465
4315
2442
2466
4316
2443
2467
4317
2444
2468
4318
2445
2469
4319
2446
2470
4320
2447
2471
4321
2448
2472
4322
2449
2473
4323
2474
4324
2451
2475
4325
2452
2476
4326
2453
2477
4327
2454
2478
4328
2455
2479
4329
2456
2480
4330
2457
2481
4331
2458
2482
4332
2459
2483
4333
2460
2484
4334
2461
2485
4335
2462
2486
4336
2463
2487
4337
2464
2488
4338
2465
2489
4339
2466
2490
4340
2467
2491
4341
2468
2492
4342
2469
2493
4343
2470
2494
4344
2471
2495
4345
2472
2496
4346
2473
2497
4347
2474
2498
4348
2499
4349
2476
2500
4350
2477
2501
4351
2478
2502
4352
2479
2503
4353
2480
2504
4354
2481
2505
4355
2482
2506
4356
2483
2507
4357
2484
2508
4358
2485
2509
4359
2486
2510
4360
2487
2511
4361
2488
2512
4362
2489
2513
4363
2490
2514
4364
2491
2515
4365
2492
2516
4366
2493
2517
4367
2494
2518
4368
2495
2519
4369
2496
2520
4370
2497
2521
4371
2498
2522
4372
2499
2523
4373
2524
4374
2501
2525
4375
2502
2526
4376
2503
2527
4377
2504
2528
4378
2505
2529
4379
2506
2530
4380
2507
2531
4381
2508
2532
4382
2509
2533
4383
2510
2534
4384
2511
2535
4385
2512
2536
4386
2513
2537
4387
2514
2538
4388
2515
2539
4389
2516
2540
4390
2517
2541
4391
2518
2542
4392
2519
2543
4393
2520
2544
4394
2521
2545
4395
2522
2546
4396
2523
2547
4397
2524
2548
4398
2549
4399
2526
2550
4400
2527
2551
4401
2528
2552
4402
2529
2553
4403
2530
2554
4404
2531
2555
4405
2532
2556
4406
2533
2557
4407
2534
2558
4408
2535
2559
4409
2536
2560
4410
2537
2561
4411
2538
2562
4412
2539
2563
4413
2540
2564
4414
2541
2565
4415
2542
2566
4416
2543
2567
4417
2544
2568
4418
2545
2569
4419
2546
2570
4420
2547
2571
4421
2548
2572
4422
2549
2573
4423
2574
4424
2551
2575
4425
2552
2576
4426
2553
2577
4427
2554
2578
4428
2555
2579
4429
2556
2580
4430
2557
2581
4431
2558
2582
4432
2559
2583
4433
2560
2584
4434
2561
2585
4435
2562
2586
4436
2563
2587
4437
2564
2588
4438
2565
2589
4439
2566
2590
4440
2567
2591
4441
2568
2592
4442
2569
2593
4443
2570
2594
4444
2571
2595
4445
2572
2596
4446
2573
2597
4447
2574
2598
4448
2599
4449
2576
2600
4450
2577
2601
4451
2578
2602
4452
2579
2603
4453
2580
2604
4454
2581
2605
4455
2582
2606
4456
2583
2607
4457
2584
2608
4458
2585
2609
4459
2586
2610
4460
2587
2611
4461
2588
2612
4462
2589
2613
4463
2590
2614
4464
2591
2615
4465
2592
2616
4466
2593
2617
4467
2594
2618
4468
2595
2619
4469
2596
2620
4470
2597
2621
4471
2598
2622
4472
2599
2623
4473
2624
4474
2601
2625
4475
2602
2626
4476
2603
2627
4477
2604
2628
4478
2605
2629
4479
2606
2630
4480
2607
2631
4481
2608
2632
4482
2609
2633
4483
2610
2634
4484
2611
2635
4485
2612
2636
4486
2613
2637
4487
2614
2638
4488
2615
2639
4489
2616
2640
4490
2617
2641
4491
2618
2642
4492
2619
2643
4493
2620
2644
4494
2621
2645
4495
2622
2646
4496
2623
2647
4497
2624
2648
4498
2649
4499
2626
2650
4500
2627
2651
4501
2628
2652
4502
2629
2653
4503
2630
2654
4504
2631
2655
4505
2632
2656
4506
2633
2657
4507
2634
2658
4508
2635
2659
4509
2636
2660
4510
2637
2661
4511
2638
2662
4512
2639
2663
4513
2640
2664
4514
2641
2665
4515
2642
2666
4516
2643
2667
4517
2644
2668
4518
2645
2669
4519
2646
2670
4520
2647
2671
4521
2648
2672
4522
2649
2673
4523
2674
4524
2651
2675
4525
2652
2676
4526
2653
2677
4527
2654
2678
4528
2655
2679
4529
2656
2680
4530
2657
2681
4531
2658
2682
4532
2659
2683
4533
2660
2684
4534
2661
2685
4535
2662
2686
4536
2663
2687
4537
2664
2688
4538
2665
2689
4539
2666
2690
4540
2667
2691
4541
2668
2692
4542
2669
2693
4543
2670
2694
4544
2671
2695
4545
2672
2696
4546
2673
2697
4547
2674
2698
4548
2699
4549
2676
2700
4550
2677
2701
4551
2678
2702
4552
2679
2703
4553
2680
2704
4554
2681
2705
4555
2682
2706
4556
2683
2707
4557
2684
2708
4558
2685
2709
4559
2686
2710
4560
2687
2711
4561
2688
2712
4562
2689
2713
4563
2690
2714
4564
2691
2715
4565
2692
2716
4566
2693
2717
4567
2694
2718
4568
2695
2719
4569
2696
2720
4570
2697
2721
4571
2698
2722
4572
2699
2723
4573
2724
4574
2701
2725
4575
2702
2726
4576
2703
2727
4577
2704
2728
4578
2705
2729
4579
2706
2730
4580
2707
2731
4581
2708
2732
4582
2709
2733
4583
2710
2734
4584
2711
2735
4585
2712
2736
4586
2713
2737
4587
2714
2738
4588
2715
2739
4589
2716
2740
4590
2717
2741
4591
2718
2742
4592
2719
2743
4593
2720
2744
4594
2721
2745
4595
2722
2746
4596
2723
2747
4597
2724
2748
4598
2749
4599
2726
2750
4600
2727
2751
4601
2728
2752
4602
2729
2753
4603
2730
2754
4604
2731
2755
4605
2732
2756
4606
2733
2757
4607
2734
2758
4608
2735
2759
4609
2736
2760
4610
2737
2761
4611
2738
2762
4612
2739
2763
4613
2740
2764
4614
2741
2765
4615
2742
2766
4616
2743
2767
4617
2744
2768
4618
2745
2769
4619
2746
2770
4620
2747
2771
4621
2748
2772
4622
2749
2773
4623
2774
4624
2751
2775
4625
2752
2776
4626
2753
2777
4627
2754
2778
4628
2755
2779
4629
2756
2780
4630
2757
2781
4631
2758
2782
4632
2759
2783
4633
2760
2784
4634
2761
2785
4635
2762
2786
4636
2763
2787
4637
2764
2788
4638
2765
2789
4639
2766
2790
4640
2767
2791
4641
2768
2792
4642
2769
2793
4643
2770
2794
4644
2771
2795
4645
2772
2796
4646
2773
2797
4647
2774
2798
4648
2799
4649
2776
2800
4650
2777
2801
4651
2778
2802
4652
2779
2803
4653
2780
2804
4654
2781
2805
4655
2782
2806
4656
2783
2807
4657
2784
2808
4658
2785
2809
4659
2786
2810
4660
2787
2811
4661
2788
2812
4662
2789
2813
4663
2790
2814
4664
2791
2815
4665
2792
2816
4666
2793
2817
4667
2794
2818
4668
2795
2819
4669
2796
2820
4670
2797
2821
4671
2798
2822
4672
2799
2823
4673
2824
4674
2801
2825
4675
2802
2826
4676
2803
2827
4677
2804
2828
4678
2805
2829
4679
2806
2830
4680
2807
2831
4681
2808
2832
4682
2809
2833
4683
2810
2834
4684
2811
2835
4685
2812
2836
4686
2813
2837
4687
2814
2838
4688
2815
2839
4689
2816
2840
4690
2817
2841
4691
2818
2842
4692
2819
2843
4693
2820
2844
4694
2821
2845
4695
2822
2846
4696
2823
2847
4697
2824
2848
4698
2849
4699
2826
2850
4700
2827
2851
4701
2828
2852
4702
2829
2853
4703
2830
2854
4704
2831
2855
4705
2832
2856
4706
2833
2857
4707
2834
2858
4708
2835
2859
4709
2836
2860
4710
2837
2861
4711
2838
2862
4712
2839
2863
4713
2840
2864
4714
2841
2865
4715
2842
2866
4716
2843
2867
4717
2844
2868
4718
2845
2869
4719
2846
2870
4720
2847
2871
4721
2848
2872
4722
2849
2873
4723
2874
4724
2851
2875
4725
2852
2876
4726
2853
2877
4727
2854
2878
4728
2855
2879
4729
2856
2880
4730
2857
2881
4731
2858
2882
4732
2859
2883
4733
2860
2884
4734
2861
2885
4735
2862
2886
4736
2863
2887
4737
2864
2888
4738
2865
2889
4739
2866
2890
4740
2867
2891
4741
2868
2892
4742
2869
2893
4743
2870
2894
4744
2871
2895
4745
2872
2896
4746
2873
2897
4747
2874
2898
4748
2899
4749
2876
2900
4750
2877
2901
4751
2878
2902
4752
2879
2903
4753
2880
2904
4754
2881
2905
4755
2882
2906
4756
2883
2907
4757
2884
2908
4758
2885
2909
4759
2886
2910
4760
2887
2911
4761
2888
2912
4762
2889
2913
4763
2890
2914
4764
2891
2915
4765
2892
2916
4766
2893
2917
4767
2894
2918
4768
2895
2919
4769
2896
2920
4770
2897
2921
4771
2898
2922
4772
2899
2923
4773
2924
4774
2901
2925
4775
2902
2926
4776
2903
2927
4777
2904
2928
4778
2905
2929
4779
2906
2930
4780
2907
2931
4781
2908
2932
4782
2909
2933
4783
2910
2934
4784
2911
2935
4785
2912
2936
4786
2913
2937
4787
2914
2938
4788
2915
2939
4789
2916
2940
4790
2917
2941
4791
2918
2942
4792
2919
2943
4793
2920
2944
4794
2921
2945
4795
2922
2946
4796
2923
2947
4797
2924
2948
4798
2949
4799
2926
2950
4800
2927
2951
4801
2928
2952
4802
2929
2953
4803
2930
2954
4804
2931
2955
4805
2932
2956
4806
2933
2957
4807
2934
2958
4808
2935
2959
4809
2936
2960
4810
2937
2961
4811
2938
2962
4812
2939
2963
4813
2940
2964
4814
2941
2965
4815
2942
2966
4816
2943
2967
4817
2944
2968
4818
2945
2969
4819
2946
2970
4820
2947
2971
4821
2948
2972
4822
2949
2973
4823
2974
4824
2951
2975
4825
2952
2976
4826
2953
2977
4827
2954
2978
4828
2955
2979
4829
2956
2980
4830
2957
2981
4831
2958
2982
4832
2959
2983
4833
2960
2984
4834
2961
2985
4835
2962
2986
4836
2963
2987
4837
2964
2988
4838
2965
2989
4839
2966
2990
4840
2967
2991
4841
2968
2992
4842
2969
2993
4843
2970
2994
4844
2971
2995
4845
2972
2996
4846
2973
2997
4847
2974
2998
4848
2999
4849
2976
3000
4850
2977
3001
4851
2978
3002
4852
2979
3003
4853
2980
3004
4854
2981
3005
4855
2982
3006
4856
2983
3007
4857
2984
3008
4858
2985
3009
4859
2986
3010
4860
2987
3011
4861
2988
3012
4862
2989
3013
4863
2990
3014
4864
2991
3015
4865
2992
3016
4866
2993
3017
4867
2994
3018
4868
2995
3019
4869
2996
3020
4870
2997
3021
4871
2998
3022
4872
2999
3023
4873
3024
4874
3001
3025
4875
3002
3026
4876
3003
3027
4877
3004
3028
4878
3005
3029
4879
3006
3030
4880
3007
3031
4881
3008
3032
4882
3009
3033
4883
3010
3034
4884
3011
3035
4885
3012
3036
4886
3013
3037
4887
3014
3038
4888
3015
3039
4889
3016
3040
4890
3017
3041
4891
3018
3042
4892
3019
3043
4893
3020
3044
4894
3021
3045
4895
3022
3046
4896
3023
3047
4897
3024
3048
4898
3049
4899
3026
3050
4900
3027
3051
4901
3028
3052
4902
3029
3053
4903
3030
3054
4904
3031
3055
4905
3032
3056
4906
3033
3057
4907
3034
3058
4908
3035
3059
4909
3036
3060
4910
3037
3061
4911
3038
3062
4912
3039
3063
4913
3040
3064
4914
3041
3065
4915
3042
3066
4916
3043
3067
4917
3044
3068
4918
3045
3069
4919
3046
3070
4920
3047
3071
4921
3048
3072
4922
3049
3073
4923
3074
4924
3051
3075
4925
3052
3076
4926
3053
3077
4927
3054
3078
4928
3055
3079
4929
3056
3080
4930
3057
3081
4931
3058
3082
4932
3059
3083
4933
3060
3084
4934
3061
3085
4935
3062
3086
4936
3063
3087
4937
3064
3088
4938
3065
3089
4939
3066
3090
4940
3067
3091
4941
3068
3092
4942
3069
3093
4943
3070
3094
4944
3071
3095
4945
3072
3096
4946
3073
3097
4947
3074
3098
4948
3099
4949
3076
3100
4950
3077
3101
4951
3078
3102
4952
3079
3103
4953
3080
3104
4954
3081
3105
4955
3082
3106
4956
3083
3107
4957
3084
3108
4958
3085
3109
4959
3086
3110
4960
3087
3111
4961
3088
3112
4962
3089
3113
4963
3090
3114
4964
3091
3115
4965
3092
3116
4966
3093
3117
4967
3094
3118
4968
3095
3119
4969
3096
3120
4970
3097
3121
4971
3098
3122
4972
3099
3123
4973
3124
4974
3101
3125
4975
3102
3126
4976
3103
3127
4977
3104
3128
4978
3105
3129
4979
3106
3130
4980
3107
3131
4981
3108
3132
4982
3109
3133
4983
3110
3134
4984
3111
3135
4985
3112
3136
4986
3113
3137
4987
3114
3138
4988
3115
3139
4989
3116
3140
4990
3117
3141
4991
3118
3142
4992
3119
3143
4993
3120
3144
4994
3121
3145
4995
3122
3146
4996
3123
3147
4997
3124
3148
4998
3149
4999
3126
3150
5000
3127
3151
5001
3128
3152
5002
3129
3153
5003
3130
3154
5004
3131
3155
5005
3132
3156
5006
3133
3157
5007
3134
3158
5008
3135
3159
5009
3136
3160
5010
3137
3161
5011
3138
3162
5012
3139
3163
5013
3140
3164
5014
3141
3165
5015
3142
3166
5016
3143
3167
5017
3144
3168
5018
3145
3169
5019
3146
3170
5020
3147
3171
5021
3148
3172
5022
3149
3173
5023
3174
5024
3151
3175
5025
3152
3176
5026
3153
3177
5027
3154
3178
5028
3155
3179
5029
3156
3180
5030
3157
3181
5031
3158
3182
5032
3159
3183
5033
3160
3184
5034
3161
3185
5035
3162
3186
5036
3163
3187
5037
3164
3188
5038
3165
3189
5039
3166
3190
5040
3167
3191
5041
3168
3192
5042
3169
3193
5043
3170
3194
5044
3171
3195
5045
3172
3196
5046
3173
3197
5047
3174
3198
5048
3199
5049
3176
3200
5050
3177
3201
5051
3178
3202
5052
3179
3203
5053
3180
3204
5054
3181
3205
5055
3182
3206
5056
3183
3207
5057
3184
3208
5058
3185
3209
5059
3186
3210
5060
3187
3211
5061
3188
3212
5062
3189
3213
5063
3190
3214
5064
3191
3215
5065
3192
3216
5066
3193
3217
5067
3194
3218
5068
3195
3219
5069
3196
3220
5070
3197
3221
5071
3198
3222
5072
3199
3223
5073
3224
5074
3201
3225
5075
3202
3226
5076
3203
3227
5077
3204
3228
5078
3205
3229
5079
3206
3230
5080
3207
3231
5081
3208
3232
5082
3209
3233
5083
3210
3234
5084
3211
3235
5085
3212
3236
5086
3213
3237
5087
3214
3238
5088
3215
3239
5089
3216
3240
5090
3217
3241
5091
3218
3242
5092
3219
3243
5093
3220
3244
5094
3221
3245
5095
3222
3246
5096
3223
3247
5097
3224
3248
5098
3249
5099
3226
3250
5100
3227
3251
5101
3228
3252
5102
3229
3253
5103
3230
3254
5104
3231
3255
5105
3232
3256
5106
3233
3257
5107
3234
3258
5108
3235
3259
5109
3236
3260
5110
3237
3261
5111
3238
3262
5112
3239
3263
5113
3240
3264
5114
3241
3265
5115
3242
3266
5116
3243
3267
5117
3244
3268
5118
3245
3269
5119
3246
3270
5120
3247
3271
5121
3248
3272
5122
3249
3273
5123
3274
5124
3251
3275
5125
3252
3276
5126
3253
3277
5127
3254
3278
5128
3255
3279
5129
3256
3280
5130
3257
3281
5131
3258
3282
5132
3259
3283
5133
3260
3284
5134
3261
3285
5135
3262
3286
5136
3263
3287
5137
3264
3288
5138
3265
3289
5139
3266
3290
5140
3267
3291
5141
3268
3292
5142
3269
3293
5143
3270
3294
5144
3271
3295
5145
3272
3296
5146
3273
3297
5147
3274
3298
5148
3299
5149
3276
3300
5150
3277
3301
5151
3278
3302
5152
3279
3303
5153
3280
3304
5154
3281
3305
5155
3282
3306
5156
3283
3307
5157
3284
3308
5158
3285
3309
5159
3286
3310
5160
3287
3311
5161
3288
3312
5162
3289
3313
5163
3290
3314
5164
3291
3315
5165
3292
3316
5166
3293
3317
5167
3294
3318
5168
3295
3319
5169
3296
3320
5170
3297
3321
5171
3298
3322
5172
3299
3323
5173
3324
5174
3301
3325
5175
3302
3326
5176
3303
3327
5177
3304
3328
5178
3305
3329
5179
3306
3330
5180
3307
3331
5181
3308
3332
5182
3309
3333
5183
3310
3334
5184
3311
3335
5185
3312
3336
5186
3313
3337
5187
3314
3338
5188
3315
3339
5189
3316
3340
5190
3317
3341
5191
3318
3342
5192
3319
3343
5193
3320
3344
5194
3321
3345
5195
3322
3346
5196
3323
3347
5197
3324
3348
5198
3349
5199
3326
3350
5200
3327
3351
5201
3328
3352
5202
3329
3353
5203
3330
3354
5204
3331
3355
5205
3332
3356
5206
3333
3357
5207
3334
3358
5208
3335
3359
5209
3336
3360
5210
3337
3361
5211
3338
3362
5212
3339
3363
5213
3340
3364
5214
3341
3365
5215
3342
3366
5216
3343
3367
5217
3344
3368
5218
3345
3369
5219
3346
3370
5220
3347
3371
5221
3348
3372
5222
3349
3373
5223
3374
5224
3351
3375
5225
3352
3376
5226
3353
3377
5227
3354
3378
5228
3355
3379
5229
3356
3380
5230
3357
3381
5231
3358
3382
5232
3359
3383
5233
3360
3384
5234
3361
3385
5235
3362
3386
5236
3363
3387
5237
3364
3388
5238
3365
3389
5239
3366
3390
5240
3367
3391
5241
3368
3392
5242
3369
3393
5243
3370
3394
5244
3371
3395
5245
3372
3396
5246
3373
3397
5247
3374
3398
5248
3399
5249
3376
3400
5250
3377
3401
5251
3378
3402
5252
3379
3403
5253
3380
3404
5254
3381
3405
5255
3382
3406
5256
3383
3407
5257
3384
3408
5258
3385
3409
5259
3386
3410
5260
3387
3411
5261
3388
3412
5262
3389
3413
5263
3390
3414
5264
3391
3415
5265
3392
3416
5266
3393
3417
5267
3394
3418
5268
3395
3419
5269
3396
3420
5270
3397
3421
5271
3398
3422
5272
3399
3423
5273
3424
5274
3401
3425
5275
3402
3426
5276
3403
3427
5277
3404
3428
5278
3405
3429
5279
3406
3430
5280
3407
3431
5281
3408
3432
5282
3409
3433
5283
3410
3434
5284
3411
3435
5285
3412
3436
5286
3413
3437
5287
3414
3438
5288
3415
3439
5289
3416
3440
5290
3417
3441
5291
3418
3442
5292
3419
3443
5293
3420
3444
5294
3421
3445
5295
3422
3446
5296
3423
3447
5297
3424
3448
5298
3449
5299
3426
3450
5300
3427
3451
5301
3428
3452
5302
3429
3453
5303
3430
3454
5304
3431
3455
5305
3432
3456
5306
3433
3457
5307
3434
3458
5308
3435
3459
5309
3436
3460
5310
3437
3461
5311
3438
3462
5312
3439
3463
5313
3440
3464
5314
3441
3465
5315
3442
3466
5316
3443
3467
5317
3444
3468
5318
3445
3469
5319
3446
3470
5320
3447
3471
5321
3448
3472
5322
3449
3473
5323
3474
5324
3451
3475
5325
3452
3476
5326
3453
3477
5327
3454
3478
5328
3455
3479
5329
3456
3480
5330
3457
3481
5331
3458
3482
5332
3459
3483
5333
3460
3484
5334
3461
3485
5335
3462
3486
5336
3463
3487
5337
3464
3488
5338
3465
3489
5339
3466
3490
5340
3467
3491
5341
3468
3492
5342
3469
3493
5343
3470
3494
5344
3471
3495
5345
3472
3496
5346
3473
3497
5347
3474
3498
5348
3499
5349
3476
3500
5350
3477
3501
5351
3478
3502
5352
3479
3503
5353
3480
3504
5354
3481
3505
5355
3482
3506
5356
3483
3507
5357
3484
3508
5358
3485
3509
5359
3486
3510
5360
3487
3511
5361
3488
3512
5362
3489
3513
5363
3490
3514
5364
3491
3515
5365
3492
3516
5366
3493
3517
5367
3494
3518
5368
3495
3519
5369
3496
3520
5370
3497
3521
5371
3498
3522
5372
3499
3523
5373
3524
5374
3501
3525
5375
3502
3526
5376
3503
3527
5377
3504
3528
5378
3505
3529
5379
3506
3530
5380
3507
3531
5381
3508
3532
5382
3509
3533
5383
3510
3534
5384
3511
3535
5385
3512
3536
5386
3513
3537
5387
3514
3538
5388
3515
3539
5389
3516
3540
5390
3517
3541
5391
3518
3542
5392
3519
3543
5393
3520
3544
5394
3521
3545
5395
3522
3546
5396
3523
3547
5397
3524
3548
5398
3549
5399
3526
3550
5400
3527
3551
5401
3528
3552
5402
3529
3553
5403
3530
3554
5404
3531
3555
5405
3532
3556
5406
3533
3557
5407
3534
3558
5408
3535
3559
5409
3536
3560
5410
3537
3561
5411
3538
3562
5412
3539
3563
5413
3540
3564
5414
3541
3565
5415
3542
3566
5416
3543
3567
5417
3544
3568
5418
3545
3569
5419
3546
3570
5420
3547
3571
5421
3548
3572
5422
3549
3573
5423
3574
5424
3551
3575
5425
3552
3576
5426
3553
3577
5427
3554
3578
5428
3555
3579
5429
3556
3580
5430
3557
3581
5431
3558
3582
5432
3559
3583
5433
3560
3584
5434
3561
3585
5435
3562
3586
5436
3563
3587
5437
3564
3588
5438
3565
3589
5439
3566
3590
5440
3567
3591
5441
3568
3592
5442
3569
3593
5443
3570
3594
5444
3571
3595
5445
3572
3596
5446
3573
3597
5447
3574
3598
5448
3599
5449
3576
3600
5450
3577
3601
5451
3578
3602
5452
3579
3603
5453
3580
3604
5454
3581
3605
5455
3582
3606
5456
3583
3607
5457
3584
3608
5458
3585
3609
5459
3586
3610
5460
3587
3611
5461
3588
3612
5462
3589
3613
5463
3590
3614
5464
3591
3615
5465
3592
3616
5466
3593
3617
5467
3594
3618
5468
3595
3619
5469
3596
3620
5470
3597
3621
5471
3598
3622
5472
3599
3623
5473
3624
5474
3601
3625
5475
3602
3626
5476
3603
3627
5477
3604
3628
5478
3605
3629
5479
3606
3630
5480
3607
3631
5481
3608
3632
5482
3609
3633
5483
3610
3634
5484
3611
3635
5485
3612
3636
5486
3613
3637
5487
3614
3638
5488
3615
3639
5489
3616
3640
5490
3617
3641
5491
3618
3642
5492
3619
3643
5493
3620
3644
5494
3621
3645
5495
3622
3646
5496
3623
3647
5497
3624
3648
5498
3649
5499
3626
3650
5500
3627
3651
5501
3628
3652
5502
3629
3653
5503
3630
3654
5504
3631
3655
5505
3632
3656
5506
3633
3657
5507
3634
3658
5508
3635
3659
5509
3636
3660
5510
3637
3661
5511
3638
3662
5512
3639
3663
5513
3640
3664
5514
3641
3665
5515
3642
3666
5516
3643
3667
5517
3644
3668
5518
3645
3669
5519
3646
3670
5520
3647
3671
5521
3648
3672
5522
3649
3673
5523
3674
5524
3651
3675
5525
3652
3676
5526
3653
3677
5527
3654
3678
5528
3655
3679
5529
3656
3680
5530
3657
3681
5531
3658
3682
5532
3659
3683
5533
3660
3684
5534
3661
3685
5535
3662
3686
5536
3663
3687
5537
3664
3688
5538
3665
3689
5539
3666
3690
5540
3667
3691
5541
3668
3692
5542
3669
3693
5543
3670
3694
5544
3671
3695
5545
3672
3696
5546
3673
3697
5547
3674
3698
5548
3699
5549
3676
3700
5550
3677
3701
5551
3678
3702
5552
3679
3703
5553
3680
3704
5554
3681
3705
5555
3682
3706
5556
3683
3707
5557
3684
3708
5558
3685
3709
5559
3686
3710
5560
3687
3711
5561
3688
3712
5562
3689
3713
5563
3690
3714
5564
3691
3715
5565
3692
3716
5566
3693
3717
5567
3694
3718
5568
3695
3719
5569
3696
3720
5570
3697
3721
5571
3698
3722
5572
3699
3723
5573
3724
5574
3701
3725
5575
3702
3726
5576
3703
3727
5577
3704
3728
5578
3705
3729
5579
3706
3730
5580
3707
3731
5581
3708
3732
5582
3709
3733
5583
3710
3734
5584
3711
3735
5585
3712
3736
5586
3713
3737
5587
3714
3738
5588
3715
3739
5589
3716
3740
5590
3717
3741
5591
3718
3742
5592
3719
3743
5593
3720
3744
5594
3721
3745
5595
3722
3746
5596
3723
3747
5597
3724
3748
5598
3749
5599
3726
5600
3727
5601
3728
5602
3729
5603
3730
5604
3731
5605
3732
5606
3733
5607
3734
5608
3735
5609
3736
5610
3737
5611
3738
5612
3739
5613
3740
5614
3741
5615
3742
5616
3743
5617
3744
5618
3745
5619
3746
5620
3747
5621
3748
5622
3749
5623
5624
3751
3775
5625
3752
3776
5626
3753
3777
5627
3754
3778
5628
3755
3779
5629
3756
3780
5630
3757
3781
5631
3758
3782
5632
3759
3783
5633
3760
3784
5634
3761
3785
5635
3762
3786
5636
3763
3787
5637
3764
3788
5638
3765
3789
5639
3766
3790
5640
3767
3791
5641
3768
3792
5642
3769
3793
5643
3770
3794
5644
3771
3795
5645
3772
3796
5646
3773
3797
5647
3774
3798
5648
3799
5649
3776
3800
5650
3777
3801
5651
3778
3802
5652
3779
3803
5653
3780
3804
5654
3781
3805
5655
3782
3806
5656
3783
3807
5657
3784
3808
5658
3785
3809
5659
3786
3810
5660
3787
3811
5661
3788
3812
5662
3789
3813
5663
3790
3814
5664
3791
3815
5665
3792
3816
5666
3793
3817
5667
3794
3818
5668
3795
3819
5669
3796
3820
5670
3797
3821
5671
3798
3822
5672
3799
3823
5673
3824
5674
3801
3825
5675
3802
3826
5676
3803
3827
5677
3804
3828
5678
3805
3829
5679
3806
3830
5680
3807
3831
5681
3808
3832
5682
3809
3833
5683
3810
3834
5684
3811
3835
5685
3812
3836
5686
3813
3837
5687
3814
3838
5688
3815
3839
5689
3816
3840
5690
3817
3841
5691
3818
3842
5692
3819
3843
5693
3820
3844
5694
3821
3845
5695
3822
3846
5696
3823
3847
5697
3824
3848
5698
3849
5699
3826
3850
5700
3827
3851
5701
3828
3852
5702
3829
3853
5703
3830
3854
5704
3831
3855
5705
3832
3856
5706
3833
3857
5707
3834
3858
5708
3835
3859
5709
3836
3860
5710
3837
3861
5711
3838
3862
5712
3839
3863
5713
3840
3864
5714
3841
3865
5715
3842
3866
5716
3843
3867
5717
3844
3868
5718
3845
3869
5719
3846
3870
5720
3847
3871
5721
3848
3872
5722
3849
3873
5723
3874
5724
3851
3875
5725
3852
3876
5726
3853
3877
5727
3854
3878
5728
3855
3879
5729
3856
3880
5730
3857
3881
5731
3858
3882
5732
3859
3883
5733
3860
3884
5734
3861
3885
5735
3862
3886
5736
3863
3887
5737
3864
3888
5738
3865
3889
5739
3866
3890
5740
3867
3891
5741
3868
3892
5742
3869
3893
5743
3870
3894
5744
3871
3895
5745
3872
3896
5746
3873
3897
5747
3874
3898
5748
3899
5749
3876
3900
5750
3877
3901
5751
3878
3902
5752
3879
3903
5753
3880
3904
5754
3881
3905
5755
3882
3906
5756
3883
3907
5757
3884
3908
5758
3885
3909
5759
3886
3910
5760
3887
3911
5761
3888
3912
5762
3889
3913
5763
3890
3914
5764
3891
3915
5765
3892
3916
5766
3893
3917
5767
3894
3918
5768
3895
3919
5769
3896
3920
5770
3897
3921
5771
3898
3922
5772
3899
3923
5773
3924
5774
3901
3925
5775
3902
3926
5776
3903
3927
5777
3904
3928
5778
3905
3929
5779
3906
3930
5780
3907
3931
5781
3908
3932
5782
3909
3933
5783
3910
3934
5784
3911
3935
5785
3912
3936
5786
3913
3937
5787
3914
3938
5788
3915
3939
5789
3916
3940
5790
3917
3941
5791
3918
3942
5792
3919
3943
5793
3920
3944
5794
3921
3945
5795
3922
3946
5796
3923
3947
5797
3924
3948
5798
3949
5799
3926
3950
5800
3927
3951
5801
3928
3952
5802
3929
3953
5803
3930
3954
5804
3931
3955
5805
3932
3956
5806
3933
3957
5807
3934
3958
5808
3935
3959
5809
3936
3960
5810
3937
3961
5811
3938
3962
5812
3939
3963
5813
3940
3964
5814
3941
3965
5815
3942
3966
5816
3943
3967
5817
3944
3968
5818
3945
3969
5819
3946
3970
5820
3947
3971
5821
3948
3972
5822
3949
3973
5823
3974
5824
3951
3975
5825
3952
3976
5826
3953
3977
5827
3954
3978
5828
3955
3979
5829
3956
3980
5830
3957
3981
5831
3958
3982
5832
3959
3983
5833
3960
3984
5834
3961
3985
5835
3962
3986
5836
3963
3987
5837
3964
3988
5838
3965
3989
5839
3966
3990
5840
3967
3991
5841
3968
3992
5842
3969
3993
5843
3970
3994
5844
3971
3995
5845
3972
3996
5846
3973
3997
5847
3974
3998
5848
3999
5849
3976
4000
5850
3977
4001
5851
3978
4002
5852
3979
4003
5853
3980
4004
5854
3981
4005
5855
3982
4006
5856
3983
4007
5857
3984
4008
5858
3985
4009
5859
3986
4010
5860
3987
4011
5861
3988
4012
5862
3989
4013
5863
3990
4014
5864
3991
4015
5865
3992
4016
5866
3993
4017
5867
3994
4018
5868
3995
4019
5869
3996
4020
5870
3997
4021
5871
3998
4022
5872
3999
4023
5873
4024
5874
4001
4025
5875
4002
4026
5876
4003
4027
5877
4004
4028
5878
4005
4029
5879
4006
4030
5880
4007
4031
5881
4008
4032
5882
4009
4033
5883
4010
4034
5884
4011
4035
5885
4012
4036
5886
4013
4037
5887
4014
4038
5888
4015
4039
5889
4016
4040
5890
4017
4041
5891
4018
4042
5892
4019
4043
5893
4020
4044
5894
4021
4045
5895
4022
4046
5896
4023
4047
5897
4024
4048
5898
4049
5899
4026
4050
5900
4027
4051
5901
4028
4052
5902
4029
4053
5903
4030
4054
5904
4031
4055
5905
4032
4056
5906
4033
4057
5907
4034
4058
5908
4035
4059
5909
4036
4060
5910
4037
4061
5911
4038
4062
5912
4039
4063
5913
4040
4064
5914
4041
4065
5915
4042
4066
5916
4043
4067
5917
4044
4068
5918
4045
4069
5919
4046
4070
5920
4047
4071
5921
4048
4072
5922
4049
4073
5923
4074
5924
4051
4075
5925
4052
4076
5926
4053
4077
5927
4054
4078
5928
4055
4079
5929
4056
4080
5930
4057
4081
5931
4058
4082
5932
4059
4083
5933
4060
4084
5934
4061
4085
5935
4062
4086
5936
4063
4087
5937
4064
4088
5938
4065
4089
5939
4066
4090
5940
4067
4091
5941
4068
4092
5942
4069
4093
5943
4070
4094
5944
4071
4095
5945
4072
4096
5946
4073
4097
5947
4074
4098
5948
4099
5949
4076
4100
5950
4077
4101
5951
4078
4102
5952
4079
4103
5953
4080
4104
5954
4081
4105
5955
4082
4106
5956
4083
4107
5957
4084
4108
5958
4085
4109
5959
4086
4110
5960
4087
4111
5961
4088
4112
5962
4089
4113
5963
4090
4114
5964
4091
4115
5965
4092
4116
5966
4093
4117
5967
4094
4118
5968
4095
4119
5969
4096
4120
5970
4097
4121
5971
4098
4122
5972
4099
4123
5973
4124
5974
4101
4125
5975
4102
4126
5976
4103
4127
5977
4104
4128
5978
4105
4129
5979
4106
4130
5980
4107
4131
5981
4108
4132
5982
4109
4133
5983
4110
4134
5984
4111
4135
5985
4112
4136
5986
4113
4137
5987
4114
4138
5988
4115
4139
5989
4116
4140
5990
4117
4141
5991
4118
4142
5992
4119
4143
5993
4120
4144
5994
4121
4145
5995
4122
4146
5996
4123
4147
5997
4124
4148
5998
4149
5999
4126
4150
6000
4127
4151
6001
4128
4152
6002
4129
4153
6003
4130
4154
6004
4131
4155
6005
4132
4156
6006
4133
4157
6007
4134
4158
6008
4135
4159
6009
4136
4160
6010
4137
4161
6011
4138
4162
6012
4139
4163
6013
4140
4164
6014
4141
4165
6015
4142
4166
6016
4143
4167
6017
4144
4168
6018
4145
4169
6019
4146
4170
6020
4147
4171
6021
4148
4172
6022
4149
4173
6023
4174
6024
4151
4175
6025
4152
4176
6026
4153
4177
6027
4154
4178
6028
4155
4179
6029
4156
4180
6030
4157
4181
6031
4158
4182
6032
4159
4183
6033
4160
4184
6034
4161
4185
6035
4162
4186
6036
4163
4187
6037
4164
4188
6038
4165
4189
6039
4166
4190
6040
4167
4191
6041
4168
4192
6042
4169
4193
6043
4170
4194
6044
4171
4195
6045
4172
4196
6046
4173
4197
6047
4174
4198
6048
4199
6049
4176
4200
6050
4177
4201
6051
4178
4202
6052
4179
4203
6053
4180
4204
6054
4181
4205
6055
4182
4206
6056
4183
4207
6057
4184
4208
6058
4185
4209
6059
4186
4210
6060
4187
4211
6061
4188
4212
6062
4189
4213
6063
4190
4214
6064
4191
4215
6065
4192
4216
6066
4193
4217
6067
4194
4218
6068
4195
4219
6069
4196
4220
6070
4197
4221
6071
4198
4222
6072
4199
4223
6073
4224
6074
4201
4225
6075
4202
4226
6076
4203
4227
6077
4204
4228
6078
4205
4229
6079
4206
4230
6080
4207
4231
6081
4208
4232
6082
4209
4233
6083
4210
4234
6084
4211
4235
6085
4212
4236
6086
4213
4237
6087
4214
4238
6088
4215
4239
6089
4216
4240
6090
4217
4241
6091
4218
4242
6092
4219
4243
6093
4220
4244
6094
4221
4245
6095
4222
4246
6096
4223
4247
6097
4224
4248
6098
4249
6099
4226
4250
6100
4227
4251
6101
4228
4252
6102
4229
4253
6103
4230
4254
6104
4231
4255
6105
4232
4256
6106
4233
4257
6107
4234
4258
6108
4235
4259
6109
4236
4260
6110
4237
4261
6111
4238
4262
6112
4239
4263
6113
4240
4264
6114
4241
4265
6115
4242
4266
6116
4243
4267
6117
4244
4268
6118
4245
4269
6119
4246
4270
6120
4247
4271
6121
4248
4272
6122
4249
4273
6123
4274
6124
4251
4275
6125
4252
4276
6126
4253
4277
6127
4254
4278
6128
4255
4279
6129
4256
4280
6130
4257
4281
6131
4258
4282
6132
4259
4283
6133
4260
4284
6134
4261
4285
6135
4262
4286
6136
4263
4287
6137
4264
4288
6138
4265
4289
6139
4266
4290
6140
4267
4291
6141
4268
4292
6142
4269
4293
6143
4270
4294
6144
4271
4295
6145
4272
4296
6146
4273
4297
6147
4274
4298
6148
4299
6149
4276
4300
6150
4277
4301
6151
4278
4302
6152
4279
4303
6153
4280
4304
6154
4281
4305
6155
4282
4306
6156
4283
4307
6157
4284
4308
6158
4285
4309
6159
4286
4310
6160
4287
4311
6161
4288
4312
6162
4289
4313
6163
4290
4314
6164
4291
4315
6165
4292
4316
6166
4293
4317
6167
4294
4318
6168
4295
4319
6169
4296
4320
6170
4297
4321
6171
4298
4322
6172
4299
4323
6173
4324
6174
4301
4325
6175
4302
4326
6176
4303
4327
6177
4304
4328
6178
4305
4329
6179
4306
4330
6180
4307
4331
6181
4308
4332
6182
4309
4333
6183
4310
4334
6184
4311
4335
6185
4312
4336
6186
4313
4337
6187
4314
4338
6188
4315
4339
6189
4316
4340
6190
4317
4341
6191
4318
4342
6192
4319
4343
6193
4320
4344
6194
4321
4345
6195
4322
4346
6196
4323
4347
6197
4324
4348
6198
4349
6199
4326
4350
6200
4327
4351
6201
4328
4352
6202
4329
4353
6203
4330
4354
6204
4331
4355
6205
4332
4356
6206
4333
4357
6207
4334
4358
6208
4335
4359
6209
4336
4360
6210
4337
4361
6211
4338
4362
6212
4339
4363
6213
4340
4364
6214
4341
4365
6215
4342
4366
6216
4343
4367
6217
4344
4368
6218
4345
4369
6219
4346
4370
6220
4347
4371
6221
4348
4372
6222
4349
4373
6223
4374
6224
4351
4375
6225
4352
4376
6226
4353
4377
6227
4354
4378
6228
4355
4379
6229
4356
4380
6230
4357
4381
6231
4358
4382
6232
4359
4383
6233
4360
4384
6234
4361
4385
6235
4362
4386
6236
4363
4387
6237
4364
4388
6238
4365
4389
6239
4366
4390
6240
4367
4391
6241
4368
4392
6242
4369
4393
6243
4370
4394
6244
4371
4395
6245
4372
4396
6246
4373
4397
6247
4374
4398
6248
4399
6249
4376
4400
6250
4377
4401
6251
4378
4402
6252
4379
4403
6253
4380
4404
6254
4381
4405
6255
4382
4406
6256
4383
4407
6257
4384
4408
6258
4385
4409
6259
4386
4410
6260
4387
4411
6261
4388
4412
6262
4389
4413
6263
4390
4414
6264
4391
4415
6265
4392
4416
6266
4393
4417
6267
4394
4418
6268
4395
4419
6269
4396
4420
6270
4397
4421
6271
4398
4422
6272
4399
4423
6273
4424
6274
4401
4425
6275
4402
4426
6276
4403
4427
6277
4404
4428
6278
4405
4429
6279
4406
4430
6280
4407
4431
6281
4408
4432
6282
4409
4433
6283
4410
4434
6284
4411
4435
6285
4412
4436
6286
4413
4437
6287
4414
4438
6288
4415
4439
6289
4416
4440
6290
4417
4441
6291
4418
4442
6292
4419
4443
6293
4420
4444
6294
4421
4445
6295
4422
4446
6296
4423
4447
6297
4424
4448
6298
4449
6299
4426
4450
6300
4427
4451
6301
4428
4452
6302
4429
4453
6303
4430
4454
6304
4431
4455
6305
4432
4456
6306
4433
4457
6307
4434
4458
6308
4435
4459
6309
4436
4460
6310
4437
4461
6311
4438
4462
6312
4439
4463
6313
4440
4464
6314
4441
4465
6315
4442
4466
6316
4443
4467
6317
4444
4468
6318
4445
4469
6319
4446
4470
6320
4447
4471
6321
4448
4472
6322
4449
4473
6323
4474
6324
4451
4475
6325
4452
4476
6326
4453
4477
6327
4454
4478
6328
4455
4479
6329
4456
4480
6330
4457
4481
6331
4458
4482
6332
4459
4483
6333
4460
4484
6334
4461
4485
6335
4462
4486
6336
4463
4487
6337
4464
4488
6338
4465
4489
6339
4466
4490
6340
4467
4491
6341
4468
4492
6342
4469
4493
6343
4470
4494
6344
4471
4495
6345
4472
4496
6346
4473
4497
6347
4474
4498
6348
4499
6349
4476
4500
6350
4477
4501
6351
4478
4502
6352
4479
4503
6353
4480
4504
6354
4481
4505
6355
4482
4506
6356
4483
4507
6357
4484
4508
6358
4485
4509
6359
4486
4510
6360
4487
4511
6361
4488
4512
6362
4489
4513
6363
4490
4514
6364
4491
4515
6365
4492
4516
6366
4493
4517
6367
4494
4518
6368
4495
4519
6369
4496
4520
6370
4497
4521
6371
4498
4522
6372
4499
4523
6373
4524
6374
4501
4525
6375
4502
4526
6376
4503
4527
6377
4504
4528
6378
4505
4529
6379
4506
4530
6380
4507
4531
6381
4508
4532
6382
4509
4533
6383
4510
4534
6384
4511
4535
6385
4512
4536
6386
4513
4537
6387
4514
4538
6388
4515
4539
6389
4516
4540
6390
4517
4541
6391
4518
4542
6392
4519
4543
6393
4520
4544
6394
4521
4545
6395
4522
4546
6396
4523
4547
6397
4524
4548
6398
4549
6399
4526
4550
6400
4527
4551
6401
4528
4552
6402
4529
4553
6403
4530
4554
6404
4531
4555
6405
4532
4556
6406
4533
4557
6407
4534
4558
6408
4535
4559
6409
4536
4560
6410
4537
4561
6411
4538
4562
6412
4539
4563
6413
4540
4564
6414
4541
4565
6415
4542
4566
6416
4543
4567
6417
4544
4568
6418
4545
4569
6419
4546
4570
6420
4547
4571
6421
4548
4572
6422
4549
4573
6423
4574
6424
4551
4575
6425
4552
4576
6426
4553
4577
6427
4554
4578
6428
4555
4579
6429
4556
4580
6430
4557
4581
6431
4558
4582
6432
4559
4583
6433
4560
4584
6434
4561
4585
6435
4562
4586
6436
4563
4587
6437
4564
4588
6438
4565
4589
6439
4566
4590
6440
4567
4591
6441
4568
4592
6442
4569
4593
6443
4570
4594
6444
4571
4595
6445
4572
4596
6446
4573
4597
6447
4574
4598
6448
4599
6449
4576
4600
6450
4577
4601
6451
4578
4602
6452
4579
4603
6453
4580
4604
6454
4581
4605
6455
4582
4606
6456
4583
4607
6457
4584
4608
6458
4585
4609
6459
4586
4610
6460
4587
4611
6461
4588
4612
6462
4589
4613
6463
4590
4614
6464
4591
4615
6465
4592
4616
6466
4593
4617
6467
4594
4618
6468
4595
4619
6469
4596
4620
6470
4597
4621
6471
4598
4622
6472
4599
4623
6473
4624
6474
4601
4625
6475
4602
4626
6476
4603
4627
6477
4604
4628
6478
4605
4629
6479
4606
4630
6480
4607
4631
6481
4608
4632
6482
4609
4633
6483
4610
4634
6484
4611
4635
6485
4612
4636
6486
4613
4637
6487
4614
4638
6488
4615
4639
6489
4616
4640
6490
4617
4641
6491
4618
4642
6492
4619
4643
6493
4620
4644
6494
4621
4645
6495
4622
4646
6496
4623
4647
6497
4624
4648
6498
4649
6499
4626
4650
6500
4627
4651
6501
4628
4652
6502
4629
4653
6503
4630
4654
6504
4631
4655
6505
4632
4656
6506
4633
4657
6507
4634
4658
6508
4635
4659
6509
4636
4660
6510
4637
4661
6511
4638
4662
6512
4639
4663
6513
4640
4664
6514
4641
4665
6515
4642
4666
6516
4643
4667
6517
4644
4668
6518
4645
4669
6519
4646
4670
6520
4647
4671
6521
4648
4672
6522
4649
4673
6523
4674
6524
4651
4675
6525
4652
4676
6526
4653
4677
6527
4654
4678
6528
4655
4679
6529
4656
4680
6530
4657
4681
6531
4658
4682
6532
4659
4683
6533
4660
4684
6534
4661
4685
6535
4662
4686
6536
4663
4687
6537
4664
4688
6538
4665
4689
6539
4666
4690
6540
4667
4691
6541
4668
4692
6542
4669
4693
6543
4670
4694
6544
4671
4695
6545
4672
4696
6546
4673
4697
6547
4674
4698
6548
4699
6549
4676
4700
6550
4677
4701
6551
4678
4702
6552
4679
4703
6553
4680
4704
6554
4681
4705
6555
4682
4706
6556
4683
4707
6557
4684
4708
6558
4685
4709
6559
4686
4710
6560
4687
4711
6561
4688
4712
6562
4689
4713
6563
4690
4714
6564
4691
4715
6565
4692
4716
6566
4693
4717
6567
4694
4718
6568
4695
4719
6569
4696
4720
6570
4697
4721
6571
4698
4722
6572
4699
4723
6573
4724
6574
4701
4725
6575
4702
4726
6576
4703
4727
6577
4704
4728
6578
4705
4729
6579
4706
4730
6580
4707
4731
6581
4708
4732
6582
4709
4733
6583
4710
4734
6584
4711
4735
6585
4712
4736
6586
4713
4737
6587
4714
4738
6588
4715
4739
6589
4716
4740
6590
4717
4741
6591
4718
4742
6592
4719
4743
6593
4720
4744
6594
4721
4745
6595
4722
4746
6596
4723
4747
6597
4724
4748
6598
4749
6599
4726
4750
6600
4727
4751
6601
4728
4752
6602
4729
4753
6603
4730
4754
6604
4731
4755
6605
4732
4756
6606
4733
4757
6607
4734
4758
6608
4735
4759
6609
4736
4760
6610
4737
4761
6611
4738
4762
6612
4739
4763
6613
4740
4764
6614
4741
4765
6615
4742
4766
6616
4743
4767
6617
4744
4768
6618
4745
4769
6619
4746
4770
6620
4747
4771
6621
4748
4772
6622
4749
4773
6623
4774
6624
4751
4775
6625
4752
4776
6626
4753
4777
6627
4754
4778
6628
4755
4779
6629
4756
4780
6630
4757
4781
6631
4758
4782
6632
4759
4783
6633
4760
4784
6634
4761
4785
6635
4762
4786
6636
4763
4787
6637
4764
4788
6638
4765
4789
6639
4766
4790
6640
4767
4791
6641
4768
4792
6642
4769
4793
6643
4770
4794
6644
4771
4795
6645
4772
4796
6646
4773
4797
6647
4774
4798
6648
4799
6649
4776
4800
6650
4777
4801
6651
4778
4802
6652
4779
4803
6653
4780
4804
6654
4781
4805
6655
4782
4806
6656
4783
4807
6657
4784
4808
6658
4785
4809
6659
4786
4810
6660
4787
4811
6661
4788
4812
6662
4789
4813
6663
4790
4814
6664
4791
4815
6665
4792
4816
6666
4793
4817
6667
4794
4818
6668
4795
4819
6669
4796
4820
6670
4797
4821
6671
4798
4822
6672
4799
4823
6673
4824
6674
4801
4825
6675
4802
4826
6676
4803
4827
6677
4804
4828
6678
4805
4829
6679
4806
4830
6680
4807
4831
6681
4808
4832
6682
4809
4833
6683
4810
4834
6684
4811
4835
6685
4812
4836
6686
4813
4837
6687
4814
4838
6688
4815
4839
6689
4816
4840
6690
4817
4841
6691
4818
4842
6692
4819
4843
6693
4820
4844
6694
4821
4845
6695
4822
4846
6696
4823
4847
6697
4824
4848
6698
4849
6699
4826
4850
6700
4827
4851
6701
4828
4852
6702
4829
4853
6703
4830
4854
6704
4831
4855
6705
4832
4856
6706
4833
4857
6707
4834
4858
6708
4835
4859
6709
4836
4860
6710
4837
4861
6711
4838
4862
6712
4839
4863
6713
4840
4864
6714
4841
4865
6715
4842
4866
6716
4843
4867
6717
4844
4868
6718
4845
4869
6719
4846
4870
6720
4847
4871
6721
4848
4872
6722
4849
4873
6723
4874
6724
4851
4875
6725
4852
4876
6726
4853
4877
6727
4854
4878
6728
4855
4879
6729
4856
4880
6730
4857
4881
6731
4858
4882
6732
4859
4883
6733
4860
4884
6734
4861
4885
6735
4862
4886
6736
4863
4887
6737
4864
4888
6738
4865
4889
6739
4866
4890
6740
4867
4891
6741
4868
4892
6742
4869
4893
6743
4870
4894
6744
4871
4895
6745
4872
4896
6746
4873
4897
6747
4874
4898
6748
4899
6749
4876
4900
6750
4877
4901
6751
4878
4902
6752
4879
4903
6753
4880
4904
6754
4881
4905
6755
4882
4906
6756
4883
4907
6757
4884
4908
6758
4885
4909
6759
4886
4910
6760
4887
4911
6761
4888
4912
6762
4889
4913
6763
4890
4914
6764
4891
4915
6765
4892
4916
6766
4893
4917
6767
4894
4918
6768
4895
4919
6769
4896
4920
6770
4897
4921
6771
4898
4922
6772
4899
4923
6773
4924
6774
4901
4925
6775
4902
4926
6776
4903
4927
6777
4904
4928
6778
4905
4929
6779
4906
4930
6780
4907
4931
6781
4908
4932
6782
4909
4933
6783
4910
4934
6784
4911
4935
6785
4912
4936
6786
4913
4937
6787
4914
4938
6788
4915
4939
6789
4916
4940
6790
4917
4941
6791
4918
4942
6792
4919
4943
6793
4920
4944
6794
4921
4945
6795
4922
4946
6796
4923
4947
6797
4924
4948
6798
4949
6799
4926
4950
6800
4927
4951
6801
4928
4952
6802
4929
4953
6803
4930
4954
6804
4931
4955
6805
4932
4956
6806
4933
4957
6807
4934
4958
6808
4935
4959
6809
4936
4960
6810
4937
4961
6811
4938
4962
6812
4939
4963
6813
4940
4964
6814
4941
4965
6815
4942
4966
6816
4943
4967
6817
4944
4968
6818
4945
4969
6819
4946
4970
6820
4947
4971
6821
4948
4972
6822
4949
4973
6823
4974
6824
4951
4975
6825
4952
4976
6826
4953
4977
6827
4954
4978
6828
4955
4979
6829
4956
4980
6830
4957
4981
6831
4958
4982
6832
4959
4983
6833
4960
4984
6834
4961
4985
6835
4962
4986
6836
4963
4987
6837
4964
4988
6838
4965
4989
6839
4966
4990
6840
4967
4991
6841
4968
4992
6842
4969
4993
6843
4970
4994
6844
4971
4995
6845
4972
4996
6846
4973
4997
6847
4974
4998
6848
4999
6849
4976
5000
6850
4977
5001
6851
4978
5002
6852
4979
5003
6853
4980
5004
6854
4981
5005
6855
4982
5006
6856
4983
5007
6857
4984
5008
6858
4985
5009
6859
4986
5010
6860
4987
5011
6861
4988
5012
6862
4989
5013
6863
4990
5014
6864
4991
5015
6865
4992
5016
6866
4993
5017
6867
4994
5018
6868
4995
5019
6869
4996
5020
6870
4997
5021
6871
4998
5022
6872
4999
5023
6873
5024
6874
5001
5025
6875
5002
5026
6876
5003
5027
6877
5004
5028
6878
5005
5029
6879
5006
5030
6880
5007
5031
6881
5008
5032
6882
5009
5033
6883
5010
5034
6884
5011
5035
6885
5012
5036
6886
5013
5037
6887
5014
5038
6888
5015
5039
6889
5016
5040
6890
5017
5041
6891
5018
5042
6892
5019
5043
6893
5020
5044
6894
5021
5045
6895
5022
5046
6896
5023
5047
6897
5024
5048
6898
5049
6899
5026
5050
6900
5027
5051
6901
5028
5052
6902
5029
5053
6903
5030
5054
6904
5031
5055
6905
5032
5056
6906
5033
5057
6907
5034
5058
6908
5035
5059
6909
5036
5060
6910
5037
5061
6911
5038
5062
6912
5039
5063
6913
5040
5064
6914
5041
5065
6915
5042
5066
6916
5043
5067
6917
5044
5068
6918
5045
5069
6919
5046
5070
6920
5047
5071
6921
5048
5072
6922
5049
5073
6923
5074
6924
5051
5075
6925
5052
5076
6926
5053
5077
6927
5054
5078
6928
5055
5079
6929
5056
5080
6930
5057
5081
6931
5058
5082
6932
5059
5083
6933
5060
5084
6934
5061
5085
6935
5062
5086
6936
5063
5087
6937
5064
5088
6938
5065
5089
6939
5066
5090
6940
5067
5091
6941
5068
5092
6942
5069
5093
6943
5070
5094
6944
5071
5095
6945
5072
5096
6946
5073
5097
6947
5074
5098
6948
5099
6949
5076
5100
6950
5077
5101
6951
5078
5102
6952
5079
5103
6953
5080
5104
6954
5081
5105
6955
5082
5106
6956
5083
5107
6957
5084
5108
6958
5085
5109
6959
5086
5110
6960
5087
5111
6961
5088
5112
6962
5089
5113
6963
5090
5114
6964
5091
5115
6965
5092
5116
6966
5093
5117
6967
5094
5118
6968
5095
5119
6969
5096
5120
6970
5097
5121
6971
5098
5122
6972
5099
5123
6973
5124
6974
5101
5125
6975
5102
5126
6976
5103
5127
6977
5104
5128
6978
5105
5129
6979
5106
5130
6980
5107
5131
6981
5108
5132
6982
5109
5133
6983
5110
5134
6984
5111
5135
6985
5112
5136
6986
5113
5137
6987
5114
5138
6988
5115
5139
6989
5116
5140
6990
5117
5141
6991
5118
5142
6992
5119
5143
6993
5120
5144
6994
5121
5145
6995
5122
5146
6996
5123
5147
6997
5124
5148
6998
5149
6999
5126
5150
7000
5127
5151
7001
5128
5152
7002
5129
5153
7003
5130
5154
7004
5131
5155
7005
5132
5156
7006
5133
5157
7007
5134
5158
7008
5135
5159
7009
5136
5160
7010
5137
5161
7011
5138
5162
7012
5139
5163
7013
5140
5164
7014
5141
5165
7015
5142
5166
7016
5143
5167
7017
5144
5168
7018
5145
5169
7019
5146
5170
7020
5147
5171
7021
5148
5172
7022
5149
5173
7023
5174
7024
5151
5175
7025
5152
5176
7026
5153
5177
7027
5154
5178
7028
5155
5179
7029
5156
5180
7030
5157
5181
7031
5158
5182
7032
5159
5183
7033
5160
5184
7034
5161
5185
7035
5162
5186
7036
5163
5187
7037
5164
5188
7038
5165
5189
7039
5166
5190
7040
5167
5191
7041
5168
5192
7042
5169
5193
7043
5170
5194
7044
5171
5195
7045
5172
5196
7046
5173
5197
7047
5174
5198
7048
5199
7049
5176
5200
7050
5177
5201
7051
5178
5202
7052
5179
5203
7053
5180
5204
7054
5181
5205
7055
5182
5206
7056
5183
5207
7057
5184
5208
7058
5185
5209
7059
5186
5210
7060
5187
5211
7061
5188
5212
7062
5189
5213
7063
5190
5214
7064
5191
5215
7065
5192
5216
7066
5193
5217
7067
5194
5218
7068
5195
5219
7069
5196
5220
7070
5197
5221
7071
5198
5222
7072
5199
5223
7073
5224
7074
5201
5225
7075
5202
5226
7076
5203
5227
7077
5204
5228
7078
5205
5229
7079
5206
5230
7080
5207
5231
7081
5208
5232
7082
5209
5233
7083
5210
5234
7084
5211
5235
7085
5212
5236
7086
5213
5237
7087
5214
5238
7088
5215
5239
7089
5216
5240
7090
5217
5241
7091
5218
5242
7092
5219
5243
7093
5220
5244
7094
5221
5245
7095
5222
5246
7096
5223
5247
7097
5224
5248
7098
5249
7099
5226
5250
7100
5227
5251
7101
5228
5252
7102
5229
5253
7103
5230
5254
7104
5231
5255
7105
5232
5256
7106
5233
5257
7107
5234
5258
7108
5235
5259
7109
5236
5260
7110
5237
5261
7111
5238
5262
7112
5239
5263
7113
5240
5264
7114
5241
5265
7115
5242
5266
7116
5243
5267
7117
5244
5268
7118
5245
5269
7119
5246
5270
7120
5247
5271
7121
5248
5272
7122
5249
5273
7123
5274
7124
5251
5275
7125
5252
5276
7126
5253
5277
7127
5254
5278
7128
5255
5279
7129
5256
5280
7130
5257
5281
7131
5258
5282
7132
5259
5283
7133
5260
5284
7134
5261
5285
7135
5262
5286
7136
5263
5287
7137
5264
5288
7138
5265
5289
7139
5266
5290
7140
5267
5291
7141
5268
5292
7142
5269
5293
7143
5270
5294
7144
5271
5295
7145
5272
5296
7146
5273
5297
7147
5274
5298
7148
5299
7149
5276
5300
7150
5277
5301
7151
5278
5302
7152
5279
5303
7153
5280
5304
7154
5281
5305
7155
5282
5306
7156
5283
5307
7157
5284
5308
7158
5285
5309
7159
5286
5310
7160
5287
5311
7161
5288
5312
7162
5289
5313
7163
5290
5314
7164
5291
5315
7165
5292
5316
7166
5293
5317
7167
5294
5318
7168
5295
5319
7169
5296
5320
7170
5297
5321
7171
5298
5322
7172
5299
5323
7173
5324
7174
5301
5325
7175
5302
5326
7176
5303
5327
7177
5304
5328
7178
5305
5329
7179
5306
5330
7180
5307
5331
7181
5308
5332
7182
5309
5333
7183
5310
5334
7184
5311
5335
7185
5312
5336
7186
5313
5337
7187
5314
5338
7188
5315
5339
7189
5316
5340
7190
5317
5341
7191
5318
5342
7192
5319
5343
7193
5320
5344
7194
5321
5345
7195
5322
5346
7196
5323
5347
7197
5324
5348
7198
5349
7199
5326
5350
7200
5327
5351
7201
5328
5352
7202
5329
5353
7203
5330
5354
7204
5331
5355
7205
5332
5356
7206
5333
5357
7207
5334
5358
7208
5335
5359
7209
5336
5360
7210
5337
5361
7211
5338
5362
7212
5339
5363
7213
5340
5364
7214
5341
5365
7215
5342
5366
7216
5343
5367
7217
5344
5368
7218
5345
5369
7219
5346
5370
7220
5347
5371
7221
5348
5372
7222
5349
5373
7223
5374
7224
5351
5375
7225
5352
5376
7226
5353
5377
7227
5354
5378
7228
5355
5379
7229
5356
5380
7230
5357
5381
7231
5358
5382
7232
5359
5383
7233
5360
5384
7234
5361
5385
7235
5362
5386
7236
5363
5387
7237
5364
5388
7238
5365
5389
7239
5366
5390
7240
5367
5391
7241
5368
5392
7242
5369
5393
7243
5370
5394
7244
5371
5395
7245
5372
5396
7246
5373
5397
7247
5374
5398
7248
5399
7249
5376
5400
7250
5377
5401
7251
5378
5402
7252
5379
5403
7253
5380
5404
7254
5381
5405
7255
5382
5406
7256
5383
5407
7257
5384
5408
7258
5385
5409
7259
5386
5410
7260
5387
5411
7261
5388
5412
7262
5389
5413
7263
5390
5414
7264
5391
5415
7265
5392
5416
7266
5393
5417
7267
5394
5418
7268
5395
5419
7269
5396
5420
7270
5397
5421
7271
5398
5422
7272
5399
5423
7273
5424
7274
5401
5425
7275
5402
5426
7276
5403
5427
7277
5404
5428
7278
5405
5429
7279
5406
5430
7280
5407
5431
7281
5408
5432
7282
5409
5433
7283
5410
5434
7284
5411
5435
7285
5412
5436
7286
5413
5437
7287
5414
5438
7288
5415
5439
7289
5416
5440
7290
5417
5441
7291
5418
5442
7292
5419
5443
7293
5420
5444
7294
5421
5445
7295
5422
5446
7296
5423
5447
7297
5424
5448
7298
5449
7299
5426
5450
7300
5427
5451
7301
5428
5452
7302
5429
5453
7303
5430
5454
7304
5431
5455
7305
5432
5456
7306
5433
5457
7307
5434
5458
7308
5435
5459
7309
5436
5460
7310
5437
5461
7311
5438
5462
7312
5439
5463
7313
5440
5464
7314
5441
5465
7315
5442
5466
7316
5443
5467
7317
5444
5468
7318
5445
5469
7319
5446
5470
7320
5447
5471
7321
5448
5472
7322
5449
5473
7323
5474
7324
5451
5475
7325
5452
5476
7326
5453
5477
7327
5454
5478
7328
5455
5479
7329
5456
5480
7330
5457
5481
7331
5458
5482
7332
5459
5483
7333
5460
5484
7334
5461
5485
7335
5462
5486
7336
5463
5487
7337
5464
5488
7338
5465
5489
7339
5466
5490
7340
5467
5491
7341
5468
5492
7342
5469
5493
7343
5470
5494
7344
5471
5495
7345
5472
5496
7346
5473
5497
7347
5474
5498
7348
5499
7349
5476
5500
7350
5477
5501
7351
5478
5502
7352
5479
5503
7353
5480
5504
7354
5481
5505
7355
5482
5506
7356
5483
5507
7357
5484
5508
7358
5485
5509
7359
5486
5510
7360
5487
5511
7361
5488
5512
7362
5489
5513
7363
5490
5514
7364
5491
5515
7365
5492
5516
7366
5493
5517
7367
5494
5518
7368
5495
5519
7369
5496
5520
7370
5497
5521
7371
5498
5522
7372
5499
5523
7373
5524
7374
5501
5525
7375
5502
5526
7376
5503
5527
7377
5504
5528
7378
5505
5529
7379
5506
5530
7380
5507
5531
7381
5508
5532
7382
5509
5533
7383
5510
5534
7384
5511
5535
7385
5512
5536
7386
5513
5537
7387
5514
5538
7388
5515
5539
7389
5516
5540
7390
5517
5541
7391
5518
5542
7392
5519
5543
7393
5520
5544
7394
5521
5545
7395
5522
5546
7396
5523
5547
7397
5524
5548
7398
5549
7399
5526
5550
7400
5527
5551
7401
5528
5552
7402
5529
5553
7403
5530
5554
7404
5531
5555
7405
5532
5556
7406
5533
5557
7407
5534
5558
7408
5535
5559
7409
5536
5560
7410
5537
5561
7411
5538
5562
7412
5539
5563
7413
5540
5564
7414
5541
5565
7415
5542
5566
7416
5543
5567
7417
5544
5568
7418
5545
5569
7419
5546
5570
7420
5547
5571
7421
5548
5572
7422
5549
5573
7423
5574
7424
5551
5575
7425
5552
5576
7426
5553
5577
7427
5554
5578
7428
5555
5579
7429
5556
5580
7430
5557
5581
7431
5558
5582
7432
5559
5583
7433
5560
5584
7434
5561
5585
7435
5562
5586
7436
5563
5587
7437
5564
5588
7438
5565
5589
7439
5566
5590
7440
5567
5591
7441
5568
5592
7442
5569
5593
7443
5570
5594
7444
5571
5595
7445
5572
5596
7446
5573
5597
7447
5574
5598
7448
5599
7449
5576
5600
7450
5577
5601
7451
5578
5602
7452
5579
5603
7453
5580
5604
7454
5581
5605
7455
5582
5606
7456
5583
5607
7457
5584
5608
7458
5585
5609
7459
5586
5610
7460
5587
5611
7461
5588
5612
7462
5589
5613
7463
5590
5614
7464
5591
5615
7465
5592
5616
7466
5593
5617
7467
5594
5618
7468
5595
5619
7469
5596
5620
7470
5597
5621
7471
5598
5622
7472
5599
5623
7473
5624
7474
5601
7475
5602
7476
5603
7477
5604
7478
5605
7479
5606
7480
5607
7481
5608
7482
5609
7483
5610
7484
5611
7485
5612
7486
5613
7487
5614
7488
5615
7489
5616
7490
5617
7491
5618
7492
5619
7493
5620
7494
5621
7495
5622
7496
5623
7497
5624
7498
7499
5626
5650
7500
5627
5651
7501
5628
5652
7502
5629
5653
7503
5630
5654
7504
5631
5655
7505
5632
5656
7506
5633
5657
7507
5634
5658
7508
5635
5659
7509
5636
5660
7510
5637
5661
7511
5638
5662
7512
5639
5663
7513
5640
5664
7514
5641
5665
7515
5642
5666
7516
5643
5667
7517
5644
5668
7518
5645
5669
7519
5646
5670
7520
5647
5671
7521
5648
5672
7522
5649
5673
7523
5674
7524
5651
5675
7525
5652
5676
7526
5653
5677
7527
5654
5678
7528
5655
5679
7529
5656
5680
7530
5657
5681
7531
5658
5682
7532
5659
5683
7533
5660
5684
7534
5661
5685
7535
5662
5686
7536
5663
5687
7537
5664
5688
7538
5665
5689
7539
5666
5690
7540
5667
5691
7541
5668
5692
7542
5669
5693
7543
5670
5694
7544
5671
5695
7545
5672
5696
7546
5673
5697
7547
5674
5698
7548
5699
7549
5676
5700
7550
5677
5701
7551
5678
5702
7552
5679
5703
7553
5680
5704
7554
5681
5705
7555
5682
5706
7556
5683
5707
7557
5684
5708
7558
5685
5709
7559
5686
5710
7560
5687
5711
7561
5688
5712
7562
5689
5713
7563
5690
5714
7564
5691
5715
7565
5692
5716
7566
5693
5717
7567
5694
5718
7568
5695
5719
7569
5696
5720
7570
5697
5721
7571
5698
5722
7572
5699
5723
7573
5724
7574
5701
5725
7575
5702
5726
7576
5703
5727
7577
5704
5728
7578
5705
5729
7579
5706
5730
7580
5707
5731
7581
5708
5732
7582
5709
5733
7583
5710
5734
7584
5711
5735
7585
5712
5736
7586
5713
5737
7587
5714
5738
7588
5715
5739
7589
5716
5740
7590
5717
5741
7591
5718
5742
7592
5719
5743
7593
5720
5744
7594
5721
5745
7595
5722
5746
7596
5723
5747
7597
5724
5748
7598
5749
7599
5726
5750
7600
5727
5751
7601
5728
5752
7602
5729
5753
7603
5730
5754
7604
5731
5755
7605
5732
5756
7606
5733
5757
7607
5734
5758
7608
5735
5759
7609
5736
5760
7610
5737
5761
7611
5738
5762
7612
5739
5763
7613
5740
5764
7614
5741
5765
7615
5742
5766
7616
5743
5767
7617
5744
5768
7618
5745
5769
7619
5746
5770
7620
5747
5771
7621
5748
5772
7622
5749
5773
7623
5774
7624
5751
5775
7625
5752
5776
7626
5753
5777
7627
5754
5778
7628
5755
5779
7629
5756
5780
7630
5757
5781
7631
5758
5782
7632
5759
5783
7633
5760
5784
7634
5761
5785
7635
5762
5786
7636
5763
5787
7637
5764
5788
7638
5765
5789
7639
5766
5790
7640
5767
5791
7641
5768
5792
7642
5769
5793
7643
5770
5794
7644
5771
5795
7645
5772
5796
7646
5773
5797
7647
5774
5798
7648
5799
7649
5776
5800
7650
5777
5801
7651
5778
5802
7652
5779
5803
7653
5780
5804
7654
5781
5805
7655
5782
5806
7656
5783
5807
7657
5784
5808
7658
5785
5809
7659
5786
5810
7660
5787
5811
7661
5788
5812
7662
5789
5813
7663
5790
5814
7664
5791
5815
7665
5792
5816
7666
5793
5817
7667
5794
5818
7668
5795
5819
7669
5796
5820
7670
5797
5821
7671
5798
5822
7672
5799
5823
7673
5824
7674
5801
5825
7675
5802
5826
7676
5803
5827
7677
5804
5828
7678
5805
5829
7679
5806
5830
7680
5807
5831
7681
5808
5832
7682
5809
5833
7683
5810
5834
7684
5811
5835
7685
5812
5836
7686
5813
5837
7687
5814
5838
7688
5815
5839
7689
5816
5840
7690
5817
5841
7691
5818
5842
7692
5819
5843
7693
5820
5844
7694
5821
5845
7695
5822
5846
7696
5823
5847
7697
5824
5848
7698
5849
7699
5826
5850
7700
5827
5851
7701
5828
5852
7702
5829
5853
7703
5830
5854
7704
5831
5855
7705
5832
5856
7706
5833
5857
7707
5834
5858
7708
5835
5859
7709
5836
5860
7710
5837
5861
7711
5838
5862
7712
5839
5863
7713
5840
5864
7714
5841
5865
7715
5842
5866
7716
5843
5867
7717
5844
5868
7718
5845
5869
7719
5846
5870
7720
5847
5871
7721
5848
5872
7722
5849
5873
7723
5874
7724
5851
5875
7725
5852
5876
7726
5853
5877
7727
5854
5878
7728
5855
5879
7729
5856
5880
7730
5857
5881
7731
5858
5882
7732
5859
5883
7733
5860
5884
7734
5861
5885
7735
5862
5886
7736
5863
5887
7737
5864
5888
7738
5865
5889
7739
5866
5890
7740
5867
5891
7741
5868
5892
7742
5869
5893
7743
5870
5894
7744
5871
5895
7745
5872
5896
7746
5873
5897
7747
5874
5898
7748
5899
7749
5876
5900
7750
5877
5901
7751
5878
5902
7752
5879
5903
7753
5880
5904
7754
5881
5905
7755
5882
5906
7756
5883
5907
7757
5884
5908
7758
5885
5909
7759
5886
5910
7760
5887
5911
7761
5888
5912
7762
5889
5913
7763
5890
5914
7764
5891
5915
7765
5892
5916
7766
5893
5917
7767
5894
5918
7768
5895
5919
7769
5896
5920
7770
5897
5921
7771
5898
5922
7772
5899
5923
7773
5924
7774
5901
5925
7775
5902
5926
7776
5903
5927
7777
5904
5928
7778
5905
5929
7779
5906
5930
7780
5907
5931
7781
5908
5932
7782
5909
5933
7783
5910
5934
7784
5911
5935
7785
5912
5936
7786
5913
5937
7787
5914
5938
7788
5915
5939
7789
5916
5940
7790
5917
5941
7791
5918
5942
7792
5919
5943
7793
5920
5944
7794
5921
5945
7795
5922
5946
7796
5923
5947
7797
5924
5948
7798
5949
7799
5926
5950
7800
5927
5951
7801
5928
5952
7802
5929
5953
7803
5930
5954
7804
5931
5955
7805
5932
5956
7806
5933
5957
7807
5934
5958
7808
5935
5959
7809
5936
5960
7810
5937
5961
7811
5938
5962
7812
5939
5963
7813
5940
5964
7814
5941
5965
7815
5942
5966
7816
5943
5967
7817
5944
5968
7818
5945
5969
7819
5946
5970
7820
5947
5971
7821
5948
5972
7822
5949
5973
7823
5974
7824
5951
5975
7825
5952
5976
7826
5953
5977
7827
5954
5978
7828
5955
5979
7829
5956
5980
7830
5957
5981
7831
5958
5982
7832
5959
5983
7833
5960
5984
7834
5961
5985
7835
5962
5986
7836
5963
5987
7837
5964
5988
7838
5965
5989
7839
5966
5990
7840
5967
5991
7841
5968
5992
7842
5969
5993
7843
5970
5994
7844
5971
5995
7845
5972
5996
7846
5973
5997
7847
5974
5998
7848
5999
7849
5976
6000
7850
5977
6001
7851
5978
6002
7852
5979
6003
7853
5980
6004
7854
5981
6005
7855
5982
6006
7856
5983
6007
7857
5984
6008
7858
5985
6009
7859
5986
6010
7860
5987
6011
7861
5988
6012
7862
5989
6013
7863
5990
6014
7864
5991
6015
7865
5992
6016
7866
5993
6017
7867
5994
6018
7868
5995
6019
7869
5996
6020
7870
5997
6021
7871
5998
6022
7872
5999
6023
7873
6024
7874
6001
6025
7875
6002
6026
7876
6003
6027
7877
6004
6028
7878
6005
6029
7879
6006
6030
7880
6007
6031
7881
6008
6032
7882
6009
6033
7883
6010
6034
7884
6011
6035
7885
6012
6036
7886
6013
6037
7887
6014
6038
7888
6015
6039
7889
6016
6040
7890
6017
6041
7891
6018
6042
7892
6019
6043
7893
6020
6044
7894
6021
6045
7895
6022
6046
7896
6023
6047
7897
6024
6048
7898
6049
7899
6026
6050
7900
6027
6051
7901
6028
6052
7902
6029
6053
7903
6030
6054
7904
6031
6055
7905
6032
6056
7906
6033
6057
7907
6034
6058
7908
6035
6059
7909
6036
6060
7910
6037
6061
7911
6038
6062
7912
6039
6063
7913
6040
6064
7914
6041
6065
7915
6042
6066
7916
6043
6067
7917
6044
6068
7918
6045
6069
7919
6046
6070
7920
6047
6071
7921
6048
6072
7922
6049
6073
7923
6074
7924
6051
6075
7925
6052
6076
7926
6053
6077
7927
6054
6078
7928
6055
6079
7929
6056
6080
7930
6057
6081
7931
6058
6082
7932
6059
6083
7933
6060
6084
7934
6061
6085
7935
6062
6086
7936
6063
6087
7937
6064
6088
7938
6065
6089
7939
6066
6090
7940
6067
6091
7941
6068
6092
7942
6069
6093
7943
6070
6094
7944
6071
6095
7945
6072
6096
7946
6073
6097
7947
6074
6098
7948
6099
7949
6076
6100
7950
6077
6101
7951
6078
6102
7952
6079
6103
7953
6080
6104
7954
6081
6105
7955
6082
6106
7956
6083
6107
7957
6084
6108
7958
6085
6109
7959
6086
6110
7960
6087
6111
7961
6088
6112
7962
6089
6113
7963
6090
6114
7964
6091
6115
7965
6092
6116
7966
6093
6117
7967
6094
6118
7968
6095
6119
7969
6096
6120
7970
6097
6121
7971
6098
6122
7972
6099
6123
7973
6124
7974
6101
6125
7975
6102
6126
7976
6103
6127
7977
6104
6128
7978
6105
6129
7979
6106
6130
7980
6107
6131
7981
6108
6132
7982
6109
6133
7983
6110
6134
7984
6111
6135
7985
6112
6136
7986
6113
6137
7987
6114
6138
7988
6115
6139
7989
6116
6140
7990
6117
6141
7991
6118
6142
7992
6119
6143
7993
6120
6144
7994
6121
6145
7995
6122
6146
7996
6123
6147
7997
6124
6148
7998
6149
7999
6126
6150
8000
6127
6151
8001
6128
6152
8002
6129
6153
8003
6130
6154
8004
6131
6155
8005
6132
6156
8006
6133
6157
8007
6134
6158
8008
6135
6159
8009
6136
6160
8010
6137
6161
8011
6138
6162
8012
6139
6163
8013
6140
6164
8014
6141
6165
8015
6142
6166
8016
6143
6167
8017
6144
6168
8018
6145
6169
8019
6146
6170
8020
6147
6171
8021
6148
6172
8022
6149
6173
8023
6174
8024
6151
6175
8025
6152
6176
8026
6153
6177
8027
6154
6178
8028
6155
6179
8029
6156
6180
8030
6157
6181
8031
6158
6182
8032
6159
6183
8033
6160
6184
8034
6161
6185
8035
6162
6186
8036
6163
6187
8037
6164
6188
8038
6165
6189
8039
6166
6190
8040
6167
6191
8041
6168
6192
8042
6169
6193
8043
6170
6194
8044
6171
6195
8045
6172
6196
8046
6173
6197
8047
6174
6198
8048
6199
8049
6176
6200
8050
6177
6201
8051
6178
6202
8052
6179
6203
8053
6180
6204
8054
6181
6205
8055
6182
6206
8056
6183
6207
8057
6184
6208
8058
6185
6209
8059
6186
6210
8060
6187
6211
8061
6188
6212
8062
6189
6213
8063
6190
6214
8064
6191
6215
8065
6192
6216
8066
6193
6217
8067
6194
6218
8068
6195
6219
8069
6196
6220
8070
6197
6221
8071
6198
6222
8072
6199
6223
8073
6224
8074
6201
6225
8075
6202
6226
8076
6203
6227
8077
6204
6228
8078
6205
6229
8079
6206
6230
8080
6207
6231
8081
6208
6232
8082
6209
6233
8083
6210
6234
8084
6211
6235
8085
6212
6236
8086
6213
6237
8087
6214
6238
8088
6215
6239
8089
6216
6240
8090
6217
6241
8091
6218
6242
8092
6219
6243
8093
6220
6244
8094
6221
6245
8095
6222
6246
8096
6223
6247
8097
6224
6248
8098
6249
8099
6226
6250
8100
6227
6251
8101
6228
6252
8102
6229
6253
8103
6230
6254
8104
6231
6255
8105
6232
6256
8106
6233
6257
8107
6234
6258
8108
6235
6259
8109
6236
6260
8110
6237
6261
8111
6238
6262
8112
6239
6263
8113
6240
6264
8114
6241
6265
8115
6242
6266
8116
6243
6267
8117
6244
6268
8118
6245
6269
8119
6246
6270
8120
6247
6271
8121
6248
6272
8122
6249
6273
8123
6274
8124
6251
6275
8125
6252
6276
8126
6253
6277
8127
6254
6278
8128
6255
6279
8129
6256
6280
8130
6257
6281
8131
6258
6282
8132
6259
6283
8133
6260
6284
8134
6261
6285
8135
6262
6286
8136
6263
6287
8137
6264
6288
8138
6265
6289
8139
6266
6290
8140
6267
6291
8141
6268
6292
8142
6269
6293
8143
6270
6294
8144
6271
6295
8145
6272
6296
8146
6273
6297
8147
6274
6298
8148
6299
8149
6276
6300
8150
6277
6301
8151
6278
6302
8152
6279
6303
8153
6280
6304
8154
6281
6305
8155
6282
6306
8156
6283
6307
8157
6284
6308
8158
6285
6309
8159
6286
6310
8160
6287
6311
8161
6288
6312
8162
6289
6313
8163
6290
6314
8164
6291
6315
8165
6292
6316
8166
6293
6317
8167
6294
6318
8168
6295
6319
8169
6296
6320
8170
6297
6321
8171
6298
6322
8172
6299
6323
8173
6324
8174
6301
6325
8175
6302
6326
8176
6303
6327
8177
6304
6328
8178
6305
6329
8179
6306
6330
8180
6307
6331
8181
6308
6332
8182
6309
6333
8183
6310
6334
8184
6311
6335
8185
6312
6336
8186
6313
6337
8187
6314
6338
8188
6315
6339
8189
6316
6340
8190
6317
6341
8191
6318
6342
8192
6319
6343
8193
6320
6344
8194
6321
6345
8195
6322
6346
8196
6323
6347
8197
6324
6348
8198
6349
8199
6326
6350
8200
6327
6351
8201
6328
6352
8202
6329
6353
8203
6330
6354
8204
6331
6355
8205
6332
6356
8206
6333
6357
8207
6334
6358
8208
6335
6359
8209
6336
6360
8210
6337
6361
8211
6338
6362
8212
6339
6363
8213
6340
6364
8214
6341
6365
8215
6342
6366
8216
6343
6367
8217
6344
6368
8218
6345
6369
8219
6346
6370
8220
6347
6371
8221
6348
6372
8222
6349
6373
8223
6374
8224
6351
6375
8225
6352
6376
8226
6353
6377
8227
6354
6378
8228
6355
6379
8229
6356
6380
8230
6357
6381
8231
6358
6382
8232
6359
6383
8233
6360
6384
8234
6361
6385
8235
6362
6386
8236
6363
6387
8237
6364
6388
8238
6365
6389
8239
6366
6390
8240
6367
6391
8241
6368
6392
8242
6369
6393
8243
6370
6394
8244
6371
6395
8245
6372
6396
8246
6373
6397
8247
6374
6398
8248
6399
8249
6376
6400
8250
6377
6401
8251
6378
6402
8252
6379
6403
8253
6380
6404
8254
6381
6405
8255
6382
6406
8256
6383
6407
8257
6384
6408
8258
6385
6409
8259
6386
6410
8260
6387
6411
8261
6388
6412
8262
6389
6413
8263
6390
6414
8264
6391
6415
8265
6392
6416
8266
6393
6417
8267
6394
6418
8268
6395
6419
8269
6396
6420
8270
6397
6421
8271
6398
6422
8272
6399
6423
8273
6424
8274
6401
6425
8275
6402
6426
8276
6403
6427
8277
6404
6428
8278
6405
6429
8279
6406
6430
8280
6407
6431
8281
6408
6432
8282
6409
6433
8283
6410
6434
8284
6411
6435
8285
6412
6436
8286
6413
6437
8287
6414
6438
8288
6415
6439
8289
6416
6440
8290
6417
6441
8291
6418
6442
8292
6419
6443
8293
6420
6444
8294
6421
6445
8295
6422
6446
8296
6423
6447
8297
6424
6448
8298
6449
8299
6426
6450
8300
6427
6451
8301
6428
6452
8302
6429
6453
8303
6430
6454
8304
6431
6455
8305
6432
6456
8306
6433
6457
8307
6434
6458
8308
6435
6459
8309
6436
6460
8310
6437
6461
8311
6438
6462
8312
6439
6463
8313
6440
6464
8314
6441
6465
8315
6442
6466
8316
6443
6467
8317
6444
6468
8318
6445
6469
8319
6446
6470
8320
6447
6471
8321
6448
6472
8322
6449
6473
8323
6474
8324
6451
6475
8325
6452
6476
8326
6453
6477
8327
6454
6478
8328
6455
6479
8329
6456
6480
8330
6457
6481
8331
6458
6482
8332
6459
6483
8333
6460
6484
8334
6461
6485
8335
6462
6486
8336
6463
6487
8337
6464
6488
8338
6465
6489
8339
6466
6490
8340
6467
6491
8341
6468
6492
8342
6469
6493
8343
6470
6494
8344
6471
6495
8345
6472
6496
8346
6473
6497
8347
6474
6498
8348
6499
8349
6476
6500
8350
6477
6501
8351
6478
6502
8352
6479
6503
8353
6480
6504
8354
6481
6505
8355
6482
6506
8356
6483
6507
8357
6484
6508
8358
6485
6509
8359
6486
6510
8360
6487
6511
8361
6488
6512
8362
6489
6513
8363
6490
6514
8364
6491
6515
8365
6492
6516
8366
6493
6517
8367
6494
6518
8368
6495
6519
8369
6496
6520
8370
6497
6521
8371
6498
6522
8372
6499
6523
8373
6524
8374
6501
6525
8375
6502
6526
8376
6503
6527
8377
6504
6528
8378
6505
6529
8379
6506
6530
8380
6507
6531
8381
6508
6532
8382
6509
6533
8383
6510
6534
8384
6511
6535
8385
6512
6536
8386
6513
6537
8387
6514
6538
8388
6515
6539
8389
6516
6540
8390
6517
6541
8391
6518
6542
8392
6519
6543
8393
6520
6544
8394
6521
6545
8395
6522
6546
8396
6523
6547
8397
6524
6548
8398
6549
8399
6526
6550
8400
6527
6551
8401
6528
6552
8402
6529
6553
8403
6530
6554
8404
6531
6555
8405
6532
6556
8406
6533
6557
8407
6534
6558
8408
6535
6559
8409
6536
6560
8410
6537
6561
8411
6538
6562
8412
6539
6563
8413
6540
6564
8414
6541
6565
8415
6542
6566
8416
6543
6567
8417
6544
6568
8418
6545
6569
8419
6546
6570
8420
6547
6571
8421
6548
6572
8422
6549
6573
8423
6574
8424
6551
6575
8425
6552
6576
8426
6553
6577
8427
6554
6578
8428
6555
6579
8429
6556
6580
8430
6557
6581
8431
6558
6582
8432
6559
6583
8433
6560
6584
8434
6561
6585
8435
6562
6586
8436
6563
6587
8437
6564
6588
8438
6565
6589
8439
6566
6590
8440
6567
6591
8441
6568
6592
8442
6569
6593
8443
6570
6594
8444
6571
6595
8445
6572
6596
8446
6573
6597
8447
6574
6598
8448
6599
8449
6576
6600
8450
6577
6601
8451
6578
6602
8452
6579
6603
8453
6580
6604
8454
6581
6605
8455
6582
6606
8456
6583
6607
8457
6584
6608
8458
6585
6609
8459
6586
6610
8460
6587
6611
8461
6588
6612
8462
6589
6613
8463
6590
6614
8464
6591
6615
8465
6592
6616
8466
6593
6617
8467
6594
6618
8468
6595
6619
8469
6596
6620
8470
6597
6621
8471
6598
6622
8472
6599
6623
8473
6624
8474
6601
6625
8475
6602
6626
8476
6603
6627
8477
6604
6628
8478
6605
6629
8479
6606
6630
8480
6607
6631
8481
6608
6632
8482
6609
6633
8483
6610
6634
8484
6611
6635
8485
6612
6636
8486
6613
6637
8487
6614
6638
8488
6615
6639
8489
6616
6640
8490
6617
6641
8491
6618
6642
8492
6619
6643
8493
6620
6644
8494
6621
6645
8495
6622
6646
8496
6623
6647
8497
6624
6648
8498
6649
8499
6626
6650
8500
6627
6651
8501
6628
6652
8502
6629
6653
8503
6630
6654
8504
6631
6655
8505
6632
6656
8506
6633
6657
8507
6634
6658
8508
6635
6659
8509
6636
6660
8510
6637
6661
8511
6638
6662
8512
6639
6663
8513
6640
6664
8514
6641
6665
8515
6642
6666
8516
6643
6667
8517
6644
6668
8518
6645
6669
8519
6646
6670
8520
6647
6671
8521
6648
6672
8522
6649
6673
8523
6674
8524
6651
6675
8525
6652
6676
8526
6653
6677
8527
6654
6678
8528
6655
6679
8529
6656
6680
8530
6657
6681
8531
6658
6682
8532
6659
6683
8533
6660
6684
8534
6661
6685
8535
6662
6686
8536
6663
6687
8537
6664
6688
8538
6665
6689
8539
6666
6690
8540
6667
6691
8541
6668
6692
8542
6669
6693
8543
6670
6694
8544
6671
6695
8545
6672
6696
8546
6673
6697
8547
6674
6698
8548
6699
8549
6676
6700
8550
6677
6701
8551
6678
6702
8552
6679
6703
8553
6680
6704
8554
6681
6705
8555
6682
6706
8556
6683
6707
8557
6684
6708
8558
6685
6709
8559
6686
6710
8560
6687
6711
8561
6688
6712
8562
6689
6713
8563
6690
6714
8564
6691
6715
8565
6692
6716
8566
6693
6717
8567
6694
6718
8568
6695
6719
8569
6696
6720
8570
6697
6721
8571
6698
6722
8572
6699
6723
8573
6724
8574
6701
6725
8575
6702
6726
8576
6703
6727
8577
6704
6728
8578
6705
6729
8579
6706
6730
8580
6707
6731
8581
6708
6732
8582
6709
6733
8583
6710
6734
8584
6711
6735
8585
6712
6736
8586
6713
6737
8587
6714
6738
8588
6715
6739
8589
6716
6740
8590
6717
6741
8591
6718
6742
8592
6719
6743
8593
6720
6744
8594
6721
6745
8595
6722
6746
8596
6723
6747
8597
6724
6748
8598
6749
8599
6726
6750
8600
6727
6751
8601
6728
6752
8602
6729
6753
8603
6730
6754
8604
6731
6755
8605
6732
6756
8606
6733
6757
8607
6734
6758
8608
6735
6759
8609
6736
6760
8610
6737
6761
8611
6738
6762
8612
6739
6763
8613
6740
6764
8614
6741
6765
8615
6742
6766
8616
6743
6767
8617
6744
6768
8618
6745
6769
8619
6746
6770
8620
6747
6771
8621
6748
6772
8622
6749
6773
8623
6774
8624
6751
6775
8625
6752
6776
8626
6753
6777
8627
6754
6778
8628
6755
6779
8629
6756
6780
8630
6757
6781
8631
6758
6782
8632
6759
6783
8633
6760
6784
8634
6761
6785
8635
6762
6786
8636
6763
6787
8637
6764
6788
8638
6765
6789
8639
6766
6790
8640
6767
6791
8641
6768
6792
8642
6769
6793
8643
6770
6794
8644
6771
6795
8645
6772
6796
8646
6773
6797
8647
6774
6798
8648
6799
8649
6776
6800
8650
6777
6801
8651
6778
6802
8652
6779
6803
8653
6780
6804
8654
6781
6805
8655
6782
6806
8656
6783
6807
8657
6784
6808
8658
6785
6809
8659
6786
6810
8660
6787
6811
8661
6788
6812
8662
6789
6813
8663
6790
6814
8664
6791
6815
8665
6792
6816
8666
6793
6817
8667
6794
6818
8668
6795
6819
8669
6796
6820
8670
6797
6821
8671
6798
6822
8672
6799
6823
8673
6824
8674
6801
6825
8675
6802
6826
8676
6803
6827
8677
6804
6828
8678
6805
6829
8679
6806
6830
8680
6807
6831
8681
6808
6832
8682
6809
6833
8683
6810
6834
8684
6811
6835
8685
6812
6836
8686
6813
6837
8687
6814
6838
8688
6815
6839
8689
6816
6840
8690
6817
6841
8691
6818
6842
8692
6819
6843
8693
6820
6844
8694
6821
6845
8695
6822
6846
8696
6823
6847
8697
6824
6848
8698
6849
8699
6826
6850
8700
6827
6851
8701
6828
6852
8702
6829
6853
8703
6830
6854
8704
6831
6855
8705
6832
6856
8706
6833
6857
8707
6834
6858
8708
6835
6859
8709
6836
6860
8710
6837
6861
8711
6838
6862
8712
6839
6863
8713
6840
6864
8714
6841
6865
8715
6842
6866
8716
6843
6867
8717
6844
6868
8718
6845
6869
8719
6846
6870
8720
6847
6871
8721
6848
6872
8722
6849
6873
8723
6874
8724
6851
6875
8725
6852
6876
8726
6853
6877
8727
6854
6878
8728
6855
6879
8729
6856
6880
8730
6857
6881
8731
6858
6882
8732
6859
6883
8733
6860
6884
8734
6861
6885
8735
6862
6886
8736
6863
6887
8737
6864
6888
8738
6865
6889
8739
6866
6890
8740
6867
6891
8741
6868
6892
8742
6869
6893
8743
6870
6894
8744
6871
6895
8745
6872
6896
8746
6873
6897
8747
6874
6898
8748
6899
8749
6876
6900
8750
6877
6901
8751
6878
6902
8752
6879
6903
8753
6880
6904
8754
6881
6905
8755
6882
6906
8756
6883
6907
8757
6884
6908
8758
6885
6909
8759
6886
6910
8760
6887
6911
8761
6888
6912
8762
6889
6913
8763
6890
6914
8764
6891
6915
8765
6892
6916
8766
6893
6917
8767
6894
6918
8768
6895
6919
8769
6896
6920
8770
6897
6921
8771
6898
6922
8772
6899
6923
8773
6924
8774
6901
6925
8775
6902
6926
8776
6903
6927
8777
6904
6928
8778
6905
6929
8779
6906
6930
8780
6907
6931
8781
6908
6932
8782
6909
6933
8783
6910
6934
8784
6911
6935
8785
6912
6936
8786
6913
6937
8787
6914
6938
8788
6915
6939
8789
6916
6940
8790
6917
6941
8791
6918
6942
8792
6919
6943
8793
6920
6944
8794
6921
6945
8795
6922
6946
8796
6923
6947
8797
6924
6948
8798
6949
8799
6926
6950
8800
6927
6951
8801
6928
6952
8802
6929
6953
8803
6930
6954
8804
6931
6955
8805
6932
6956
8806
6933
6957
8807
6934
6958
8808
6935
6959
8809
6936
6960
8810
6937
6961
8811
6938
6962
8812
6939
6963
8813
6940
6964
8814
6941
6965
8815
6942
6966
8816
6943
6967
8817
6944
6968
8818
6945
6969
8819
6946
6970
8820
6947
6971
8821
6948
6972
8822
6949
6973
8823
6974
8824
6951
6975
8825
6952
6976
8826
6953
6977
8827
6954
6978
8828
6955
6979
8829
6956
6980
8830
6957
6981
8831
6958
6982
8832
6959
6983
8833
6960
6984
8834
6961
6985
8835
6962
6986
8836
6963
6987
8837
6964
6988
8838
6965
6989
8839
6966
6990
8840
6967
6991
8841
6968
6992
8842
6969
6993
8843
6970
6994
8844
6971
6995
8845
6972
6996
8846
6973
6997
8847
6974
6998
8848
6999
8849
6976
7000
8850
6977
7001
8851
6978
7002
8852
6979
7003
8853
6980
7004
8854
6981
7005
8855
6982
7006
8856
6983
7007
8857
6984
7008
8858
6985
7009
8859
6986
7010
8860
6987
7011
8861
6988
7012
8862
6989
7013
8863
6990
7014
8864
6991
7015
8865
6992
7016
8866
6993
7017
8867
6994
7018
8868
6995
7019
8869
6996
7020
8870
6997
7021
8871
6998
7022
8872
6999
7023
8873
7024
8874
7001
7025
8875
7002
7026
8876
7003
7027
8877
7004
7028
8878
7005
7029
8879
7006
7030
8880
7007
7031
8881
7008
7032
8882
7009
7033
8883
7010
7034
8884
7011
7035
8885
7012
7036
8886
7013
7037
8887
7014
7038
8888
7015
7039
8889
7016
7040
8890
7017
7041
8891
7018
7042
8892
7019
7043
8893
7020
7044
8894
7021
7045
8895
7022
7046
8896
7023
7047
8897
7024
7048
8898
7049
8899
7026
7050
8900
7027
7051
8901
7028
7052
8902
7029
7053
8903
7030
7054
8904
7031
7055
8905
7032
7056
8906
7033
7057
8907
7034
7058
8908
7035
7059
8909
7036
7060
8910
7037
7061
8911
7038
7062
8912
7039
7063
8913
7040
7064
8914
7041
7065
8915
7042
7066
8916
7043
7067
8917
7044
7068
8918
7045
7069
8919
7046
7070
8920
7047
7071
8921
7048
7072
8922
7049
7073
8923
7074
8924
7051
7075
8925
7052
7076
8926
7053
7077
8927
7054
7078
8928
7055
7079
8929
7056
7080
8930
7057
7081
8931
7058
7082
8932
7059
7083
8933
7060
7084
8934
7061
7085
8935
7062
7086
8936
7063
7087
8937
7064
7088
8938
7065
7089
8939
7066
7090
8940
7067
7091
8941
7068
7092
8942
7069
7093
8943
7070
7094
8944
7071
7095
8945
7072
7096
8946
7073
7097
8947
7074
7098
8948
7099
8949
7076
7100
8950
7077
7101
8951
7078
7102
8952
7079
7103
8953
7080
7104
8954
7081
7105
8955
7082
7106
8956
7083
7107
8957
7084
7108
8958
7085
7109
8959
7086
7110
8960
7087
7111
8961
7088
7112
8962
7089
7113
8963
7090
7114
8964
7091
7115
8965
7092
7116
8966
7093
7117
8967
7094
7118
8968
7095
7119
8969
7096
7120
8970
7097
7121
8971
7098
7122
8972
7099
7123
8973
7124
8974
7101
7125
8975
7102
7126
8976
7103
7127
8977
7104
7128
8978
7105
7129
8979
7106
7130
8980
7107
7131
8981
7108
7132
8982
7109
7133
8983
7110
7134
8984
7111
7135
8985
7112
7136
8986
7113
7137
8987
7114
7138
8988
7115
7139
8989
7116
7140
8990
7117
7141
8991
7118
7142
8992
7119
7143
8993
7120
7144
8994
7121
7145
8995
7122
7146
8996
7123
7147
8997
7124
7148
8998
7149
8999
7126
7150
9000
7127
7151
9001
7128
7152
9002
7129
7153
9003
7130
7154
9004
7131
7155
9005
7132
7156
9006
7133
7157
9007
7134
7158
9008
7135
7159
9009
7136
7160
9010
7137
7161
9011
7138
7162
9012
7139
7163
9013
7140
7164
9014
7141
7165
9015
7142
7166
9016
7143
7167
9017
7144
7168
9018
7145
7169
9019
7146
7170
9020
7147
7171
9021
7148
7172
9022
7149
7173
9023
7174
9024
7151
7175
9025
7152
7176
9026
7153
7177
9027
7154
7178
9028
7155
7179
9029
7156
7180
9030
7157
7181
9031
7158
7182
9032
7159
7183
9033
7160
7184
9034
7161
7185
9035
7162
7186
9036
7163
7187
9037
7164
7188
9038
7165
7189
9039
7166
7190
9040
7167
7191
9041
7168
7192
9042
7169
7193
9043
7170
7194
9044
7171
7195
9045
7172
7196
9046
7173
7197
9047
7174
7198
9048
7199
9049
7176
7200
9050
7177
7201
9051
7178
7202
9052
7179
7203
9053
7180
7204
9054
7181
7205
9055
7182
7206
9056
7183
7207
9057
7184
7208
9058
7185
7209
9059
7186
7210
9060
7187
7211
9061
7188
7212
9062
7189
7213
9063
7190
7214
9064
7191
7215
9065
7192
7216
9066
7193
7217
9067
7194
7218
9068
7195
7219
9069
7196
7220
9070
7197
7221
9071
7198
7222
9072
7199
7223
9073
7224
9074
7201
7225
9075
7202
7226
9076
7203
7227
9077
7204
7228
9078
7205
7229
9079
7206
7230
9080
7207
7231
9081
7208
7232
9082
7209
7233
9083
7210
7234
9084
7211
7235
9085
7212
7236
9086
7213
7237
9087
7214
7238
9088
7215
7239
9089
7216
7240
9090
7217
7241
9091
7218
7242
9092
7219
7243
9093
7220
7244
9094
7221
7245
9095
7222
7246
9096
7223
7247
9097
7224
7248
9098
7249
9099
7226
7250
9100
7227
7251
9101
7228
7252
9102
7229
7253
9103
7230
7254
9104
7231
7255
9105
7232
7256
9106
7233
7257
9107
7234
7258
9108
7235
7259
9109
7236
7260
9110
7237
7261
9111
7238
7262
9112
7239
7263
9113
7240
7264
9114
7241
7265
9115
7242
7266
9116
7243
7267
9117
7244
7268
9118
7245
7269
9119
7246
7270
9120
7247
7271
9121
7248
7272
9122
7249
7273
9123
7274
9124
7251
7275
9125
7252
7276
9126
7253
7277
9127
7254
7278
9128
7255
7279
9129
7256
7280
9130
7257
7281
9131
7258
7282
9132
7259
7283
9133
7260
7284
9134
7261
7285
9135
7262
7286
9136
7263
7287
9137
7264
7288
9138
7265
7289
9139
7266
7290
9140
7267
7291
9141
7268
7292
9142
7269
7293
9143
7270
7294
9144
7271
7295
9145
7272
7296
9146
7273
7297
9147
7274
7298
9148
7299
9149
7276
7300
9150
7277
7301
9151
7278
7302
9152
7279
7303
9153
7280
7304
9154
7281
7305
9155
7282
7306
9156
7283
7307
9157
7284
7308
9158
7285
7309
9159
7286
7310
9160
7287
7311
9161
7288
7312
9162
7289
7313
9163
7290
7314
9164
7291
7315
9165
7292
7316
9166
7293
7317
9167
7294
7318
9168
7295
7319
9169
7296
7320
9170
7297
7321
9171
7298
7322
9172
7299
7323
9173
7324
9174
7301
7325
9175
7302
7326
9176
7303
7327
9177
7304
7328
9178
7305
7329
9179
7306
7330
9180
7307
7331
9181
7308
7332
9182
7309
7333
9183
7310
7334
9184
7311
7335
9185
7312
7336
9186
7313
7337
9187
7314
7338
9188
7315
7339
9189
7316
7340
9190
7317
7341
9191
7318
7342
9192
7319
7343
9193
7320
7344
9194
7321
7345
9195
7322
7346
9196
7323
7347
9197
7324
7348
9198
7349
9199
7326
7350
9200
7327
7351
9201
7328
7352
9202
7329
7353
9203
7330
7354
9204
7331
7355
9205
7332
7356
9206
7333
7357
9207
7334
7358
9208
7335
7359
9209
7336
7360
9210
7337
7361
9211
7338
7362
9212
7339
7363
9213
7340
7364
9214
7341
7365
9215
7342
7366
9216
7343
7367
9217
7344
7368
9218
7345
7369
9219
7346
7370
9220
7347
7371
9221
7348
7372
9222
7349
7373
9223
7374
9224
7351
7375
9225
7352
7376
9226
7353
7377
9227
7354
7378
9228
7355
7379
9229
7356
7380
9230
7357
7381
9231
7358
7382
9232
7359
7383
9233
7360
7384
9234
7361
7385
9235
7362
7386
9236
7363
7387
9237
7364
7388
9238
7365
7389
9239
7366
7390
9240
7367
7391
9241
7368
7392
9242
7369
7393
9243
7370
7394
9244
7371
7395
9245
7372
7396
9246
7373
7397
9247
7374
7398
9248
7399
9249
7376
7400
9250
7377
7401
9251
7378
7402
9252
7379
7403
9253
7380
7404
9254
7381
7405
9255
7382
7406
9256
7383
7407
9257
7384
7408
9258
7385
7409
9259
7386
7410
9260
7387
7411
9261
7388
7412
9262
7389
7413
9263
7390
7414
9264
7391
7415
9265
7392
7416
9266
7393
7417
9267
7394
7418
9268
7395
7419
9269
7396
7420
9270
7397
7421
9271
7398
7422
9272
7399
7423
9273
7424
9274
7401
7425
9275
7402
7426
9276
7403
7427
9277
7404
7428
9278
7405
7429
9279
7406
7430
9280
7407
7431
9281
7408
7432
9282
7409
7433
9283
7410
7434
9284
7411
7435
9285
7412
7436
9286
7413
7437
9287
7414
7438
9288
7415
7439
9289
7416
7440
9290
7417
7441
9291
7418
7442
9292
7419
7443
9293
7420
7444
9294
7421
7445
9295
7422
7446
9296
7423
7447
9297
7424
7448
9298
7449
9299
7426
7450
9300
7427
7451
9301
7428
7452
9302
7429
7453
9303
7430
7454
9304
7431
7455
9305
7432
7456
9306
7433
7457
9307
7434
7458
9308
7435
7459
9309
7436
7460
9310
7437
7461
9311
7438
7462
9312
7439
7463
9313
7440
7464
9314
7441
7465
9315
7442
7466
9316
7443
7467
9317
7444
7468
9318
7445
7469
9319
7446
7470
9320
7447
7471
9321
7448
7472
9322
7449
7473
9323
7474
9324
7451
7475
9325
7452
7476
9326
7453
7477
9327
7454
7478
9328
7455
7479
9329
7456
7480
9330
7457
7481
9331
7458
7482
9332
7459
7483
9333
7460
7484
9334
7461
7485
9335
7462
7486
9336
7463
7487
9337
7464
7488
9338
7465
7489
9339
7466
7490
9340
7467
7491
9341
7468
7492
9342
7469
7493
9343
7470
7494
9344
7471
7495
9345
7472
7496
9346
7473
7497
9347
7474
7498
9348
7499
9349
7476
9350
7477
9351
7478
9352
7479
9353
7480
9354
7481
9355
7482
9356
7483
9357
7484
9358
7485
9359
7486
9360
7487
9361
7488
9362
7489
9363
7490
9364
7491
9365
7492
9366
7493
9367
7494
9368
7495
9369
7496
9370
7497
9371
7498
9372
7499
9373
9374
7501
7525
9375
7502
7526
9376
7503
7527
9377
7504
7528
9378
7505
7529
9379
7506
7530
9380
7507
7531
9381
7508
7532
9382
7509
7533
9383
7510
7534
9384
7511
7535
9385
7512
7536
9386
7513
7537
9387
7514
7538
9388
7515
7539
9389
7516
7540
9390
7517
7541
9391
7518
7542
9392
7519
7543
9393
7520
7544
9394
7521
7545
9395
7522
7546
9396
7523
7547
9397
7524
7548
9398
7549
9399
7526
7550
9400
7527
7551
9401
7528
7552
9402
7529
7553
9403
7530
7554
9404
7531
7555
9405
7532
7556
9406
7533
7557
9407
7534
7558
9408
7535
7559
9409
7536
7560
9410
7537
7561
9411
7538
7562
9412
7539
7563
9413
7540
7564
9414
7541
7565
9415
7542
7566
9416
7543
7567
9417
7544
7568
9418
7545
7569
9419
7546
7570
9420
7547
7571
9421
7548
7572
9422
7549
7573
9423
7574
9424
7551
7575
9425
7552
7576
9426
7553
7577
9427
7554
7578
9428
7555
7579
9429
7556
7580
9430
7557
7581
9431
7558
7582
9432
7559
7583
9433
7560
7584
9434
7561
7585
9435
7562
7586
9436
7563
7587
9437
7564
7588
9438
7565
7589
9439
7566
7590
9440
7567
7591
9441
7568
7592
9442
7569
7593
9443
7570
7594
9444
7571
7595
9445
7572
7596
9446
7573
7597
9447
7574
7598
9448
7599
9449
7576
7600
9450
7577
7601
9451
7578
7602
9452
7579
7603
9453
7580
7604
9454
7581
7605
9455
7582
7606
9456
7583
7607
9457
7584
7608
9458
7585
7609
9459
7586
7610
9460
7587
7611
9461
7588
7612
9462
7589
7613
9463
7590
7614
9464
7591
7615
9465
7592
7616
9466
7593
7617
9467
7594
7618
9468
7595
7619
9469
7596
7620
9470
7597
7621
9471
7598
7622
9472
7599
7623
9473
7624
9474
7601
7625
9475
7602
7626
9476
7603
7627
9477
7604
7628
9478
7605
7629
9479
7606
7630
9480
7607
7631
9481
7608
7632
9482
7609
7633
9483
7610
7634
9484
7611
7635
9485
7612
7636
9486
7613
7637
9487
7614
7638
9488
7615
7639
9489
7616
7640
9490
7617
7641
9491
7618
7642
9492
7619
7643
9493
7620
7644
9494
7621
7645
9495
7622
7646
9496
7623
7647
9497
7624
7648
9498
7649
9499
7626
7650
9500
7627
7651
9501
7628
7652
9502
7629
7653
9503
7630
7654
9504
7631
7655
9505
7632
7656
9506
7633
7657
9507
7634
7658
9508
7635
7659
9509
7636
7660
9510
7637
7661
9511
7638
7662
9512
7639
7663
9513
7640
7664
9514
7641
7665
9515
7642
7666
9516
7643
7667
9517
7644
7668
9518
7645
7669
9519
7646
7670
9520
7647
7671
9521
7648
7672
9522
7649
7673
9523
7674
9524
7651
7675
9525
7652
7676
9526
7653
7677
9527
7654
7678
9528
7655
7679
9529
7656
7680
9530
7657
7681
9531
7658
7682
9532
7659
7683
9533
7660
7684
9534
7661
7685
9535
7662
7686
9536
7663
7687
9537
7664
7688
9538
7665
7689
9539
7666
7690
9540
7667
7691
9541
7668
7692
9542
7669
7693
9543
7670
7694
9544
7671
7695
9545
7672
7696
9546
7673
7697
9547
7674
7698
9548
7699
9549
7676
7700
9550
7677
7701
9551
7678
7702
9552
7679
7703
9553
7680
7704
9554
7681
7705
9555
7682
7706
9556
7683
7707
9557
7684
7708
9558
7685
7709
9559
7686
7710
9560
7687
7711
9561
7688
7712
9562
7689
7713
9563
7690
7714
9564
7691
7715
9565
7692
7716
9566
7693
7717
9567
7694
7718
9568
7695
7719
9569
7696
7720
9570
7697
7721
9571
7698
7722
9572
7699
7723
9573
7724
9574
7701
7725
9575
7702
7726
9576
7703
7727
9577
7704
7728
9578
7705
7729
9579
7706
7730
9580
7707
7731
9581
7708
7732
9582
7709
7733
9583
7710
7734
9584
7711
7735
9585
7712
7736
9586
7713
7737
9587
7714
7738
9588
7715
7739
9589
7716
7740
9590
7717
7741
9591
7718
7742
9592
7719
7743
9593
7720
7744
9594
7721
7745
9595
7722
7746
9596
7723
7747
9597
7724
7748
9598
7749
9599
7726
7750
9600
7727
7751
9601
7728
7752
9602
7729
7753
9603
7730
7754
9604
7731
7755
9605
7732
7756
9606
7733
7757
9607
7734
7758
9608
7735
7759
9609
7736
7760
9610
7737
7761
9611
7738
7762
9612
7739
7763
9613
7740
7764
9614
7741
7765
9615
7742
7766
9616
7743
7767
9617
7744
7768
9618
7745
7769
9619
7746
7770
9620
7747
7771
9621
7748
7772
9622
7749
7773
9623
7774
9624
7751
7775
9625
7752
7776
9626
7753
7777
9627
7754
7778
9628
7755
7779
9629
7756
7780
9630
7757
7781
9631
7758
7782
9632
7759
7783
9633
7760
7784
9634
7761
7785
9635
7762
7786
9636
7763
7787
9637
7764
7788
9638
7765
7789
9639
7766
7790
9640
7767
7791
9641
7768
7792
9642
7769
7793
9643
7770
7794
9644
7771
7795
9645
7772
7796
9646
7773
7797
9647
7774
7798
9648
7799
9649
7776
7800
9650
7777
7801
9651
7778
7802
9652
7779
7803
9653
7780
7804
9654
7781
7805
9655
7782
7806
9656
7783
7807
9657
7784
7808
9658
7785
7809
9659
7786
7810
9660
7787
7811
9661
7788
7812
9662
7789
7813
9663
7790
7814
9664
7791
7815
9665
7792
7816
9666
7793
7817
9667
7794
7818
9668
7795
7819
9669
7796
7820
9670
7797
7821
9671
7798
7822
9672
7799
7823
9673
7824
9674
7801
7825
9675
7802
7826
9676
7803
7827
9677
7804
7828
9678
7805
7829
9679
7806
7830
9680
7807
7831
9681
7808
7832
9682
7809
7833
9683
7810
7834
9684
7811
7835
9685
7812
7836
9686
7813
7837
9687
7814
7838
9688
7815
7839
9689
7816
7840
9690
7817
7841
9691
7818
7842
9692
7819
7843
9693
7820
7844
9694
7821
7845
9695
7822
7846
9696
7823
7847
9697
7824
7848
9698
7849
9699
7826
7850
9700
7827
7851
9701
7828
7852
9702
7829
7853
9703
7830
7854
9704
7831
7855
9705
7832
7856
9706
7833
7857
9707
7834
7858
9708
7835
7859
9709
7836
7860
9710
7837
7861
9711
7838
7862
9712
7839
7863
9713
7840
7864
9714
7841
7865
9715
7842
7866
9716
7843
7867
9717
7844
7868
9718
7845
7869
9719
7846
7870
9720
7847
7871
9721
7848
7872
9722
7849
7873
9723
7874
9724
7851
7875
9725
7852
7876
9726
7853
7877
9727
7854
7878
9728
7855
7879
9729
7856
7880
9730
7857
7881
9731
7858
7882
9732
7859
7883
9733
7860
7884
9734
7861
7885
9735
7862
7886
9736
7863
7887
9737
7864
7888
9738
7865
7889
9739
7866
7890
9740
7867
7891
9741
7868
7892
9742
7869
7893
9743
7870
7894
9744
7871
7895
9745
7872
7896
9746
7873
7897
9747
7874
7898
9748
7899
9749
7876
7900
9750
7877
7901
9751
7878
7902
9752
7879
7903
9753
7880
7904
9754
7881
7905
9755
7882
7906
9756
7883
7907
9757
7884
7908
9758
7885
7909
9759
7886
7910
9760
7887
7911
9761
7888
7912
9762
7889
7913
9763
7890
7914
9764
7891
7915
9765
7892
7916
9766
7893
7917
9767
7894
7918
9768
7895
7919
9769
7896
7920
9770
7897
7921
9771
7898
7922
9772
7899
7923
9773
7924
9774
7901
7925
9775
7902
7926
9776
7903
7927
9777
7904
7928
9778
7905
7929
9779
7906
7930
9780
7907
7931
9781
7908
7932
9782
7909
7933
9783
7910
7934
9784
7911
7935
9785
7912
7936
9786
7913
7937
9787
7914
7938
9788
7915
7939
9789
7916
7940
9790
7917
7941
9791
7918
7942
9792
7919
7943
9793
7920
7944
9794
7921
7945
9795
7922
7946
9796
7923
7947
9797
7924
7948
9798
7949
9799
7926
7950
9800
7927
7951
9801
7928
7952
9802
7929
7953
9803
7930
7954
9804
7931
7955
9805
7932
7956
9806
7933
7957
9807
7934
7958
9808
7935
7959
9809
7936
7960
9810
7937
7961
9811
7938
7962
9812
7939
7963
9813
7940
7964
9814
7941
7965
9815
7942
7966
9816
7943
7967
9817
7944
7968
9818
7945
7969
9819
7946
7970
9820
7947
7971
9821
7948
7972
9822
7949
7973
9823
7974
9824
7951
7975
9825
7952
7976
9826
7953
7977
9827
7954
7978
9828
7955
7979
9829
7956
7980
9830
7957
7981
9831
7958
7982
9832
7959
7983
9833
7960
7984
9834
7961
7985
9835
7962
7986
9836
7963
7987
9837
7964
7988
9838
7965
7989
9839
7966
7990
9840
7967
7991
9841
7968
7992
9842
7969
7993
9843
7970
7994
9844
7971
7995
9845
7972
7996
9846
7973
7997
9847
7974
7998
9848
7999
9849
7976
8000
9850
7977
8001
9851
7978
8002
9852
7979
8003
9853
7980
8004
9854
7981
8005
9855
7982
8006
9856
7983
8007
9857
7984
8008
9858
7985
8009
9859
7986
8010
9860
7987
8011
9861
7988
8012
9862
7989
8013
9863
7990
8014
9864
7991
8015
9865
7992
8016
9866
7993
8017
9867
7994
8018
9868
7995
8019
9869
7996
8020
9870
7997
8021
9871
7998
8022
9872
7999
8023
9873
8024
9874
8001
8025
9875
8002
8026
9876
8003
8027
9877
8004
8028
9878
8005
8029
9879
8006
8030
9880
8007
8031
9881
8008
8032
9882
8009
8033
9883
8010
8034
9884
8011
8035
9885
8012
8036
9886
8013
8037
9887
8014
8038
9888
8015
8039
9889
8016
8040
9890
8017
8041
9891
8018
8042
9892
8019
8043
9893
8020
8044
9894
8021
8045
9895
8022
8046
9896
8023
8047
9897
8024
8048
9898
8049
9899
8026
8050
9900
8027
8051
9901
8028
8052
9902
8029
8053
9903
8030
8054
9904
8031
8055
9905
8032
8056
9906
8033
8057
9907
8034
8058
9908
8035
8059
9909
8036
8060
9910
8037
8061
9911
8038
8062
9912
8039
8063
9913
8040
8064
9914
8041
8065
9915
8042
8066
9916
8043
8067
9917
8044
8068
9918
8045
8069
9919
8046
8070
9920
8047
8071
9921
8048
8072
9922
8049
8073
9923
8074
9924
8051
8075
9925
8052
8076
9926
8053
8077
9927
8054
8078
9928
8055
8079
9929
8056
8080
9930
8057
8081
9931
8058
8082
9932
8059
8083
9933
8060
8084
9934
8061
8085
9935
8062
8086
9936
8063
8087
9937
8064
8088
9938
8065
8089
9939
8066
8090
9940
8067
8091
9941
8068
8092
9942
8069
8093
9943
8070
8094
9944
8071
8095
9945
8072
8096
9946
8073
8097
9947
8074
8098
9948
8099
9949
8076
8100
9950
8077
8101
9951
8078
8102
9952
8079
8103
9953
8080
8104
9954
8081
8105
9955
8082
8106
9956
8083
8107
9957
8084
8108
9958
8085
8109
9959
8086
8110
9960
8087
8111
9961
8088
8112
9962
8089
8113
9963
8090
8114
9964
8091
8115
9965
8092
8116
9966
8093
8117
9967
8094
8118
9968
8095
8119
9969
8096
8120
9970
8097
8121
9971
8098
8122
9972
8099
8123
9973
8124
9974
8101
8125
9975
8102
8126
9976
8103
8127
9977
8104
8128
9978
8105
8129
9979
8106
8130
9980
8107
8131
9981
8108
8132
9982
8109
8133
9983
8110
8134
9984
8111
8135
9985
8112
8136
9986
8113
8137
9987
8114
8138
9988
8115
8139
9989
8116
8140
9990
8117
8141
9991
8118
8142
9992
8119
8143
9993
8120
8144
9994
8121
8145
9995
8122
8146
9996
8123
8147
9997
8124
8148
9998
8149
9999
8126
8150
10000
8127
8151
10001
8128
8152
10002
8129
8153
10003
8130
8154
10004
8131
8155
10005
8132
8156
10006
8133
8157
10007
8134
8158
10008
8135
8159
10009
8136
8160
10010
8137
8161
10011
8138
8162
10012
8139
8163
10013
8140
8164
10014
8141
8165
10015
8142
8166
10016
8143
8167
10017
8144
8168
10018
8145
8169
10019
8146
8170
10020
8147
8171
10021
8148
8172
10022
8149
8173
10023
8174
10024
8151
8175
10025
8152
8176
10026
8153
8177
10027
8154
8178
10028
8155
8179
10029
8156
8180
10030
8157
8181
10031
8158
8182
10032
8159
8183
10033
8160
8184
10034
8161
8185
10035
8162
8186
10036
8163
8187
10037
8164
8188
10038
8165
8189
10039
8166
8190
10040
8167
8191
10041
8168
8192
10042
8169
8193
10043
8170
8194
10044
8171
8195
10045
8172
8196
10046
8173
8197
10047
8174
8198
10048
8199
10049
8176
8200
10050
8177
8201
10051
8178
8202
10052
8179
8203
10053
8180
8204
10054
8181
8205
10055
8182
8206
10056
8183
8207
10057
8184
8208
10058
8185
8209
10059
8186
8210
10060
8187
8211
10061
8188
8212
10062
8189
8213
10063
8190
8214
10064
8191
8215
10065
8192
8216
10066
8193
8217
10067
8194
8218
10068
8195
8219
10069
8196
8220
10070
8197
8221
10071
8198
8222
10072
8199
8223
10073
8224
10074
8201
8225
10075
8202
8226
10076
8203
8227
10077
8204
8228
10078
8205
8229
10079
8206
8230
10080
8207
8231
10081
8208
8232
10082
8209
8233
10083
8210
8234
10084
8211
8235
10085
8212
8236
10086
8213
8237
10087
8214
8238
10088
8215
8239
10089
8216
8240
10090
8217
8241
10091
8218
8242
10092
8219
8243
10093
8220
8244
10094
8221
8245
10095
8222
8246
10096
8223
8247
10097
8224
8248
10098
8249
10099
8226
8250
10100
8227
8251
10101
8228
8252
10102
8229
8253
10103
8230
8254
10104
8231
8255
10105
8232
8256
10106
8233
8257
10107
8234
8258
10108
8235
8259
10109
8236
8260
10110
8237
8261
10111
8238
8262
10112
8239
8263
10113
8240
8264
10114
8241
8265
10115
8242
8266
10116
8243
8267
10117
8244
8268
10118
8245
8269
10119
8246
8270
10120
8247
8271
10121
8248
8272
10122
8249
8273
10123
8274
10124
8251
8275
10125
8252
8276
10126
8253
8277
10127
8254
8278
10128
8255
8279
10129
8256
8280
10130
8257
8281
10131
8258
8282
10132
8259
8283
10133
8260
8284
10134
8261
8285
10135
8262
8286
10136
8263
8287
10137
8264
8288
10138
8265
8289
10139
8266
8290
10140
8267
8291
10141
8268
8292
10142
8269
8293
10143
8270
8294
10144
8271
8295
10145
8272
8296
10146
8273
8297
10147
8274
8298
10148
8299
10149
8276
8300
10150
8277
8301
10151
8278
8302
10152
8279
8303
10153
8280
8304
10154
8281
8305
10155
8282
8306
10156
8283
8307
10157
8284
8308
10158
8285
8309
10159
8286
8310
10160
8287
8311
10161
8288
8312
10162
8289
8313
10163
8290
8314
10164
8291
8315
10165
8292
8316
10166
8293
8317
10167
8294
8318
10168
8295
8319
10169
8296
8320
10170
8297
8321
10171
8298
8322
10172
8299
8323
10173
8324
10174
8301
8325
10175
8302
8326
10176
8303
8327
10177
8304
8328
10178
8305
8329
10179
8306
8330
10180
8307
8331
10181
8308
8332
10182
8309
8333
10183
8310
8334
10184
8311
8335
10185
8312
8336
10186
8313
8337
10187
8314
8338
10188
8315
8339
10189
8316
8340
10190
8317
8341
10191
8318
8342
10192
8319
8343
10193
8320
8344
10194
8321
8345
10195
8322
8346
10196
8323
8347
10197
8324
8348
10198
8349
10199
8326
8350
10200
8327
8351
10201
8328
8352
10202
8329
8353
10203
8330
8354
10204
8331
8355
10205
8332
8356
10206
8333
8357
10207
8334
8358
10208
8335
8359
10209
8336
8360
10210
8337
8361
10211
8338
8362
10212
8339
8363
10213
8340
8364
10214
8341
8365
10215
8342
8366
10216
8343
8367
10217
8344
8368
10218
8345
8369
10219
8346
8370
10220
8347
8371
10221
8348
8372
10222
8349
8373
10223
8374
10224
8351
8375
10225
8352
8376
10226
8353
8377
10227
8354
8378
10228
8355
8379
10229
8356
8380
10230
8357
8381
10231
8358
8382
10232
8359
8383
10233
8360
8384
10234
8361
8385
10235
8362
8386
10236
8363
8387
10237
8364
8388
10238
8365
8389
10239
8366
8390
10240
8367
8391
10241
8368
8392
10242
8369
8393
10243
8370
8394
10244
8371
8395
10245
8372
8396
10246
8373
8397
10247
8374
8398
10248
8399
10249
8376
8400
10250
8377
8401
10251
8378
8402
10252
8379
8403
10253
8380
8404
10254
8381
8405
10255
8382
8406
10256
8383
8407
10257
8384
8408
10258
8385
8409
10259
8386
8410
10260
8387
8411
10261
8388
8412
10262
8389
8413
10263
8390
8414
10264
8391
8415
10265
8392
8416
10266
8393
8417
10267
8394
8418
10268
8395
8419
10269
8396
8420
10270
8397
8421
10271
8398
8422
10272
8399
8423
10273
8424
10274
8401
8425
10275
8402
8426
10276
8403
8427
10277
8404
8428
10278
8405
8429
10279
8406
8430
10280
8407
8431
10281
8408
8432
10282
8409
8433
10283
8410
8434
10284
8411
8435
10285
8412
8436
10286
8413
8437
10287
8414
8438
10288
8415
8439
10289
8416
8440
10290
8417
8441
10291
8418
8442
10292
8419
8443
10293
8420
8444
10294
8421
8445
10295
8422
8446
10296
8423
8447
10297
8424
8448
10298
8449
10299
8426
8450
10300
8427
8451
10301
8428
8452
10302
8429
8453
10303
8430
8454
10304
8431
8455
10305
8432
8456
10306
8433
8457
10307
8434
8458
10308
8435
8459
10309
8436
8460
10310
8437
8461
10311
8438
8462
10312
8439
8463
10313
8440
8464
10314
8441
8465
10315
8442
8466
10316
8443
8467
10317
8444
8468
10318
8445
8469
10319
8446
8470
10320
8447
8471
10321
8448
8472
10322
8449
8473
10323
8474
10324
8451
8475
10325
8452
8476
10326
8453
8477
10327
8454
8478
10328
8455
8479
10329
8456
8480
10330
8457
8481
10331
8458
8482
10332
8459
8483
10333
8460
8484
10334
8461
8485
10335
8462
8486
10336
8463
8487
10337
8464
8488
10338
8465
8489
10339
8466
8490
10340
8467
8491
10341
8468
8492
10342
8469
8493
10343
8470
8494
10344
8471
8495
10345
8472
8496
10346
8473
8497
10347
8474
8498
10348
8499
10349
8476
8500
10350
8477
8501
10351
8478
8502
10352
8479
8503
10353
8480
8504
10354
8481
8505
10355
8482
8506
10356
8483
8507
10357
8484
8508
10358
8485
8509
10359
8486
8510
10360
8487
8511
10361
8488
8512
10362
8489
8513
10363
8490
8514
10364
8491
8515
10365
8492
8516
10366
8493
8517
10367
8494
8518
10368
8495
8519
10369
8496
8520
10370
8497
8521
10371
8498
8522
10372
8499
8523
10373
8524
10374
8501
8525
10375
8502
8526
10376
8503
8527
10377
8504
8528
10378
8505
8529
10379
8506
8530
10380
8507
8531
10381
8508
8532
10382
8509
8533
10383
8510
8534
10384
8511
8535
10385
8512
8536
10386
8513
8537
10387
8514
8538
10388
8515
8539
10389
8516
8540
10390
8517
8541
10391
8518
8542
10392
8519
8543
10393
8520
8544
10394
8521
8545
10395
8522
8546
10396
8523
8547
10397
8524
8548
10398
8549
10399
8526
8550
10400
8527
8551
10401
8528
8552
10402
8529
8553
10403
8530
8554
10404
8531
8555
10405
8532
8556
10406
8533
8557
10407
8534
8558
10408
8535
8559
10409
8536
8560
10410
8537
8561
10411
8538
8562
10412
8539
8563
10413
8540
8564
10414
8541
8565
10415
8542
8566
10416
8543
8567
10417
8544
8568
10418
8545
8569
10419
8546
8570
10420
8547
8571
10421
8548
8572
10422
8549
8573
10423
8574
10424
8551
8575
10425
8552
8576
10426
8553
8577
10427
8554
8578
10428
8555
8579
10429
8556
8580
10430
8557
8581
10431
8558
8582
10432
8559
8583
10433
8560
8584
10434
8561
8585
10435
8562
8586
10436
8563
8587
10437
8564
8588
10438
8565
8589
10439
8566
8590
10440
8567
8591
10441
8568
8592
10442
8569
8593
10443
8570
8594
10444
8571
8595
10445
8572
8596
10446
8573
8597
10447
8574
8598
10448
8599
10449
8576
8600
10450
8577
8601
10451
8578
8602
10452
8579
8603
10453
8580
8604
10454
8581
8605
10455
8582
8606
10456
8583
8607
10457
8584
8608
10458
8585
8609
10459
8586
8610
10460
8587
8611
10461
8588
8612
10462
8589
8613
10463
8590
8614
10464
8591
8615
10465
8592
8616
10466
8593
8617
10467
8594
8618
10468
8595
8619
10469
8596
8620
10470
8597
8621
10471
8598
8622
10472
8599
8623
10473
8624
10474
8601
8625
10475
8602
8626
10476
8603
8627
10477
8604
8628
10478
8605
8629
10479
8606
8630
10480
8607
8631
10481
8608
8632
10482
8609
8633
10483
8610
8634
10484
8611
8635
10485
8612
8636
10486
8613
8637
10487
8614
8638
10488
8615
8639
10489
8616
8640
10490
8617
8641
10491
8618
8642
10492
8619
8643
10493
8620
8644
10494
8621
8645
10495
8622
8646
10496
8623
8647
10497
8624
8648
10498
8649
10499
8626
8650
10500
8627
8651
10501
8628
8652
10502
8629
8653
10503
8630
8654
10504
8631
8655
10505
8632
8656
10506
8633
8657
10507
8634
8658
10508
8635
8659
10509
8636
8660
10510
8637
8661
10511
8638
8662
10512
8639
8663
10513
8640
8664
10514
8641
8665
10515
8642
8666
10516
8643
8667
10517
8644
8668
10518
8645
8669
10519
8646
8670
10520
8647
8671
10521
8648
8672
10522
8649
8673
10523
8674
10524
8651
8675
10525
8652
8676
10526
8653
8677
10527
8654
8678
10528
8655
8679
10529
8656
8680
10530
8657
8681
10531
8658
8682
10532
8659
8683
10533
8660
8684
10534
8661
8685
10535
8662
8686
10536
8663
8687
10537
8664
8688
10538
8665
8689
10539
8666
8690
10540
8667
8691
10541
8668
8692
10542
8669
8693
10543
8670
8694
10544
8671
8695
10545
8672
8696
10546
8673
8697
10547
8674
8698
10548
8699
10549
8676
8700
10550
8677
8701
10551
8678
8702
10552
8679
8703
10553
8680
8704
10554
8681
8705
10555
8682
8706
10556
8683
8707
10557
8684
8708
10558
8685
8709
10559
8686
8710
10560
8687
8711
10561
8688
8712
10562
8689
8713
10563
8690
8714
10564
8691
8715
10565
8692
8716
10566
8693
8717
10567
8694
8718
10568
8695
8719
10569
8696
8720
10570
8697
8721
10571
8698
8722
10572
8699
8723
10573
8724
10574
8701
8725
10575
8702
8726
10576
8703
8727
10577
8704
8728
10578
8705
8729
10579
8706
8730
10580
8707
8731
10581
8708
8732
10582
8709
8733
10583
8710
8734
10584
8711
8735
10585
8712
8736
10586
8713
8737
10587
8714
8738
10588
8715
8739
10589
8716
8740
10590
8717
8741
10591
8718
8742
10592
8719
8743
10593
8720
8744
10594
8721
8745
10595
8722
8746
10596
8723
8747
10597
8724
8748
10598
8749
10599
8726
8750
10600
8727
8751
10601
8728
8752
10602
8729
8753
10603
8730
8754
10604
8731
8755
10605
8732
8756
10606
8733
8757
10607
8734
8758
10608
8735
8759
10609
8736
8760
10610
8737
8761
10611
8738
8762
10612
8739
8763
10613
8740
8764
10614
8741
8765
10615
8742
8766
10616
8743
8767
10617
8744
8768
10618
8745
8769
10619
8746
8770
10620
8747
8771
10621
8748
8772
10622
8749
8773
10623
8774
10624
8751
8775
10625
8752
8776
10626
8753
8777
10627
8754
8778
10628
8755
8779
10629
8756
8780
10630
8757
8781
10631
8758
8782
10632
8759
8783
10633
8760
8784
10634
8761
8785
10635
8762
8786
10636
8763
8787
10637
8764
8788
10638
8765
8789
10639
8766
8790
10640
8767
8791
10641
8768
8792
10642
8769
8793
10643
8770
8794
10644
8771
8795
10645
8772
8796
10646
8773
8797
10647
8774
8798
10648
8799
10649
8776
8800
10650
8777
8801
10651
8778
8802
10652
8779
8803
10653
8780
8804
10654
8781
8805
10655
8782
8806
10656
8783
8807
10657
8784
8808
10658
8785
8809
10659
8786
8810
10660
8787
8811
10661
8788
8812
10662
8789
8813
10663
8790
8814
10664
8791
8815
10665
8792
8816
10666
8793
8817
10667
8794
8818
10668
8795
8819
10669
8796
8820
10670
8797
8821
10671
8798
8822
10672
8799
8823
10673
8824
10674
8801
8825
10675
8802
8826
10676
8803
8827
10677
8804
8828
10678
8805
8829
10679
8806
8830
10680
8807
8831
10681
8808
8832
10682
8809
8833
10683
8810
8834
10684
8811
8835
10685
8812
8836
10686
8813
8837
10687
8814
8838
10688
8815
8839
10689
8816
8840
10690
8817
8841
10691
8818
8842
10692
8819
8843
10693
8820
8844
10694
8821
8845
10695
8822
8846
10696
8823
8847
10697
8824
8848
10698
8849
10699
8826
8850
10700
8827
8851
10701
8828
8852
10702
8829
8853
10703
8830
8854
10704
8831
8855
10705
8832
8856
10706
8833
8857
10707
8834
8858
10708
8835
8859
10709
8836
8860
10710
8837
8861
10711
8838
8862
10712
8839
8863
10713
8840
8864
10714
8841
8865
10715
8842
8866
10716
8843
8867
10717
8844
8868
10718
8845
8869
10719
8846
8870
10720
8847
8871
10721
8848
8872
10722
8849
8873
10723
8874
10724
8851
8875
10725
8852
8876
10726
8853
8877
10727
8854
8878
10728
8855
8879
10729
8856
8880
10730
8857
8881
10731
8858
8882
10732
8859
8883
10733
8860
8884
10734
8861
8885
10735
8862
8886
10736
8863
8887
10737
8864
8888
10738
8865
8889
10739
8866
8890
10740
8867
8891
10741
8868
8892
10742
8869
8893
10743
8870
8894
10744
8871
8895
10745
8872
8896
10746
8873
8897
10747
8874
8898
10748
8899
10749
8876
8900
10750
8877
8901
10751
8878
8902
10752
8879
8903
10753
8880
8904
10754
8881
8905
10755
8882
8906
10756
8883
8907
10757
8884
8908
10758
8885
8909
10759
8886
8910
10760
8887
8911
10761
8888
8912
10762
8889
8913
10763
8890
8914
10764
8891
8915
10765
8892
8916
10766
8893
8917
10767
8894
8918
10768
8895
8919
10769
8896
8920
10770
8897
8921
10771
8898
8922
10772
8899
8923
10773
8924
10774
8901
8925
10775
8902
8926
10776
8903
8927
10777
8904
8928
10778
8905
8929
10779
8906
8930
10780
8907
8931
10781
8908
8932
10782
8909
8933
10783
8910
8934
10784
8911
8935
10785
8912
8936
10786
8913
8937
10787
8914
8938
10788
8915
8939
10789
8916
8940
10790
8917
8941
10791
8918
8942
10792
8919
8943
10793
8920
8944
10794
8921
8945
10795
8922
8946
10796
8923
8947
10797
8924
8948
10798
8949
10799
8926
8950
10800
8927
8951
10801
8928
8952
10802
8929
8953
10803
8930
8954
10804
8931
8955
10805
8932
8956
10806
8933
8957
10807
8934
8958
10808
8935
8959
10809
8936
8960
10810
8937
8961
10811
8938
8962
10812
8939
8963
10813
8940
8964
10814
8941
8965
10815
8942
8966
10816
8943
8967
10817
8944
8968
10818
8945
8969
10819
8946
8970
10820
8947
8971
10821
8948
8972
10822
8949
8973
10823
8974
10824
8951
8975
10825
8952
8976
10826
8953
8977
10827
8954
8978
10828
8955
8979
10829
8956
8980
10830
8957
8981
10831
8958
8982
10832
8959
8983
10833
8960
8984
10834
8961
8985
10835
8962
8986
10836
8963
8987
10837
8964
8988
10838
8965
8989
10839
8966
8990
10840
8967
8991
10841
8968
8992
10842
8969
8993
10843
8970
8994
10844
8971
8995
10845
8972
8996
10846
8973
8997
10847
8974
8998
10848
8999
10849
8976
9000
10850
8977
9001
10851
8978
9002
10852
8979
9003
10853
8980
9004
10854
8981
9005
10855
8982
9006
10856
8983
9007
10857
8984
9008
10858
8985
9009
10859
8986
9010
10860
8987
9011
10861
8988
9012
10862
8989
9013
10863
8990
9014
10864
8991
9015
10865
8992
9016
10866
8993
9017
10867
8994
9018
10868
8995
9019
10869
8996
9020
10870
8997
9021
10871
8998
9022
10872
8999
9023
10873
9024
10874
9001
9025
10875
9002
9026
10876
9003
9027
10877
9004
9028
10878
9005
9029
10879
9006
9030
10880
9007
9031
10881
9008
9032
10882
9009
9033
10883
9010
9034
10884
9011
9035
10885
9012
9036
10886
9013
9037
10887
9014
9038
10888
9015
9039
10889
9016
9040
10890
9017
9041
10891
9018
9042
10892
9019
9043
10893
9020
9044
10894
9021
9045
10895
9022
9046
10896
9023
9047
10897
9024
9048
10898
9049
10899
9026
9050
10900
9027
9051
10901
9028
9052
10902
9029
9053
10903
9030
9054
10904
9031
9055
10905
9032
9056
10906
9033
9057
10907
9034
9058
10908
9035
9059
10909
9036
9060
10910
9037
9061
10911
9038
9062
10912
9039
9063
10913
9040
9064
10914
9041
9065
10915
9042
9066
10916
9043
9067
10917
9044
9068
10918
9045
9069
10919
9046
9070
10920
9047
9071
10921
9048
9072
10922
9049
9073
10923
9074
10924
9051
9075
10925
9052
9076
10926
9053
9077
10927
9054
9078
10928
9055
9079
10929
9056
9080
10930
9057
9081
10931
9058
9082
10932
9059
9083
10933
9060
9084
10934
9061
9085
10935
9062
9086
10936
9063
9087
10937
9064
9088
10938
9065
9089
10939
9066
9090
10940
9067
9091
10941
9068
9092
10942
9069
9093
10943
9070
9094
10944
9071
9095
10945
9072
9096
10946
9073
9097
10947
9074
9098
10948
9099
10949
9076
9100
10950
9077
9101
10951
9078
9102
10952
9079
9103
10953
9080
9104
10954
9081
9105
10955
9082
9106
10956
9083
9107
10957
9084
9108
10958
9085
9109
10959
9086
9110
10960
9087
9111
10961
9088
9112
10962
9089
9113
10963
9090
9114
10964
9091
9115
10965
9092
9116
10966
9093
9117
10967
9094
9118
10968
9095
9119
10969
9096
9120
10970
9097
9121
10971
9098
9122
10972
9099
9123
10973
9124
10974
9101
9125
10975
9102
9126
10976
9103
9127
10977
9104
9128
10978
9105
9129
10979
9106
9130
10980
9107
9131
10981
9108
9132
10982
9109
9133
10983
9110
9134
10984
9111
9135
10985
9112
9136
10986
9113
9137
10987
9114
9138
10988
9115
9139
10989
9116
9140
10990
9117
9141
10991
9118
9142
10992
9119
9143
10993
9120
9144
10994
9121
9145
10995
9122
9146
10996
9123
9147
10997
9124
9148
10998
9149
10999
9126
9150
11000
9127
9151
11001
9128
9152
11002
9129
9153
11003
9130
9154
11004
9131
9155
11005
9132
9156
11006
9133
9157
11007
9134
9158
11008
9135
9159
11009
9136
9160
11010
9137
9161
11011
9138
9162
11012
9139
9163
11013
9140
9164
11014
9141
9165
11015
9142
9166
11016
9143
9167
11017
9144
9168
11018
9145
9169
11019
9146
9170
11020
9147
9171
11021
9148
9172
11022
9149
9173
11023
9174
11024
9151
9175
11025
9152
9176
11026
9153
9177
11027
9154
9178
11028
9155
9179
11029
9156
9180
11030
9157
9181
11031
9158
9182
11032
9159
9183
11033
9160
9184
11034
9161
9185
11035
9162
9186
11036
9163
9187
11037
9164
9188
11038
9165
9189
11039
9166
9190
11040
9167
9191
11041
9168
9192
11042
9169
9193
11043
9170
9194
11044
9171
9195
11045
9172
9196
11046
9173
9197
11047
9174
9198
11048
9199
11049
9176
9200
11050
9177
9201
11051
9178
9202
11052
9179
9203
11053
9180
9204
11054
9181
9205
11055
9182
9206
11056
9183
9207
11057
9184
9208
11058
9185
9209
11059
9186
9210
11060
9187
9211
11061
9188
9212
11062
9189
9213
11063
9190
9214
11064
9191
9215
11065
9192
9216
11066
9193
9217
11067
9194
9218
11068
9195
9219
11069
9196
9220
11070
9197
9221
11071
9198
9222
11072
9199
9223
11073
9224
11074
9201
9225
11075
9202
9226
11076
9203
9227
11077
9204
9228
11078
9205
9229
11079
9206
9230
11080
9207
9231
11081
9208
9232
11082
9209
9233
11083
9210
9234
11084
9211
9235
11085
9212
9236
11086
9213
9237
11087
9214
9238
11088
9215
9239
11089
9216
9240
11090
9217
9241
11091
9218
9242
11092
9219
9243
11093
9220
9244
11094
9221
9245
11095
9222
9246
11096
9223
9247
11097
9224
9248
11098
9249
11099
9226
9250
11100
9227
9251
11101
9228
9252
11102
9229
9253
11103
9230
9254
11104
9231
9255
11105
9232
9256
11106
9233
9257
11107
9234
9258
11108
9235
9259
11109
9236
9260
11110
9237
9261
11111
9238
9262
11112
9239
9263
11113
9240
9264
11114
9241
9265
11115
9242
9266
11116
9243
9267
11117
9244
9268
11118
9245
9269
11119
9246
9270
11120
9247
9271
11121
9248
9272
11122
9249
9273
11123
9274
11124
9251
9275
11125
9252
9276
11126
9253
9277
11127
9254
9278
11128
9255
9279
11129
9256
9280
11130
9257
9281
11131
9258
9282
11132
9259
9283
11133
9260
9284
11134
9261
9285
11135
9262
9286
11136
9263
9287
11137
9264
9288
11138
9265
9289
11139
9266
9290
11140
9267
9291
11141
9268
9292
11142
9269
9293
11143
9270
9294
11144
9271
9295
11145
9272
9296
11146
9273
9297
11147
9274
9298
11148
9299
11149
9276
9300
11150
9277
9301
11151
9278
9302
11152
9279
9303
11153
9280
9304
11154
9281
9305
11155
9282
9306
11156
9283
9307
11157
9284
9308
11158
9285
9309
11159
9286
9310
11160
9287
9311
11161
9288
9312
11162
9289
9313
11163
9290
9314
11164
9291
9315
11165
9292
9316
11166
9293
9317
11167
9294
9318
11168
9295
9319
11169
9296
9320
11170
9297
9321
11171
9298
9322
11172
9299
9323
11173
9324
11174
9301
9325
11175
9302
9326
11176
9303
9327
11177
9304
9328
11178
9305
9329
11179
9306
9330
11180
9307
9331
11181
9308
9332
11182
9309
9333
11183
9310
9334
11184
9311
9335
11185
9312
9336
11186
9313
9337
11187
9314
9338
11188
9315
9339
11189
9316
9340
11190
9317
9341
11191
9318
9342
11192
9319
9343
11193
9320
9344
11194
9321
9345
11195
9322
9346
11196
9323
9347
11197
9324
9348
11198
9349
11199
9326
9350
11200
9327
9351
11201
9328
9352
11202
9329
9353
11203
9330
9354
11204
9331
9355
11205
9332
9356
11206
9333
9357
11207
9334
9358
11208
9335
9359
11209
9336
9360
11210
9337
9361
11211
9338
9362
11212
9339
9363
11213
9340
9364
11214
9341
9365
11215
9342
9366
11216
9343
9367
11217
9344
9368
11218
9345
9369
11219
9346
9370
11220
9347
9371
11221
9348
9372
11222
9349
9373
11223
9374
11224
9351
11225
9352
11226
9353
11227
9354
11228
9355
11229
9356
11230
9357
11231
9358
11232
9359
11233
9360
11234
9361
11235
9362
11236
9363
11237
9364
11238
9365
11239
9366
11240
9367
11241
9368
11242
9369
11243
9370
11244
9371
11245
9372
11246
9373
11247
9374
11248
11249
9376
9400
11250
9377
9401
11251
9378
9402
11252
9379
9403
11253
9380
9404
11254
9381
9405
11255
9382
9406
11256
9383
9407
11257
9384
9408
11258
9385
9409
11259
9386
9410
11260
9387
9411
11261
9388
9412
11262
9389
9413
11263
9390
9414
11264
9391
9415
11265
9392
9416
11266
9393
9417
11267
9394
9418
11268
9395
9419
11269
9396
9420
11270
9397
9421
11271
9398
9422
11272
9399
9423
11273
9424
11274
9401
9425
11275
9402
9426
11276
9403
9427
11277
9404
9428
11278
9405
9429
11279
9406
9430
11280
9407
9431
11281
9408
9432
11282
9409
9433
11283
9410
9434
11284
9411
9435
11285
9412
9436
11286
9413
9437
11287
9414
9438
11288
9415
9439
11289
9416
9440
11290
9417
9441
11291
9418
9442
11292
9419
9443
11293
9420
9444
11294
9421
9445
11295
9422
9446
11296
9423
9447
11297
9424
9448
11298
9449
11299
9426
9450
11300
9427
9451
11301
9428
9452
11302
9429
9453
11303
9430
9454
11304
9431
9455
11305
9432
9456
11306
9433
9457
11307
9434
9458
11308
9435
9459
11309
9436
9460
11310
9437
9461
11311
9438
9462
11312
9439
9463
11313
9440
9464
11314
9441
9465
11315
9442
9466
11316
9443
9467
11317
9444
9468
11318
9445
9469
11319
9446
9470
11320
9447
9471
11321
9448
9472
11322
9449
9473
11323
9474
11324
9451
9475
11325
9452
9476
11326
9453
9477
11327
9454
9478
11328
9455
9479
11329
9456
9480
11330
9457
9481
11331
9458
9482
11332
9459
9483
11333
9460
9484
11334
9461
9485
11335
9462
9486
11336
9463
9487
11337
9464
9488
11338
9465
9489
11339
9466
9490
11340
9467
9491
11341
9468
9492
11342
9469
9493
11343
9470
9494
11344
9471
9495
11345
9472
9496
11346
9473
9497
11347
9474
9498
11348
9499
11349
9476
9500
11350
9477
9501
11351
9478
9502
11352
9479
9503
11353
9480
9504
11354
9481
9505
11355
9482
9506
11356
9483
9507
11357
9484
9508
11358
9485
9509
11359
9486
9510
11360
9487
9511
11361
9488
9512
11362
9489
9513
11363
9490
9514
11364
9491
9515
11365
9492
9516
11366
9493
9517
11367
9494
9518
11368
9495
9519
11369
9496
9520
11370
9497
9521
11371
9498
9522
11372
9499
9523
11373
9524
11374
9501
9525
11375
9502
9526
11376
9503
9527
11377
9504
9528
11378
9505
9529
11379
9506
9530
11380
9507
9531
11381
9508
9532
11382
9509
9533
11383
9510
9534
11384
9511
9535
11385
9512
9536
11386
9513
9537
11387
9514
9538
11388
9515
9539
11389
9516
9540
11390
9517
9541
11391
9518
9542
11392
9519
9543
11393
9520
9544
11394
9521
9545
11395
9522
9546
11396
9523
9547
11397
9524
9548
11398
9549
11399
9526
9550
11400
9527
9551
11401
9528
9552
11402
9529
9553
11403
9530
9554
11404
9531
9555
11405
9532
9556
11406
9533
9557
11407
9534
9558
11408
9535
9559
11409
9536
9560
11410
9537
9561
11411
9538
9562
11412
9539
9563
11413
9540
9564
11414
9541
9565
11415
9542
9566
11416
9543
9567
11417
9544
9568
11418
9545
9569
11419
9546
9570
11420
9547
9571
11421
9548
9572
11422
9549
9573
11423
9574
11424
9551
9575
11425
9552
9576
11426
9553
9577
11427
9554
9578
11428
9555
9579
11429
9556
9580
11430
9557
9581
11431
9558
9582
11432
9559
9583
11433
9560
9584
11434
9561
9585
11435
9562
9586
11436
9563
9587
11437
9564
9588
11438
9565
9589
11439
9566
9590
11440
9567
9591
11441
9568
9592
11442
9569
9593
11443
9570
9594
11444
9571
9595
11445
9572
9596
11446
9573
9597
11447
9574
9598
11448
9599
11449
9576
9600
11450
9577
9601
11451
9578
9602
11452
9579
9603
11453
9580
9604
11454
9581
9605
11455
9582
9606
11456
9583
9607
11457
9584
9608
11458
9585
9609
11459
9586
9610
11460
9587
9611
11461
9588
9612
11462
9589
9613
11463
9590
9614
11464
9591
9615
11465
9592
9616
11466
9593
9617
11467
9594
9618
11468
9595
9619
11469
9596
9620
11470
9597
9621
11471
9598
9622
11472
9599
9623
11473
9624
11474
9601
9625
11475
9602
9626
11476
9603
9627
11477
9604
9628
11478
9605
9629
11479
9606
9630
11480
9607
9631
11481
9608
9632
11482
9609
9633
11483
9610
9634
11484
9611
9635
11485
9612
9636
11486
9613
9637
11487
9614
9638
11488
9615
9639
11489
9616
9640
11490
9617
9641
11491
9618
9642
11492
9619
9643
11493
9620
9644
11494
9621
9645
11495
9622
9646
11496
9623
9647
11497
9624
9648
11498
9649
11499
9626
9650
11500
9627
9651
11501
9628
9652
11502
9629
9653
11503
9630
9654
11504
9631
9655
11505
9632
9656
11506
9633
9657
11507
9634
9658
11508
9635
9659
11509
9636
9660
11510
9637
9661
11511
9638
9662
11512
9639
9663
11513
9640
9664
11514
9641
9665
11515
9642
9666
11516
9643
9667
11517
9644
9668
11518
9645
9669
11519
9646
9670
11520
9647
9671
11521
9648
9672
11522
9649
9673
11523
9674
11524
9651
9675
11525
9652
9676
11526
9653
9677
11527
9654
9678
11528
9655
9679
11529
9656
9680
11530
9657
9681
11531
9658
9682
11532
9659
9683
11533
9660
9684
11534
9661
9685
11535
9662
9686
11536
9663
9687
11537
9664
9688
11538
9665
9689
11539
9666
9690
11540
9667
9691
11541
9668
9692
11542
9669
9693
11543
9670
9694
11544
9671
9695
11545
9672
9696
11546
9673
9697
11547
9674
9698
11548
9699
11549
9676
9700
11550
9677
9701
11551
9678
9702
11552
9679
9703
11553
9680
9704
11554
9681
9705
11555
9682
9706
11556
9683
9707
11557
9684
9708
11558
9685
9709
11559
9686
9710
11560
9687
9711
11561
9688
9712
11562
9689
9713
11563
9690
9714
11564
9691
9715
11565
9692
9716
11566
9693
9717
11567
9694
9718
11568
9695
9719
11569
9696
9720
11570
9697
9721
11571
9698
9722
11572
9699
9723
11573
9724
11574
9701
9725
11575
9702
9726
11576
9703
9727
11577
9704
9728
11578
9705
9729
11579
9706
9730
11580
9707
9731
11581
9708
9732
11582
9709
9733
11583
9710
9734
11584
9711
9735
11585
9712
9736
11586
9713
9737
11587
9714
9738
11588
9715
9739
11589
9716
9740
11590
9717
9741
11591
9718
9742
11592
9719
9743
11593
9720
9744
11594
9721
9745
11595
9722
9746
11596
9723
9747
11597
9724
9748
11598
9749
11599
9726
9750
11600
9727
9751
11601
9728
9752
11602
9729
9753
11603
9730
9754
11604
9731
9755
11605
9732
9756
11606
9733
9757
11607
9734
9758
11608
9735
9759
11609
9736
9760
11610
9737
9761
11611
9738
9762
11612
9739
9763
11613
9740
9764
11614
9741
9765
11615
9742
9766
11616
9743
9767
11617
9744
9768
11618
9745
9769
11619
9746
9770
11620
9747
9771
11621
9748
9772
11622
9749
9773
11623
9774
11624
9751
9775
11625
9752
9776
11626
9753
9777
11627
9754
9778
11628
9755
9779
11629
9756
9780
11630
9757
9781
11631
9758
9782
11632
9759
9783
11633
9760
9784
11634
9761
9785
11635
9762
9786
11636
9763
9787
11637
9764
9788
11638
9765
9789
11639
9766
9790
11640
9767
9791
11641
9768
9792
11642
9769
9793
11643
9770
9794
11644
9771
9795
11645
9772
9796
11646
9773
9797
11647
9774
9798
11648
9799
11649
9776
9800
11650
9777
9801
11651
9778
9802
11652
9779
9803
11653
9780
9804
11654
9781
9805
11655
9782
9806
11656
9783
9807
11657
9784
9808
11658
9785
9809
11659
9786
9810
11660
9787
9811
11661
9788
9812
11662
9789
9813
11663
9790
9814
11664
9791
9815
11665
9792
9816
11666
9793
9817
11667
9794
9818
11668
9795
9819
11669
9796
9820
11670
9797
9821
11671
9798
9822
11672
9799
9823
11673
9824
11674
9801
9825
11675
9802
9826
11676
9803
9827
11677
9804
9828
11678
9805
9829
11679
9806
9830
11680
9807
9831
11681
9808
9832
11682
9809
9833
11683
9810
9834
11684
9811
9835
11685
9812
9836
11686
9813
9837
11687
9814
9838
11688
9815
9839
11689
9816
9840
11690
9817
9841
11691
9818
9842
11692
9819
9843
11693
9820
9844
11694
9821
9845
11695
9822
9846
11696
9823
9847
11697
9824
9848
11698
9849
11699
9826
9850
11700
9827
9851
11701
9828
9852
11702
9829
9853
11703
9830
9854
11704
9831
9855
11705
9832
9856
11706
9833
9857
11707
9834
9858
11708
9835
9859
11709
9836
9860
11710
9837
9861
11711
9838
9862
11712
9839
9863
11713
9840
9864
11714
9841
9865
11715
9842
9866
11716
9843
9867
11717
9844
9868
11718
9845
9869
11719
9846
9870
11720
9847
9871
11721
9848
9872
11722
9849
9873
11723
9874
11724
9851
9875
11725
9852
9876
11726
9853
9877
11727
9854
9878
11728
9855
9879
11729
9856
9880
11730
9857
9881
11731
9858
9882
11732
9859
9883
11733
9860
9884
11734
9861
9885
11735
9862
9886
11736
9863
9887
11737
9864
9888
11738
9865
9889
11739
9866
9890
11740
9867
9891
11741
9868
9892
11742
9869
9893
11743
9870
9894
11744
9871
9895
11745
9872
9896
11746
9873
9897
11747
9874
9898
11748
9899
11749
9876
9900
11750
9877
9901
11751
9878
9902
11752
9879
9903
11753
9880
9904
11754
9881
9905
11755
9882
9906
11756
9883
9907
11757
9884
9908
11758
9885
9909
11759
9886
9910
11760
9887
9911
11761
9888
9912
11762
9889
9913
11763
9890
9914
11764
9891
9915
11765
9892
9916
11766
9893
9917
11767
9894
9918
11768
9895
9919
11769
9896
9920
11770
9897
9921
11771
9898
9922
11772
9899
9923
11773
9924
11774
9901
9925
11775
9902
9926
11776
9903
9927
11777
9904
9928
11778
9905
9929
11779
9906
9930
11780
9907
9931
11781
9908
9932
11782
9909
9933
11783
9910
9934
11784
9911
9935
11785
9912
9936
11786
9913
9937
11787
9914
9938
11788
9915
9939
11789
9916
9940
11790
9917
9941
11791
9918
9942
11792
9919
9943
11793
9920
9944
11794
9921
9945
11795
9922
9946
11796
9923
9947
11797
9924
9948
11798
9949
11799
9926
9950
11800
9927
9951
11801
9928
9952
11802
9929
9953
11803
9930
9954
11804
9931
9955
11805
9932
9956
11806
9933
9957
11807
9934
9958
11808
9935
9959
11809
9936
9960
11810
9937
9961
11811
9938
9962
11812
9939
9963
11813
9940
9964
11814
9941
9965
11815
9942
9966
11816
9943
9967
11817
9944
9968
11818
9945
9969
11819
9946
9970
11820
9947
9971
11821
9948
9972
11822
9949
9973
11823
9974
11824
9951
9975
11825
9952
9976
11826
9953
9977
11827
9954
9978
11828
9955
9979
11829
9956
9980
11830
9957
9981
11831
9958
9982
11832
9959
9983
11833
9960
9984
11834
9961
9985
11835
9962
9986
11836
9963
9987
11837
9964
9988
11838
9965
9989
11839
9966
9990
11840
9967
9991
11841
9968
9992
11842
9969
9993
11843
9970
9994
11844
9971
9995
11845
9972
9996
11846
9973
9997
11847
9974
9998
11848
9999
11849
9976
10000
11850
9977
10001
11851
9978
10002
11852
9979
10003
11853
9980
10004
11854
9981
10005
11855
9982
10006
11856
9983
10007
11857
9984
10008
11858
9985
10009
11859
9986
10010
11860
9987
10011
11861
9988
10012
11862
9989
10013
11863
9990
10014
11864
9991
10015
11865
9992
10016
11866
9993
10017
11867
9994
10018
11868
9995
10019
11869
9996
10020
11870
9997
10021
11871
9998
10022
11872
9999
10023
11873
10024
11874
10001
10025
11875
10002
10026
11876
10003
10027
11877
10004
10028
11878
10005
10029
11879
10006
10030
11880
10007
10031
11881
10008
10032
11882
10009
10033
11883
10010
10034
11884
10011
10035
11885
10012
10036
11886
10013
10037
11887
10014
10038
11888
10015
10039
11889
10016
10040
11890
10017
10041
11891
10018
10042
11892
10019
10043
11893
10020
10044
11894
10021
10045
11895
10022
10046
11896
10023
10047
11897
10024
10048
11898
10049
11899
10026
10050
11900
10027
10051
11901
10028
10052
11902
10029
10053
11903
10030
10054
11904
10031
10055
11905
10032
10056
11906
10033
10057
11907
10034
10058
11908
10035
10059
11909
10036
10060
11910
10037
10061
11911
10038
10062
11912
10039
10063
11913
10040
10064
11914
10041
10065
11915
10042
10066
11916
10043
10067
11917
10044
10068
11918
10045
10069
11919
10046
10070
11920
10047
10071
11921
10048
10072
11922
10049
10073
11923
10074
11924
10051
10075
11925
10052
10076
11926
10053
10077
11927
10054
10078
11928
10055
10079
11929
10056
10080
11930
10057
10081
11931
10058
10082
11932
10059
10083
11933
10060
10084
11934
10061
10085
11935
10062
10086
11936
10063
10087
11937
10064
10088
11938
10065
10089
11939
10066
10090
11940
10067
10091
11941
10068
10092
11942
10069
10093
11943
10070
10094
11944
10071
10095
11945
10072
10096
11946
10073
10097
11947
10074
10098
11948
10099
11949
10076
10100
11950
10077
10101
11951
10078
10102
11952
10079
10103
11953
10080
10104
11954
10081
10105
11955
10082
10106
11956
10083
10107
11957
10084
10108
11958
10085
10109
11959
10086
10110
11960
10087
10111
11961
10088
10112
11962
10089
10113
11963
10090
10114
11964
10091
10115
11965
10092
10116
11966
10093
10117
11967
10094
10118
11968
10095
10119
11969
10096
10120
11970
10097
10121
11971
10098
10122
11972
10099
10123
11973
10124
11974
10101
10125
11975
10102
10126
11976
10103
10127
11977
10104
10128
11978
10105
10129
11979
10106
10130
11980
10107
10131
11981
10108
10132
11982
10109
10133
11983
10110
10134
11984
10111
10135
11985
10112
10136
11986
10113
10137
11987
10114
10138
11988
10115
10139
11989
10116
10140
11990
10117
10141
11991
10118
10142
11992
10119
10143
11993
10120
10144
11994
10121
10145
11995
10122
10146
11996
10123
10147
11997
10124
10148
11998
10149
11999
10126
10150
12000
10127
10151
12001
10128
10152
12002
10129
10153
12003
10130
10154
12004
10131
10155
12005
10132
10156
12006
10133
10157
12007
10134
10158
12008
10135
10159
12009
10136
10160
12010
10137
10161
12011
10138
10162
12012
10139
10163
12013
10140
10164
12014
10141
10165
12015
10142
10166
12016
10143
10167
12017
10144
10168
12018
10145
10169
12019
10146
10170
12020
10147
10171
12021
10148
10172
12022
10149
10173
12023
10174
12024
10151
10175
12025
10152
10176
12026
10153
10177
12027
10154
10178
12028
10155
10179
12029
10156
10180
12030
10157
10181
12031
10158
10182
12032
10159
10183
12033
10160
10184
12034
10161
10185
12035
10162
10186
12036
10163
10187
12037
10164
10188
12038
10165
10189
12039
10166
10190
12040
10167
10191
12041
10168
10192
12042
10169
10193
12043
10170
10194
12044
10171
10195
12045
10172
10196
12046
10173
10197
12047
10174
10198
12048
10199
12049
10176
10200
12050
10177
10201
12051
10178
10202
12052
10179
10203
12053
10180
10204
12054
10181
10205
12055
10182
10206
12056
10183
10207
12057
10184
10208
12058
10185
10209
12059
10186
10210
12060
10187
10211
12061
10188
10212
12062
10189
10213
12063
10190
10214
12064
10191
10215
12065
10192
10216
12066
10193
10217
12067
10194
10218
12068
10195
10219
12069
10196
10220
12070
10197
10221
12071
10198
10222
12072
10199
10223
12073
10224
12074
10201
10225
12075
10202
10226
12076
10203
10227
12077
10204
10228
12078
10205
10229
12079
10206
10230
12080
10207
10231
12081
10208
10232
12082
10209
10233
12083
10210
10234
12084
10211
10235
12085
10212
10236
12086
10213
10237
12087
10214
10238
12088
10215
10239
12089
10216
10240
12090
10217
10241
12091
10218
10242
12092
10219
10243
12093
10220
10244
12094
10221
10245
12095
10222
10246
12096
10223
10247
12097
10224
10248
12098
10249
12099
10226
10250
12100
10227
10251
12101
10228
10252
12102
10229
10253
12103
10230
10254
12104
10231
10255
12105
10232
10256
12106
10233
10257
12107
10234
10258
12108
10235
10259
12109
10236
10260
12110
10237
10261
12111
10238
10262
12112
10239
10263
12113
10240
10264
12114
10241
10265
12115
10242
10266
12116
10243
10267
12117
10244
10268
12118
10245
10269
12119
10246
10270
12120
10247
10271
12121
10248
10272
12122
10249
10273
12123
10274
12124
10251
10275
12125
10252
10276
12126
10253
10277
12127
10254
10278
12128
10255
10279
12129
10256
10280
12130
10257
10281
12131
10258
10282
12132
10259
10283
12133
10260
10284
12134
10261
10285
12135
10262
10286
12136
10263
10287
12137
10264
10288
12138
10265
10289
12139
10266
10290
12140
10267
10291
12141
10268
10292
12142
10269
10293
12143
10270
10294
12144
10271
10295
12145
10272
10296
12146
10273
10297
12147
10274
10298
12148
10299
12149
10276
10300
12150
10277
10301
12151
10278
10302
12152
10279
10303
12153
10280
10304
12154
10281
10305
12155
10282
10306
12156
10283
10307
12157
10284
10308
12158
10285
10309
12159
10286
10310
12160
10287
10311
12161
10288
10312
12162
10289
10313
12163
10290
10314
12164
10291
10315
12165
10292
10316
12166
10293
10317
12167
10294
10318
12168
10295
10319
12169
10296
10320
12170
10297
10321
12171
10298
10322
12172
10299
10323
12173
10324
12174
10301
10325
12175
10302
10326
12176
10303
10327
12177
10304
10328
12178
10305
10329
12179
10306
10330
12180
10307
10331
12181
10308
10332
12182
10309
10333
12183
10310
10334
12184
10311
10335
12185
10312
10336
12186
10313
10337
12187
10314
10338
12188
10315
10339
12189
10316
10340
12190
10317
10341
12191
10318
10342
12192
10319
10343
12193
10320
10344
12194
10321
10345
12195
10322
10346
12196
10323
10347
12197
10324
10348
12198
10349
12199
10326
10350
12200
10327
10351
12201
10328
10352
12202
10329
10353
12203
10330
10354
12204
10331
10355
12205
10332
10356
12206
10333
10357
12207
10334
10358
12208
10335
10359
12209
10336
10360
12210
10337
10361
12211
10338
10362
12212
10339
10363
12213
10340
10364
12214
10341
10365
12215
10342
10366
12216
10343
10367
12217
10344
10368
12218
10345
10369
12219
10346
10370
12220
10347
10371
12221
10348
10372
12222
10349
10373
12223
10374
12224
10351
10375
12225
10352
10376
12226
10353
10377
12227
10354
10378
12228
10355
10379
12229
10356
10380
12230
10357
10381
12231
10358
10382
12232
10359
10383
12233
10360
10384
12234
10361
10385
12235
10362
10386
12236
10363
10387
12237
10364
10388
12238
10365
10389
12239
10366
10390
12240
10367
10391
12241
10368
10392
12242
10369
10393
12243
10370
10394
12244
10371
10395
12245
10372
10396
12246
10373
10397
12247
10374
10398
12248
10399
12249
10376
10400
12250
10377
10401
12251
10378
10402
12252
10379
10403
12253
10380
10404
12254
10381
10405
12255
10382
10406
12256
10383
10407
12257
10384
10408
12258
10385
10409
12259
10386
10410
12260
10387
10411
12261
10388
10412
12262
10389
10413
12263
10390
10414
12264
10391
10415
12265
10392
10416
12266
10393
10417
12267
10394
10418
12268
10395
10419
12269
10396
10420
12270
10397
10421
12271
10398
10422
12272
10399
10423
12273
10424
12274
10401
10425
12275
10402
10426
12276
10403
10427
12277
10404
10428
12278
10405
10429
12279
10406
10430
12280
10407
10431
12281
10408
10432
12282
10409
10433
12283
10410
10434
12284
10411
10435
12285
10412
10436
12286
10413
10437
12287
10414
10438
12288
10415
10439
12289
10416
10440
12290
10417
10441
12291
10418
10442
12292
10419
10443
12293
10420
10444
12294
10421
10445
12295
10422
10446
12296
10423
10447
12297
10424
10448
12298
10449
12299
10426
10450
12300
10427
10451
12301
10428
10452
12302
10429
10453
12303
10430
10454
12304
10431
10455
12305
10432
10456
12306
10433
10457
12307
10434
10458
12308
10435
10459
12309
10436
10460
12310
10437
10461
12311
10438
10462
12312
10439
10463
12313
10440
10464
12314
10441
10465
12315
10442
10466
12316
10443
10467
12317
10444
10468
12318
10445
10469
12319
10446
10470
12320
10447
10471
12321
10448
10472
12322
10449
10473
12323
10474
12324
10451
10475
12325
10452
10476
12326
10453
10477
12327
10454
10478
12328
10455
10479
12329
10456
10480
12330
10457
10481
12331
10458
10482
12332
10459
10483
12333
10460
10484
12334
10461
10485
12335
10462
10486
12336
10463
10487
12337
10464
10488
12338
10465
10489
12339
10466
10490
12340
10467
10491
12341
10468
10492
12342
10469
10493
12343
10470
10494
12344
10471
10495
12345
10472
10496
12346
10473
10497
12347
10474
10498
12348
10499
12349
10476
10500
12350
10477
10501
12351
10478
10502
12352
10479
10503
12353
10480
10504
12354
10481
10505
12355
10482
10506
12356
10483
10507
12357
10484
10508
12358
10485
10509
12359
10486
10510
12360
10487
10511
12361
10488
10512
12362
10489
10513
12363
10490
10514
12364
10491
10515
12365
10492
10516
12366
10493
10517
12367
10494
10518
12368
10495
10519
12369
10496
10520
12370
10497
10521
12371
10498
10522
12372
10499
10523
12373
10524
12374
10501
10525
12375
10502
10526
12376
10503
10527
12377
10504
10528
12378
10505
10529
12379
10506
10530
12380
10507
10531
12381
10508
10532
12382
10509
10533
12383
10510
10534
12384
10511
10535
12385
10512
10536
12386
10513
10537
12387
10514
10538
12388
10515
10539
12389
10516
10540
12390
10517
10541
12391
10518
10542
12392
10519
10543
12393
10520
10544
12394
10521
10545
12395
10522
10546
12396
10523
10547
12397
10524
10548
12398
10549
12399
10526
10550
12400
10527
10551
12401
10528
10552
12402
10529
10553
12403
10530
10554
12404
10531
10555
12405
10532
10556
12406
10533
10557
12407
10534
10558
12408
10535
10559
12409
10536
10560
12410
10537
10561
12411
10538
10562
12412
10539
10563
12413
10540
10564
12414
10541
10565
12415
10542
10566
12416
10543
10567
12417
10544
10568
12418
10545
10569
12419
10546
10570
12420
10547
10571
12421
10548
10572
12422
10549
10573
12423
10574
12424
10551
10575
12425
10552
10576
12426
10553
10577
12427
10554
10578
12428
10555
10579
12429
10556
10580
12430
10557
10581
12431
10558
10582
12432
10559
10583
12433
10560
10584
12434
10561
10585
12435
10562
10586
12436
10563
10587
12437
10564
10588
12438
10565
10589
12439
10566
10590
12440
10567
10591
12441
10568
10592
12442
10569
10593
12443
10570
10594
12444
10571
10595
12445
10572
10596
12446
10573
10597
12447
10574
10598
12448
10599
12449
10576
10600
12450
10577
10601
12451
10578
10602
12452
10579
10603
12453
10580
10604
12454
10581
10605
12455
10582
10606
12456
10583
10607
12457
10584
10608
12458
10585
10609
12459
10586
10610
12460
10587
10611
12461
10588
10612
12462
10589
10613
12463
10590
10614
12464
10591
10615
12465
10592
10616
12466
10593
10617
12467
10594
10618
12468
10595
10619
12469
10596
10620
12470
10597
10621
12471
10598
10622
12472
10599
10623
12473
10624
12474
10601
10625
12475
10602
10626
12476
10603
10627
12477
10604
10628
12478
10605
10629
12479
10606
10630
12480
10607
10631
12481
10608
10632
12482
10609
10633
12483
10610
10634
12484
10611
10635
12485
10612
10636
12486
10613
10637
12487
10614
10638
12488
10615
10639
12489
10616
10640
12490
10617
10641
12491
10618
10642
12492
10619
10643
12493
10620
10644
12494
10621
10645
12495
10622
10646
12496
10623
10647
12497
10624
10648
12498
10649
12499
10626
10650
12500
10627
10651
12501
10628
10652
12502
10629
10653
12503
10630
10654
12504
10631
10655
12505
10632
10656
12506
10633
10657
12507
10634
10658
12508
10635
10659
12509
10636
10660
12510
10637
10661
12511
10638
10662
12512
10639
10663
12513
10640
10664
12514
10641
10665
12515
10642
10666
12516
10643
10667
12517
10644
10668
12518
10645
10669
12519
10646
10670
12520
10647
10671
12521
10648
10672
12522
10649
10673
12523
10674
12524
10651
10675
12525
10652
10676
12526
10653
10677
12527
10654
10678
12528
10655
10679
12529
10656
10680
12530
10657
10681
12531
10658
10682
12532
10659
10683
12533
10660
10684
12534
10661
10685
12535
10662
10686
12536
10663
10687
12537
10664
10688
12538
10665
10689
12539
10666
10690
12540
10667
10691
12541
10668
10692
12542
10669
10693
12543
10670
10694
12544
10671
10695
12545
10672
10696
12546
10673
10697
12547
10674
10698
12548
10699
12549
10676
10700
12550
10677
10701
12551
10678
10702
12552
10679
10703
12553
10680
10704
12554
10681
10705
12555
10682
10706
12556
10683
10707
12557
10684
10708
12558
10685
10709
12559
10686
10710
12560
10687
10711
12561
10688
10712
12562
10689
10713
12563
10690
10714
12564
10691
10715
12565
10692
10716
12566
10693
10717
12567
10694
10718
12568
10695
10719
12569
10696
10720
12570
10697
10721
12571
10698
10722
12572
10699
10723
12573
10724
12574
10701
10725
12575
10702
10726
12576
10703
10727
12577
10704
10728
12578
10705
10729
12579
10706
10730
12580
10707
10731
12581
10708
10732
12582
10709
10733
12583
10710
10734
12584
10711
10735
12585
10712
10736
12586
10713
10737
12587
10714
10738
12588
10715
10739
12589
10716
10740
12590
10717
10741
12591
10718
10742
12592
10719
10743
12593
10720
10744
12594
10721
10745
12595
10722
10746
12596
10723
10747
12597
10724
10748
12598
10749
12599
10726
10750
12600
10727
10751
12601
10728
10752
12602
10729
10753
12603
10730
10754
12604
10731
10755
12605
10732
10756
12606
10733
10757
12607
10734
10758
12608
10735
10759
12609
10736
10760
12610
10737
10761
12611
10738
10762
12612
10739
10763
12613
10740
10764
12614
10741
10765
12615
10742
10766
12616
10743
10767
12617
10744
10768
12618
10745
10769
12619
10746
10770
12620
10747
10771
12621
10748
10772
12622
10749
10773
12623
10774
12624
10751
10775
12625
10752
10776
12626
10753
10777
12627
10754
10778
12628
10755
10779
12629
10756
10780
12630
10757
10781
12631
10758
10782
12632
10759
10783
12633
10760
10784
12634
10761
10785
12635
10762
10786
12636
10763
10787
12637
10764
10788
12638
10765
10789
12639
10766
10790
12640
10767
10791
12641
10768
10792
12642
10769
10793
12643
10770
10794
12644
10771
10795
12645
10772
10796
12646
10773
10797
12647
10774
10798
12648
10799
12649
10776
10800
12650
10777
10801
12651
10778
10802
12652
10779
10803
12653
10780
10804
12654
10781
10805
12655
10782
10806
12656
10783
10807
12657
10784
10808
12658
10785
10809
12659
10786
10810
12660
10787
10811
12661
10788
10812
12662
10789
10813
12663
10790
10814
12664
10791
10815
12665
10792
10816
12666
10793
10817
12667
10794
10818
12668
10795
10819
12669
10796
10820
12670
10797
10821
12671
10798
10822
12672
10799
10823
12673
10824
12674
10801
10825
12675
10802
10826
12676
10803
10827
12677
10804
10828
12678
10805
10829
12679
10806
10830
12680
10807
10831
12681
10808
10832
12682
10809
10833
12683
10810
10834
12684
10811
10835
12685
10812
10836
12686
10813
10837
12687
10814
10838
12688
10815
10839
12689
10816
10840
12690
10817
10841
12691
10818
10842
12692
10819
10843
12693
10820
10844
12694
10821
10845
12695
10822
10846
12696
10823
10847
12697
10824
10848
12698
10849
12699
10826
10850
12700
10827
10851
12701
10828
10852
12702
10829
10853
12703
10830
10854
12704
10831
10855
12705
10832
10856
12706
10833
10857
12707
10834
10858
12708
10835
10859
12709
10836
10860
12710
10837
10861
12711
10838
10862
12712
10839
10863
12713
10840
10864
12714
10841
10865
12715
10842
10866
12716
10843
10867
12717
10844
10868
12718
10845
10869
12719
10846
10870
12720
10847
10871
12721
10848
10872
12722
10849
10873
12723
10874
12724
10851
10875
12725
10852
10876
12726
10853
10877
12727
10854
10878
12728
10855
10879
12729
10856
10880
12730
10857
10881
12731
10858
10882
12732
10859
10883
12733
10860
10884
12734
10861
10885
12735
10862
10886
12736
10863
10887
12737
10864
10888
12738
10865
10889
12739
10866
10890
12740
10867
10891
12741
10868
10892
12742
10869
10893
12743
10870
10894
12744
10871
10895
12745
10872
10896
12746
10873
10897
12747
10874
10898
12748
10899
12749
10876
10900
12750
10877
10901
12751
10878
10902
12752
10879
10903
12753
10880
10904
12754
10881
10905
12755
10882
10906
12756
10883
10907
12757
10884
10908
12758
10885
10909
12759
10886
10910
12760
10887
10911
12761
10888
10912
12762
10889
10913
12763
10890
10914
12764
10891
10915
12765
10892
10916
12766
10893
10917
12767
10894
10918
12768
10895
10919
12769
10896
10920
12770
10897
10921
12771
10898
10922
12772
10899
10923
12773
10924
12774
10901
10925
12775
10902
10926
12776
10903
10927
12777
10904
10928
12778
10905
10929
12779
10906
10930
12780
10907
10931
12781
10908
10932
12782
10909
10933
12783
10910
10934
12784
10911
10935
12785
10912
10936
12786
10913
10937
12787
10914
10938
12788
10915
10939
12789
10916
10940
12790
10917
10941
12791
10918
10942
12792
10919
10943
12793
10920
10944
12794
10921
10945
12795
10922
10946
12796
10923
10947
12797
10924
10948
12798
10949
12799
10926
10950
12800
10927
10951
12801
10928
10952
12802
10929
10953
12803
10930
10954
12804
10931
10955
12805
10932
10956
12806
10933
10957
12807
10934
10958
12808
10935
10959
12809
10936
10960
12810
10937
10961
12811
10938
10962
12812
10939
10963
12813
10940
10964
12814
10941
10965
12815
10942
10966
12816
10943
10967
12817
10944
10968
12818
10945
10969
12819
10946
10970
12820
10947
10971
12821
10948
10972
12822
10949
10973
12823
10974
12824
10951
10975
12825
10952
10976
12826
10953
10977
12827
10954
10978
12828
10955
10979
12829
10956
10980
12830
10957
10981
12831
10958
10982
12832
10959
10983
12833
10960
10984
12834
10961
10985
12835
10962
10986
12836
10963
10987
12837
10964
10988
12838
10965
10989
12839
10966
10990
12840
10967
10991
12841
10968
10992
12842
10969
10993
12843
10970
10994
12844
10971
10995
12845
10972
10996
12846
10973
10997
12847
10974
10998
12848
10999
12849
10976
11000
12850
10977
11001
12851
10978
11002
12852
10979
11003
12853
10980
11004
12854
10981
11005
12855
10982
11006
12856
10983
11007
12857
10984
11008
12858
10985
11009
12859
10986
11010
12860
10987
11011
12861
10988
11012
12862
10989
11013
12863
10990
11014
12864
10991
11015
12865
10992
11016
12866
10993
11017
12867
10994
11018
12868
10995
11019
12869
10996
11020
12870
10997
11021
12871
10998
11022
12872
10999
11023
12873
11024
12874
11001
11025
12875
11002
11026
12876
11003
11027
12877
11004
11028
12878
11005
11029
12879
11006
11030
12880
11007
11031
12881
11008
11032
12882
11009
11033
12883
11010
11034
12884
11011
11035
12885
11012
11036
12886
11013
11037
12887
11014
11038
12888
11015
11039
12889
11016
11040
12890
11017
11041
12891
11018
11042
12892
11019
11043
12893
11020
11044
12894
11021
11045
12895
11022
11046
12896
11023
11047
12897
11024
11048
12898
11049
12899
11026
11050
12900
11027
11051
12901
11028
11052
12902
11029
11053
12903
11030
11054
12904
11031
11055
12905
11032
11056
12906
11033
11057
12907
11034
11058
12908
11035
11059
12909
11036
11060
12910
11037
11061
12911
11038
11062
12912
11039
11063
12913
11040
11064
12914
11041
11065
12915
11042
11066
12916
11043
11067
12917
11044
11068
12918
11045
11069
12919
11046
11070
12920
11047
11071
12921
11048
11072
12922
11049
11073
12923
11074
12924
11051
11075
12925
11052
11076
12926
11053
11077
12927
11054
11078
12928
11055
11079
12929
11056
11080
12930
11057
11081
12931
11058
11082
12932
11059
11083
12933
11060
11084
12934
11061
11085
12935
11062
11086
12936
11063
11087
12937
11064
11088
12938
11065
11089
12939
11066
11090
12940
11067
11091
12941
11068
11092
12942
11069
11093
12943
11070
11094
12944
11071
11095
12945
11072
11096
12946
11073
11097
12947
11074
11098
12948
11099
12949
11076
11100
12950
11077
11101
12951
11078
11102
12952
11079
11103
12953
11080
11104
12954
11081
11105
12955
11082
11106
12956
11083
11107
12957
11084
11108
12958
11085
11109
12959
11086
11110
12960
11087
11111
12961
11088
11112
12962
11089
11113
12963
11090
11114
12964
11091
11115
12965
11092
11116
12966
11093
11117
12967
11094
11118
12968
11095
11119
12969
11096
11120
12970
11097
11121
12971
11098
11122
12972
11099
11123
12973
11124
12974
11101
11125
12975
11102
11126
12976
11103
11127
12977
11104
11128
12978
11105
11129
12979
11106
11130
12980
11107
11131
12981
11108
11132
12982
11109
11133
12983
11110
11134
12984
11111
11135
12985
11112
11136
12986
11113
11137
12987
11114
11138
12988
11115
11139
12989
11116
11140
12990
11117
11141
12991
11118
11142
12992
11119
11143
12993
11120
11144
12994
11121
11145
12995
11122
11146
12996
11123
11147
12997
11124
11148
12998
11149
12999
11126
11150
13000
11127
11151
13001
11128
11152
13002
11129
11153
13003
11130
11154
13004
11131
11155
13005
11132
11156
13006
11133
11157
13007
11134
11158
13008
11135
11159
13009
11136
11160
13010
11137
11161
13011
11138
11162
13012
11139
11163
13013
11140
11164
13014
11141
11165
13015
11142
11166
13016
11143
11167
13017
11144
11168
13018
11145
11169
13019
11146
11170
13020
11147
11171
13021
11148
11172
13022
11149
11173
13023
11174
13024
11151
11175
13025
11152
11176
13026
11153
11177
13027
11154
11178
13028
11155
11179
13029
11156
11180
13030
11157
11181
13031
11158
11182
13032
11159
11183
13033
11160
11184
13034
11161
11185
13035
11162
11186
13036
11163
11187
13037
11164
11188
13038
11165
11189
13039
11166
11190
13040
11167
11191
13041
11168
11192
13042
11169
11193
13043
11170
11194
13044
11171
11195
13045
11172
11196
13046
11173
11197
13047
11174
11198
13048
11199
13049
11176
11200
13050
11177
11201
13051
11178
11202
13052
11179
11203
13053
11180
11204
13054
11181
11205
13055
11182
11206
13056
11183
11207
13057
11184
11208
13058
11185
11209
13059
11186
11210
13060
11187
11211
13061
11188
11212
13062
11189
11213
13063
11190
11214
13064
11191
11215
13065
11192
11216
13066
11193
11217
13067
11194
11218
13068
11195
11219
13069
11196
11220
13070
11197
11221
13071
11198
11222
13072
11199
11223
13073
11224
13074
11201
11225
13075
11202
11226
13076
11203
11227
13077
11204
11228
13078
11205
11229
13079
11206
11230
13080
11207
11231
13081
11208
11232
13082
11209
11233
13083
11210
11234
13084
11211
11235
13085
11212
11236
13086
11213
11237
13087
11214
11238
13088
11215
11239
13089
11216
11240
13090
11217
11241
13091
11218
11242
13092
11219
11243
13093
11220
11244
13094
11221
11245
13095
11222
11246
13096
11223
11247
13097
11224
11248
13098
11249
13099
11226
13100
11227
13101
11228
13102
11229
13103
11230
13104
11231
13105
11232
13106
11233
13107
11234
13108
11235
13109
11236
13110
11237
13111
11238
13112
11239
13113
11240
13114
11241
13115
11242
13116
11243
13117
11244
13118
11245
13119
11246
13120
11247
13121
11248
13122
11249
13123
13124
11251
11275
13125
11252
11276
13126
11253
11277
13127
11254
11278
13128
11255
11279
13129
11256
11280
13130
11257
11281
13131
11258
11282
13132
11259
11283
13133
11260
11284
13134
11261
11285
13135
11262
11286
13136
11263
11287
13137
11264
11288
13138
11265
11289
13139
11266
11290
13140
11267
11291
13141
11268
11292
13142
11269
11293
13143
11270
11294
13144
11271
11295
13145
11272
11296
13146
11273
11297
13147
11274
11298
13148
11299
13149
11276
11300
13150
11277
11301
13151
11278
11302
13152
11279
11303
13153
11280
11304
13154
11281
11305
13155
11282
11306
13156
11283
11307
13157
11284
11308
13158
11285
11309
13159
11286
11310
13160
11287
11311
13161
11288
11312
13162
11289
11313
13163
11290
11314
13164
11291
11315
13165
11292
11316
13166
11293
11317
13167
11294
11318
13168
11295
11319
13169
11296
11320
13170
11297
11321
13171
11298
11322
13172
11299
11323
13173
11324
13174
11301
11325
13175
11302
11326
13176
11303
11327
13177
11304
11328
13178
11305
11329
13179
11306
11330
13180
11307
11331
13181
11308
11332
13182
11309
11333
13183
11310
11334
13184
11311
11335
13185
11312
11336
13186
11313
11337
13187
11314
11338
13188
11315
11339
13189
11316
11340
13190
11317
11341
13191
11318
11342
13192
11319
11343
13193
11320
11344
13194
11321
11345
13195
11322
11346
13196
11323
11347
13197
11324
11348
13198
11349
13199
11326
11350
13200
11327
11351
13201
11328
11352
13202
11329
11353
13203
11330
11354
13204
11331
11355
13205
11332
11356
13206
11333
11357
13207
11334
11358
13208
11335
11359
13209
11336
11360
13210
11337
11361
13211
11338
11362
13212
11339
11363
13213
11340
11364
13214
11341
11365
13215
11342
11366
13216
11343
11367
13217
11344
11368
13218
11345
11369
13219
11346
11370
13220
11347
11371
13221
11348
11372
13222
11349
11373
13223
11374
13224
11351
11375
13225
11352
11376
13226
11353
11377
13227
11354
11378
13228
11355
11379
13229
11356
11380
13230
11357
11381
13231
11358
11382
13232
11359
11383
13233
11360
11384
13234
11361
11385
13235
11362
11386
13236
11363
11387
13237
11364
11388
13238
11365
11389
13239
11366
11390
13240
11367
11391
13241
11368
11392
13242
11369
11393
13243
11370
11394
13244
11371
11395
13245
11372
11396
13246
11373
11397
13247
11374
11398
13248
11399
13249
11376
11400
13250
11377
11401
13251
11378
11402
13252
11379
11403
13253
11380
11404
13254
11381
11405
13255
11382
11406
13256
11383
11407
13257
11384
11408
13258
11385
11409
13259
11386
11410
13260
11387
11411
13261
11388
11412
13262
11389
11413
13263
11390
11414
13264
11391
11415
13265
11392
11416
13266
11393
11417
13267
11394
11418
13268
11395
11419
13269
11396
11420
13270
11397
11421
13271
11398
11422
13272
11399
11423
13273
11424
13274
11401
11425
13275
11402
11426
13276
11403
11427
13277
11404
11428
13278
11405
11429
13279
11406
11430
13280
11407
11431
13281
11408
11432
13282
11409
11433
13283
11410
11434
13284
11411
11435
13285
11412
11436
13286
11413
11437
13287
11414
11438
13288
11415
11439
13289
11416
11440
13290
11417
11441
13291
11418
11442
13292
11419
11443
13293
11420
11444
13294
11421
11445
13295
11422
11446
13296
11423
11447
13297
11424
11448
13298
11449
13299
11426
11450
13300
11427
11451
13301
11428
11452
13302
11429
11453
13303
11430
11454
13304
11431
11455
13305
11432
11456
13306
11433
11457
13307
11434
11458
13308
11435
11459
13309
11436
11460
13310
11437
11461
13311
11438
11462
13312
11439
11463
13313
11440
11464
13314
11441
11465
13315
11442
11466
13316
11443
11467
13317
11444
11468
13318
11445
11469
13319
11446
11470
13320
11447
11471
13321
11448
11472
13322
11449
11473
13323
11474
13324
11451
11475
13325
11452
11476
13326
11453
11477
13327
11454
11478
13328
11455
11479
13329
11456
11480
13330
11457
11481
13331
11458
11482
13332
11459
11483
13333
11460
11484
13334
11461
11485
13335
11462
11486
13336
11463
11487
13337
11464
11488
13338
11465
11489
13339
11466
11490
13340
11467
11491
13341
11468
11492
13342
11469
11493
13343
11470
11494
13344
11471
11495
13345
11472
11496
13346
11473
11497
13347
11474
11498
13348
11499
13349
11476
11500
13350
11477
11501
13351
11478
11502
13352
11479
11503
13353
11480
11504
13354
11481
11505
13355
11482
11506
13356
11483
11507
13357
11484
11508
13358
11485
11509
13359
11486
11510
13360
11487
11511
13361
11488
11512
13362
11489
11513
13363
11490
11514
13364
11491
11515
13365
11492
11516
13366
11493
11517
13367
11494
11518
13368
11495
11519
13369
11496
11520
13370
11497
11521
13371
11498
11522
13372
11499
11523
13373
11524
13374
11501
11525
13375
11502
11526
13376
11503
11527
13377
11504
11528
13378
11505
11529
13379
11506
11530
13380
11507
11531
13381
11508
11532
13382
11509
11533
13383
11510
11534
13384
11511
11535
13385
11512
11536
13386
11513
11537
13387
11514
11538
13388
11515
11539
13389
11516
11540
13390
11517
11541
13391
11518
11542
13392
11519
11543
13393
11520
11544
13394
11521
11545
13395
11522
11546
13396
11523
11547
13397
11524
11548
13398
11549
13399
11526
11550
13400
11527
11551
13401
11528
11552
13402
11529
11553
13403
11530
11554
13404
11531
11555
13405
11532
11556
13406
11533
11557
13407
11534
11558
13408
11535
11559
13409
11536
11560
13410
11537
11561
13411
11538
11562
13412
11539
11563
13413
11540
11564
13414
11541
11565
13415
11542
11566
13416
11543
11567
13417
11544
11568
13418
11545
11569
13419
11546
11570
13420
11547
11571
13421
11548
11572
13422
11549
11573
13423
11574
13424
11551
11575
13425
11552
11576
13426
11553
11577
13427
11554
11578
13428
11555
11579
13429
11556
11580
13430
11557
11581
13431
11558
11582
13432
11559
11583
13433
11560
11584
13434
11561
11585
13435
11562
11586
13436
11563
11587
13437
11564
11588
13438
11565
11589
13439
11566
11590
13440
11567
11591
13441
11568
11592
13442
11569
11593
13443
11570
11594
13444
11571
11595
13445
11572
11596
13446
11573
11597
13447
11574
11598
13448
11599
13449
11576
11600
13450
11577
11601
13451
11578
11602
13452
11579
11603
13453
11580
11604
13454
11581
11605
13455
11582
11606
13456
11583
11607
13457
11584
11608
13458
11585
11609
13459
11586
11610
13460
11587
11611
13461
11588
11612
13462
11589
11613
13463
11590
11614
13464
11591
11615
13465
11592
11616
13466
11593
11617
13467
11594
11618
13468
11595
11619
13469
11596
11620
13470
11597
11621
13471
11598
11622
13472
11599
11623
13473
11624
13474
11601
11625
13475
11602
11626
13476
11603
11627
13477
11604
11628
13478
11605
11629
13479
11606
11630
13480
11607
11631
13481
11608
11632
13482
11609
11633
13483
11610
11634
13484
11611
11635
13485
11612
11636
13486
11613
11637
13487
11614
11638
13488
11615
11639
13489
11616
11640
13490
11617
11641
13491
11618
11642
13492
11619
11643
13493
11620
11644
13494
11621
11645
13495
11622
11646
13496
11623
11647
13497
11624
11648
13498
11649
13499
11626
11650
13500
11627
11651
13501
11628
11652
13502
11629
11653
13503
11630
11654
13504
11631
11655
13505
11632
11656
13506
11633
11657
13507
11634
11658
13508
11635
11659
13509
11636
11660
13510
11637
11661
13511
11638
11662
13512
11639
11663
13513
11640
11664
13514
11641
11665
13515
11642
11666
13516
11643
11667
13517
11644
11668
13518
11645
11669
13519
11646
11670
13520
11647
11671
13521
11648
11672
13522
11649
11673
13523
11674
13524
11651
11675
13525
11652
11676
13526
11653
11677
13527
11654
11678
13528
11655
11679
13529
11656
11680
13530
11657
11681
13531
11658
11682
13532
11659
11683
13533
11660
11684
13534
11661
11685
13535
11662
11686
13536
11663
11687
13537
11664
11688
13538
11665
11689
13539
11666
11690
13540
11667
11691
13541
11668
11692
13542
11669
11693
13543
11670
11694
13544
11671
11695
13545
11672
11696
13546
11673
11697
13547
11674
11698
13548
11699
13549
11676
11700
13550
11677
11701
13551
11678
11702
13552
11679
11703
13553
11680
11704
13554
11681
11705
13555
11682
11706
13556
11683
11707
13557
11684
11708
13558
11685
11709
13559
11686
11710
13560
11687
11711
13561
11688
11712
13562
11689
11713
13563
11690
11714
13564
11691
11715
13565
11692
11716
13566
11693
11717
13567
11694
11718
13568
11695
11719
13569
11696
11720
13570
11697
11721
13571
11698
11722
13572
11699
11723
13573
11724
13574
11701
11725
13575
11702
11726
13576
11703
11727
13577
11704
11728
13578
11705
11729
13579
11706
11730
13580
11707
11731
13581
11708
11732
13582
11709
11733
13583
11710
11734
13584
11711
11735
13585
11712
11736
13586
11713
11737
13587
11714
11738
13588
11715
11739
13589
11716
11740
13590
11717
11741
13591
11718
11742
13592
11719
11743
13593
11720
11744
13594
11721
11745
13595
11722
11746
13596
11723
11747
13597
11724
11748
13598
11749
13599
11726
11750
13600
11727
11751
13601
11728
11752
13602
11729
11753
13603
11730
11754
13604
11731
11755
13605
11732
11756
13606
11733
11757
13607
11734
11758
13608
11735
11759
13609
11736
11760
13610
11737
11761
13611
11738
11762
13612
11739
11763
13613
11740
11764
13614
11741
11765
13615
11742
11766
13616
11743
11767
13617
11744
11768
13618
11745
11769
13619
11746
11770
13620
11747
11771
13621
11748
11772
13622
11749
11773
13623
11774
13624
11751
11775
13625
11752
11776
13626
11753
11777
13627
11754
11778
13628
11755
11779
13629
11756
11780
13630
11757
11781
13631
11758
11782
13632
11759
11783
13633
11760
11784
13634
11761
11785
13635
11762
11786
13636
11763
11787
13637
11764
11788
13638
11765
11789
13639
11766
11790
13640
11767
11791
13641
11768
11792
13642
11769
11793
13643
11770
11794
13644
11771
11795
13645
11772
11796
13646
11773
11797
13647
11774
11798
13648
11799
13649
11776
11800
13650
11777
11801
13651
11778
11802
13652
11779
11803
13653
11780
11804
13654
11781
11805
13655
11782
11806
13656
11783
11807
13657
11784
11808
13658
11785
11809
13659
11786
11810
13660
11787
11811
13661
11788
11812
13662
11789
11813
13663
11790
11814
13664
11791
11815
13665
11792
11816
13666
11793
11817
13667
11794
11818
13668
11795
11819
13669
11796
11820
13670
11797
11821
13671
11798
11822
13672
11799
11823
13673
11824
13674
11801
11825
13675
11802
11826
13676
11803
11827
13677
11804
11828
13678
11805
11829
13679
11806
11830
13680
11807
11831
13681
11808
11832
13682
11809
11833
13683
11810
11834
13684
11811
11835
13685
11812
11836
13686
11813
11837
13687
11814
11838
13688
11815
11839
13689
11816
11840
13690
11817
11841
13691
11818
11842
13692
11819
11843
13693
11820
11844
13694
11821
11845
13695
11822
11846
13696
11823
11847
13697
11824
11848
13698
11849
13699
11826
11850
13700
11827
11851
13701
11828
11852
13702
11829
11853
13703
11830
11854
13704
11831
11855
13705
11832
11856
13706
11833
11857
13707
11834
11858
13708
11835
11859
13709
11836
11860
13710
11837
11861
13711
11838
11862
13712
11839
11863
13713
11840
11864
13714
11841
11865
13715
11842
11866
13716
11843
11867
13717
11844
11868
13718
11845
11869
13719
11846
11870
13720
11847
11871
13721
11848
11872
13722
11849
11873
13723
11874
13724
11851
11875
13725
11852
11876
13726
11853
11877
13727
11854
11878
13728
11855
11879
13729
11856
11880
13730
11857
11881
13731
11858
11882
13732
11859
11883
13733
11860
11884
13734
11861
11885
13735
11862
11886
13736
11863
11887
13737
11864
11888
13738
11865
11889
13739
11866
11890
13740
11867
11891
13741
11868
11892
13742
11869
11893
13743
11870
11894
13744
11871
11895
13745
11872
11896
13746
11873
11897
13747
11874
11898
13748
11899
13749
11876
11900
13750
11877
11901
13751
11878
11902
13752
11879
11903
13753
11880
11904
13754
11881
11905
13755
11882
11906
13756
11883
11907
13757
11884
11908
13758
11885
11909
13759
11886
11910
13760
11887
11911
13761
11888
11912
13762
11889
11913
13763
11890
11914
13764
11891
11915
13765
11892
11916
13766
11893
11917
13767
11894
11918
13768
11895
11919
13769
11896
11920
13770
11897
11921
13771
11898
11922
13772
11899
11923
13773
11924
13774
11901
11925
13775
11902
11926
13776
11903
11927
13777
11904
11928
13778
11905
11929
13779
11906
11930
13780
11907
11931
13781
11908
11932
13782
11909
11933
13783
11910
11934
13784
11911
11935
13785
11912
11936
13786
11913
11937
13787
11914
11938
13788
11915
11939
13789
11916
11940
13790
11917
11941
13791
11918
11942
13792
11919
11943
13793
11920
11944
13794
11921
11945
13795
11922
11946
13796
11923
11947
13797
11924
11948
13798
11949
13799
11926
11950
13800
11927
11951
13801
11928
11952
13802
11929
11953
13803
11930
11954
13804
11931
11955
13805
11932
11956
13806
11933
11957
13807
11934
11958
13808
11935
11959
13809
11936
11960
13810
11937
11961
13811
11938
11962
13812
11939
11963
13813
11940
11964
13814
11941
11965
13815
11942
11966
13816
11943
11967
13817
11944
11968
13818
11945
11969
13819
11946
11970
13820
11947
11971
13821
11948
11972
13822
11949
11973
13823
11974
13824
11951
11975
13825
11952
11976
13826
11953
11977
13827
11954
11978
13828
11955
11979
13829
11956
11980
13830
11957
11981
13831
11958
11982
13832
11959
11983
13833
11960
11984
13834
11961
11985
13835
11962
11986
13836
11963
11987
13837
11964
11988
13838
11965
11989
13839
11966
11990
13840
11967
11991
13841
11968
11992
13842
11969
11993
13843
11970
11994
13844
11971
11995
13845
11972
11996
13846
11973
11997
13847
11974
11998
13848
11999
13849
11976
12000
13850
11977
12001
13851
11978
12002
13852
11979
12003
13853
11980
12004
13854
11981
12005
13855
11982
12006
13856
11983
12007
13857
11984
12008
13858
11985
12009
13859
11986
12010
13860
11987
12011
13861
11988
12012
13862
11989
12013
13863
11990
12014
13864
11991
12015
13865
11992
12016
13866
11993
12017
13867
11994
12018
13868
11995
12019
13869
11996
12020
13870
11997
12021
13871
11998
12022
13872
11999
12023
13873
12024
13874
12001
12025
13875
12002
12026
13876
12003
12027
13877
12004
12028
13878
12005
12029
13879
12006
12030
13880
12007
12031
13881
12008
12032
13882
12009
12033
13883
12010
12034
13884
12011
12035
13885
12012
12036
13886
12013
12037
13887
12014
12038
13888
12015
12039
13889
12016
12040
13890
12017
12041
13891
12018
12042
13892
12019
12043
13893
12020
12044
13894
12021
12045
13895
12022
12046
13896
12023
12047
13897
12024
12048
13898
12049
13899
12026
12050
13900
12027
12051
13901
12028
12052
13902
12029
12053
13903
12030
12054
13904
12031
12055
13905
12032
12056
13906
12033
12057
13907
12034
12058
13908
12035
12059
13909
12036
12060
13910
12037
12061
13911
12038
12062
13912
12039
12063
13913
12040
12064
13914
12041
12065
13915
12042
12066
13916
12043
12067
13917
12044
12068
13918
12045
12069
13919
12046
12070
13920
12047
12071
13921
12048
12072
13922
12049
12073
13923
12074
13924
12051
12075
13925
12052
12076
13926
12053
12077
13927
12054
12078
13928
12055
12079
13929
12056
12080
13930
12057
12081
13931
12058
12082
13932
12059
12083
13933
12060
12084
13934
12061
12085
13935
12062
12086
13936
12063
12087
13937
12064
12088
13938
12065
12089
13939
12066
12090
13940
12067
12091
13941
12068
12092
13942
12069
12093
13943
12070
12094
13944
12071
12095
13945
12072
12096
13946
12073
12097
13947
12074
12098
13948
12099
13949
12076
12100
13950
12077
12101
13951
12078
12102
13952
12079
12103
13953
12080
12104
13954
12081
12105
13955
12082
12106
13956
12083
12107
13957
12084
12108
13958
12085
12109
13959
12086
12110
13960
12087
12111
13961
12088
12112
13962
12089
12113
13963
12090
12114
13964
12091
12115
13965
12092
12116
13966
12093
12117
13967
12094
12118
13968
12095
12119
13969
12096
12120
13970
12097
12121
13971
12098
12122
13972
12099
12123
13973
12124
13974
12101
12125
13975
12102
12126
13976
12103
12127
13977
12104
12128
13978
12105
12129
13979
12106
12130
13980
12107
12131
13981
12108
12132
13982
12109
12133
13983
12110
12134
13984
12111
12135
13985
12112
12136
13986
12113
12137
13987
12114
12138
13988
12115
12139
13989
12116
12140
13990
12117
12141
13991
12118
12142
13992
12119
12143
13993
12120
12144
13994
12121
12145
13995
12122
12146
13996
12123
12147
13997
12124
12148
13998
12149
13999
12126
12150
14000
12127
12151
14001
12128
12152
14002
12129
12153
14003
12130
12154
14004
12131
12155
14005
12132
12156
14006
12133
12157
14007
12134
12158
14008
12135
12159
14009
12136
12160
14010
12137
12161
14011
12138
12162
14012
12139
12163
14013
12140
12164
14014
12141
12165
14015
12142
12166
14016
12143
12167
14017
12144
12168
14018
12145
12169
14019
12146
12170
14020
12147
12171
14021
12148
12172
14022
12149
12173
14023
12174
14024
12151
12175
14025
12152
12176
14026
12153
12177
14027
12154
12178
14028
12155
12179
14029
12156
12180
14030
12157
12181
14031
12158
12182
14032
12159
12183
14033
12160
12184
14034
12161
12185
14035
12162
12186
14036
12163
12187
14037
12164
12188
14038
12165
12189
14039
12166
12190
14040
12167
12191
14041
12168
12192
14042
12169
12193
14043
12170
12194
14044
12171
12195
14045
12172
12196
14046
12173
12197
14047
12174
12198
14048
12199
14049
12176
12200
14050
12177
12201
14051
12178
12202
14052
12179
12203
14053
12180
12204
14054
12181
12205
14055
12182
12206
14056
12183
12207
14057
12184
12208
14058
12185
12209
14059
12186
12210
14060
12187
12211
14061
12188
12212
14062
12189
12213
14063
12190
12214
14064
12191
12215
14065
12192
12216
14066
12193
12217
14067
12194
12218
14068
12195
12219
14069
12196
12220
14070
12197
12221
14071
12198
12222
14072
12199
12223
14073
12224
14074
12201
12225
14075
12202
12226
14076
12203
12227
14077
12204
12228
14078
12205
12229
14079
12206
12230
14080
12207
12231
14081
12208
12232
14082
12209
12233
14083
12210
12234
14084
12211
12235
14085
12212
12236
14086
12213
12237
14087
12214
12238
14088
12215
12239
14089
12216
12240
14090
12217
12241
14091
12218
12242
14092
12219
12243
14093
12220
12244
14094
12221
12245
14095
12222
12246
14096
12223
12247
14097
12224
12248
14098
12249
14099
12226
12250
14100
12227
12251
14101
12228
12252
14102
12229
12253
14103
12230
12254
14104
12231
12255
14105
12232
12256
14106
12233
12257
14107
12234
12258
14108
12235
12259
14109
12236
12260
14110
12237
12261
14111
12238
12262
14112
12239
12263
14113
12240
12264
14114
12241
12265
14115
12242
12266
14116
12243
12267
14117
12244
12268
14118
12245
12269
14119
12246
12270
14120
12247
12271
14121
12248
12272
14122
12249
12273
14123
12274
14124
12251
12275
14125
12252
12276
14126
12253
12277
14127
12254
12278
14128
12255
12279
14129
12256
12280
14130
12257
12281
14131
12258
12282
14132
12259
12283
14133
12260
12284
14134
12261
12285
14135
12262
12286
14136
12263
12287
14137
12264
12288
14138
12265
12289
14139
12266
12290
14140
12267
12291
14141
12268
12292
14142
12269
12293
14143
12270
12294
14144
12271
12295
14145
12272
12296
14146
12273
12297
14147
12274
12298
14148
12299
14149
12276
12300
14150
12277
12301
14151
12278
12302
14152
12279
12303
14153
12280
12304
14154
12281
12305
14155
12282
12306
14156
12283
12307
14157
12284
12308
14158
12285
12309
14159
12286
12310
14160
12287
12311
14161
12288
12312
14162
12289
12313
14163
12290
12314
14164
12291
12315
14165
12292
12316
14166
12293
12317
14167
12294
12318
14168
12295
12319
14169
12296
12320
14170
12297
12321
14171
12298
12322
14172
12299
12323
14173
12324
14174
12301
12325
14175
12302
12326
14176
12303
12327
14177
12304
12328
14178
12305
12329
14179
12306
12330
14180
12307
12331
14181
12308
12332
14182
12309
12333
14183
12310
12334
14184
12311
12335
14185
12312
12336
14186
12313
12337
14187
12314
12338
14188
12315
12339
14189
12316
12340
14190
12317
12341
14191
12318
12342
14192
12319
12343
14193
12320
12344
14194
12321
12345
14195
12322
12346
14196
12323
12347
14197
12324
12348
14198
12349
14199
12326
12350
14200
12327
12351
14201
12328
12352
14202
12329
12353
14203
12330
12354
14204
12331
12355
14205
12332
12356
14206
12333
12357
14207
12334
12358
14208
12335
12359
14209
12336
12360
14210
12337
12361
14211
12338
12362
14212
12339
12363
14213
12340
12364
14214
12341
12365
14215
12342
12366
14216
12343
12367
14217
12344
12368
14218
12345
12369
14219
12346
12370
14220
12347
12371
14221
12348
12372
14222
12349
12373
14223
12374
14224
12351
12375
14225
12352
12376
14226
12353
12377
14227
12354
12378
14228
12355
12379
14229
12356
12380
14230
12357
12381
14231
12358
12382
14232
12359
12383
14233
12360
12384
14234
12361
12385
14235
12362
12386
14236
12363
12387
14237
12364
12388
14238
12365
12389
14239
12366
12390
14240
12367
12391
14241
12368
12392
14242
12369
12393
14243
12370
12394
14244
12371
12395
14245
12372
12396
14246
12373
12397
14247
12374
12398
14248
12399
14249
12376
12400
14250
12377
12401
14251
12378
12402
14252
12379
12403
14253
12380
12404
14254
12381
12405
14255
12382
12406
14256
12383
12407
14257
12384
12408
14258
12385
12409
14259
12386
12410
14260
12387
12411
14261
12388
12412
14262
12389
12413
14263
12390
12414
14264
12391
12415
14265
12392
12416
14266
12393
12417
14267
12394
12418
14268
12395
12419
14269
12396
12420
14270
12397
12421
14271
12398
12422
14272
12399
12423
14273
12424
14274
12401
12425
14275
12402
12426
14276
12403
12427
14277
12404
12428
14278
12405
12429
14279
12406
12430
14280
12407
12431
14281
12408
12432
14282
12409
12433
14283
12410
12434
14284
12411
12435
14285
12412
12436
14286
12413
12437
14287
12414
12438
14288
12415
12439
14289
12416
12440
14290
12417
12441
14291
12418
12442
14292
12419
12443
14293
12420
12444
14294
12421
12445
14295
12422
12446
14296
12423
12447
14297
12424
12448
14298
12449
14299
12426
12450
14300
12427
12451
14301
12428
12452
14302
12429
12453
14303
12430
12454
14304
12431
12455
14305
12432
12456
14306
12433
12457
14307
12434
12458
14308
12435
12459
14309
12436
12460
14310
12437
12461
14311
12438
12462
14312
12439
12463
14313
12440
12464
14314
12441
12465
14315
12442
12466
14316
12443
12467
14317
12444
12468
14318
12445
12469
14319
12446
12470
14320
12447
12471
14321
12448
12472
14322
12449
12473
14323
12474
14324
12451
12475
14325
12452
12476
14326
12453
12477
14327
12454
12478
14328
12455
12479
14329
12456
12480
14330
12457
12481
14331
12458
12482
14332
12459
12483
14333
12460
12484
14334
12461
12485
14335
12462
12486
14336
12463
12487
14337
12464
12488
14338
12465
12489
14339
12466
12490
14340
12467
12491
14341
12468
12492
14342
12469
12493
14343
12470
12494
14344
12471
12495
14345
12472
12496
14346
12473
12497
14347
12474
12498
14348
12499
14349
12476
12500
14350
12477
12501
14351
12478
12502
14352
12479
12503
14353
12480
12504
14354
12481
12505
14355
12482
12506
14356
12483
12507
14357
12484
12508
14358
12485
12509
14359
12486
12510
14360
12487
12511
14361
12488
12512
14362
12489
12513
14363
12490
12514
14364
12491
12515
14365
12492
12516
14366
12493
12517
14367
12494
12518
14368
12495
12519
14369
12496
12520
14370
12497
12521
14371
12498
12522
14372
12499
12523
14373
12524
14374
12501
12525
14375
12502
12526
14376
12503
12527
14377
12504
12528
14378
12505
12529
14379
12506
12530
14380
12507
12531
14381
12508
12532
14382
12509
12533
14383
12510
12534
14384
12511
12535
14385
12512
12536
14386
12513
12537
14387
12514
12538
14388
12515
12539
14389
12516
12540
14390
12517
12541
14391
12518
12542
14392
12519
12543
14393
12520
12544
14394
12521
12545
14395
12522
12546
14396
12523
12547
14397
12524
12548
14398
12549
14399
12526
12550
14400
12527
12551
14401
12528
12552
14402
12529
12553
14403
12530
12554
14404
12531
12555
14405
12532
12556
14406
12533
12557
14407
12534
12558
14408
12535
12559
14409
12536
12560
14410
12537
12561
14411
12538
12562
14412
12539
12563
14413
12540
12564
14414
12541
12565
14415
12542
12566
14416
12543
12567
14417
12544
12568
14418
12545
12569
14419
12546
12570
14420
12547
12571
14421
12548
12572
14422
12549
12573
14423
12574
14424
12551
12575
14425
12552
12576
14426
12553
12577
14427
12554
12578
14428
12555
12579
14429
12556
12580
14430
12557
12581
14431
12558
12582
14432
12559
12583
14433
12560
12584
14434
12561
12585
14435
12562
12586
14436
12563
12587
14437
12564
12588
14438
12565
12589
14439
12566
12590
14440
12567
12591
14441
12568
12592
14442
12569
12593
14443
12570
12594
14444
12571
12595
14445
12572
12596
14446
12573
12597
14447
12574
12598
14448
12599
14449
12576
12600
14450
12577
12601
14451
12578
12602
14452
12579
12603
14453
12580
12604
14454
12581
12605
14455
12582
12606
14456
12583
12607
14457
12584
12608
14458
12585
12609
14459
12586
12610
14460
12587
12611
14461
12588
12612
14462
12589
12613
14463
12590
12614
14464
12591
12615
14465
12592
12616
14466
12593
12617
14467
12594
12618
14468
12595
12619
14469
12596
12620
14470
12597
12621
14471
12598
12622
14472
12599
12623
14473
12624
14474
12601
12625
14475
12602
12626
14476
12603
12627
14477
12604
12628
14478
12605
12629
14479
12606
12630
14480
12607
12631
14481
12608
12632
14482
12609
12633
14483
12610
12634
14484
12611
12635
14485
12612
12636
14486
12613
12637
14487
12614
12638
14488
12615
12639
14489
12616
12640
14490
12617
12641
14491
12618
12642
14492
12619
12643
14493
12620
12644
14494
12621
12645
14495
12622
12646
14496
12623
12647
14497
12624
12648
14498
12649
14499
12626
12650
14500
12627
12651
14501
12628
12652
14502
12629
12653
14503
12630
12654
14504
12631
12655
14505
12632
12656
14506
12633
12657
14507
12634
12658
14508
12635
12659
14509
12636
12660
14510
12637
12661
14511
12638
12662
14512
12639
12663
14513
12640
12664
14514
12641
12665
14515
12642
12666
14516
12643
12667
14517
12644
12668
14518
12645
12669
14519
12646
12670
14520
12647
12671
14521
12648
12672
14522
12649
12673
14523
12674
14524
12651
12675
14525
12652
12676
14526
12653
12677
14527
12654
12678
14528
12655
12679
14529
12656
12680
14530
12657
12681
14531
12658
12682
14532
12659
12683
14533
12660
12684
14534
12661
12685
14535
12662
12686
14536
12663
12687
14537
12664
12688
14538
12665
12689
14539
12666
12690
14540
12667
12691
14541
12668
12692
14542
12669
12693
14543
12670
12694
14544
12671
12695
14545
12672
12696
14546
12673
12697
14547
12674
12698
14548
12699
14549
12676
12700
14550
12677
12701
14551
12678
12702
14552
12679
12703
14553
12680
12704
14554
12681
12705
14555
12682
12706
14556
12683
12707
14557
12684
12708
14558
12685
12709
14559
12686
12710
14560
12687
12711
14561
12688
12712
14562
12689
12713
14563
12690
12714
14564
12691
12715
14565
12692
12716
14566
12693
12717
14567
12694
12718
14568
12695
12719
14569
12696
12720
14570
12697
12721
14571
12698
12722
14572
12699
12723
14573
12724
14574
12701
12725
14575
12702
12726
14576
12703
12727
14577
12704
12728
14578
12705
12729
14579
12706
12730
14580
12707
12731
14581
12708
12732
14582
12709
12733
14583
12710
12734
14584
12711
12735
14585
12712
12736
14586
12713
12737
14587
12714
12738
14588
12715
12739
14589
12716
12740
14590
12717
12741
14591
12718
12742
14592
12719
12743
14593
12720
12744
14594
12721
12745
14595
12722
12746
14596
12723
12747
14597
12724
12748
14598
12749
14599
12726
12750
14600
12727
12751
14601
12728
12752
14602
12729
12753
14603
12730
12754
14604
12731
12755
14605
12732
12756
14606
12733
12757
14607
12734
12758
14608
12735
12759
14609
12736
12760
14610
12737
12761
14611
12738
12762
14612
12739
12763
14613
12740
12764
14614
12741
12765
14615
12742
12766
14616
12743
12767
14617
12744
12768
14618
12745
12769
14619
12746
12770
14620
12747
12771
14621
12748
12772
14622
12749
12773
14623
12774
14624
12751
12775
14625
12752
12776
14626
12753
12777
14627
12754
12778
14628
12755
12779
14629
12756
12780
14630
12757
12781
14631
12758
12782
14632
12759
12783
14633
12760
12784
14634
12761
12785
14635
12762
12786
14636
12763
12787
14637
12764
12788
14638
12765
12789
14639
12766
12790
14640
12767
12791
14641
12768
12792
14642
12769
12793
14643
12770
12794
14644
12771
12795
14645
12772
12796
14646
12773
12797
14647
12774
12798
14648
12799
14649
12776
12800
14650
12777
12801
14651
12778
12802
14652
12779
12803
14653
12780
12804
14654
12781
12805
14655
12782
12806
14656
12783
12807
14657
12784
12808
14658
12785
12809
14659
12786
12810
14660
12787
12811
14661
12788
12812
14662
12789
12813
14663
12790
12814
14664
12791
12815
14665
12792
12816
14666
12793
12817
14667
12794
12818
14668
12795
12819
14669
12796
12820
14670
12797
12821
14671
12798
12822
14672
12799
12823
14673
12824
14674
12801
12825
14675
12802
12826
14676
12803
12827
14677
12804
12828
14678
12805
12829
14679
12806
12830
14680
12807
12831
14681
12808
12832
14682
12809
12833
14683
12810
12834
14684
12811
12835
14685
12812
12836
14686
12813
12837
14687
12814
12838
14688
12815
12839
14689
12816
12840
14690
12817
12841
14691
12818
12842
14692
12819
12843
14693
12820
12844
14694
12821
12845
14695
12822
12846
14696
12823
12847
14697
12824
12848
14698
12849
14699
12826
12850
14700
12827
12851
14701
12828
12852
14702
12829
12853
14703
12830
12854
14704
12831
12855
14705
12832
12856
14706
12833
12857
14707
12834
12858
14708
12835
12859
14709
12836
12860
14710
12837
12861
14711
12838
12862
14712
12839
12863
14713
12840
12864
14714
12841
12865
14715
12842
12866
14716
12843
12867
14717
12844
12868
14718
12845
12869
14719
12846
12870
14720
12847
12871
14721
12848
12872
14722
12849
12873
14723
12874
14724
12851
12875
14725
12852
12876
14726
12853
12877
14727
12854
12878
14728
12855
12879
14729
12856
12880
14730
12857
12881
14731
12858
12882
14732
12859
12883
14733
12860
12884
14734
12861
12885
14735
12862
12886
14736
12863
12887
14737
12864
12888
14738
12865
12889
14739
12866
12890
14740
12867
12891
14741
12868
12892
14742
12869
12893
14743
12870
12894
14744
12871
12895
14745
12872
12896
14746
12873
12897
14747
12874
12898
14748
12899
14749
12876
12900
14750
12877
12901
14751
12878
12902
14752
12879
12903
14753
12880
12904
14754
12881
12905
14755
12882
12906
14756
12883
12907
14757
12884
12908
14758
12885
12909
14759
12886
12910
14760
12887
12911
14761
12888
12912
14762
12889
12913
14763
12890
12914
14764
12891
12915
14765
12892
12916
14766
12893
12917
14767
12894
12918
14768
12895
12919
14769
12896
12920
14770
12897
12921
14771
12898
12922
14772
12899
12923
14773
12924
14774
12901
12925
14775
12902
12926
14776
12903
12927
14777
12904
12928
14778
12905
12929
14779
12906
12930
14780
12907
12931
14781
12908
12932
14782
12909
12933
14783
12910
12934
14784
12911
12935
14785
12912
12936
14786
12913
12937
14787
12914
12938
14788
12915
12939
14789
12916
12940
14790
12917
12941
14791
12918
12942
14792
12919
12943
14793
12920
12944
14794
12921
12945
14795
12922
12946
14796
12923
12947
14797
12924
12948
14798
12949
14799
12926
12950
14800
12927
12951
14801
12928
12952
14802
12929
12953
14803
12930
12954
14804
12931
12955
14805
12932
12956
14806
12933
12957
14807
12934
12958
14808
12935
12959
14809
12936
12960
14810
12937
12961
14811
12938
12962
14812
12939
12963
14813
12940
12964
14814
12941
12965
14815
12942
12966
14816
12943
12967
14817
12944
12968
14818
12945
12969
14819
12946
12970
14820
12947
12971
14821
12948
12972
14822
12949
12973
14823
12974
14824
12951
12975
14825
12952
12976
14826
12953
12977
14827
12954
12978
14828
12955
12979
14829
12956
12980
14830
12957
12981
14831
12958
12982
14832
12959
12983
14833
12960
12984
14834
12961
12985
14835
12962
12986
14836
12963
12987
14837
12964
12988
14838
12965
12989
14839
12966
12990
14840
12967
12991
14841
12968
12992
14842
12969
12993
14843
12970
12994
14844
12971
12995
14845
12972
12996
14846
12973
12997
14847
12974
12998
14848
12999
14849
12976
13000
14850
12977
13001
14851
12978
13002
14852
12979
13003
14853
12980
13004
14854
12981
13005
14855
12982
13006
14856
12983
13007
14857
12984
13008
14858
12985
13009
14859
12986
13010
14860
12987
13011
14861
12988
13012
14862
12989
13013
14863
12990
13014
14864
12991
13015
14865
12992
13016
14866
12993
13017
14867
12994
13018
14868
12995
13019
14869
12996
13020
14870
12997
13021
14871
12998
13022
14872
12999
13023
14873
13024
14874
13001
13025
14875
13002
13026
14876
13003
13027
14877
13004
13028
14878
13005
13029
14879
13006
13030
14880
13007
13031
14881
13008
13032
14882
13009
13033
14883
13010
13034
14884
13011
13035
14885
13012
13036
14886
13013
13037
14887
13014
13038
14888
13015
13039
14889
13016
13040
14890
13017
13041
14891
13018
13042
14892
13019
13043
14893
13020
13044
14894
13021
13045
14895
13022
13046
14896
13023
13047
14897
13024
13048
14898
13049
14899
13026
13050
14900
13027
13051
14901
13028
13052
14902
13029
13053
14903
13030
13054
14904
13031
13055
14905
13032
13056
14906
13033
13057
14907
13034
13058
14908
13035
13059
14909
13036
13060
14910
13037
13061
14911
13038
13062
14912
13039
13063
14913
13040
13064
14914
13041
13065
14915
13042
13066
14916
13043
13067
14917
13044
13068
14918
13045
13069
14919
13046
13070
14920
13047
13071
14921
13048
13072
14922
13049
13073
14923
13074
14924
13051
13075
14925
13052
13076
14926
13053
13077
14927
13054
13078
14928
13055
13079
14929
13056
13080
14930
13057
13081
14931
13058
13082
14932
13059
13083
14933
13060
13084
14934
13061
13085
14935
13062
13086
14936
13063
13087
14937
13064
13088
14938
13065
13089
14939
13066
13090
14940
13067
13091
14941
13068
13092
14942
13069
13093
14943
13070
13094
14944
13071
13095
14945
13072
13096
14946
13073
13097
14947
13074
13098
14948
13099
14949
13076
13100
14950
13077
13101
14951
13078
13102
14952
13079
13103
14953
13080
13104
14954
13081
13105
14955
13082
13106
14956
13083
13107
14957
13084
13108
14958
13085
13109
14959
13086
13110
14960
13087
13111
14961
13088
13112
14962
13089
13113
14963
13090
13114
14964
13091
13115
14965
13092
13116
14966
13093
13117
14967
13094
13118
14968
13095
13119
14969
13096
13120
14970
13097
13121
14971
13098
13122
14972
13099
13123
14973
13124
14974
13101
14975
13102
14976
13103
14977
13104
14978
13105
14979
13106
14980
13107
14981
13108
14982
13109
14983
13110
14984
13111
14985
13112
14986
13113
14987
13114
14988
13115
14989
13116
14990
13117
14991
13118
14992
13119
14993
13120
14994
13121
14995
13122
14996
13123
14997
13124
14998
14999
13126
13150
15000
13127
13151
15001
13128
13152
15002
13129
13153
15003
13130
13154
15004
13131
13155
15005
13132
13156
15006
13133
13157
15007
13134
13158
15008
13135
13159
15009
13136
13160
15010
13137
13161
15011
13138
13162
15012
13139
13163
15013
13140
13164
15014
13141
13165
15015
13142
13166
15016
13143
13167
15017
13144
13168
15018
13145
13169
15019
13146
13170
15020
13147
13171
15021
13148
13172
15022
13149
13173
15023
13174
15024
13151
13175
15025
13152
13176
15026
13153
13177
15027
13154
13178
15028
13155
13179
15029
13156
13180
15030
13157
13181
15031
13158
13182
15032
13159
13183
15033
13160
13184
15034
13161
13185
15035
13162
13186
15036
13163
13187
15037
13164
13188
15038
13165
13189
15039
13166
13190
15040
13167
13191
15041
13168
13192
15042
13169
13193
15043
13170
13194
15044
13171
13195
15045
13172
13196
15046
13173
13197
15047
13174
13198
15048
13199
15049
13176
13200
15050
13177
13201
15051
13178
13202
15052
13179
13203
15053
13180
13204
15054
13181
13205
15055
13182
13206
15056
13183
13207
15057
13184
13208
15058
13185
13209
15059
13186
13210
15060
13187
13211
15061
13188
13212
15062
13189
13213
15063
13190
13214
15064
13191
13215
15065
13192
13216
15066
13193
13217
15067
13194
13218
15068
13195
13219
15069
13196
13220
15070
13197
13221
15071
13198
13222
15072
13199
13223
15073
13224
15074
13201
13225
15075
13202
13226
15076
13203
13227
15077
13204
13228
15078
13205
13229
15079
13206
13230
15080
13207
13231
15081
13208
13232
15082
13209
13233
15083
13210
13234
15084
13211
13235
15085
13212
13236
15086
13213
13237
15087
13214
13238
15088
13215
13239
15089
13216
13240
15090
13217
13241
15091
13218
13242
15092
13219
13243
15093
13220
13244
15094
13221
13245
15095
13222
13246
15096
13223
13247
15097
13224
13248
15098
13249
15099
13226
13250
15100
13227
13251
15101
13228
13252
15102
13229
13253
15103
13230
13254
15104
13231
13255
15105
13232
13256
15106
13233
13257
15107
13234
13258
15108
13235
13259
15109
13236
13260
15110
13237
13261
15111
13238
13262
15112
13239
13263
15113
13240
13264
15114
13241
13265
15115
13242
13266
15116
13243
13267
15117
13244
13268
15118
13245
13269
15119
13246
13270
15120
13247
13271
15121
13248
13272
15122
13249
13273
15123
13274
15124
13251
13275
15125
13252
13276
15126
13253
13277
15127
13254
13278
15128
13255
13279
15129
13256
13280
15130
13257
13281
15131
13258
13282
15132
13259
13283
15133
13260
13284
15134
13261
13285
15135
13262
13286
15136
13263
13287
15137
13264
13288
15138
13265
13289
15139
13266
13290
15140
13267
13291
15141
13268
13292
15142
13269
13293
15143
13270
13294
15144
13271
13295
15145
13272
13296
15146
13273
13297
15147
13274
13298
15148
13299
15149
13276
13300
15150
13277
13301
15151
13278
13302
15152
13279
13303
15153
13280
13304
15154
13281
13305
15155
13282
13306
15156
13283
13307
15157
13284
13308
15158
13285
13309
15159
13286
13310
15160
13287
13311
15161
13288
13312
15162
13289
13313
15163
13290
13314
15164
13291
13315
15165
13292
13316
15166
13293
13317
15167
13294
13318
15168
13295
13319
15169
13296
13320
15170
13297
13321
15171
13298
13322
15172
13299
13323
15173
13324
15174
13301
13325
15175
13302
13326
15176
13303
13327
15177
13304
13328
15178
13305
13329
15179
13306
13330
15180
13307
13331
15181
13308
13332
15182
13309
13333
15183
13310
13334
15184
13311
13335
15185
13312
13336
15186
13313
13337
15187
13314
13338
15188
13315
13339
15189
13316
13340
15190
13317
13341
15191
13318
13342
15192
13319
13343
15193
13320
13344
15194
13321
13345
15195
13322
13346
15196
13323
13347
15197
13324
13348
15198
13349
15199
13326
13350
15200
13327
13351
15201
13328
13352
15202
13329
13353
15203
13330
13354
15204
13331
13355
15205
13332
13356
15206
13333
13357
15207
13334
13358
15208
13335
13359
15209
13336
13360
15210
13337
13361
15211
13338
13362
15212
13339
13363
15213
13340
13364
15214
13341
13365
15215
13342
13366
15216
13343
13367
15217
13344
13368
15218
13345
13369
15219
13346
13370
15220
13347
13371
15221
13348
13372
15222
13349
13373
15223
13374
15224
13351
13375
15225
13352
13376
15226
13353
13377
15227
13354
13378
15228
13355
13379
15229
13356
13380
15230
13357
13381
15231
13358
13382
15232
13359
13383
15233
13360
13384
15234
13361
13385
15235
13362
13386
15236
13363
13387
15237
13364
13388
15238
13365
13389
15239
13366
13390
15240
13367
13391
15241
13368
13392
15242
13369
13393
15243
13370
13394
15244
13371
13395
15245
13372
13396
15246
13373
13397
15247
13374
13398
15248
13399
15249
13376
13400
15250
13377
13401
15251
13378
13402
15252
13379
13403
15253
13380
13404
15254
13381
13405
15255
13382
13406
15256
13383
13407
15257
13384
13408
15258
13385
13409
15259
13386
13410
15260
13387
13411
15261
13388
13412
15262
13389
13413
15263
13390
13414
15264
13391
13415
15265
13392
13416
15266
13393
13417
15267
13394
13418
15268
13395
13419
15269
13396
13420
15270
13397
13421
15271
13398
13422
15272
13399
13423
15273
13424
15274
13401
13425
15275
13402
13426
15276
13403
13427
15277
13404
13428
15278
13405
13429
15279
13406
13430
15280
13407
13431
15281
13408
13432
15282
13409
13433
15283
13410
13434
15284
13411
13435
15285
13412
13436
15286
13413
13437
15287
13414
13438
15288
13415
13439
15289
13416
13440
15290
13417
13441
15291
13418
13442
15292
13419
13443
15293
13420
13444
15294
13421
13445
15295
13422
13446
15296
13423
13447
15297
13424
13448
15298
13449
15299
13426
13450
15300
13427
13451
15301
13428
13452
15302
13429
13453
15303
13430
13454
15304
13431
13455
15305
13432
13456
15306
13433
13457
15307
13434
13458
15308
13435
13459
15309
13436
13460
15310
13437
13461
15311
13438
13462
15312
13439
13463
15313
13440
13464
15314
13441
13465
15315
13442
13466
15316
13443
13467
15317
13444
13468
15318
13445
13469
15319
13446
13470
15320
13447
13471
15321
13448
13472
15322
13449
13473
15323
13474
15324
13451
13475
15325
13452
13476
15326
13453
13477
15327
13454
13478
15328
13455
13479
15329
13456
13480
15330
13457
13481
15331
13458
13482
15332
13459
13483
15333
13460
13484
15334
13461
13485
15335
13462
13486
15336
13463
13487
15337
13464
13488
15338
13465
13489
15339
13466
13490
15340
13467
13491
15341
13468
13492
15342
13469
13493
15343
13470
13494
15344
13471
13495
15345
13472
13496
15346
13473
13497
15347
13474
13498
15348
13499
15349
13476
13500
15350
13477
13501
15351
13478
13502
15352
13479
13503
15353
13480
13504
15354
13481
13505
15355
13482
13506
15356
13483
13507
15357
13484
13508
15358
13485
13509
15359
13486
13510
15360
13487
13511
15361
13488
13512
15362
13489
13513
15363
13490
13514
15364
13491
13515
15365
13492
13516
15366
13493
13517
15367
13494
13518
15368
13495
13519
15369
13496
13520
15370
13497
13521
15371
13498
13522
15372
13499
13523
15373
13524
15374
13501
13525
15375
13502
13526
15376
13503
13527
15377
13504
13528
15378
13505
13529
15379
13506
13530
15380
13507
13531
15381
13508
13532
15382
13509
13533
15383
13510
13534
15384
13511
13535
15385
13512
13536
15386
13513
13537
15387
13514
13538
15388
13515
13539
15389
13516
13540
15390
13517
13541
15391
13518
13542
15392
13519
13543
15393
13520
13544
15394
13521
13545
15395
13522
13546
15396
13523
13547
15397
13524
13548
15398
13549
15399
13526
13550
15400
13527
13551
15401
13528
13552
15402
13529
13553
15403
13530
13554
15404
13531
13555
15405
13532
13556
15406
13533
13557
15407
13534
13558
15408
13535
13559
15409
13536
13560
15410
13537
13561
15411
13538
13562
15412
13539
13563
15413
13540
13564
15414
13541
13565
15415
13542
13566
15416
13543
13567
15417
13544
13568
15418
13545
13569
15419
13546
13570
15420
13547
13571
15421
13548
13572
15422
13549
13573
15423
13574
15424
13551
13575
15425
13552
13576
15426
13553
13577
15427
13554
13578
15428
13555
13579
15429
13556
13580
15430
13557
13581
15431
13558
13582
15432
13559
13583
15433
13560
13584
15434
13561
13585
15435
13562
13586
15436
13563
13587
15437
13564
13588
15438
13565
13589
15439
13566
13590
15440
13567
13591
15441
13568
13592
15442
13569
13593
15443
13570
13594
15444
13571
13595
15445
13572
13596
15446
13573
13597
15447
13574
13598
15448
13599
15449
13576
13600
15450
13577
13601
15451
13578
13602
15452
13579
13603
15453
13580
13604
15454
13581
13605
15455
13582
13606
15456
13583
13607
15457
13584
13608
15458
13585
13609
15459
13586
13610
15460
13587
13611
15461
13588
13612
15462
13589
13613
15463
13590
13614
15464
13591
13615
15465
13592
13616
15466
13593
13617
15467
13594
13618
15468
13595
13619
15469
13596
13620
15470
13597
13621
15471
13598
13622
15472
13599
13623
15473
13624
15474
13601
13625
15475
13602
13626
15476
13603
13627
15477
13604
13628
15478
13605
13629
15479
13606
13630
15480
13607
13631
15481
13608
13632
15482
13609
13633
15483
13610
13634
15484
13611
13635
15485
13612
13636
15486
13613
13637
15487
13614
13638
15488
13615
13639
15489
13616
13640
15490
13617
13641
15491
13618
13642
15492
13619
13643
15493
13620
13644
15494
13621
13645
15495
13622
13646
15496
13623
13647
15497
13624
13648
15498
13649
15499
13626
13650
15500
13627
13651
15501
13628
13652
15502
13629
13653
15503
13630
13654
15504
13631
13655
15505
13632
13656
15506
13633
13657
15507
13634
13658
15508
13635
13659
15509
13636
13660
15510
13637
13661
15511
13638
13662
15512
13639
13663
15513
13640
13664
15514
13641
13665
15515
13642
13666
15516
13643
13667
15517
13644
13668
15518
13645
13669
15519
13646
13670
15520
13647
13671
15521
13648
13672
15522
13649
13673
15523
13674
15524
13651
13675
15525
13652
13676
15526
13653
13677
15527
13654
13678
15528
13655
13679
15529
13656
13680
15530
13657
13681
15531
13658
13682
15532
13659
13683
15533
13660
13684
15534
13661
13685
15535
13662
13686
15536
13663
13687
15537
13664
13688
15538
13665
13689
15539
13666
13690
15540
13667
13691
15541
13668
13692
15542
13669
13693
15543
13670
13694
15544
13671
13695
15545
13672
13696
15546
13673
13697
15547
13674
13698
15548
13699
15549
13676
13700
15550
13677
13701
15551
13678
13702
15552
13679
13703
15553
13680
13704
15554
13681
13705
15555
13682
13706
15556
13683
13707
15557
13684
13708
15558
13685
13709
15559
13686
13710
15560
13687
13711
15561
13688
13712
15562
13689
13713
15563
13690
13714
15564
13691
13715
15565
13692
13716
15566
13693
13717
15567
13694
13718
15568
13695
13719
15569
13696
13720
15570
13697
13721
15571
13698
13722
15572
13699
13723
15573
13724
15574
13701
13725
15575
13702
13726
15576
13703
13727
15577
13704
13728
15578
13705
13729
15579
13706
13730
15580
13707
13731
15581
13708
13732
15582
13709
13733
15583
13710
13734
15584
13711
13735
15585
13712
13736
15586
13713
13737
15587
13714
13738
15588
13715
13739
15589
13716
13740
15590
13717
13741
15591
13718
13742
15592
13719
13743
15593
13720
13744
15594
13721
13745
15595
13722
13746
15596
13723
13747
15597
13724
13748
15598
13749
15599
13726
13750
15600
13727
13751
15601
13728
13752
15602
13729
13753
15603
13730
13754
15604
13731
13755
15605
13732
13756
15606
13733
13757
15607
13734
13758
15608
13735
13759
15609
13736
13760
15610
13737
13761
15611
13738
13762
15612
13739
13763
15613
13740
13764
15614
13741
13765
15615
13742
13766
15616
13743
13767
15617
13744
13768
15618
13745
13769
15619
13746
13770
15620
13747
13771
15621
13748
13772
15622
13749
13773
15623
13774
15624
13751
13775
15625
13752
13776
15626
13753
13777
15627
13754
13778
15628
13755
13779
15629
13756
13780
15630
13757
13781
15631
13758
13782
15632
13759
13783
15633
13760
13784
15634
13761
13785
15635
13762
13786
15636
13763
13787
15637
13764
13788
15638
13765
13789
15639
13766
13790
15640
13767
13791
15641
13768
13792
15642
13769
13793
15643
13770
13794
15644
13771
13795
15645
13772
13796
15646
13773
13797
15647
13774
13798
15648
13799
15649
13776
13800
15650
13777
13801
15651
13778
13802
15652
13779
13803
15653
13780
13804
15654
13781
13805
15655
13782
13806
15656
13783
13807
15657
13784
13808
15658
13785
13809
15659
13786
13810
15660
13787
13811
15661
13788
13812
15662
13789
13813
15663
13790
13814
15664
13791
13815
15665
13792
13816
15666
13793
13817
15667
13794
13818
15668
13795
13819
15669
13796
13820
15670
13797
13821
15671
13798
13822
15672
13799
13823
15673
13824
15674
13801
13825
15675
13802
13826
15676
13803
13827
15677
13804
13828
15678
13805
13829
15679
13806
13830
15680
13807
13831
15681
13808
13832
15682
13809
13833
15683
13810
13834
15684
13811
13835
15685
13812
13836
15686
13813
13837
15687
13814
13838
15688
13815
13839
15689
13816
13840
15690
13817
13841
15691
13818
13842
15692
13819
13843
15693
13820
13844
15694
13821
13845
15695
13822
13846
15696
13823
13847
15697
13824
13848
15698
13849
15699
13826
13850
15700
13827
13851
15701
13828
13852
15702
13829
13853
15703
13830
13854
15704
13831
13855
15705
13832
13856
15706
13833
13857
15707
13834
13858
15708
13835
13859
15709
13836
13860
15710
13837
13861
15711
13838
13862
15712
13839
13863
15713
13840
13864
15714
13841
13865
15715
13842
13866
15716
13843
13867
15717
13844
13868
15718
13845
13869
15719
13846
13870
15720
13847
13871
15721
13848
13872
15722
13849
13873
15723
13874
15724
13851
13875
15725
13852
13876
15726
13853
13877
15727
13854
13878
15728
13855
13879
15729
13856
13880
15730
13857
13881
15731
13858
13882
15732
13859
13883
15733
13860
13884
15734
13861
13885
15735
13862
13886
15736
13863
13887
15737
13864
13888
15738
13865
13889
15739
13866
13890
15740
13867
13891
15741
13868
13892
15742
13869
13893
15743
13870
13894
15744
13871
13895
15745
13872
13896
15746
13873
13897
15747
13874
13898
15748
13899
15749
13876
13900
15750
13877
13901
15751
13878
13902
15752
13879
13903
15753
13880
13904
15754
13881
13905
15755
13882
13906
15756
13883
13907
15757
13884
13908
15758
13885
13909
15759
13886
13910
15760
13887
13911
15761
13888
13912
15762
13889
13913
15763
13890
13914
15764
13891
13915
15765
13892
13916
15766
13893
13917
15767
13894
13918
15768
13895
13919
15769
13896
13920
15770
13897
13921
15771
13898
13922
15772
13899
13923
15773
13924
15774
13901
13925
15775
13902
13926
15776
13903
13927
15777
13904
13928
15778
13905
13929
15779
13906
13930
15780
13907
13931
15781
13908
13932
15782
13909
13933
15783
13910
13934
15784
13911
13935
15785
13912
13936
15786
13913
13937
15787
13914
13938
15788
13915
13939
15789
13916
13940
15790
13917
13941
15791
13918
13942
15792
13919
13943
15793
13920
13944
15794
13921
13945
15795
13922
13946
15796
13923
13947
15797
13924
13948
15798
13949
15799
13926
13950
15800
13927
13951
15801
13928
13952
15802
13929
13953
15803
13930
13954
15804
13931
13955
15805
13932
13956
15806
13933
13957
15807
13934
13958
15808
13935
13959
15809
13936
13960
15810
13937
13961
15811
13938
13962
15812
13939
13963
15813
13940
13964
15814
13941
13965
15815
13942
13966
15816
13943
13967
15817
13944
13968
15818
13945
13969
15819
13946
13970
15820
13947
13971
15821
13948
13972
15822
13949
13973
15823
13974
15824
13951
13975
15825
13952
13976
15826
13953
13977
15827
13954
13978
15828
13955
13979
15829
13956
13980
15830
13957
13981
15831
13958
13982
15832
13959
13983
15833
13960
13984
15834
13961
13985
15835
13962
13986
15836
13963
13987
15837
13964
13988
15838
13965
13989
15839
13966
13990
15840
13967
13991
15841
13968
13992
15842
13969
13993
15843
13970
13994
15844
13971
13995
15845
13972
13996
15846
13973
13997
15847
13974
13998
15848
13999
15849
13976
14000
15850
13977
14001
15851
13978
14002
15852
13979
14003
15853
13980
14004
15854
13981
14005
15855
13982
14006
15856
13983
14007
15857
13984
14008
15858
13985
14009
15859
13986
14010
15860
13987
14011
15861
13988
14012
15862
13989
14013
15863
13990
14014
15864
13991
14015
15865
13992
14016
15866
13993
14017
15867
13994
14018
15868
13995
14019
15869
13996
14020
15870
13997
14021
15871
13998
14022
15872
13999
14023
15873
14024
15874
14001
14025
15875
14002
14026
15876
14003
14027
15877
14004
14028
15878
14005
14029
15879
14006
14030
15880
14007
14031
15881
14008
14032
15882
14009
14033
15883
14010
14034
15884
14011
14035
15885
14012
14036
15886
14013
14037
15887
14014
14038
15888
14015
14039
15889
14016
14040
15890
14017
14041
15891
14018
14042
15892
14019
14043
15893
14020
14044
15894
14021
14045
15895
14022
14046
15896
14023
14047
15897
14024
14048
15898
14049
15899
14026
14050
15900
14027
14051
15901
14028
14052
15902
14029
14053
15903
14030
14054
15904
14031
14055
15905
14032
14056
15906
14033
14057
15907
14034
14058
15908
14035
14059
15909
14036
14060
15910
14037
14061
15911
14038
14062
15912
14039
14063
15913
14040
14064
15914
14041
14065
15915
14042
14066
15916
14043
14067
15917
14044
14068
15918
14045
14069
15919
14046
14070
15920
14047
14071
15921
14048
14072
15922
14049
14073
15923
14074
15924
14051
14075
15925
14052
14076
15926
14053
14077
15927
14054
14078
15928
14055
14079
15929
14056
14080
15930
14057
14081
15931
14058
14082
15932
14059
14083
15933
14060
14084
15934
14061
14085
15935
14062
14086
15936
14063
14087
15937
14064
14088
15938
14065
14089
15939
14066
14090
15940
14067
14091
15941
14068
14092
15942
14069
14093
15943
14070
14094
15944
14071
14095
15945
14072
14096
15946
14073
14097
15947
14074
14098
15948
14099
15949
14076
14100
15950
14077
14101
15951
14078
14102
15952
14079
14103
15953
14080
14104
15954
14081
14105
15955
14082
14106
15956
14083
14107
15957
14084
14108
15958
14085
14109
15959
14086
14110
15960
14087
14111
15961
14088
14112
15962
14089
14113
15963
14090
14114
15964
14091
14115
15965
14092
14116
15966
14093
14117
15967
14094
14118
15968
14095
14119
15969
14096
14120
15970
14097
14121
15971
14098
14122
15972
14099
14123
15973
14124
15974
14101
14125
15975
14102
14126
15976
14103
14127
15977
14104
14128
15978
14105
14129
15979
14106
14130
15980
14107
14131
15981
14108
14132
15982
14109
14133
15983
14110
14134
15984
14111
14135
15985
14112
14136
15986
14113
14137
15987
14114
14138
15988
14115
14139
15989
14116
14140
15990
14117
14141
15991
14118
14142
15992
14119
14143
15993
14120
14144
15994
14121
14145
15995
14122
14146
15996
14123
14147
15997
14124
14148
15998
14149
15999
14126
14150
16000
14127
14151
16001
14128
14152
16002
14129
14153
16003
14130
14154
16004
14131
14155
16005
14132
14156
16006
14133
14157
16007
14134
14158
16008
14135
14159
16009
14136
14160
16010
14137
14161
16011
14138
14162
16012
14139
14163
16013
14140
14164
16014
14141
14165
16015
14142
14166
16016
14143
14167
16017
14144
14168
16018
14145
14169
16019
14146
14170
16020
14147
14171
16021
14148
14172
16022
14149
14173
16023
14174
16024
14151
14175
16025
14152
14176
16026
14153
14177
16027
14154
14178
16028
14155
14179
16029
14156
14180
16030
14157
14181
16031
14158
14182
16032
14159
14183
16033
14160
14184
16034
14161
14185
16035
14162
14186
16036
14163
14187
16037
14164
14188
16038
14165
14189
16039
14166
14190
16040
14167
14191
16041
14168
14192
16042
14169
14193
16043
14170
14194
16044
14171
14195
16045
14172
14196
16046
14173
14197
16047
14174
14198
16048
14199
16049
14176
14200
16050
14177
14201
16051
14178
14202
16052
14179
14203
16053
14180
14204
16054
14181
14205
16055
14182
14206
16056
14183
14207
16057
14184
14208
16058
14185
14209
16059
14186
14210
16060
14187
14211
16061
14188
14212
16062
14189
14213
16063
14190
14214
16064
14191
14215
16065
14192
14216
16066
14193
14217
16067
14194
14218
16068
14195
14219
16069
14196
14220
16070
14197
14221
16071
14198
14222
16072
14199
14223
16073
14224
16074
14201
14225
16075
14202
14226
16076
14203
14227
16077
14204
14228
16078
14205
14229
16079
14206
14230
16080
14207
14231
16081
14208
14232
16082
14209
14233
16083
14210
14234
16084
14211
14235
16085
14212
14236
16086
14213
14237
16087
14214
14238
16088
14215
14239
16089
14216
14240
16090
14217
14241
16091
14218
14242
16092
14219
14243
16093
14220
14244
16094
14221
14245
16095
14222
14246
16096
14223
14247
16097
14224
14248
16098
14249
16099
14226
14250
16100
14227
14251
16101
14228
14252
16102
14229
14253
16103
14230
14254
16104
14231
14255
16105
14232
14256
16106
14233
14257
16107
14234
14258
16108
14235
14259
16109
14236
14260
16110
14237
14261
16111
14238
14262
16112
14239
14263
16113
14240
14264
16114
14241
14265
16115
14242
14266
16116
14243
14267
16117
14244
14268
16118
14245
14269
16119
14246
14270
16120
14247
14271
16121
14248
14272
16122
14249
14273
16123
14274
16124
14251
14275
16125
14252
14276
16126
14253
14277
16127
14254
14278
16128
14255
14279
16129
14256
14280
16130
14257
14281
16131
14258
14282
16132
14259
14283
16133
14260
14284
16134
14261
14285
16135
14262
14286
16136
14263
14287
16137
14264
14288
16138
14265
14289
16139
14266
14290
16140
14267
14291
16141
14268
14292
16142
14269
14293
16143
14270
14294
16144
14271
14295
16145
14272
14296
16146
14273
14297
16147
14274
14298
16148
14299
16149
14276
14300
16150
14277
14301
16151
14278
14302
16152
14279
14303
16153
14280
14304
16154
14281
14305
16155
14282
14306
16156
14283
14307
16157
14284
14308
16158
14285
14309
16159
14286
14310
16160
14287
14311
16161
14288
14312
16162
14289
14313
16163
14290
14314
16164
14291
14315
16165
14292
14316
16166
14293
14317
16167
14294
14318
16168
14295
14319
16169
14296
14320
16170
14297
14321
16171
14298
14322
16172
14299
14323
16173
14324
16174
14301
14325
16175
14302
14326
16176
14303
14327
16177
14304
14328
16178
14305
14329
16179
14306
14330
16180
14307
14331
16181
14308
14332
16182
14309
14333
16183
14310
14334
16184
14311
14335
16185
14312
14336
16186
14313
14337
16187
14314
14338
16188
14315
14339
16189
14316
14340
16190
14317
14341
16191
14318
14342
16192
14319
14343
16193
14320
14344
16194
14321
14345
16195
14322
14346
16196
14323
14347
16197
14324
14348
16198
14349
16199
14326
14350
16200
14327
14351
16201
14328
14352
16202
14329
14353
16203
14330
14354
16204
14331
14355
16205
14332
14356
16206
14333
14357
16207
14334
14358
16208
14335
14359
16209
14336
14360
16210
14337
14361
16211
14338
14362
16212
14339
14363
16213
14340
14364
16214
14341
14365
16215
14342
14366
16216
14343
14367
16217
14344
14368
16218
14345
14369
16219
14346
14370
16220
14347
14371
16221
14348
14372
16222
14349
14373
16223
14374
16224
14351
14375
16225
14352
14376
16226
14353
14377
16227
14354
14378
16228
14355
14379
16229
14356
14380
16230
14357
14381
16231
14358
14382
16232
14359
14383
16233
14360
14384
16234
14361
14385
16235
14362
14386
16236
14363
14387
16237
14364
14388
16238
14365
14389
16239
14366
14390
16240
14367
14391
16241
14368
14392
16242
14369
14393
16243
14370
14394
16244
14371
14395
16245
14372
14396
16246
14373
14397
16247
14374
14398
16248
14399
16249
14376
14400
16250
14377
14401
16251
14378
14402
16252
14379
14403
16253
14380
14404
16254
14381
14405
16255
14382
14406
16256
14383
14407
16257
14384
14408
16258
14385
14409
16259
14386
14410
16260
14387
14411
16261
14388
14412
16262
14389
14413
16263
14390
14414
16264
14391
14415
16265
14392
14416
16266
14393
14417
16267
14394
14418
16268
14395
14419
16269
14396
14420
16270
14397
14421
16271
14398
14422
16272
14399
14423
16273
14424
16274
14401
14425
16275
14402
14426
16276
14403
14427
16277
14404
14428
16278
14405
14429
16279
14406
14430
16280
14407
14431
16281
14408
14432
16282
14409
14433
16283
14410
14434
16284
14411
14435
16285
14412
14436
16286
14413
14437
16287
14414
14438
16288
14415
14439
16289
14416
14440
16290
14417
14441
16291
14418
14442
16292
14419
14443
16293
14420
14444
16294
14421
14445
16295
14422
14446
16296
14423
14447
16297
14424
14448
16298
14449
16299
14426
14450
16300
14427
14451
16301
14428
14452
16302
14429
14453
16303
14430
14454
16304
14431
14455
16305
14432
14456
16306
14433
14457
16307
14434
14458
16308
14435
14459
16309
14436
14460
16310
14437
14461
16311
14438
14462
16312
14439
14463
16313
14440
14464
16314
14441
14465
16315
14442
14466
16316
14443
14467
16317
14444
14468
16318
14445
14469
16319
14446
14470
16320
14447
14471
16321
14448
14472
16322
14449
14473
16323
14474
16324
14451
14475
16325
14452
14476
16326
14453
14477
16327
14454
14478
16328
14455
14479
16329
14456
14480
16330
14457
14481
16331
14458
14482
16332
14459
14483
16333
14460
14484
16334
14461
14485
16335
14462
14486
16336
14463
14487
16337
14464
14488
16338
14465
14489
16339
14466
14490
16340
14467
14491
16341
14468
14492
16342
14469
14493
16343
14470
14494
16344
14471
14495
16345
14472
14496
16346
14473
14497
16347
14474
14498
16348
14499
16349
14476
14500
16350
14477
14501
16351
14478
14502
16352
14479
14503
16353
14480
14504
16354
14481
14505
16355
14482
14506
16356
14483
14507
16357
14484
14508
16358
14485
14509
16359
14486
14510
16360
14487
14511
16361
14488
14512
16362
14489
14513
16363
14490
14514
16364
14491
14515
16365
14492
14516
16366
14493
14517
16367
14494
14518
16368
14495
14519
16369
14496
14520
16370
14497
14521
16371
14498
14522
16372
14499
14523
16373
14524
16374
14501
14525
16375
14502
14526
16376
14503
14527
16377
14504
14528
16378
14505
14529
16379
14506
14530
16380
14507
14531
16381
14508
14532
16382
14509
14533
16383
14510
14534
16384
14511
14535
16385
14512
14536
16386
14513
14537
16387
14514
14538
16388
14515
14539
16389
14516
14540
16390
14517
14541
16391
14518
14542
16392
14519
14543
16393
14520
14544
16394
14521
14545
16395
14522
14546
16396
14523
14547
16397
14524
14548
16398
14549
16399
14526
14550
16400
14527
14551
16401
14528
14552
16402
14529
14553
16403
14530
14554
16404
14531
14555
16405
14532
14556
16406
14533
14557
16407
14534
14558
16408
14535
14559
16409
14536
14560
16410
14537
14561
16411
14538
14562
16412
14539
14563
16413
14540
14564
16414
14541
14565
16415
14542
14566
16416
14543
14567
16417
14544
14568
16418
14545
14569
16419
14546
14570
16420
14547
14571
16421
14548
14572
16422
14549
14573
16423
14574
16424
14551
14575
16425
14552
14576
16426
14553
14577
16427
14554
14578
16428
14555
14579
16429
14556
14580
16430
14557
14581
16431
14558
14582
16432
14559
14583
16433
14560
14584
16434
14561
14585
16435
14562
14586
16436
14563
14587
16437
14564
14588
16438
14565
14589
16439
14566
14590
16440
14567
14591
16441
14568
14592
16442
14569
14593
16443
14570
14594
16444
14571
14595
16445
14572
14596
16446
14573
14597
16447
14574
14598
16448
14599
16449
14576
14600
16450
14577
14601
16451
14578
14602
16452
14579
14603
16453
14580
14604
16454
14581
14605
16455
14582
14606
16456
14583
14607
16457
14584
14608
16458
14585
14609
16459
14586
14610
16460
14587
14611
16461
14588
14612
16462
14589
14613
16463
14590
14614
16464
14591
14615
16465
14592
14616
16466
14593
14617
16467
14594
14618
16468
14595
14619
16469
14596
14620
16470
14597
14621
16471
14598
14622
16472
14599
14623
16473
14624
16474
14601
14625
16475
14602
14626
16476
14603
14627
16477
14604
14628
16478
14605
14629
16479
14606
14630
16480
14607
14631
16481
14608
14632
16482
14609
14633
16483
14610
14634
16484
14611
14635
16485
14612
14636
16486
14613
14637
16487
14614
14638
16488
14615
14639
16489
14616
14640
16490
14617
14641
16491
14618
14642
16492
14619
14643
16493
14620
14644
16494
14621
14645
16495
14622
14646
16496
14623
14647
16497
14624
14648
16498
14649
16499
14626
14650
16500
14627
14651
16501
14628
14652
16502
14629
14653
16503
14630
14654
16504
14631
14655
16505
14632
14656
16506
14633
14657
16507
14634
14658
16508
14635
14659
16509
14636
14660
16510
14637
14661
16511
14638
14662
16512
14639
14663
16513
14640
14664
16514
14641
14665
16515
14642
14666
16516
14643
14667
16517
14644
14668
16518
14645
14669
16519
14646
14670
16520
14647
14671
16521
14648
14672
16522
14649
14673
16523
14674
16524
14651
14675
16525
14652
14676
16526
14653
14677
16527
14654
14678
16528
14655
14679
16529
14656
14680
16530
14657
14681
16531
14658
14682
16532
14659
14683
16533
14660
14684
16534
14661
14685
16535
14662
14686
16536
14663
14687
16537
14664
14688
16538
14665
14689
16539
14666
14690
16540
14667
14691
16541
14668
14692
16542
14669
14693
16543
14670
14694
16544
14671
14695
16545
14672
14696
16546
14673
14697
16547
14674
14698
16548
14699
16549
14676
14700
16550
14677
14701
16551
14678
14702
16552
14679
14703
16553
14680
14704
16554
14681
14705
16555
14682
14706
16556
14683
14707
16557
14684
14708
16558
14685
14709
16559
14686
14710
16560
14687
14711
16561
14688
14712
16562
14689
14713
16563
14690
14714
16564
14691
14715
16565
14692
14716
16566
14693
14717
16567
14694
14718
16568
14695
14719
16569
14696
14720
16570
14697
14721
16571
14698
14722
16572
14699
14723
16573
14724
16574
14701
14725
16575
14702
14726
16576
14703
14727
16577
14704
14728
16578
14705
14729
16579
14706
14730
16580
14707
14731
16581
14708
14732
16582
14709
14733
16583
14710
14734
16584
14711
14735
16585
14712
14736
16586
14713
14737
16587
14714
14738
16588
14715
14739
16589
14716
14740
16590
14717
14741
16591
14718
14742
16592
14719
14743
16593
14720
14744
16594
14721
14745
16595
14722
14746
16596
14723
14747
16597
14724
14748
16598
14749
16599
14726
14750
16600
14727
14751
16601
14728
14752
16602
14729
14753
16603
14730
14754
16604
14731
14755
16605
14732
14756
16606
14733
14757
16607
14734
14758
16608
14735
14759
16609
14736
14760
16610
14737
14761
16611
14738
14762
16612
14739
14763
16613
14740
14764
16614
14741
14765
16615
14742
14766
16616
14743
14767
16617
14744
14768
16618
14745
14769
16619
14746
14770
16620
14747
14771
16621
14748
14772
16622
14749
14773
16623
14774
16624
14751
14775
16625
14752
14776
16626
14753
14777
16627
14754
14778
16628
14755
14779
16629
14756
14780
16630
14757
14781
16631
14758
14782
16632
14759
14783
16633
14760
14784
16634
14761
14785
16635
14762
14786
16636
14763
14787
16637
14764
14788
16638
14765
14789
16639
14766
14790
16640
14767
14791
16641
14768
14792
16642
14769
14793
16643
14770
14794
16644
14771
14795
16645
14772
14796
16646
14773
14797
16647
14774
14798
16648
14799
16649
14776
14800
16650
14777
14801
16651
14778
14802
16652
14779
14803
16653
14780
14804
16654
14781
14805
16655
14782
14806
16656
14783
14807
16657
14784
14808
16658
14785
14809
16659
14786
14810
16660
14787
14811
16661
14788
14812
16662
14789
14813
16663
14790
14814
16664
14791
14815
16665
14792
14816
16666
14793
14817
16667
14794
14818
16668
14795
14819
16669
14796
14820
16670
14797
14821
16671
14798
14822
16672
14799
14823
16673
14824
16674
14801
14825
16675
14802
14826
16676
14803
14827
16677
14804
14828
16678
14805
14829
16679
14806
14830
16680
14807
14831
16681
14808
14832
16682
14809
14833
16683
14810
14834
16684
14811
14835
16685
14812
14836
16686
14813
14837
16687
14814
14838
16688
14815
14839
16689
14816
14840
16690
14817
14841
16691
14818
14842
16692
14819
14843
16693
14820
14844
16694
14821
14845
16695
14822
14846
16696
14823
14847
16697
14824
14848
16698
14849
16699
14826
14850
16700
14827
14851
16701
14828
14852
16702
14829
14853
16703
14830
14854
16704
14831
14855
16705
14832
14856
16706
14833
14857
16707
14834
14858
16708
14835
14859
16709
14836
14860
16710
14837
14861
16711
14838
14862
16712
14839
14863
16713
14840
14864
16714
14841
14865
16715
14842
14866
16716
14843
14867
16717
14844
14868
16718
14845
14869
16719
14846
14870
16720
14847
14871
16721
14848
14872
16722
14849
14873
16723
14874
16724
14851
14875
16725
14852
14876
16726
14853
14877
16727
14854
14878
16728
14855
14879
16729
14856
14880
16730
14857
14881
16731
14858
14882
16732
14859
14883
16733
14860
14884
16734
14861
14885
16735
14862
14886
16736
14863
14887
16737
14864
14888
16738
14865
14889
16739
14866
14890
16740
14867
14891
16741
14868
14892
16742
14869
14893
16743
14870
14894
16744
14871
14895
16745
14872
14896
16746
14873
14897
16747
14874
14898
16748
14899
16749
14876
14900
16750
14877
14901
16751
14878
14902
16752
14879
14903
16753
14880
14904
16754
14881
14905
16755
14882
14906
16756
14883
14907
16757
14884
14908
16758
14885
14909
16759
14886
14910
16760
14887
14911
16761
14888
14912
16762
14889
14913
16763
14890
14914
16764
14891
14915
16765
14892
14916
16766
14893
14917
16767
14894
14918
16768
14895
14919
16769
14896
14920
16770
14897
14921
16771
14898
14922
16772
14899
14923
16773
14924
16774
14901
14925
16775
14902
14926
16776
14903
14927
16777
14904
14928
16778
14905
14929
16779
14906
14930
16780
14907
14931
16781
14908
14932
16782
14909
14933
16783
14910
14934
16784
14911
14935
16785
14912
14936
16786
14913
14937
16787
14914
14938
16788
14915
14939
16789
14916
14940
16790
14917
14941
16791
14918
14942
16792
14919
14943
16793
14920
14944
16794
14921
14945
16795
14922
14946
16796
14923
14947
16797
14924
14948
16798
14949
16799
14926
14950
16800
14927
14951
16801
14928
14952
16802
14929
14953
16803
14930
14954
16804
14931
14955
16805
14932
14956
16806
14933
14957
16807
14934
14958
16808
14935
14959
16809
14936
14960
16810
14937
14961
16811
14938
14962
16812
14939
14963
16813
14940
14964
16814
14941
14965
16815
14942
14966
16816
14943
14967
16817
14944
14968
16818
14945
14969
16819
14946
14970
16820
14947
14971
16821
14948
14972
16822
14949
14973
16823
14974
16824
14951
14975
16825
14952
14976
16826
14953
14977
16827
14954
14978
16828
14955
14979
16829
14956
14980
16830
14957
14981
16831
14958
14982
16832
14959
14983
16833
14960
14984
16834
14961
14985
16835
14962
14986
16836
14963
14987
16837
14964
14988
16838
14965
14989
16839
14966
14990
16840
14967
14991
16841
14968
14992
16842
14969
14993
16843
14970
14994
16844
14971
14995
16845
14972
14996
16846
14973
14997
16847
14974
14998
16848
14999
16849
14976
16850
14977
16851
14978
16852
14979
16853
14980
16854
14981
16855
14982
16856
14983
16857
14984
16858
14985
16859
14986
16860
14987
16861
14988
16862
14989
16863
14990
16864
14991
16865
14992
16866
14993
16867
14994
16868
14995
16869
14996
16870
14997
16871
14998
16872
14999
16873
16874
15001
15025
16875
15002
15026
16876
15003
15027
16877
15004
15028
16878
15005
15029
16879
15006
15030
16880
15007
15031
16881
15008
15032
16882
15009
15033
16883
15010
15034
16884
15011
15035
16885
15012
15036
16886
15013
15037
16887
15014
15038
16888
15015
15039
16889
15016
15040
16890
15017
15041
16891
15018
15042
16892
15019
15043
16893
15020
15044
16894
15021
15045
16895
15022
15046
16896
15023
15047
16897
15024
15048
16898
15049
16899
15026
15050
16900
15027
15051
16901
15028
15052
16902
15029
15053
16903
15030
15054
16904
15031
15055
16905
15032
15056
16906
15033
15057
16907
15034
15058
16908
15035
15059
16909
15036
15060
16910
15037
15061
16911
15038
15062
16912
15039
15063
16913
15040
15064
16914
15041
15065
16915
15042
15066
16916
15043
15067
16917
15044
15068
16918
15045
15069
16919
15046
15070
16920
15047
15071
16921
15048
15072
16922
15049
15073
16923
15074
16924
15051
15075
16925
15052
15076
16926
15053
15077
16927
15054
15078
16928
15055
15079
16929
15056
15080
16930
15057
15081
16931
15058
15082
16932
15059
15083
16933
15060
15084
16934
15061
15085
16935
15062
15086
16936
15063
15087
16937
15064
15088
16938
15065
15089
16939
15066
15090
16940
15067
15091
16941
15068
15092
16942
15069
15093
16943
15070
15094
16944
15071
15095
16945
15072
15096
16946
15073
15097
16947
15074
15098
16948
15099
16949
15076
15100
16950
15077
15101
16951
15078
15102
16952
15079
15103
16953
15080
15104
16954
15081
15105
16955
15082
15106
16956
15083
15107
16957
15084
15108
16958
15085
15109
16959
15086
15110
16960
15087
15111
16961
15088
15112
16962
15089
15113
16963
15090
15114
16964
15091
15115
16965
15092
15116
16966
15093
15117
16967
15094
15118
16968
15095
15119
16969
15096
15120
16970
15097
15121
16971
15098
15122
16972
15099
15123
16973
15124
16974
15101
15125
16975
15102
15126
16976
15103
15127
16977
15104
15128
16978
15105
15129
16979
15106
15130
16980
15107
15131
16981
15108
15132
16982
15109
15133
16983
15110
15134
16984
15111
15135
16985
15112
15136
16986
15113
15137
16987
15114
15138
16988
15115
15139
16989
15116
15140
16990
15117
15141
16991
15118
15142
16992
15119
15143
16993
15120
15144
16994
15121
15145
16995
15122
15146
16996
15123
15147
16997
15124
15148
16998
15149
16999
15126
15150
17000
15127
15151
17001
15128
15152
17002
15129
15153
17003
15130
15154
17004
15131
15155
17005
15132
15156
17006
15133
15157
17007
15134
15158
17008
15135
15159
17009
15136
15160
17010
15137
15161
17011
15138
15162
17012
15139
15163
17013
15140
15164
17014
15141
15165
17015
15142
15166
17016
15143
15167
17017
15144
15168
17018
15145
15169
17019
15146
15170
17020
15147
15171
17021
15148
15172
17022
15149
15173
17023
15174
17024
15151
15175
17025
15152
15176
17026
15153
15177
17027
15154
15178
17028
15155
15179
17029
15156
15180
17030
15157
15181
17031
15158
15182
17032
15159
15183
17033
15160
15184
17034
15161
15185
17035
15162
15186
17036
15163
15187
17037
15164
15188
17038
15165
15189
17039
15166
15190
17040
15167
15191
17041
15168
15192
17042
15169
15193
17043
15170
15194
17044
15171
15195
17045
15172
15196
17046
15173
15197
17047
15174
15198
17048
15199
17049
15176
15200
17050
15177
15201
17051
15178
15202
17052
15179
15203
17053
15180
15204
17054
15181
15205
17055
15182
15206
17056
15183
15207
17057
15184
15208
17058
15185
15209
17059
15186
15210
17060
15187
15211
17061
15188
15212
17062
15189
15213
17063
15190
15214
17064
15191
15215
17065
15192
15216
17066
15193
15217
17067
15194
15218
17068
15195
15219
17069
15196
15220
17070
15197
15221
17071
15198
15222
17072
15199
15223
17073
15224
17074
15201
15225
17075
15202
15226
17076
15203
15227
17077
15204
15228
17078
15205
15229
17079
15206
15230
17080
15207
15231
17081
15208
15232
17082
15209
15233
17083
15210
15234
17084
15211
15235
17085
15212
15236
17086
15213
15237
17087
15214
15238
17088
15215
15239
17089
15216
15240
17090
15217
15241
17091
15218
15242
17092
15219
15243
17093
15220
15244
17094
15221
15245
17095
15222
15246
17096
15223
15247
17097
15224
15248
17098
15249
17099
15226
15250
17100
15227
15251
17101
15228
15252
17102
15229
15253
17103
15230
15254
17104
15231
15255
17105
15232
15256
17106
15233
15257
17107
15234
15258
17108
15235
15259
17109
15236
15260
17110
15237
15261
17111
15238
15262
17112
15239
15263
17113
15240
15264
17114
15241
15265
17115
15242
15266
17116
15243
15267
17117
15244
15268
17118
15245
15269
17119
15246
15270
17120
15247
15271
17121
15248
15272
17122
15249
15273
17123
15274
17124
15251
15275
17125
15252
15276
17126
15253
15277
17127
15254
15278
17128
15255
15279
17129
15256
15280
17130
15257
15281
17131
15258
15282
17132
15259
15283
17133
15260
15284
17134
15261
15285
17135
15262
15286
17136
15263
15287
17137
15264
15288
17138
15265
15289
17139
15266
15290
17140
15267
15291
17141
15268
15292
17142
15269
15293
17143
15270
15294
17144
15271
15295
17145
15272
15296
17146
15273
15297
17147
15274
15298
17148
15299
17149
15276
15300
17150
15277
15301
17151
15278
15302
17152
15279
15303
17153
15280
15304
17154
15281
15305
17155
15282
15306
17156
15283
15307
17157
15284
15308
17158
15285
15309
17159
15286
15310
17160
15287
15311
17161
15288
15312
17162
15289
15313
17163
15290
15314
17164
15291
15315
17165
15292
15316
17166
15293
15317
17167
15294
15318
17168
15295
15319
17169
15296
15320
17170
15297
15321
17171
15298
15322
17172
15299
15323
17173
15324
17174
15301
15325
17175
15302
15326
17176
15303
15327
17177
15304
15328
17178
15305
15329
17179
15306
15330
17180
15307
15331
17181
15308
15332
17182
15309
15333
17183
15310
15334
17184
15311
15335
17185
15312
15336
17186
15313
15337
17187
15314
15338
17188
15315
15339
17189
15316
15340
17190
15317
15341
17191
15318
15342
17192
15319
15343
17193
15320
15344
17194
15321
15345
17195
15322
15346
17196
15323
15347
17197
15324
15348
17198
15349
17199
15326
15350
17200
15327
15351
17201
15328
15352
17202
15329
15353
17203
15330
15354
17204
15331
15355
17205
15332
15356
17206
15333
15357
17207
15334
15358
17208
15335
15359
17209
15336
15360
17210
15337
15361
17211
15338
15362
17212
15339
15363
17213
15340
15364
17214
15341
15365
17215
15342
15366
17216
15343
15367
17217
15344
15368
17218
15345
15369
17219
15346
15370
17220
15347
15371
17221
15348
15372
17222
15349
15373
17223
15374
17224
15351
15375
17225
15352
15376
17226
15353
15377
17227
15354
15378
17228
15355
15379
17229
15356
15380
17230
15357
15381
17231
15358
15382
17232
15359
15383
17233
15360
15384
17234
15361
15385
17235
15362
15386
17236
15363
15387
17237
15364
15388
17238
15365
15389
17239
15366
15390
17240
15367
15391
17241
15368
15392
17242
15369
15393
17243
15370
15394
17244
15371
15395
17245
15372
15396
17246
15373
15397
17247
15374
15398
17248
15399
17249
15376
15400
17250
15377
15401
17251
15378
15402
17252
15379
15403
17253
15380
15404
17254
15381
15405
17255
15382
15406
17256
15383
15407
17257
15384
15408
17258
15385
15409
17259
15386
15410
17260
15387
15411
17261
15388
15412
17262
15389
15413
17263
15390
15414
17264
15391
15415
17265
15392
15416
17266
15393
15417
17267
15394
15418
17268
15395
15419
17269
15396
15420
17270
15397
15421
17271
15398
15422
17272
15399
15423
17273
15424
17274
15401
15425
17275
15402
15426
17276
15403
15427
17277
15404
15428
17278
15405
15429
17279
15406
15430
17280
15407
15431
17281
15408
15432
17282
15409
15433
17283
15410
15434
17284
15411
15435
17285
15412
15436
17286
15413
15437
17287
15414
15438
17288
15415
15439
17289
15416
15440
17290
15417
15441
17291
15418
15442
17292
15419
15443
17293
15420
15444
17294
15421
15445
17295
15422
15446
17296
15423
15447
17297
15424
15448
17298
15449
17299
15426
15450
17300
15427
15451
17301
15428
15452
17302
15429
15453
17303
15430
15454
17304
15431
15455
17305
15432
15456
17306
15433
15457
17307
15434
15458
17308
15435
15459
17309
15436
15460
17310
15437
15461
17311
15438
15462
17312
15439
15463
17313
15440
15464
17314
15441
15465
17315
15442
15466
17316
15443
15467
17317
15444
15468
17318
15445
15469
17319
15446
15470
17320
15447
15471
17321
15448
15472
17322
15449
15473
17323
15474
17324
15451
15475
17325
15452
15476
17326
15453
15477
17327
15454
15478
17328
15455
15479
17329
15456
15480
17330
15457
15481
17331
15458
15482
17332
15459
15483
17333
15460
15484
17334
15461
15485
17335
15462
15486
17336
15463
15487
17337
15464
15488
17338
15465
15489
17339
15466
15490
17340
15467
15491
17341
15468
15492
17342
15469
15493
17343
15470
15494
17344
15471
15495
17345
15472
15496
17346
15473
15497
17347
15474
15498
17348
15499
17349
15476
15500
17350
15477
15501
17351
15478
15502
17352
15479
15503
17353
15480
15504
17354
15481
15505
17355
15482
15506
17356
15483
15507
17357
15484
15508
17358
15485
15509
17359
15486
15510
17360
15487
15511
17361
15488
15512
17362
15489
15513
17363
15490
15514
17364
15491
15515
17365
15492
15516
17366
15493
15517
17367
15494
15518
17368
15495
15519
17369
15496
15520
17370
15497
15521
17371
15498
15522
17372
15499
15523
17373
15524
17374
15501
15525
17375
15502
15526
17376
15503
15527
17377
15504
15528
17378
15505
15529
17379
15506
15530
17380
15507
15531
17381
15508
15532
17382
15509
15533
17383
15510
15534
17384
15511
15535
17385
15512
15536
17386
15513
15537
17387
15514
15538
17388
15515
15539
17389
15516
15540
17390
15517
15541
17391
15518
15542
17392
15519
15543
17393
15520
15544
17394
15521
15545
17395
15522
15546
17396
15523
15547
17397
15524
15548
17398
15549
17399
15526
15550
17400
15527
15551
17401
15528
15552
17402
15529
15553
17403
15530
15554
17404
15531
15555
17405
15532
15556
17406
15533
15557
17407
15534
15558
17408
15535
15559
17409
15536
15560
17410
15537
15561
17411
15538
15562
17412
15539
15563
17413
15540
15564
17414
15541
15565
17415
15542
15566
17416
15543
15567
17417
15544
15568
17418
15545
15569
17419
15546
15570
17420
15547
15571
17421
15548
15572
17422
15549
15573
17423
15574
17424
15551
15575
17425
15552
15576
17426
15553
15577
17427
15554
15578
17428
15555
15579
17429
15556
15580
17430
15557
15581
17431
15558
15582
17432
15559
15583
17433
15560
15584
17434
15561
15585
17435
15562
15586
17436
15563
15587
17437
15564
15588
17438
15565
15589
17439
15566
15590
17440
15567
15591
17441
15568
15592
17442
15569
15593
17443
15570
15594
17444
15571
15595
17445
15572
15596
17446
15573
15597
17447
15574
15598
17448
15599
17449
15576
15600
17450
15577
15601
17451
15578
15602
17452
15579
15603
17453
15580
15604
17454
15581
15605
17455
15582
15606
17456
15583
15607
17457
15584
15608
17458
15585
15609
17459
15586
15610
17460
15587
15611
17461
15588
15612
17462
15589
15613
17463
15590
15614
17464
15591
15615
17465
15592
15616
17466
15593
15617
17467
15594
15618
17468
15595
15619
17469
15596
15620
17470
15597
15621
17471
15598
15622
17472
15599
15623
17473
15624
17474
15601
15625
17475
15602
15626
17476
15603
15627
17477
15604
15628
17478
15605
15629
17479
15606
15630
17480
15607
15631
17481
15608
15632
17482
15609
15633
17483
15610
15634
17484
15611
15635
17485
15612
15636
17486
15613
15637
17487
15614
15638
17488
15615
15639
17489
15616
15640
17490
15617
15641
17491
15618
15642
17492
15619
15643
17493
15620
15644
17494
15621
15645
17495
15622
15646
17496
15623
15647
17497
15624
15648
17498
15649
17499
15626
15650
17500
15627
15651
17501
15628
15652
17502
15629
15653
17503
15630
15654
17504
15631
15655
17505
15632
15656
17506
15633
15657
17507
15634
15658
17508
15635
15659
17509
15636
15660
17510
15637
15661
17511
15638
15662
17512
15639
15663
17513
15640
15664
17514
15641
15665
17515
15642
15666
17516
15643
15667
17517
15644
15668
17518
15645
15669
17519
15646
15670
17520
15647
15671
17521
15648
15672
17522
15649
15673
17523
15674
17524
15651
15675
17525
15652
15676
17526
15653
15677
17527
15654
15678
17528
15655
15679
17529
15656
15680
17530
15657
15681
17531
15658
15682
17532
15659
15683
17533
15660
15684
17534
15661
15685
17535
15662
15686
17536
15663
15687
17537
15664
15688
17538
15665
15689
17539
15666
15690
17540
15667
15691
17541
15668
15692
17542
15669
15693
17543
15670
15694
17544
15671
15695
17545
15672
15696
17546
15673
15697
17547
15674
15698
17548
15699
17549
15676
15700
17550
15677
15701
17551
15678
15702
17552
15679
15703
17553
15680
15704
17554
15681
15705
17555
15682
15706
17556
15683
15707
17557
15684
15708
17558
15685
15709
17559
15686
15710
17560
15687
15711
17561
15688
15712
17562
15689
15713
17563
15690
15714
17564
15691
15715
17565
15692
15716
17566
15693
15717
17567
15694
15718
17568
15695
15719
17569
15696
15720
17570
15697
15721
17571
15698
15722
17572
15699
15723
17573
15724
17574
15701
15725
17575
15702
15726
17576
15703
15727
17577
15704
15728
17578
15705
15729
17579
15706
15730
17580
15707
15731
17581
15708
15732
17582
15709
15733
17583
15710
15734
17584
15711
15735
17585
15712
15736
17586
15713
15737
17587
15714
15738
17588
15715
15739
17589
15716
15740
17590
15717
15741
17591
15718
15742
17592
15719
15743
17593
15720
15744
17594
15721
15745
17595
15722
15746
17596
15723
15747
17597
15724
15748
17598
15749
17599
15726
15750
17600
15727
15751
17601
15728
15752
17602
15729
15753
17603
15730
15754
17604
15731
15755
17605
15732
15756
17606
15733
15757
17607
15734
15758
17608
15735
15759
17609
15736
15760
17610
15737
15761
17611
15738
15762
17612
15739
15763
17613
15740
15764
17614
15741
15765
17615
15742
15766
17616
15743
15767
17617
15744
15768
17618
15745
15769
17619
15746
15770
17620
15747
15771
17621
15748
15772
17622
15749
15773
17623
15774
17624
15751
15775
17625
15752
15776
17626
15753
15777
17627
15754
15778
17628
15755
15779
17629
15756
15780
17630
15757
15781
17631
15758
15782
17632
15759
15783
17633
15760
15784
17634
15761
15785
17635
15762
15786
17636
15763
15787
17637
15764
15788
17638
15765
15789
17639
15766
15790
17640
15767
15791
17641
15768
15792
17642
15769
15793
17643
15770
15794
17644
15771
15795
17645
15772
15796
17646
15773
15797
17647
15774
15798
17648
15799
17649
15776
15800
17650
15777
15801
17651
15778
15802
17652
15779
15803
17653
15780
15804
17654
15781
15805
17655
15782
15806
17656
15783
15807
17657
15784
15808
17658
15785
15809
17659
15786
15810
17660
15787
15811
17661
15788
15812
17662
15789
15813
17663
15790
15814
17664
15791
15815
17665
15792
15816
17666
15793
15817
17667
15794
15818
17668
15795
15819
17669
15796
15820
17670
15797
15821
17671
15798
15822
17672
15799
15823
17673
15824
17674
15801
15825
17675
15802
15826
17676
15803
15827
17677
15804
15828
17678
15805
15829
17679
15806
15830
17680
15807
15831
17681
15808
15832
17682
15809
15833
17683
15810
15834
17684
15811
15835
17685
15812
15836
17686
15813
15837
17687
15814
15838
17688
15815
15839
17689
15816
15840
17690
15817
15841
17691
15818
15842
17692
15819
15843
17693
15820
15844
17694
15821
15845
17695
15822
15846
17696
15823
15847
17697
15824
15848
17698
15849
17699
15826
15850
17700
15827
15851
17701
15828
15852
17702
15829
15853
17703
15830
15854
17704
15831
15855
17705
15832
15856
17706
15833
15857
17707
15834
15858
17708
15835
15859
17709
15836
15860
17710
15837
15861
17711
15838
15862
17712
15839
15863
17713
15840
15864
17714
15841
15865
17715
15842
15866
17716
15843
15867
17717
15844
15868
17718
15845
15869
17719
15846
15870
17720
15847
15871
17721
15848
15872
17722
15849
15873
17723
15874
17724
15851
15875
17725
15852
15876
17726
15853
15877
17727
15854
15878
17728
15855
15879
17729
15856
15880
17730
15857
15881
17731
15858
15882
17732
15859
15883
17733
15860
15884
17734
15861
15885
17735
15862
15886
17736
15863
15887
17737
15864
15888
17738
15865
15889
17739
15866
15890
17740
15867
15891
17741
15868
15892
17742
15869
15893
17743
15870
15894
17744
15871
15895
17745
15872
15896
17746
15873
15897
17747
15874
15898
17748
15899
17749
15876
15900
17750
15877
15901
17751
15878
15902
17752
15879
15903
17753
15880
15904
17754
15881
15905
17755
15882
15906
17756
15883
15907
17757
15884
15908
17758
15885
15909
17759
15886
15910
17760
15887
15911
17761
15888
15912
17762
15889
15913
17763
15890
15914
17764
15891
15915
17765
15892
15916
17766
15893
15917
17767
15894
15918
17768
15895
15919
17769
15896
15920
17770
15897
15921
17771
15898
15922
17772
15899
15923
17773
15924
17774
15901
15925
17775
15902
15926
17776
15903
15927
17777
15904
15928
17778
15905
15929
17779
15906
15930
17780
15907
15931
17781
15908
15932
17782
15909
15933
17783
15910
15934
17784
15911
15935
17785
15912
15936
17786
15913
15937
17787
15914
15938
17788
15915
15939
17789
15916
15940
17790
15917
15941
17791
15918
15942
17792
15919
15943
17793
15920
15944
17794
15921
15945
17795
15922
15946
17796
15923
15947
17797
15924
15948
17798
15949
17799
15926
15950
17800
15927
15951
17801
15928
15952
17802
15929
15953
17803
15930
15954
17804
15931
15955
17805
15932
15956
17806
15933
15957
17807
15934
15958
17808
15935
15959
17809
15936
15960
17810
15937
15961
17811
15938
15962
17812
15939
15963
17813
15940
15964
17814
15941
15965
17815
15942
15966
17816
15943
15967
17817
15944
15968
17818
15945
15969
17819
15946
15970
17820
15947
15971
17821
15948
15972
17822
15949
15973
17823
15974
17824
15951
15975
17825
15952
15976
17826
15953
15977
17827
15954
15978
17828
15955
15979
17829
15956
15980
17830
15957
15981
17831
15958
15982
17832
15959
15983
17833
15960
15984
17834
15961
15985
17835
15962
15986
17836
15963
15987
17837
15964
15988
17838
15965
15989
17839
15966
15990
17840
15967
15991
17841
15968
15992
17842
15969
15993
17843
15970
15994
17844
15971
15995
17845
15972
15996
17846
15973
15997
17847
15974
15998
17848
15999
17849
15976
16000
17850
15977
16001
17851
15978
16002
17852
15979
16003
17853
15980
16004
17854
15981
16005
17855
15982
16006
17856
15983
16007
17857
15984
16008
17858
15985
16009
17859
15986
16010
17860
15987
16011
17861
15988
16012
17862
15989
16013
17863
15990
16014
17864
15991
16015
17865
15992
16016
17866
15993
16017
17867
15994
16018
17868
15995
16019
17869
15996
16020
17870
15997
16021
17871
15998
16022
17872
15999
16023
17873
16024
17874
16001
16025
17875
16002
16026
17876
16003
16027
17877
16004
16028
17878
16005
16029
17879
16006
16030
17880
16007
16031
17881
16008
16032
17882
16009
16033
17883
16010
16034
17884
16011
16035
17885
16012
16036
17886
16013
16037
17887
16014
16038
17888
16015
16039
17889
16016
16040
17890
16017
16041
17891
16018
16042
17892
16019
16043
17893
16020
16044
17894
16021
16045
17895
16022
16046
17896
16023
16047
17897
16024
16048
17898
16049
17899
16026
16050
17900
16027
16051
17901
16028
16052
17902
16029
16053
17903
16030
16054
17904
16031
16055
17905
16032
16056
17906
16033
16057
17907
16034
16058
17908
16035
16059
17909
16036
16060
17910
16037
16061
17911
16038
16062
17912
16039
16063
17913
16040
16064
17914
16041
16065
17915
16042
16066
17916
16043
16067
17917
16044
16068
17918
16045
16069
17919
16046
16070
17920
16047
16071
17921
16048
16072
17922
16049
16073
17923
16074
17924
16051
16075
17925
16052
16076
17926
16053
16077
17927
16054
16078
17928
16055
16079
17929
16056
16080
17930
16057
16081
17931
16058
16082
17932
16059
16083
17933
16060
16084
17934
16061
16085
17935
16062
16086
17936
16063
16087
17937
16064
16088
17938
16065
16089
17939
16066
16090
17940
16067
16091
17941
16068
16092
17942
16069
16093
17943
16070
16094
17944
16071
16095
17945
16072
16096
17946
16073
16097
17947
16074
16098
17948
16099
17949
16076
16100
17950
16077
16101
17951
16078
16102
17952
16079
16103
17953
16080
16104
17954
16081
16105
17955
16082
16106
17956
16083
16107
17957
16084
16108
17958
16085
16109
17959
16086
16110
17960
16087
16111
17961
16088
16112
17962
16089
16113
17963
16090
16114
17964
16091
16115
17965
16092
16116
17966
16093
16117
17967
16094
16118
17968
16095
16119
17969
16096
16120
17970
16097
16121
17971
16098
16122
17972
16099
16123
17973
16124
17974
16101
16125
17975
16102
16126
17976
16103
16127
17977
16104
16128
17978
16105
16129
17979
16106
16130
17980
16107
16131
17981
16108
16132
17982
16109
16133
17983
16110
16134
17984
16111
16135
17985
16112
16136
17986
16113
16137
17987
16114
16138
17988
16115
16139
17989
16116
16140
17990
16117
16141
17991
16118
16142
17992
16119
16143
17993
16120
16144
17994
16121
16145
17995
16122
16146
17996
16123
16147
17997
16124
16148
17998
16149
17999
16126
16150
18000
16127
16151
18001
16128
16152
18002
16129
16153
18003
16130
16154
18004
16131
16155
18005
16132
16156
18006
16133
16157
18007
16134
16158
18008
16135
16159
18009
16136
16160
18010
16137
16161
18011
16138
16162
18012
16139
16163
18013
16140
16164
18014
16141
16165
18015
16142
16166
18016
16143
16167
18017
16144
16168
18018
16145
16169
18019
16146
16170
18020
16147
16171
18021
16148
16172
18022
16149
16173
18023
16174
18024
16151
16175
18025
16152
16176
18026
16153
16177
18027
16154
16178
18028
16155
16179
18029
16156
16180
18030
16157
16181
18031
16158
16182
18032
16159
16183
18033
16160
16184
18034
16161
16185
18035
16162
16186
18036
16163
16187
18037
16164
16188
18038
16165
16189
18039
16166
16190
18040
16167
16191
18041
16168
16192
18042
16169
16193
18043
16170
16194
18044
16171
16195
18045
16172
16196
18046
16173
16197
18047
16174
16198
18048
16199
18049
16176
16200
18050
16177
16201
18051
16178
16202
18052
16179
16203
18053
16180
16204
18054
16181
16205
18055
16182
16206
18056
16183
16207
18057
16184
16208
18058
16185
16209
18059
16186
16210
18060
16187
16211
18061
16188
16212
18062
16189
16213
18063
16190
16214
18064
16191
16215
18065
16192
16216
18066
16193
16217
18067
16194
16218
18068
16195
16219
18069
16196
16220
18070
16197
16221
18071
16198
16222
18072
16199
16223
18073
16224
18074
16201
16225
18075
16202
16226
18076
16203
16227
18077
16204
16228
18078
16205
16229
18079
16206
16230
18080
16207
16231
18081
16208
16232
18082
16209
16233
18083
16210
16234
18084
16211
16235
18085
16212
16236
18086
16213
16237
18087
16214
16238
18088
16215
16239
18089
16216
16240
18090
16217
16241
18091
16218
16242
18092
16219
16243
18093
16220
16244
18094
16221
16245
18095
16222
16246
18096
16223
16247
18097
16224
16248
18098
16249
18099
16226
16250
18100
16227
16251
18101
16228
16252
18102
16229
16253
18103
16230
16254
18104
16231
16255
18105
16232
16256
18106
16233
16257
18107
16234
16258
18108
16235
16259
18109
16236
16260
18110
16237
16261
18111
16238
16262
18112
16239
16263
18113
16240
16264
18114
16241
16265
18115
16242
16266
18116
16243
16267
18117
16244
16268
18118
16245
16269
18119
16246
16270
18120
16247
16271
18121
16248
16272
18122
16249
16273
18123
16274
18124
16251
16275
18125
16252
16276
18126
16253
16277
18127
16254
16278
18128
16255
16279
18129
16256
16280
18130
16257
16281
18131
16258
16282
18132
16259
16283
18133
16260
16284
18134
16261
16285
18135
16262
16286
18136
16263
16287
18137
16264
16288
18138
16265
16289
18139
16266
16290
18140
16267
16291
18141
16268
16292
18142
16269
16293
18143
16270
16294
18144
16271
16295
18145
16272
16296
18146
16273
16297
18147
16274
16298
18148
16299
18149
16276
16300
18150
16277
16301
18151
16278
16302
18152
16279
16303
18153
16280
16304
18154
16281
16305
18155
16282
16306
18156
16283
16307
18157
16284
16308
18158
16285
16309
18159
16286
16310
18160
16287
16311
18161
16288
16312
18162
16289
16313
18163
16290
16314
18164
16291
16315
18165
16292
16316
18166
16293
16317
18167
16294
16318
18168
16295
16319
18169
16296
16320
18170
16297
16321
18171
16298
16322
18172
16299
16323
18173
16324
18174
16301
16325
18175
16302
16326
18176
16303
16327
18177
16304
16328
18178
16305
16329
18179
16306
16330
18180
16307
16331
18181
16308
16332
18182
16309
16333
18183
16310
16334
18184
16311
16335
18185
16312
16336
18186
16313
16337
18187
16314
16338
18188
16315
16339
18189
16316
16340
18190
16317
16341
18191
16318
16342
18192
16319
16343
18193
16320
16344
18194
16321
16345
18195
16322
16346
18196
16323
16347
18197
16324
16348
18198
16349
18199
16326
16350
18200
16327
16351
18201
16328
16352
18202
16329
16353
18203
16330
16354
18204
16331
16355
18205
16332
16356
18206
16333
16357
18207
16334
16358
18208
16335
16359
18209
16336
16360
18210
16337
16361
18211
16338
16362
18212
16339
16363
18213
16340
16364
18214
16341
16365
18215
16342
16366
18216
16343
16367
18217
16344
16368
18218
16345
16369
18219
16346
16370
18220
16347
16371
18221
16348
16372
18222
16349
16373
18223
16374
18224
16351
16375
18225
16352
16376
18226
16353
16377
18227
16354
16378
18228
16355
16379
18229
16356
16380
18230
16357
16381
18231
16358
16382
18232
16359
16383
18233
16360
16384
18234
16361
16385
18235
16362
16386
18236
16363
16387
18237
16364
16388
18238
16365
16389
18239
16366
16390
18240
16367
16391
18241
16368
16392
18242
16369
16393
18243
16370
16394
18244
16371
16395
18245
16372
16396
18246
16373
16397
18247
16374
16398
18248
16399
18249
16376
16400
18250
16377
16401
18251
16378
16402
18252
16379
16403
18253
16380
16404
18254
16381
16405
18255
16382
16406
18256
16383
16407
18257
16384
16408
18258
16385
16409
18259
16386
16410
18260
16387
16411
18261
16388
16412
18262
16389
16413
18263
16390
16414
18264
16391
16415
18265
16392
16416
18266
16393
16417
18267
16394
16418
18268
16395
16419
18269
16396
16420
18270
16397
16421
18271
16398
16422
18272
16399
16423
18273
16424
18274
16401
16425
18275
16402
16426
18276
16403
16427
18277
16404
16428
18278
16405
16429
18279
16406
16430
18280
16407
16431
18281
16408
16432
18282
16409
16433
18283
16410
16434
18284
16411
16435
18285
16412
16436
18286
16413
16437
18287
16414
16438
18288
16415
16439
18289
16416
16440
18290
16417
16441
18291
16418
16442
18292
16419
16443
18293
16420
16444
18294
16421
16445
18295
16422
16446
18296
16423
16447
18297
16424
16448
18298
16449
18299
16426
16450
18300
16427
16451
18301
16428
16452
18302
16429
16453
18303
16430
16454
18304
16431
16455
18305
16432
16456
18306
16433
16457
18307
16434
16458
18308
16435
16459
18309
16436
16460
18310
16437
16461
18311
16438
16462
18312
16439
16463
18313
16440
16464
18314
16441
16465
18315
16442
16466
18316
16443
16467
18317
16444
16468
18318
16445
16469
18319
16446
16470
18320
16447
16471
18321
16448
16472
18322
16449
16473
18323
16474
18324
16451
16475
18325
16452
16476
18326
16453
16477
18327
16454
16478
18328
16455
16479
18329
16456
16480
18330
16457
16481
18331
16458
16482
18332
16459
16483
18333
16460
16484
18334
16461
16485
18335
16462
16486
18336
16463
16487
18337
16464
16488
18338
16465
16489
18339
16466
16490
18340
16467
16491
18341
16468
16492
18342
16469
16493
18343
16470
16494
18344
16471
16495
18345
16472
16496
18346
16473
16497
18347
16474
16498
18348
16499
18349
16476
16500
18350
16477
16501
18351
16478
16502
18352
16479
16503
18353
16480
16504
18354
16481
16505
18355
16482
16506
18356
16483
16507
18357
16484
16508
18358
16485
16509
18359
16486
16510
18360
16487
16511
18361
16488
16512
18362
16489
16513
18363
16490
16514
18364
16491
16515
18365
16492
16516
18366
16493
16517
18367
16494
16518
18368
16495
16519
18369
16496
16520
18370
16497
16521
18371
16498
16522
18372
16499
16523
18373
16524
18374
16501
16525
18375
16502
16526
18376
16503
16527
18377
16504
16528
18378
16505
16529
18379
16506
16530
18380
16507
16531
18381
16508
16532
18382
16509
16533
18383
16510
16534
18384
16511
16535
18385
16512
16536
18386
16513
16537
18387
16514
16538
18388
16515
16539
18389
16516
16540
18390
16517
16541
18391
16518
16542
18392
16519
16543
18393
16520
16544
18394
16521
16545
18395
16522
16546
18396
16523
16547
18397
16524
16548
18398
16549
18399
16526
16550
18400
16527
16551
18401
16528
16552
18402
16529
16553
18403
16530
16554
18404
16531
16555
18405
16532
16556
18406
16533
16557
18407
16534
16558
18408
16535
16559
18409
16536
16560
18410
16537
16561
18411
16538
16562
18412
16539
16563
18413
16540
16564
18414
16541
16565
18415
16542
16566
18416
16543
16567
18417
16544
16568
18418
16545
16569
18419
16546
16570
18420
16547
16571
18421
16548
16572
18422
16549
16573
18423
16574
18424
16551
16575
18425
16552
16576
18426
16553
16577
18427
16554
16578
18428
16555
16579
18429
16556
16580
18430
16557
16581
18431
16558
16582
18432
16559
16583
18433
16560
16584
18434
16561
16585
18435
16562
16586
18436
16563
16587
18437
16564
16588
18438
16565
16589
18439
16566
16590
18440
16567
16591
18441
16568
16592
18442
16569
16593
18443
16570
16594
18444
16571
16595
18445
16572
16596
18446
16573
16597
18447
16574
16598
18448
16599
18449
16576
16600
18450
16577
16601
18451
16578
16602
18452
16579
16603
18453
16580
16604
18454
16581
16605
18455
16582
16606
18456
16583
16607
18457
16584
16608
18458
16585
16609
18459
16586
16610
18460
16587
16611
18461
16588
16612
18462
16589
16613
18463
16590
16614
18464
16591
16615
18465
16592
16616
18466
16593
16617
18467
16594
16618
18468
16595
16619
18469
16596
16620
18470
16597
16621
18471
16598
16622
18472
16599
16623
18473
16624
18474
16601
16625
18475
16602
16626
18476
16603
16627
18477
16604
16628
18478
16605
16629
18479
16606
16630
18480
16607
16631
18481
16608
16632
18482
16609
16633
18483
16610
16634
18484
16611
16635
18485
16612
16636
18486
16613
16637
18487
16614
16638
18488
16615
16639
18489
16616
16640
18490
16617
16641
18491
16618
16642
18492
16619
16643
18493
16620
16644
18494
16621
16645
18495
16622
16646
18496
16623
16647
18497
16624
16648
18498
16649
18499
16626
16650
18500
16627
16651
18501
16628
16652
18502
16629
16653
18503
16630
16654
18504
16631
16655
18505
16632
16656
18506
16633
16657
18507
16634
16658
18508
16635
16659
18509
16636
16660
18510
16637
16661
18511
16638
16662
18512
16639
16663
18513
16640
16664
18514
16641
16665
18515
16642
16666
18516
16643
16667
18517
16644
16668
18518
16645
16669
18519
16646
16670
18520
16647
16671
18521
16648
16672
18522
16649
16673
18523
16674
18524
16651
16675
18525
16652
16676
18526
16653
16677
18527
16654
16678
18528
16655
16679
18529
16656
16680
18530
16657
16681
18531
16658
16682
18532
16659
16683
18533
16660
16684
18534
16661
16685
18535
16662
16686
18536
16663
16687
18537
16664
16688
18538
16665
16689
18539
16666
16690
18540
16667
16691
18541
16668
16692
18542
16669
16693
18543
16670
16694
18544
16671
16695
18545
16672
16696
18546
16673
16697
18547
16674
16698
18548
16699
18549
16676
16700
18550
16677
16701
18551
16678
16702
18552
16679
16703
18553
16680
16704
18554
16681
16705
18555
16682
16706
18556
16683
16707
18557
16684
16708
18558
16685
16709
18559
16686
16710
18560
16687
16711
18561
16688
16712
18562
16689
16713
18563
16690
16714
18564
16691
16715
18565
16692
16716
18566
16693
16717
18567
16694
16718
18568
16695
16719
18569
16696
16720
18570
16697
16721
18571
16698
16722
18572
16699
16723
18573
16724
18574
16701
16725
18575
16702
16726
18576
16703
16727
18577
16704
16728
18578
16705
16729
18579
16706
16730
18580
16707
16731
18581
16708
16732
18582
16709
16733
18583
16710
16734
18584
16711
16735
18585
16712
16736
18586
16713
16737
18587
16714
16738
18588
16715
16739
18589
16716
16740
18590
16717
16741
18591
16718
16742
18592
16719
16743
18593
16720
16744
18594
16721
16745
18595
16722
16746
18596
16723
16747
18597
16724
16748
18598
16749
18599
16726
16750
18600
16727
16751
18601
16728
16752
18602
16729
16753
18603
16730
16754
18604
16731
16755
18605
16732
16756
18606
16733
16757
18607
16734
16758
18608
16735
16759
18609
16736
16760
18610
16737
16761
18611
16738
16762
18612
16739
16763
18613
16740
16764
18614
16741
16765
18615
16742
16766
18616
16743
16767
18617
16744
16768
18618
16745
16769
18619
16746
16770
18620
16747
16771
18621
16748
16772
18622
16749
16773
18623
16774
18624
16751
16775
18625
16752
16776
18626
16753
16777
18627
16754
16778
18628
16755
16779
18629
16756
16780
18630
16757
16781
18631
16758
16782
18632
16759
16783
18633
16760
16784
18634
16761
16785
18635
16762
16786
18636
16763
16787
18637
16764
16788
18638
16765
16789
18639
16766
16790
18640
16767
16791
18641
16768
16792
18642
16769
16793
18643
16770
16794
18644
16771
16795
18645
16772
16796
18646
16773
16797
18647
16774
16798
18648
16799
18649
16776
16800
18650
16777
16801
18651
16778
16802
18652
16779
16803
18653
16780
16804
18654
16781
16805
18655
16782
16806
18656
16783
16807
18657
16784
16808
18658
16785
16809
18659
16786
16810
18660
16787
16811
18661
16788
16812
18662
16789
16813
18663
16790
16814
18664
16791
16815
18665
16792
16816
18666
16793
16817
18667
16794
16818
18668
16795
16819
18669
16796
16820
18670
16797
16821
18671
16798
16822
18672
16799
16823
18673
16824
18674
16801
16825
18675
16802
16826
18676
16803
16827
18677
16804
16828
18678
16805
16829
18679
16806
16830
18680
16807
16831
18681
16808
16832
18682
16809
16833
18683
16810
16834
18684
16811
16835
18685
16812
16836
18686
16813
16837
18687
16814
16838
18688
16815
16839
18689
16816
16840
18690
16817
16841
18691
16818
16842
18692
16819
16843
18693
16820
16844
18694
16821
16845
18695
16822
16846
18696
16823
16847
18697
16824
16848
18698
16849
18699
16826
16850
18700
16827
16851
18701
16828
16852
18702
16829
16853
18703
16830
16854
18704
16831
16855
18705
16832
16856
18706
16833
16857
18707
16834
16858
18708
16835
16859
18709
16836
16860
18710
16837
16861
18711
16838
16862
18712
16839
16863
18713
16840
16864
18714
16841
16865
18715
16842
16866
18716
16843
16867
18717
16844
16868
18718
16845
16869
18719
16846
16870
18720
16847
16871
18721
16848
16872
18722
16849
16873
18723
16874
18724
16851
18725
16852
18726
16853
18727
16854
18728
16855
18729
16856
18730
16857
18731
16858
18732
16859
18733
16860
18734
16861
18735
16862
18736
16863
18737
16864
18738
16865
18739
16866
18740
16867
18741
16868
18742
16869
18743
16870
18744
16871
18745
16872
18746
16873
18747
16874
18748
18749
16876
16900
18750
16877
16901
18751
16878
16902
18752
16879
16903
18753
16880
16904
18754
16881
16905
18755
16882
16906
18756
16883
16907
18757
16884
16908
18758
16885
16909
18759
16886
16910
18760
16887
16911
18761
16888
16912
18762
16889
16913
18763
16890
16914
18764
16891
16915
18765
16892
16916
18766
16893
16917
18767
16894
16918
18768
16895
16919
18769
16896
16920
18770
16897
16921
18771
16898
16922
18772
16899
16923
18773
16924
18774
16901
16925
18775
16902
16926
18776
16903
16927
18777
16904
16928
18778
16905
16929
18779
16906
16930
18780
16907
16931
18781
16908
16932
18782
16909
16933
18783
16910
16934
18784
16911
16935
18785
16912
16936
18786
16913
16937
18787
16914
16938
18788
16915
16939
18789
16916
16940
18790
16917
16941
18791
16918
16942
18792
16919
16943
18793
16920
16944
18794
16921
16945
18795
16922
16946
18796
16923
16947
18797
16924
16948
18798
16949
18799
16926
16950
18800
16927
16951
18801
16928
16952
18802
16929
16953
18803
16930
16954
18804
16931
16955
18805
16932
16956
18806
16933
16957
18807
16934
16958
18808
16935
16959
18809
16936
16960
18810
16937
16961
18811
16938
16962
18812
16939
16963
18813
16940
16964
18814
16941
16965
18815
16942
16966
18816
16943
16967
18817
16944
16968
18818
16945
16969
18819
16946
16970
18820
16947
16971
18821
16948
16972
18822
16949
16973
18823
16974
18824
16951
16975
18825
16952
16976
18826
16953
16977
18827
16954
16978
18828
16955
16979
18829
16956
16980
18830
16957
16981
18831
16958
16982
18832
16959
16983
18833
16960
16984
18834
16961
16985
18835
16962
16986
18836
16963
16987
18837
16964
16988
18838
16965
16989
18839
16966
16990
18840
16967
16991
18841
16968
16992
18842
16969
16993
18843
16970
16994
18844
16971
16995
18845
16972
16996
18846
16973
16997
18847
16974
16998
18848
16999
18849
16976
17000
18850
16977
17001
18851
16978
17002
18852
16979
17003
18853
16980
17004
18854
16981
17005
18855
16982
17006
18856
16983
17007
18857
16984
17008
18858
16985
17009
18859
16986
17010
18860
16987
17011
18861
16988
17012
18862
16989
17013
18863
16990
17014
18864
16991
17015
18865
16992
17016
18866
16993
17017
18867
16994
17018
18868
16995
17019
18869
16996
17020
18870
16997
17021
18871
16998
17022
18872
16999
17023
18873
17024
18874
17001
17025
18875
17002
17026
18876
17003
17027
18877
17004
17028
18878
17005
17029
18879
17006
17030
18880
17007
17031
18881
17008
17032
18882
17009
17033
18883
17010
17034
18884
17011
17035
18885
17012
17036
18886
17013
17037
18887
17014
17038
18888
17015
17039
18889
17016
17040
18890
17017
17041
18891
17018
17042
18892
17019
17043
18893
17020
17044
18894
17021
17045
18895
17022
17046
18896
17023
17047
18897
17024
17048
18898
17049
18899
17026
17050
18900
17027
17051
18901
17028
17052
18902
17029
17053
18903
17030
17054
18904
17031
17055
18905
17032
17056
18906
17033
17057
18907
17034
17058
18908
17035
17059
18909
17036
17060
18910
17037
17061
18911
17038
17062
18912
17039
17063
18913
17040
17064
18914
17041
17065
18915
17042
17066
18916
17043
17067
18917
17044
17068
18918
17045
17069
18919
17046
17070
18920
17047
17071
18921
17048
17072
18922
17049
17073
18923
17074
18924
17051
17075
18925
17052
17076
18926
17053
17077
18927
17054
17078
18928
17055
17079
18929
17056
17080
18930
17057
17081
18931
17058
17082
18932
17059
17083
18933
17060
17084
18934
17061
17085
18935
17062
17086
18936
17063
17087
18937
17064
17088
18938
17065
17089
18939
17066
17090
18940
17067
17091
18941
17068
17092
18942
17069
17093
18943
17070
17094
18944
17071
17095
18945
17072
17096
18946
17073
17097
18947
17074
17098
18948
17099
18949
17076
17100
18950
17077
17101
18951
17078
17102
18952
17079
17103
18953
17080
17104
18954
17081
17105
18955
17082
17106
18956
17083
17107
18957
17084
17108
18958
17085
17109
18959
17086
17110
18960
17087
17111
18961
17088
17112
18962
17089
17113
18963
17090
17114
18964
17091
17115
18965
17092
17116
18966
17093
17117
18967
17094
17118
18968
17095
17119
18969
17096
17120
18970
17097
17121
18971
17098
17122
18972
17099
17123
18973
17124
18974
17101
17125
18975
17102
17126
18976
17103
17127
18977
17104
17128
18978
17105
17129
18979
17106
17130
18980
17107
17131
18981
17108
17132
18982
17109
17133
18983
17110
17134
18984
17111
17135
18985
17112
17136
18986
17113
17137
18987
17114
17138
18988
17115
17139
18989
17116
17140
18990
17117
17141
18991
17118
17142
18992
17119
17143
18993
17120
17144
18994
17121
17145
18995
17122
17146
18996
17123
17147
18997
17124
17148
18998
17149
18999
17126
17150
19000
17127
17151
19001
17128
17152
19002
17129
17153
19003
17130
17154
19004
17131
17155
19005
17132
17156
19006
17133
17157
19007
17134
17158
19008
17135
17159
19009
17136
17160
19010
17137
17161
19011
17138
17162
19012
17139
17163
19013
17140
17164
19014
17141
17165
19015
17142
17166
19016
17143
17167
19017
17144
17168
19018
17145
17169
19019
17146
17170
19020
17147
17171
19021
17148
17172
19022
17149
17173
19023
17174
19024
17151
17175
19025
17152
17176
19026
17153
17177
19027
17154
17178
19028
17155
17179
19029
17156
17180
19030
17157
17181
19031
17158
17182
19032
17159
17183
19033
17160
17184
19034
17161
17185
19035
17162
17186
19036
17163
17187
19037
17164
17188
19038
17165
17189
19039
17166
17190
19040
17167
17191
19041
17168
17192
19042
17169
17193
19043
17170
17194
19044
17171
17195
19045
17172
17196
19046
17173
17197
19047
17174
17198
19048
17199
19049
17176
17200
19050
17177
17201
19051
17178
17202
19052
17179
17203
19053
17180
17204
19054
17181
17205
19055
17182
17206
19056
17183
17207
19057
17184
17208
19058
17185
17209
19059
17186
17210
19060
17187
17211
19061
17188
17212
19062
17189
17213
19063
17190
17214
19064
17191
17215
19065
17192
17216
19066
17193
17217
19067
17194
17218
19068
17195
17219
19069
17196
17220
19070
17197
17221
19071
17198
17222
19072
17199
17223
19073
17224
19074
17201
17225
19075
17202
17226
19076
17203
17227
19077
17204
17228
19078
17205
17229
19079
17206
17230
19080
17207
17231
19081
17208
17232
19082
17209
17233
19083
17210
17234
19084
17211
17235
19085
17212
17236
19086
17213
17237
19087
17214
17238
19088
17215
17239
19089
17216
17240
19090
17217
17241
19091
17218
17242
19092
17219
17243
19093
17220
17244
19094
17221
17245
19095
17222
17246
19096
17223
17247
19097
17224
17248
19098
17249
19099
17226
17250
19100
17227
17251
19101
17228
17252
19102
17229
17253
19103
17230
17254
19104
17231
17255
19105
17232
17256
19106
17233
17257
19107
17234
17258
19108
17235
17259
19109
17236
17260
19110
17237
17261
19111
17238
17262
19112
17239
17263
19113
17240
17264
19114
17241
17265
19115
17242
17266
19116
17243
17267
19117
17244
17268
19118
17245
17269
19119
17246
17270
19120
17247
17271
19121
17248
17272
19122
17249
17273
19123
17274
19124
17251
17275
19125
17252
17276
19126
17253
17277
19127
17254
17278
19128
17255
17279
19129
17256
17280
19130
17257
17281
19131
17258
17282
19132
17259
17283
19133
17260
17284
19134
17261
17285
19135
17262
17286
19136
17263
17287
19137
17264
17288
19138
17265
17289
19139
17266
17290
19140
17267
17291
19141
17268
17292
19142
17269
17293
19143
17270
17294
19144
17271
17295
19145
17272
17296
19146
17273
17297
19147
17274
17298
19148
17299
19149
17276
17300
19150
17277
17301
19151
17278
17302
19152
17279
17303
19153
17280
17304
19154
17281
17305
19155
17282
17306
19156
17283
17307
19157
17284
17308
19158
17285
17309
19159
17286
17310
19160
17287
17311
19161
17288
17312
19162
17289
17313
19163
17290
17314
19164
17291
17315
19165
17292
17316
19166
17293
17317
19167
17294
17318
19168
17295
17319
19169
17296
17320
19170
17297
17321
19171
17298
17322
19172
17299
17323
19173
17324
19174
17301
17325
19175
17302
17326
19176
17303
17327
19177
17304
17328
19178
17305
17329
19179
17306
17330
19180
17307
17331
19181
17308
17332
19182
17309
17333
19183
17310
17334
19184
17311
17335
19185
17312
17336
19186
17313
17337
19187
17314
17338
19188
17315
17339
19189
17316
17340
19190
17317
17341
19191
17318
17342
19192
17319
17343
19193
17320
17344
19194
17321
17345
19195
17322
17346
19196
17323
17347
19197
17324
17348
19198
17349
19199
17326
17350
19200
17327
17351
19201
17328
17352
19202
17329
17353
19203
17330
17354
19204
17331
17355
19205
17332
17356
19206
17333
17357
19207
17334
17358
19208
17335
17359
19209
17336
17360
19210
17337
17361
19211
17338
17362
19212
17339
17363
19213
17340
17364
19214
17341
17365
19215
17342
17366
19216
17343
17367
19217
17344
17368
19218
17345
17369
19219
17346
17370
19220
17347
17371
19221
17348
17372
19222
17349
17373
19223
17374
19224
17351
17375
19225
17352
17376
19226
17353
17377
19227
17354
17378
19228
17355
17379
19229
17356
17380
19230
17357
17381
19231
17358
17382
19232
17359
17383
19233
17360
17384
19234
17361
17385
19235
17362
17386
19236
17363
17387
19237
17364
17388
19238
17365
17389
19239
17366
17390
19240
17367
17391
19241
17368
17392
19242
17369
17393
19243
17370
17394
19244
17371
17395
19245
17372
17396
19246
17373
17397
19247
17374
17398
19248
17399
19249
17376
17400
19250
17377
17401
19251
17378
17402
19252
17379
17403
19253
17380
17404
19254
17381
17405
19255
17382
17406
19256
17383
17407
19257
17384
17408
19258
17385
17409
19259
17386
17410
19260
17387
17411
19261
17388
17412
19262
17389
17413
19263
17390
17414
19264
17391
17415
19265
17392
17416
19266
17393
17417
19267
17394
17418
19268
17395
17419
19269
17396
17420
19270
17397
17421
19271
17398
17422
19272
17399
17423
19273
17424
19274
17401
17425
19275
17402
17426
19276
17403
17427
19277
17404
17428
19278
17405
17429
19279
17406
17430
19280
17407
17431
19281
17408
17432
19282
17409
17433
19283
17410
17434
19284
17411
17435
19285
17412
17436
19286
17413
17437
19287
17414
17438
19288
17415
17439
19289
17416
17440
19290
17417
17441
19291
17418
17442
19292
17419
17443
19293
17420
17444
19294
17421
17445
19295
17422
17446
19296
17423
17447
19297
17424
17448
19298
17449
19299
17426
17450
19300
17427
17451
19301
17428
17452
19302
17429
17453
19303
17430
17454
19304
17431
17455
19305
17432
17456
19306
17433
17457
19307
17434
17458
19308
17435
17459
19309
17436
17460
19310
17437
17461
19311
17438
17462
19312
17439
17463
19313
17440
17464
19314
17441
17465
19315
17442
17466
19316
17443
17467
19317
17444
17468
19318
17445
17469
19319
17446
17470
19320
17447
17471
19321
17448
17472
19322
17449
17473
19323
17474
19324
17451
17475
19325
17452
17476
19326
17453
17477
19327
17454
17478
19328
17455
17479
19329
17456
17480
19330
17457
17481
19331
17458
17482
19332
17459
17483
19333
17460
17484
19334
17461
17485
19335
17462
17486
19336
17463
17487
19337
17464
17488
19338
17465
17489
19339
17466
17490
19340
17467
17491
19341
17468
17492
19342
17469
17493
19343
17470
17494
19344
17471
17495
19345
17472
17496
19346
17473
17497
19347
17474
17498
19348
17499
19349
17476
17500
19350
17477
17501
19351
17478
17502
19352
17479
17503
19353
17480
17504
19354
17481
17505
19355
17482
17506
19356
17483
17507
19357
17484
17508
19358
17485
17509
19359
17486
17510
19360
17487
17511
19361
17488
17512
19362
17489
17513
19363
17490
17514
19364
17491
17515
19365
17492
17516
19366
17493
17517
19367
17494
17518
19368
17495
17519
19369
17496
17520
19370
17497
17521
19371
17498
17522
19372
17499
17523
19373
17524
19374
17501
17525
19375
17502
17526
19376
17503
17527
19377
17504
17528
19378
17505
17529
19379
17506
17530
19380
17507
17531
19381
17508
17532
19382
17509
17533
19383
17510
17534
19384
17511
17535
19385
17512
17536
19386
17513
17537
19387
17514
17538
19388
17515
17539
19389
17516
17540
19390
17517
17541
19391
17518
17542
19392
17519
17543
19393
17520
17544
19394
17521
17545
19395
17522
17546
19396
17523
17547
19397
17524
17548
19398
17549
19399
17526
17550
19400
17527
17551
19401
17528
17552
19402
17529
17553
19403
17530
17554
19404
17531
17555
19405
17532
17556
19406
17533
17557
19407
17534
17558
19408
17535
17559
19409
17536
17560
19410
17537
17561
19411
17538
17562
19412
17539
17563
19413
17540
17564
19414
17541
17565
19415
17542
17566
19416
17543
17567
19417
17544
17568
19418
17545
17569
19419
17546
17570
19420
17547
17571
19421
17548
17572
19422
17549
17573
19423
17574
19424
17551
17575
19425
17552
17576
19426
17553
17577
19427
17554
17578
19428
17555
17579
19429
17556
17580
19430
17557
17581
19431
17558
17582
19432
17559
17583
19433
17560
17584
19434
17561
17585
19435
17562
17586
19436
17563
17587
19437
17564
17588
19438
17565
17589
19439
17566
17590
19440
17567
17591
19441
17568
17592
19442
17569
17593
19443
17570
17594
19444
17571
17595
19445
17572
17596
19446
17573
17597
19447
17574
17598
19448
17599
19449
17576
17600
19450
17577
17601
19451
17578
17602
19452
17579
17603
19453
17580
17604
19454
17581
17605
19455
17582
17606
19456
17583
17607
19457
17584
17608
19458
17585
17609
19459
17586
17610
19460
17587
17611
19461
17588
17612
19462
17589
17613
19463
17590
17614
19464
17591
17615
19465
17592
17616
19466
17593
17617
19467
17594
17618
19468
17595
17619
19469
17596
17620
19470
17597
17621
19471
17598
17622
19472
17599
17623
19473
17624
19474
17601
17625
19475
17602
17626
19476
17603
17627
19477
17604
17628
19478
17605
17629
19479
17606
17630
19480
17607
17631
19481
17608
17632
19482
17609
17633
19483
17610
17634
19484
17611
17635
19485
17612
17636
19486
17613
17637
19487
17614
17638
19488
17615
17639
19489
17616
17640
19490
17617
17641
19491
17618
17642
19492
17619
17643
19493
17620
17644
19494
17621
17645
19495
17622
17646
19496
17623
17647
19497
17624
17648
19498
17649
19499
17626
17650
19500
17627
17651
19501
17628
17652
19502
17629
17653
19503
17630
17654
19504
17631
17655
19505
17632
17656
19506
17633
17657
19507
17634
17658
19508
17635
17659
19509
17636
17660
19510
17637
17661
19511
17638
17662
19512
17639
17663
19513
17640
17664
19514
17641
17665
19515
17642
17666
19516
17643
17667
19517
17644
17668
19518
17645
17669
19519
17646
17670
19520
17647
17671
19521
17648
17672
19522
17649
17673
19523
17674
19524
17651
17675
19525
17652
17676
19526
17653
17677
19527
17654
17678
19528
17655
17679
19529
17656
17680
19530
17657
17681
19531
17658
17682
19532
17659
17683
19533
17660
17684
19534
17661
17685
19535
17662
17686
19536
17663
17687
19537
17664
17688
19538
17665
17689
19539
17666
17690
19540
17667
17691
19541
17668
17692
19542
17669
17693
19543
17670
17694
19544
17671
17695
19545
17672
17696
19546
17673
17697
19547
17674
17698
19548
17699
19549
17676
17700
19550
17677
17701
19551
17678
17702
19552
17679
17703
19553
17680
17704
19554
17681
17705
19555
17682
17706
19556
17683
17707
19557
17684
17708
19558
17685
17709
19559
17686
17710
19560
17687
17711
19561
17688
17712
19562
17689
17713
19563
17690
17714
19564
17691
17715
19565
17692
17716
19566
17693
17717
19567
17694
17718
19568
17695
17719
19569
17696
17720
19570
17697
17721
19571
17698
17722
19572
17699
17723
19573
17724
19574
17701
17725
19575
17702
17726
19576
17703
17727
19577
17704
17728
19578
17705
17729
19579
17706
17730
19580
17707
17731
19581
17708
17732
19582
17709
17733
19583
17710
17734
19584
17711
17735
19585
17712
17736
19586
17713
17737
19587
17714
17738
19588
17715
17739
19589
17716
17740
19590
17717
17741
19591
17718
17742
19592
17719
17743
19593
17720
17744
19594
17721
17745
19595
17722
17746
19596
17723
17747
19597
17724
17748
19598
17749
19599
17726
17750
19600
17727
17751
19601
17728
17752
19602
17729
17753
19603
17730
17754
19604
17731
17755
19605
17732
17756
19606
17733
17757
19607
17734
17758
19608
17735
17759
19609
17736
17760
19610
17737
17761
19611
17738
17762
19612
17739
17763
19613
17740
17764
19614
17741
17765
19615
17742
17766
19616
17743
17767
19617
17744
17768
19618
17745
17769
19619
17746
17770
19620
17747
17771
19621
17748
17772
19622
17749
17773
19623
17774
19624
17751
17775
19625
17752
17776
19626
17753
17777
19627
17754
17778
19628
17755
17779
19629
17756
17780
19630
17757
17781
19631
17758
17782
19632
17759
17783
19633
17760
17784
19634
17761
17785
19635
17762
17786
19636
17763
17787
19637
17764
17788
19638
17765
17789
19639
17766
17790
19640
17767
17791
19641
17768
17792
19642
17769
17793
19643
17770
17794
19644
17771
17795
19645
17772
17796
19646
17773
17797
19647
17774
17798
19648
17799
19649
17776
17800
19650
17777
17801
19651
17778
17802
19652
17779
17803
19653
17780
17804
19654
17781
17805
19655
17782
17806
19656
17783
17807
19657
17784
17808
19658
17785
17809
19659
17786
17810
19660
17787
17811
19661
17788
17812
19662
17789
17813
19663
17790
17814
19664
17791
17815
19665
17792
17816
19666
17793
17817
19667
17794
17818
19668
17795
17819
19669
17796
17820
19670
17797
17821
19671
17798
17822
19672
17799
17823
19673
17824
19674
17801
17825
19675
17802
17826
19676
17803
17827
19677
17804
17828
19678
17805
17829
19679
17806
17830
19680
17807
17831
19681
17808
17832
19682
17809
17833
19683
17810
17834
19684
17811
17835
19685
17812
17836
19686
17813
17837
19687
17814
17838
19688
17815
17839
19689
17816
17840
19690
17817
17841
19691
17818
17842
19692
17819
17843
19693
17820
17844
19694
17821
17845
19695
17822
17846
19696
17823
17847
19697
17824
17848
19698
17849
19699
17826
17850
19700
17827
17851
19701
17828
17852
19702
17829
17853
19703
17830
17854
19704
17831
17855
19705
17832
17856
19706
17833
17857
19707
17834
17858
19708
17835
17859
19709
17836
17860
19710
17837
17861
19711
17838
17862
19712
17839
17863
19713
17840
17864
19714
17841
17865
19715
17842
17866
19716
17843
17867
19717
17844
17868
19718
17845
17869
19719
17846
17870
19720
17847
17871
19721
17848
17872
19722
17849
17873
19723
17874
19724
17851
17875
19725
17852
17876
19726
17853
17877
19727
17854
17878
19728
17855
17879
19729
17856
17880
19730
17857
17881
19731
17858
17882
19732
17859
17883
19733
17860
17884
19734
17861
17885
19735
17862
17886
19736
17863
17887
19737
17864
17888
19738
17865
17889
19739
17866
17890
19740
17867
17891
19741
17868
17892
19742
17869
17893
19743
17870
17894
19744
17871
17895
19745
17872
17896
19746
17873
17897
19747
17874
17898
19748
17899
19749
17876
17900
19750
17877
17901
19751
17878
17902
19752
17879
17903
19753
17880
17904
19754
17881
17905
19755
17882
17906
19756
17883
17907
19757
17884
17908
19758
17885
17909
19759
17886
17910
19760
17887
17911
19761
17888
17912
19762
17889
17913
19763
17890
17914
19764
17891
17915
19765
17892
17916
19766
17893
17917
19767
17894
17918
19768
17895
17919
19769
17896
17920
19770
17897
17921
19771
17898
17922
19772
17899
17923
19773
17924
19774
17901
17925
19775
17902
17926
19776
17903
17927
19777
17904
17928
19778
17905
17929
19779
17906
17930
19780
17907
17931
19781
17908
17932
19782
17909
17933
19783
17910
17934
19784
17911
17935
19785
17912
17936
19786
17913
17937
19787
17914
17938
19788
17915
17939
19789
17916
17940
19790
17917
17941
19791
17918
17942
19792
17919
17943
19793
17920
17944
19794
17921
17945
19795
17922
17946
19796
17923
17947
19797
17924
17948
19798
17949
19799
17926
17950
19800
17927
17951
19801
17928
17952
19802
17929
17953
19803
17930
17954
19804
17931
17955
19805
17932
17956
19806
17933
17957
19807
17934
17958
19808
17935
17959
19809
17936
17960
19810
17937
17961
19811
17938
17962
19812
17939
17963
19813
17940
17964
19814
17941
17965
19815
17942
17966
19816
17943
17967
19817
17944
17968
19818
17945
17969
19819
17946
17970
19820
17947
17971
19821
17948
17972
19822
17949
17973
19823
17974
19824
17951
17975
19825
17952
17976
19826
17953
17977
19827
17954
17978
19828
17955
17979
19829
17956
17980
19830
17957
17981
19831
17958
17982
19832
17959
17983
19833
17960
17984
19834
17961
17985
19835
17962
17986
19836
17963
17987
19837
17964
17988
19838
17965
17989
19839
17966
17990
19840
17967
17991
19841
17968
17992
19842
17969
17993
19843
17970
17994
19844
17971
17995
19845
17972
17996
19846
17973
17997
19847
17974
17998
19848
17999
19849
17976
18000
19850
17977
18001
19851
17978
18002
19852
17979
18003
19853
17980
18004
19854
17981
18005
19855
17982
18006
19856
17983
18007
19857
17984
18008
19858
17985
18009
19859
17986
18010
19860
17987
18011
19861
17988
18012
19862
17989
18013
19863
17990
18014
19864
17991
18015
19865
17992
18016
19866
17993
18017
19867
17994
18018
19868
17995
18019
19869
17996
18020
19870
17997
18021
19871
17998
18022
19872
17999
18023
19873
18024
19874
18001
18025
19875
18002
18026
19876
18003
18027
19877
18004
18028
19878
18005
18029
19879
18006
18030
19880
18007
18031
19881
18008
18032
19882
18009
18033
19883
18010
18034
19884
18011
18035
19885
18012
18036
19886
18013
18037
19887
18014
18038
19888
18015
18039
19889
18016
18040
19890
18017
18041
19891
18018
18042
19892
18019
18043
19893
18020
18044
19894
18021
18045
19895
18022
18046
19896
18023
18047
19897
18024
18048
19898
18049
19899
18026
18050
19900
18027
18051
19901
18028
18052
19902
18029
18053
19903
18030
18054
19904
18031
18055
19905
18032
18056
19906
18033
18057
19907
18034
18058
19908
18035
18059
19909
18036
18060
19910
18037
18061
19911
18038
18062
19912
18039
18063
19913
18040
18064
19914
18041
18065
19915
18042
18066
19916
18043
18067
19917
18044
18068
19918
18045
18069
19919
18046
18070
19920
18047
18071
19921
18048
18072
19922
18049
18073
19923
18074
19924
18051
18075
19925
18052
18076
19926
18053
18077
19927
18054
18078
19928
18055
18079
19929
18056
18080
19930
18057
18081
19931
18058
18082
19932
18059
18083
19933
18060
18084
19934
18061
18085
19935
18062
18086
19936
18063
18087
19937
18064
18088
19938
18065
18089
19939
18066
18090
19940
18067
18091
19941
18068
18092
19942
18069
18093
19943
18070
18094
19944
18071
18095
19945
18072
18096
19946
18073
18097
19947
18074
18098
19948
18099
19949
18076
18100
19950
18077
18101
19951
18078
18102
19952
18079
18103
19953
18080
18104
19954
18081
18105
19955
18082
18106
19956
18083
18107
19957
18084
18108
19958
18085
18109
19959
18086
18110
19960
18087
18111
19961
18088
18112
19962
18089
18113
19963
18090
18114
19964
18091
18115
19965
18092
18116
19966
18093
18117
19967
18094
18118
19968
18095
18119
19969
18096
18120
19970
18097
18121
19971
18098
18122
19972
18099
18123
19973
18124
19974
18101
18125
19975
18102
18126
19976
18103
18127
19977
18104
18128
19978
18105
18129
19979
18106
18130
19980
18107
18131
19981
18108
18132
19982
18109
18133
19983
18110
18134
19984
18111
18135
19985
18112
18136
19986
18113
18137
19987
18114
18138
19988
18115
18139
19989
18116
18140
19990
18117
18141
19991
18118
18142
19992
18119
18143
19993
18120
18144
19994
18121
18145
19995
18122
18146
19996
18123
18147
19997
18124
18148
19998
18149
19999
18126
18150
20000
18127
18151
20001
18128
18152
20002
18129
18153
20003
18130
18154
20004
18131
18155
20005
18132
18156
20006
18133
18157
20007
18134
18158
20008
18135
18159
20009
18136
18160
20010
18137
18161
20011
18138
18162
20012
18139
18163
20013
18140
18164
20014
18141
18165
20015
18142
18166
20016
18143
18167
20017
18144
18168
20018
18145
18169
20019
18146
18170
20020
18147
18171
20021
18148
18172
20022
18149
18173
20023
18174
20024
18151
18175
20025
18152
18176
20026
18153
18177
20027
18154
18178
20028
18155
18179
20029
18156
18180
20030
18157
18181
20031
18158
18182
20032
18159
18183
20033
18160
18184
20034
18161
18185
20035
18162
18186
20036
18163
18187
20037
18164
18188
20038
18165
18189
20039
18166
18190
20040
18167
18191
20041
18168
18192
20042
18169
18193
20043
18170
18194
20044
18171
18195
20045
18172
18196
20046
18173
18197
20047
18174
18198
20048
18199
20049
18176
18200
20050
18177
18201
20051
18178
18202
20052
18179
18203
20053
18180
18204
20054
18181
18205
20055
18182
18206
20056
18183
18207
20057
18184
18208
20058
18185
18209
20059
18186
18210
20060
18187
18211
20061
18188
18212
20062
18189
18213
20063
18190
18214
20064
18191
18215
20065
18192
18216
20066
18193
18217
20067
18194
18218
20068
18195
18219
20069
18196
18220
20070
18197
18221
20071
18198
18222
20072
18199
18223
20073
18224
20074
18201
18225
20075
18202
18226
20076
18203
18227
20077
18204
18228
20078
18205
18229
20079
18206
18230
20080
18207
18231
20081
18208
18232
20082
18209
18233
20083
18210
18234
20084
18211
18235
20085
18212
18236
20086
18213
18237
20087
18214
18238
20088
18215
18239
20089
18216
18240
20090
18217
18241
20091
18218
18242
20092
18219
18243
20093
18220
18244
20094
18221
18245
20095
18222
18246
20096
18223
18247
20097
18224
18248
20098
18249
20099
18226
18250
20100
18227
18251
20101
18228
18252
20102
18229
18253
20103
18230
18254
20104
18231
18255
20105
18232
18256
20106
18233
18257
20107
18234
18258
20108
18235
18259
20109
18236
18260
20110
18237
18261
20111
18238
18262
20112
18239
18263
20113
18240
18264
20114
18241
18265
20115
18242
18266
20116
18243
18267
20117
18244
18268
20118
18245
18269
20119
18246
18270
20120
18247
18271
20121
18248
18272
20122
18249
18273
20123
18274
20124
18251
18275
20125
18252
18276
20126
18253
18277
20127
18254
18278
20128
18255
18279
20129
18256
18280
20130
18257
18281
20131
18258
18282
20132
18259
18283
20133
18260
18284
20134
18261
18285
20135
18262
18286
20136
18263
18287
20137
18264
18288
20138
18265
18289
20139
18266
18290
20140
18267
18291
20141
18268
18292
20142
18269
18293
20143
18270
18294
20144
18271
18295
20145
18272
18296
20146
18273
18297
20147
18274
18298
20148
18299
20149
18276
18300
20150
18277
18301
20151
18278
18302
20152
18279
18303
20153
18280
18304
20154
18281
18305
20155
18282
18306
20156
18283
18307
20157
18284
18308
20158
18285
18309
20159
18286
18310
20160
18287
18311
20161
18288
18312
20162
18289
18313
20163
18290
18314
20164
18291
18315
20165
18292
18316
20166
18293
18317
20167
18294
18318
20168
18295
18319
20169
18296
18320
20170
18297
18321
20171
18298
18322
20172
18299
18323
20173
18324
20174
18301
18325
20175
18302
18326
20176
18303
18327
20177
18304
18328
20178
18305
18329
20179
18306
18330
20180
18307
18331
20181
18308
18332
20182
18309
18333
20183
18310
18334
20184
18311
18335
20185
18312
18336
20186
18313
18337
20187
18314
18338
20188
18315
18339
20189
18316
18340
20190
18317
18341
20191
18318
18342
20192
18319
18343
20193
18320
18344
20194
18321
18345
20195
18322
18346
20196
18323
18347
20197
18324
18348
20198
18349
20199
18326
18350
20200
18327
18351
20201
18328
18352
20202
18329
18353
20203
18330
18354
20204
18331
18355
20205
18332
18356
20206
18333
18357
20207
18334
18358
20208
18335
18359
20209
18336
18360
20210
18337
18361
20211
18338
18362
20212
18339
18363
20213
18340
18364
20214
18341
18365
20215
18342
18366
20216
18343
18367
20217
18344
18368
20218
18345
18369
20219
18346
18370
20220
18347
18371
20221
18348
18372
20222
18349
18373
20223
18374
20224
18351
18375
20225
18352
18376
20226
18353
18377
20227
18354
18378
20228
18355
18379
20229
18356
18380
20230
18357
18381
20231
18358
18382
20232
18359
18383
20233
18360
18384
20234
18361
18385
20235
18362
18386
20236
18363
18387
20237
18364
18388
20238
18365
18389
20239
18366
18390
20240
18367
18391
20241
18368
18392
20242
18369
18393
20243
18370
18394
20244
18371
18395
20245
18372
18396
20246
18373
18397
20247
18374
18398
20248
18399
20249
18376
18400
20250
18377
18401
20251
18378
18402
20252
18379
18403
20253
18380
18404
20254
18381
18405
20255
18382
18406
20256
18383
18407
20257
18384
18408
20258
18385
18409
20259
18386
18410
20260
18387
18411
20261
18388
18412
20262
18389
18413
20263
18390
18414
20264
18391
18415
20265
18392
18416
20266
18393
18417
20267
18394
18418
20268
18395
18419
20269
18396
18420
20270
18397
18421
20271
18398
18422
20272
18399
18423
20273
18424
20274
18401
18425
20275
18402
18426
20276
18403
18427
20277
18404
18428
20278
18405
18429
20279
18406
18430
20280
18407
18431
20281
18408
18432
20282
18409
18433
20283
18410
18434
20284
18411
18435
20285
18412
18436
20286
18413
18437
20287
18414
18438
20288
18415
18439
20289
18416
18440
20290
18417
18441
20291
18418
18442
20292
18419
18443
20293
18420
18444
20294
18421
18445
20295
18422
18446
20296
18423
18447
20297
18424
18448
20298
18449
20299
18426
18450
20300
18427
18451
20301
18428
18452
20302
18429
18453
20303
18430
18454
20304
18431
18455
20305
18432
18456
20306
18433
18457
20307
18434
18458
20308
18435
18459
20309
18436
18460
20310
18437
18461
20311
18438
18462
20312
18439
18463
20313
18440
18464
20314
18441
18465
20315
18442
18466
20316
18443
18467
20317
18444
18468
20318
18445
18469
20319
18446
18470
20320
18447
18471
20321
18448
18472
20322
18449
18473
20323
18474
20324
18451
18475
20325
18452
18476
20326
18453
18477
20327
18454
18478
20328
18455
18479
20329
18456
18480
20330
18457
18481
20331
18458
18482
20332
18459
18483
20333
18460
18484
20334
18461
18485
20335
18462
18486
20336
18463
18487
20337
18464
18488
20338
18465
18489
20339
18466
18490
20340
18467
18491
20341
18468
18492
20342
18469
18493
20343
18470
18494
20344
18471
18495
20345
18472
18496
20346
18473
18497
20347
18474
18498
20348
18499
20349
18476
18500
20350
18477
18501
20351
18478
18502
20352
18479
18503
20353
18480
18504
20354
18481
18505
20355
18482
18506
20356
18483
18507
20357
18484
18508
20358
18485
18509
20359
18486
18510
20360
18487
18511
20361
18488
18512
20362
18489
18513
20363
18490
18514
20364
18491
18515
20365
18492
18516
20366
18493
18517
20367
18494
18518
20368
18495
18519
20369
18496
18520
20370
18497
18521
20371
18498
18522
20372
18499
18523
20373
18524
20374
18501
18525
20375
18502
18526
20376
18503
18527
20377
18504
18528
20378
18505
18529
20379
18506
18530
20380
18507
18531
20381
18508
18532
20382
18509
18533
20383
18510
18534
20384
18511
18535
20385
18512
18536
20386
18513
18537
20387
18514
18538
20388
18515
18539
20389
18516
18540
20390
18517
18541
20391
18518
18542
20392
18519
18543
20393
18520
18544
20394
18521
18545
20395
18522
18546
20396
18523
18547
20397
18524
18548
20398
18549
20399
18526
18550
20400
18527
18551
20401
18528
18552
20402
18529
18553
20403
18530
18554
20404
18531
18555
20405
18532
18556
20406
18533
18557
20407
18534
18558
20408
18535
18559
20409
18536
18560
20410
18537
18561
20411
18538
18562
20412
18539
18563
20413
18540
18564
20414
18541
18565
20415
18542
18566
20416
18543
18567
20417
18544
18568
20418
18545
18569
20419
18546
18570
20420
18547
18571
20421
18548
18572
20422
18549
18573
20423
18574
20424
18551
18575
20425
18552
18576
20426
18553
18577
20427
18554
18578
20428
18555
18579
20429
18556
18580
20430
18557
18581
20431
18558
18582
20432
18559
18583
20433
18560
18584
20434
18561
18585
20435
18562
18586
20436
18563
18587
20437
18564
18588
20438
18565
18589
20439
18566
18590
20440
18567
18591
20441
18568
18592
20442
18569
18593
20443
18570
18594
20444
18571
18595
20445
18572
18596
20446
18573
18597
20447
18574
18598
20448
18599
20449
18576
18600
20450
18577
18601
20451
18578
18602
20452
18579
18603
20453
18580
18604
20454
18581
18605
20455
18582
18606
20456
18583
18607
20457
18584
18608
20458
18585
18609
20459
18586
18610
20460
18587
18611
20461
18588
18612
20462
18589
18613
20463
18590
18614
20464
18591
18615
20465
18592
18616
20466
18593
18617
20467
18594
18618
20468
18595
18619
20469
18596
18620
20470
18597
18621
20471
18598
18622
20472
18599
18623
20473
18624
20474
18601
18625
20475
18602
18626
20476
18603
18627
20477
18604
18628
20478
18605
18629
20479
18606
18630
20480
18607
18631
20481
18608
18632
20482
18609
18633
20483
18610
18634
20484
18611
18635
20485
18612
18636
20486
18613
18637
20487
18614
18638
20488
18615
18639
20489
18616
18640
20490
18617
18641
20491
18618
18642
20492
18619
18643
20493
18620
18644
20494
18621
18645
20495
18622
18646
20496
18623
18647
20497
18624
18648
20498
18649
20499
18626
18650
20500
18627
18651
20501
18628
18652
20502
18629
18653
20503
18630
18654
20504
18631
18655
20505
18632
18656
20506
18633
18657
20507
18634
18658
20508
18635
18659
20509
18636
18660
20510
18637
18661
20511
18638
18662
20512
18639
18663
20513
18640
18664
20514
18641
18665
20515
18642
18666
20516
18643
18667
20517
18644
18668
20518
18645
18669
20519
18646
18670
20520
18647
18671
20521
18648
18672
20522
18649
18673
20523
18674
20524
18651
18675
20525
18652
18676
20526
18653
18677
20527
18654
18678
20528
18655
18679
20529
18656
18680
20530
18657
18681
20531
18658
18682
20532
18659
18683
20533
18660
18684
20534
18661
18685
20535
18662
18686
20536
18663
18687
20537
18664
18688
20538
18665
18689
20539
18666
18690
20540
18667
18691
20541
18668
18692
20542
18669
18693
20543
18670
18694
20544
18671
18695
20545
18672
18696
20546
18673
18697
20547
18674
18698
20548
18699
20549
18676
18700
20550
18677
18701
20551
18678
18702
20552
18679
18703
20553
18680
18704
20554
18681
18705
20555
18682
18706
20556
18683
18707
20557
18684
18708
20558
18685
18709
20559
18686
18710
20560
18687
18711
20561
18688
18712
20562
18689
18713
20563
18690
18714
20564
18691
18715
20565
18692
18716
20566
18693
18717
20567
18694
18718
20568
18695
18719
20569
18696
18720
20570
18697
18721
20571
18698
18722
20572
18699
18723
20573
18724
20574
18701
18725
20575
18702
18726
20576
18703
18727
20577
18704
18728
20578
18705
18729
20579
18706
18730
20580
18707
18731
20581
18708
18732
20582
18709
18733
20583
18710
18734
20584
18711
18735
20585
18712
18736
20586
18713
18737
20587
18714
18738
20588
18715
18739
20589
18716
18740
20590
18717
18741
20591
18718
18742
20592
18719
18743
20593
18720
18744
20594
18721
18745
20595
18722
18746
20596
18723
18747
20597
18724
18748
20598
18749
20599
18726
20600
18727
20601
18728
20602
18729
20603
18730
20604
18731
20605
18732
20606
18733
20607
18734
20608
18735
20609
18736
20610
18737
20611
18738
20612
18739
20613
18740
20614
18741
20615
18742
20616
18743
20617
18744
20618
18745
20619
18746
20620
18747
20621
18748
20622
18749
20623
20624
18751
18775
20625
18752
18776
20626
18753
18777
20627
18754
18778
20628
18755
18779
20629
18756
18780
20630
18757
18781
20631
18758
18782
20632
18759
18783
20633
18760
18784
20634
18761
18785
20635
18762
18786
20636
18763
18787
20637
18764
18788
20638
18765
18789
20639
18766
18790
20640
18767
18791
20641
18768
18792
20642
18769
18793
20643
18770
18794
20644
18771
18795
20645
18772
18796
20646
18773
18797
20647
18774
18798
20648
18799
20649
18776
18800
20650
18777
18801
20651
18778
18802
20652
18779
18803
20653
18780
18804
20654
18781
18805
20655
18782
18806
20656
18783
18807
20657
18784
18808
20658
18785
18809
20659
18786
18810
20660
18787
18811
20661
18788
18812
20662
18789
18813
20663
18790
18814
20664
18791
18815
20665
18792
18816
20666
18793
18817
20667
18794
18818
20668
18795
18819
20669
18796
18820
20670
18797
18821
20671
18798
18822
20672
18799
18823
20673
18824
20674
18801
18825
20675
18802
18826
20676
18803
18827
20677
18804
18828
20678
18805
18829
20679
18806
18830
20680
18807
18831
20681
18808
18832
20682
18809
18833
20683
18810
18834
20684
18811
18835
20685
18812
18836
20686
18813
18837
20687
18814
18838
20688
18815
18839
20689
18816
18840
20690
18817
18841
20691
18818
18842
20692
18819
18843
20693
18820
18844
20694
18821
18845
20695
18822
18846
20696
18823
18847
20697
18824
18848
20698
18849
20699
18826
18850
20700
18827
18851
20701
18828
18852
20702
18829
18853
20703
18830
18854
20704
18831
18855
20705
18832
18856
20706
18833
18857
20707
18834
18858
20708
18835
18859
20709
18836
18860
20710
18837
18861
20711
18838
18862
20712
18839
18863
20713
18840
18864
20714
18841
18865
20715
18842
18866
20716
18843
18867
20717
18844
18868
20718
18845
18869
20719
18846
18870
20720
18847
18871
20721
18848
18872
20722
18849
18873
20723
18874
20724
18851
18875
20725
18852
18876
20726
18853
18877
20727
18854
18878
20728
18855
18879
20729
18856
18880
20730
18857
18881
20731
18858
18882
20732
18859
18883
20733
18860
18884
20734
18861
18885
20735
18862
18886
20736
18863
18887
20737
18864
18888
20738
18865
18889
20739
18866
18890
20740
18867
18891
20741
18868
18892
20742
18869
18893
20743
18870
18894
20744
18871
18895
20745
18872
18896
20746
18873
18897
20747
18874
18898
20748
18899
20749
18876
18900
20750
18877
18901
20751
18878
18902
20752
18879
18903
20753
18880
18904
20754
18881
18905
20755
18882
18906
20756
18883
18907
20757
18884
18908
20758
18885
18909
20759
18886
18910
20760
18887
18911
20761
18888
18912
20762
18889
18913
20763
18890
18914
20764
18891
18915
20765
18892
18916
20766
18893
18917
20767
18894
18918
20768
18895
18919
20769
18896
18920
20770
18897
18921
20771
18898
18922
20772
18899
18923
20773
18924
20774
18901
18925
20775
18902
18926
20776
18903
18927
20777
18904
18928
20778
18905
18929
20779
18906
18930
20780
18907
18931
20781
18908
18932
20782
18909
18933
20783
18910
18934
20784
18911
18935
20785
18912
18936
20786
18913
18937
20787
18914
18938
20788
18915
18939
20789
18916
18940
20790
18917
18941
20791
18918
18942
20792
18919
18943
20793
18920
18944
20794
18921
18945
20795
18922
18946
20796
18923
18947
20797
18924
18948
20798
18949
20799
18926
18950
20800
18927
18951
20801
18928
18952
20802
18929
18953
20803
18930
18954
20804
18931
18955
20805
18932
18956
20806
18933
18957
20807
18934
18958
20808
18935
18959
20809
18936
18960
20810
18937
18961
20811
18938
18962
20812
18939
18963
20813
18940
18964
20814
18941
18965
20815
18942
18966
20816
18943
18967
20817
18944
18968
20818
18945
18969
20819
18946
18970
20820
18947
18971
20821
18948
18972
20822
18949
18973
20823
18974
20824
18951
18975
20825
18952
18976
20826
18953
18977
20827
18954
18978
20828
18955
18979
20829
18956
18980
20830
18957
18981
20831
18958
18982
20832
18959
18983
20833
18960
18984
20834
18961
18985
20835
18962
18986
20836
18963
18987
20837
18964
18988
20838
18965
18989
20839
18966
18990
20840
18967
18991
20841
18968
18992
20842
18969
18993
20843
18970
18994
20844
18971
18995
20845
18972
18996
20846
18973
18997
20847
18974
18998
20848
18999
20849
18976
19000
20850
18977
19001
20851
18978
19002
20852
18979
19003
20853
18980
19004
20854
18981
19005
20855
18982
19006
20856
18983
19007
20857
18984
19008
20858
18985
19009
20859
18986
19010
20860
18987
19011
20861
18988
19012
20862
18989
19013
20863
18990
19014
20864
18991
19015
20865
18992
19016
20866
18993
19017
20867
18994
19018
20868
18995
19019
20869
18996
19020
20870
18997
19021
20871
18998
19022
20872
18999
19023
20873
19024
20874
19001
19025
20875
19002
19026
20876
19003
19027
20877
19004
19028
20878
19005
19029
20879
19006
19030
20880
19007
19031
20881
19008
19032
20882
19009
19033
20883
19010
19034
20884
19011
19035
20885
19012
19036
20886
19013
19037
20887
19014
19038
20888
19015
19039
20889
19016
19040
20890
19017
19041
20891
19018
19042
20892
19019
19043
20893
19020
19044
20894
19021
19045
20895
19022
19046
20896
19023
19047
20897
19024
19048
20898
19049
20899
19026
19050
20900
19027
19051
20901
19028
19052
20902
19029
19053
20903
19030
19054
20904
19031
19055
20905
19032
19056
20906
19033
19057
20907
19034
19058
20908
19035
19059
20909
19036
19060
20910
19037
19061
20911
19038
19062
20912
19039
19063
20913
19040
19064
20914
19041
19065
20915
19042
19066
20916
19043
19067
20917
19044
19068
20918
19045
19069
20919
19046
19070
20920
19047
19071
20921
19048
19072
20922
19049
19073
20923
19074
20924
19051
19075
20925
19052
19076
20926
19053
19077
20927
19054
19078
20928
19055
19079
20929
19056
19080
20930
19057
19081
20931
19058
19082
20932
19059
19083
20933
19060
19084
20934
19061
19085
20935
19062
19086
20936
19063
19087
20937
19064
19088
20938
19065
19089
20939
19066
19090
20940
19067
19091
20941
19068
19092
20942
19069
19093
20943
19070
19094
20944
19071
19095
20945
19072
19096
20946
19073
19097
20947
19074
19098
20948
19099
20949
19076
19100
20950
19077
19101
20951
19078
19102
20952
19079
19103
20953
19080
19104
20954
19081
19105
20955
19082
19106
20956
19083
19107
20957
19084
19108
20958
19085
19109
20959
19086
19110
20960
19087
19111
20961
19088
19112
20962
19089
19113
20963
19090
19114
20964
19091
19115
20965
19092
19116
20966
19093
19117
20967
19094
19118
20968
19095
19119
20969
19096
19120
20970
19097
19121
20971
19098
19122
20972
19099
19123
20973
19124
20974
19101
19125
20975
19102
19126
20976
19103
19127
20977
19104
19128
20978
19105
19129
20979
19106
19130
20980
19107
19131
20981
19108
19132
20982
19109
19133
20983
19110
19134
20984
19111
19135
20985
19112
19136
20986
19113
19137
20987
19114
19138
20988
19115
19139
20989
19116
19140
20990
19117
19141
20991
19118
19142
20992
19119
19143
20993
19120
19144
20994
19121
19145
20995
19122
19146
20996
19123
19147
20997
19124
19148
20998
19149
20999
19126
19150
21000
19127
19151
21001
19128
19152
21002
19129
19153
21003
19130
19154
21004
19131
19155
21005
19132
19156
21006
19133
19157
21007
19134
19158
21008
19135
19159
21009
19136
19160
21010
19137
19161
21011
19138
19162
21012
19139
19163
21013
19140
19164
21014
19141
19165
21015
19142
19166
21016
19143
19167
21017
19144
19168
21018
19145
19169
21019
19146
19170
21020
19147
19171
21021
19148
19172
21022
19149
19173
21023
19174
21024
19151
19175
21025
19152
19176
21026
19153
19177
21027
19154
19178
21028
19155
19179
21029
19156
19180
21030
19157
19181
21031
19158
19182
21032
19159
19183
21033
19160
19184
21034
19161
19185
21035
19162
19186
21036
19163
19187
21037
19164
19188
21038
19165
19189
21039
19166
19190
21040
19167
19191
21041
19168
19192
21042
19169
19193
21043
19170
19194
21044
19171
19195
21045
19172
19196
21046
19173
19197
21047
19174
19198
21048
19199
21049
19176
19200
21050
19177
19201
21051
19178
19202
21052
19179
19203
21053
19180
19204
21054
19181
19205
21055
19182
19206
21056
19183
19207
21057
19184
19208
21058
19185
19209
21059
19186
19210
21060
19187
19211
21061
19188
19212
21062
19189
19213
21063
19190
19214
21064
19191
19215
21065
19192
19216
21066
19193
19217
21067
19194
19218
21068
19195
19219
21069
19196
19220
21070
19197
19221
21071
19198
19222
21072
19199
19223
21073
19224
21074
19201
19225
21075
19202
19226
21076
19203
19227
21077
19204
19228
21078
19205
19229
21079
19206
19230
21080
19207
19231
21081
19208
19232
21082
19209
19233
21083
19210
19234
21084
19211
19235
21085
19212
19236
21086
19213
19237
21087
19214
19238
21088
19215
19239
21089
19216
19240
21090
19217
19241
21091
19218
19242
21092
19219
19243
21093
19220
19244
21094
19221
19245
21095
19222
19246
21096
19223
19247
21097
19224
19248
21098
19249
21099
19226
19250
21100
19227
19251
21101
19228
19252
21102
19229
19253
21103
19230
19254
21104
19231
19255
21105
19232
19256
21106
19233
19257
21107
19234
19258
21108
19235
19259
21109
19236
19260
21110
19237
19261
21111
19238
19262
21112
19239
19263
21113
19240
19264
21114
19241
19265
21115
19242
19266
21116
19243
19267
21117
19244
19268
21118
19245
19269
21119
19246
19270
21120
19247
19271
21121
19248
19272
21122
19249
19273
21123
19274
21124
19251
19275
21125
19252
19276
21126
19253
19277
21127
19254
19278
21128
19255
19279
21129
19256
19280
21130
19257
19281
21131
19258
19282
21132
19259
19283
21133
19260
19284
21134
19261
19285
21135
19262
19286
21136
19263
19287
21137
19264
19288
21138
19265
19289
21139
19266
19290
21140
19267
19291
21141
19268
19292
21142
19269
19293
21143
19270
19294
21144
19271
19295
21145
19272
19296
21146
19273
19297
21147
19274
19298
21148
19299
21149
19276
19300
21150
19277
19301
21151
19278
19302
21152
19279
19303
21153
19280
19304
21154
19281
19305
21155
19282
19306
21156
19283
19307
21157
19284
19308
21158
19285
19309
21159
19286
19310
21160
19287
19311
21161
19288
19312
21162
19289
19313
21163
19290
19314
21164
19291
19315
21165
19292
19316
21166
19293
19317
21167
19294
19318
21168
19295
19319
21169
19296
19320
21170
19297
19321
21171
19298
19322
21172
19299
19323
21173
19324
21174
19301
19325
21175
19302
19326
21176
19303
19327
21177
19304
19328
21178
19305
19329
21179
19306
19330
21180
19307
19331
21181
19308
19332
21182
19309
19333
21183
19310
19334
21184
19311
19335
21185
19312
19336
21186
19313
19337
21187
19314
19338
21188
19315
19339
21189
19316
19340
21190
19317
19341
21191
19318
19342
21192
19319
19343
21193
19320
19344
21194
19321
19345
21195
19322
19346
21196
19323
19347
21197
19324
19348
21198
19349
21199
19326
19350
21200
19327
19351
21201
19328
19352
21202
19329
19353
21203
19330
19354
21204
19331
19355
21205
19332
19356
21206
19333
19357
21207
19334
19358
21208
19335
19359
21209
19336
19360
21210
19337
19361
21211
19338
19362
21212
19339
19363
21213
19340
19364
21214
19341
19365
21215
19342
19366
21216
19343
19367
21217
19344
19368
21218
19345
19369
21219
19346
19370
21220
19347
19371
21221
19348
19372
21222
19349
19373
21223
19374
21224
19351
19375
21225
19352
19376
21226
19353
19377
21227
19354
19378
21228
19355
19379
21229
19356
19380
21230
19357
19381
21231
19358
19382
21232
19359
19383
21233
19360
19384
21234
19361
19385
21235
19362
19386
21236
19363
19387
21237
19364
19388
21238
19365
19389
21239
19366
19390
21240
19367
19391
21241
19368
19392
21242
19369
19393
21243
19370
19394
21244
19371
19395
21245
19372
19396
21246
19373
19397
21247
19374
19398
21248
19399
21249
19376
19400
21250
19377
19401
21251
19378
19402
21252
19379
19403
21253
19380
19404
21254
19381
19405
21255
19382
19406
21256
19383
19407
21257
19384
19408
21258
19385
19409
21259
19386
19410
21260
19387
19411
21261
19388
19412
21262
19389
19413
21263
19390
19414
21264
19391
19415
21265
19392
19416
21266
19393
19417
21267
19394
19418
21268
19395
19419
21269
19396
19420
21270
19397
19421
21271
19398
19422
21272
19399
19423
21273
19424
21274
19401
19425
21275
19402
19426
21276
19403
19427
21277
19404
19428
21278
19405
19429
21279
19406
19430
21280
19407
19431
21281
19408
19432
21282
19409
19433
21283
19410
19434
21284
19411
19435
21285
19412
19436
21286
19413
19437
21287
19414
19438
21288
19415
19439
21289
19416
19440
21290
19417
19441
21291
19418
19442
21292
19419
19443
21293
19420
19444
21294
19421
19445
21295
19422
19446
21296
19423
19447
21297
19424
19448
21298
19449
21299
19426
19450
21300
19427
19451
21301
19428
19452
21302
19429
19453
21303
19430
19454
21304
19431
19455
21305
19432
19456
21306
19433
19457
21307
19434
19458
21308
19435
19459
21309
19436
19460
21310
19437
19461
21311
19438
19462
21312
19439
19463
21313
19440
19464
21314
19441
19465
21315
19442
19466
21316
19443
19467
21317
19444
19468
21318
19445
19469
21319
19446
19470
21320
19447
19471
21321
19448
19472
21322
19449
19473
21323
19474
21324
19451
19475
21325
19452
19476
21326
19453
19477
21327
19454
19478
21328
19455
19479
21329
19456
19480
21330
19457
19481
21331
19458
19482
21332
19459
19483
21333
19460
19484
21334
19461
19485
21335
19462
19486
21336
19463
19487
21337
19464
19488
21338
19465
19489
21339
19466
19490
21340
19467
19491
21341
19468
19492
21342
19469
19493
21343
19470
19494
21344
19471
19495
21345
19472
19496
21346
19473
19497
21347
19474
19498
21348
19499
21349
19476
19500
21350
19477
19501
21351
19478
19502
21352
19479
19503
21353
19480
19504
21354
19481
19505
21355
19482
19506
21356
19483
19507
21357
19484
19508
21358
19485
19509
21359
19486
19510
21360
19487
19511
21361
19488
19512
21362
19489
19513
21363
19490
19514
21364
19491
19515
21365
19492
19516
21366
19493
19517
21367
19494
19518
21368
19495
19519
21369
19496
19520
21370
19497
19521
21371
19498
19522
21372
19499
19523
21373
19524
21374
19501
19525
21375
19502
19526
21376
19503
19527
21377
19504
19528
21378
19505
19529
21379
19506
19530
21380
19507
19531
21381
19508
19532
21382
19509
19533
21383
19510
19534
21384
19511
19535
21385
19512
19536
21386
19513
19537
21387
19514
19538
21388
19515
19539
21389
19516
19540
21390
19517
19541
21391
19518
19542
21392
19519
19543
21393
19520
19544
21394
19521
19545
21395
19522
19546
21396
19523
19547
21397
19524
19548
21398
19549
21399
19526
19550
21400
19527
19551
21401
19528
19552
21402
19529
19553
21403
19530
19554
21404
19531
19555
21405
19532
19556
21406
19533
19557
21407
19534
19558
21408
19535
19559
21409
19536
19560
21410
19537
19561
21411
19538
19562
21412
19539
19563
21413
19540
19564
21414
19541
19565
21415
19542
19566
21416
19543
19567
21417
19544
19568
21418
19545
19569
21419
19546
19570
21420
19547
19571
21421
19548
19572
21422
19549
19573
21423
19574
21424
19551
19575
21425
19552
19576
21426
19553
19577
21427
19554
19578
21428
19555
19579
21429
19556
19580
21430
19557
19581
21431
19558
19582
21432
19559
19583
21433
19560
19584
21434
19561
19585
21435
19562
19586
21436
19563
19587
21437
19564
19588
21438
19565
19589
21439
19566
19590
21440
19567
19591
21441
19568
19592
21442
19569
19593
21443
19570
19594
21444
19571
19595
21445
19572
19596
21446
19573
19597
21447
19574
19598
21448
19599
21449
19576
19600
21450
19577
19601
21451
19578
19602
21452
19579
19603
21453
19580
19604
21454
19581
19605
21455
19582
19606
21456
19583
19607
21457
19584
19608
21458
19585
19609
21459
19586
19610
21460
19587
19611
21461
19588
19612
21462
19589
19613
21463
19590
19614
21464
19591
19615
21465
19592
19616
21466
19593
19617
21467
19594
19618
21468
19595
19619
21469
19596
19620
21470
19597
19621
21471
19598
19622
21472
19599
19623
21473
19624
21474
19601
19625
21475
19602
19626
21476
19603
19627
21477
19604
19628
21478
19605
19629
21479
19606
19630
21480
19607
19631
21481
19608
19632
21482
19609
19633
21483
19610
19634
21484
19611
19635
21485
19612
19636
21486
19613
19637
21487
19614
19638
21488
19615
19639
21489
19616
19640
21490
19617
19641
21491
19618
19642
21492
19619
19643
21493
19620
19644
21494
19621
19645
21495
19622
19646
21496
19623
19647
21497
19624
19648
21498
19649
21499
19626
19650
21500
19627
19651
21501
19628
19652
21502
19629
19653
21503
19630
19654
21504
19631
19655
21505
19632
19656
21506
19633
19657
21507
19634
19658
21508
19635
19659
21509
19636
19660
21510
19637
19661
21511
19638
19662
21512
19639
19663
21513
19640
19664
21514
19641
19665
21515
19642
19666
21516
19643
19667
21517
19644
19668
21518
19645
19669
21519
19646
19670
21520
19647
19671
21521
19648
19672
21522
19649
19673
21523
19674
21524
19651
19675
21525
19652
19676
21526
19653
19677
21527
19654
19678
21528
19655
19679
21529
19656
19680
21530
19657
19681
21531
19658
19682
21532
19659
19683
21533
19660
19684
21534
19661
19685
21535
19662
19686
21536
19663
19687
21537
19664
19688
21538
19665
19689
21539
19666
19690
21540
19667
19691
21541
19668
19692
21542
19669
19693
21543
19670
19694
21544
19671
19695
21545
19672
19696
21546
19673
19697
21547
19674
19698
21548
19699
21549
19676
19700
21550
19677
19701
21551
19678
19702
21552
19679
19703
21553
19680
19704
21554
19681
19705
21555
19682
19706
21556
19683
19707
21557
19684
19708
21558
19685
19709
21559
19686
19710
21560
19687
19711
21561
19688
19712
21562
19689
19713
21563
19690
19714
21564
19691
19715
21565
19692
19716
21566
19693
19717
21567
19694
19718
21568
19695
19719
21569
19696
19720
21570
19697
19721
21571
19698
19722
21572
19699
19723
21573
19724
21574
19701
19725
21575
19702
19726
21576
19703
19727
21577
19704
19728
21578
19705
19729
21579
19706
19730
21580
19707
19731
21581
19708
19732
21582
19709
19733
21583
19710
19734
21584
19711
19735
21585
19712
19736
21586
19713
19737
21587
19714
19738
21588
19715
19739
21589
19716
19740
21590
19717
19741
21591
19718
19742
21592
19719
19743
21593
19720
19744
21594
19721
19745
21595
19722
19746
21596
19723
19747
21597
19724
19748
21598
19749
21599
19726
19750
21600
19727
19751
21601
19728
19752
21602
19729
19753
21603
19730
19754
21604
19731
19755
21605
19732
19756
21606
19733
19757
21607
19734
19758
21608
19735
19759
21609
19736
19760
21610
19737
19761
21611
19738
19762
21612
19739
19763
21613
19740
19764
21614
19741
19765
21615
19742
19766
21616
19743
19767
21617
19744
19768
21618
19745
19769
21619
19746
19770
21620
19747
19771
21621
19748
19772
21622
19749
19773
21623
19774
21624
19751
19775
21625
19752
19776
21626
19753
19777
21627
19754
19778
21628
19755
19779
21629
19756
19780
21630
19757
19781
21631
19758
19782
21632
19759
19783
21633
19760
19784
21634
19761
19785
21635
19762
19786
21636
19763
19787
21637
19764
19788
21638
19765
19789
21639
19766
19790
21640
19767
19791
21641
19768
19792
21642
19769
19793
21643
19770
19794
21644
19771
19795
21645
19772
19796
21646
19773
19797
21647
19774
19798
21648
19799
21649
19776
19800
21650
19777
19801
21651
19778
19802
21652
19779
19803
21653
19780
19804
21654
19781
19805
21655
19782
19806
21656
19783
19807
21657
19784
19808
21658
19785
19809
21659
19786
19810
21660
19787
19811
21661
19788
19812
21662
19789
19813
21663
19790
19814
21664
19791
19815
21665
19792
19816
21666
19793
19817
21667
19794
19818
21668
19795
19819
21669
19796
19820
21670
19797
19821
21671
19798
19822
21672
19799
19823
21673
19824
21674
19801
19825
21675
19802
19826
21676
19803
19827
21677
19804
19828
21678
19805
19829
21679
19806
19830
21680
19807
19831
21681
19808
19832
21682
19809
19833
21683
19810
19834
21684
19811
19835
21685
19812
19836
21686
19813
19837
21687
19814
19838
21688
19815
19839
21689
19816
19840
21690
19817
19841
21691
19818
19842
21692
19819
19843
21693
19820
19844
21694
19821
19845
21695
19822
19846
21696
19823
19847
21697
19824
19848
21698
19849
21699
19826
19850
21700
19827
19851
21701
19828
19852
21702
19829
19853
21703
19830
19854
21704
19831
19855
21705
19832
19856
21706
19833
19857
21707
19834
19858
21708
19835
19859
21709
19836
19860
21710
19837
19861
21711
19838
19862
21712
19839
19863
21713
19840
19864
21714
19841
19865
21715
19842
19866
21716
19843
19867
21717
19844
19868
21718
19845
19869
21719
19846
19870
21720
19847
19871
21721
19848
19872
21722
19849
19873
21723
19874
21724
19851
19875
21725
19852
19876
21726
19853
19877
21727
19854
19878
21728
19855
19879
21729
19856
19880
21730
19857
19881
21731
19858
19882
21732
19859
19883
21733
19860
19884
21734
19861
19885
21735
19862
19886
21736
19863
19887
21737
19864
19888
21738
19865
19889
21739
19866
19890
21740
19867
19891
21741
19868
19892
21742
19869
19893
21743
19870
19894
21744
19871
19895
21745
19872
19896
21746
19873
19897
21747
19874
19898
21748
19899
21749
19876
19900
21750
19877
19901
21751
19878
19902
21752
19879
19903
21753
19880
19904
21754
19881
19905
21755
19882
19906
21756
19883
19907
21757
19884
19908
21758
19885
19909
21759
19886
19910
21760
19887
19911
21761
19888
19912
21762
19889
19913
21763
19890
19914
21764
19891
19915
21765
19892
19916
21766
19893
19917
21767
19894
19918
21768
19895
19919
21769
19896
19920
21770
19897
19921
21771
19898
19922
21772
19899
19923
21773
19924
21774
19901
19925
21775
19902
19926
21776
19903
19927
21777
19904
19928
21778
19905
19929
21779
19906
19930
21780
19907
19931
21781
19908
19932
21782
19909
19933
21783
19910
19934
21784
19911
19935
21785
19912
19936
21786
19913
19937
21787
19914
19938
21788
19915
19939
21789
19916
19940
21790
19917
19941
21791
19918
19942
21792
19919
19943
21793
19920
19944
21794
19921
19945
21795
19922
19946
21796
19923
19947
21797
19924
19948
21798
19949
21799
19926
19950
21800
19927
19951
21801
19928
19952
21802
19929
19953
21803
19930
19954
21804
19931
19955
21805
19932
19956
21806
19933
19957
21807
19934
19958
21808
19935
19959
21809
19936
19960
21810
19937
19961
21811
19938
19962
21812
19939
19963
21813
19940
19964
21814
19941
19965
21815
19942
19966
21816
19943
19967
21817
19944
19968
21818
19945
19969
21819
19946
19970
21820
19947
19971
21821
19948
19972
21822
19949
19973
21823
19974
21824
19951
19975
21825
19952
19976
21826
19953
19977
21827
19954
19978
21828
19955
19979
21829
19956
19980
21830
19957
19981
21831
19958
19982
21832
19959
19983
21833
19960
19984
21834
19961
19985
21835
19962
19986
21836
19963
19987
21837
19964
19988
21838
19965
19989
21839
19966
19990
21840
19967
19991
21841
19968
19992
21842
19969
19993
21843
19970
19994
21844
19971
19995
21845
19972
19996
21846
19973
19997
21847
19974
19998
21848
19999
21849
19976
20000
21850
19977
20001
21851
19978
20002
21852
19979
20003
21853
19980
20004
21854
19981
20005
21855
19982
20006
21856
19983
20007
21857
19984
20008
21858
19985
20009
21859
19986
20010
21860
19987
20011
21861
19988
20012
21862
19989
20013
21863
19990
20014
21864
19991
20015
21865
19992
20016
21866
19993
20017
21867
19994
20018
21868
19995
20019
21869
19996
20020
21870
19997
20021
21871
19998
20022
21872
19999
20023
21873
20024
21874
20001
20025
21875
20002
20026
21876
20003
20027
21877
20004
20028
21878
20005
20029
21879
20006
20030
21880
20007
20031
21881
20008
20032
21882
20009
20033
21883
20010
20034
21884
20011
20035
21885
20012
20036
21886
20013
20037
21887
20014
20038
21888
20015
20039
21889
20016
20040
21890
20017
20041
21891
20018
20042
21892
20019
20043
21893
20020
20044
21894
20021
20045
21895
20022
20046
21896
20023
20047
21897
20024
20048
21898
20049
21899
20026
20050
21900
20027
20051
21901
20028
20052
21902
20029
20053
21903
20030
20054
21904
20031
20055
21905
20032
20056
21906
20033
20057
21907
20034
20058
21908
20035
20059
21909
20036
20060
21910
20037
20061
21911
20038
20062
21912
20039
20063
21913
20040
20064
21914
20041
20065
21915
20042
20066
21916
20043
20067
21917
20044
20068
21918
20045
20069
21919
20046
20070
21920
20047
20071
21921
20048
20072
21922
20049
20073
21923
20074
21924
20051
20075
21925
20052
20076
21926
20053
20077
21927
20054
20078
21928
20055
20079
21929
20056
20080
21930
20057
20081
21931
20058
20082
21932
20059
20083
21933
20060
20084
21934
20061
20085
21935
20062
20086
21936
20063
20087
21937
20064
20088
21938
20065
20089
21939
20066
20090
21940
20067
20091
21941
20068
20092
21942
20069
20093
21943
20070
20094
21944
20071
20095
21945
20072
20096
21946
20073
20097
21947
20074
20098
21948
20099
21949
20076
20100
21950
20077
20101
21951
20078
20102
21952
20079
20103
21953
20080
20104
21954
20081
20105
21955
20082
20106
21956
20083
20107
21957
20084
20108
21958
20085
20109
21959
20086
20110
21960
20087
20111
21961
20088
20112
21962
20089
20113
21963
20090
20114
21964
20091
20115
21965
20092
20116
21966
20093
20117
21967
20094
20118
21968
20095
20119
21969
20096
20120
21970
20097
20121
21971
20098
20122
21972
20099
20123
21973
20124
21974
20101
20125
21975
20102
20126
21976
20103
20127
21977
20104
20128
21978
20105
20129
21979
20106
20130
21980
20107
20131
21981
20108
20132
21982
20109
20133
21983
20110
20134
21984
20111
20135
21985
20112
20136
21986
20113
20137
21987
20114
20138
21988
20115
20139
21989
20116
20140
21990
20117
20141
21991
20118
20142
21992
20119
20143
21993
20120
20144
21994
20121
20145
21995
20122
20146
21996
20123
20147
21997
20124
20148
21998
20149
21999
20126
20150
22000
20127
20151
22001
20128
20152
22002
20129
20153
22003
20130
20154
22004
20131
20155
22005
20132
20156
22006
20133
20157
22007
20134
20158
22008
20135
20159
22009
20136
20160
22010
20137
20161
22011
20138
20162
22012
20139
20163
22013
20140
20164
22014
20141
20165
22015
20142
20166
22016
20143
20167
22017
20144
20168
22018
20145
20169
22019
20146
20170
22020
20147
20171
22021
20148
20172
22022
20149
20173
22023
20174
22024
20151
20175
22025
20152
20176
22026
20153
20177
22027
20154
20178
22028
20155
20179
22029
20156
20180
22030
20157
20181
22031
20158
20182
22032
20159
20183
22033
20160
20184
22034
20161
20185
22035
20162
20186
22036
20163
20187
22037
20164
20188
22038
20165
20189
22039
20166
20190
22040
20167
20191
22041
20168
20192
22042
20169
20193
22043
20170
20194
22044
20171
20195
22045
20172
20196
22046
20173
20197
22047
20174
20198
22048
20199
22049
20176
20200
22050
20177
20201
22051
20178
20202
22052
20179
20203
22053
20180
20204
22054
20181
20205
22055
20182
20206
22056
20183
20207
22057
20184
20208
22058
20185
20209
22059
20186
20210
22060
20187
20211
22061
20188
20212
22062
20189
20213
22063
20190
20214
22064
20191
20215
22065
20192
20216
22066
20193
20217
22067
20194
20218
22068
20195
20219
22069
20196
20220
22070
20197
20221
22071
20198
20222
22072
20199
20223
22073
20224
22074
20201
20225
22075
20202
20226
22076
20203
20227
22077
20204
20228
22078
20205
20229
22079
20206
20230
22080
20207
20231
22081
20208
20232
22082
20209
20233
22083
20210
20234
22084
20211
20235
22085
20212
20236
22086
20213
20237
22087
20214
20238
22088
20215
20239
22089
20216
20240
22090
20217
20241
22091
20218
20242
22092
20219
20243
22093
20220
20244
22094
20221
20245
22095
20222
20246
22096
20223
20247
22097
20224
20248
22098
20249
22099
20226
20250
22100
20227
20251
22101
20228
20252
22102
20229
20253
22103
20230
20254
22104
20231
20255
22105
20232
20256
22106
20233
20257
22107
20234
20258
22108
20235
20259
22109
20236
20260
22110
20237
20261
22111
20238
20262
22112
20239
20263
22113
20240
20264
22114
20241
20265
22115
20242
20266
22116
20243
20267
22117
20244
20268
22118
20245
20269
22119
20246
20270
22120
20247
20271
22121
20248
20272
22122
20249
20273
22123
20274
22124
20251
20275
22125
20252
20276
22126
20253
20277
22127
20254
20278
22128
20255
20279
22129
20256
20280
22130
20257
20281
22131
20258
20282
22132
20259
20283
22133
20260
20284
22134
20261
20285
22135
20262
20286
22136
20263
20287
22137
20264
20288
22138
20265
20289
22139
20266
20290
22140
20267
20291
22141
20268
20292
22142
20269
20293
22143
20270
20294
22144
20271
20295
22145
20272
20296
22146
20273
20297
22147
20274
20298
22148
20299
22149
20276
20300
22150
20277
20301
22151
20278
20302
22152
20279
20303
22153
20280
20304
22154
20281
20305
22155
20282
20306
22156
20283
20307
22157
20284
20308
22158
20285
20309
22159
20286
20310
22160
20287
20311
22161
20288
20312
22162
20289
20313
22163
20290
20314
22164
20291
20315
22165
20292
20316
22166
20293
20317
22167
20294
20318
22168
20295
20319
22169
20296
20320
22170
20297
20321
22171
20298
20322
22172
20299
20323
22173
20324
22174
20301
20325
22175
20302
20326
22176
20303
20327
22177
20304
20328
22178
20305
20329
22179
20306
20330
22180
20307
20331
22181
20308
20332
22182
20309
20333
22183
20310
20334
22184
20311
20335
22185
20312
20336
22186
20313
20337
22187
20314
20338
22188
20315
20339
22189
20316
20340
22190
20317
20341
22191
20318
20342
22192
20319
20343
22193
20320
20344
22194
20321
20345
22195
20322
20346
22196
20323
20347
22197
20324
20348
22198
20349
22199
20326
20350
22200
20327
20351
22201
20328
20352
22202
20329
20353
22203
20330
20354
22204
20331
20355
22205
20332
20356
22206
20333
20357
22207
20334
20358
22208
20335
20359
22209
20336
20360
22210
20337
20361
22211
20338
20362
22212
20339
20363
22213
20340
20364
22214
20341
20365
22215
20342
20366
22216
20343
20367
22217
20344
20368
22218
20345
20369
22219
20346
20370
22220
20347
20371
22221
20348
20372
22222
20349
20373
22223
20374
22224
20351
20375
22225
20352
20376
22226
20353
20377
22227
20354
20378
22228
20355
20379
22229
20356
20380
22230
20357
20381
22231
20358
20382
22232
20359
20383
22233
20360
20384
22234
20361
20385
22235
20362
20386
22236
20363
20387
22237
20364
20388
22238
20365
20389
22239
20366
20390
22240
20367
20391
22241
20368
20392
22242
20369
20393
22243
20370
20394
22244
20371
20395
22245
20372
20396
22246
20373
20397
22247
20374
20398
22248
20399
22249
20376
20400
22250
20377
20401
22251
20378
20402
22252
20379
20403
22253
20380
20404
22254
20381
20405
22255
20382
20406
22256
20383
20407
22257
20384
20408
22258
20385
20409
22259
20386
20410
22260
20387
20411
22261
20388
20412
22262
20389
20413
22263
20390
20414
22264
20391
20415
22265
20392
20416
22266
20393
20417
22267
20394
20418
22268
20395
20419
22269
20396
20420
22270
20397
20421
22271
20398
20422
22272
20399
20423
22273
20424
22274
20401
20425
22275
20402
20426
22276
20403
20427
22277
20404
20428
22278
20405
20429
22279
20406
20430
22280
20407
20431
22281
20408
20432
22282
20409
20433
22283
20410
20434
22284
20411
20435
22285
20412
20436
22286
20413
20437
22287
20414
20438
22288
20415
20439
22289
20416
20440
22290
20417
20441
22291
20418
20442
22292
20419
20443
22293
20420
20444
22294
20421
20445
22295
20422
20446
22296
20423
20447
22297
20424
20448
22298
20449
22299
20426
20450
22300
20427
20451
22301
20428
20452
22302
20429
20453
22303
20430
20454
22304
20431
20455
22305
20432
20456
22306
20433
20457
22307
20434
20458
22308
20435
20459
22309
20436
20460
22310
20437
20461
22311
20438
20462
22312
20439
20463
22313
20440
20464
22314
20441
20465
22315
20442
20466
22316
20443
20467
22317
20444
20468
22318
20445
20469
22319
20446
20470
22320
20447
20471
22321
20448
20472
22322
20449
20473
22323
20474
22324
20451
20475
22325
20452
20476
22326
20453
20477
22327
20454
20478
22328
20455
20479
22329
20456
20480
22330
20457
20481
22331
20458
20482
22332
20459
20483
22333
20460
20484
22334
20461
20485
22335
20462
20486
22336
20463
20487
22337
20464
20488
22338
20465
20489
22339
20466
20490
22340
20467
20491
22341
20468
20492
22342
20469
20493
22343
20470
20494
22344
20471
20495
22345
20472
20496
22346
20473
20497
22347
20474
20498
22348
20499
22349
20476
20500
22350
20477
20501
22351
20478
20502
22352
20479
20503
22353
20480
20504
22354
20481
20505
22355
20482
20506
22356
20483
20507
22357
20484
20508
22358
20485
20509
22359
20486
20510
22360
20487
20511
22361
20488
20512
22362
20489
20513
22363
20490
20514
22364
20491
20515
22365
20492
20516
22366
20493
20517
22367
20494
20518
22368
20495
20519
22369
20496
20520
22370
20497
20521
22371
20498
20522
22372
20499
20523
22373
20524
22374
20501
20525
22375
20502
20526
22376
20503
20527
22377
20504
20528
22378
20505
20529
22379
20506
20530
22380
20507
20531
22381
20508
20532
22382
20509
20533
22383
20510
20534
22384
20511
20535
22385
20512
20536
22386
20513
20537
22387
20514
20538
22388
20515
20539
22389
20516
20540
22390
20517
20541
22391
20518
20542
22392
20519
20543
22393
20520
20544
22394
20521
20545
22395
20522
20546
22396
20523
20547
22397
20524
20548
22398
20549
22399
20526
20550
22400
20527
20551
22401
20528
20552
22402
20529
20553
22403
20530
20554
22404
20531
20555
22405
20532
20556
22406
20533
20557
22407
20534
20558
22408
20535
20559
22409
20536
20560
22410
20537
20561
22411
20538
20562
22412
20539
20563
22413
20540
20564
22414
20541
20565
22415
20542
20566
22416
20543
20567
22417
20544
20568
22418
20545
20569
22419
20546
20570
22420
20547
20571
22421
20548
20572
22422
20549
20573
22423
20574
22424
20551
20575
22425
20552
20576
22426
20553
20577
22427
20554
20578
22428
20555
20579
22429
20556
20580
22430
20557
20581
22431
20558
20582
22432
20559
20583
22433
20560
20584
22434
20561
20585
22435
20562
20586
22436
20563
20587
22437
20564
20588
22438
20565
20589
22439
20566
20590
22440
20567
20591
22441
20568
20592
22442
20569
20593
22443
20570
20594
22444
20571
20595
22445
20572
20596
22446
20573
20597
22447
20574
20598
22448
20599
22449
20576
20600
22450
20577
20601
22451
20578
20602
22452
20579
20603
22453
20580
20604
22454
20581
20605
22455
20582
20606
22456
20583
20607
22457
20584
20608
22458
20585
20609
22459
20586
20610
22460
20587
20611
22461
20588
20612
22462
20589
20613
22463
20590
20614
22464
20591
20615
22465
20592
20616
22466
20593
20617
22467
20594
20618
22468
20595
20619
22469
20596
20620
22470
20597
20621
22471
20598
20622
22472
20599
20623
22473
20624
22474
20601
22475
20602
22476
20603
22477
20604
22478
20605
22479
20606
22480
20607
22481
20608
22482
20609
22483
20610
22484
20611
22485
20612
22486
20613
22487
20614
22488
20615
22489
20616
22490
20617
22491
20618
22492
20619
22493
20620
22494
20621
22495
20622
22496
20623
22497
20624
22498
22499
20626
20650
22500
20627
20651
22501
20628
20652
22502
20629
20653
22503
20630
20654
22504
20631
20655
22505
20632
20656
22506
20633
20657
22507
20634
20658
22508
20635
20659
22509
20636
20660
22510
20637
20661
22511
20638
20662
22512
20639
20663
22513
20640
20664
22514
20641
20665
22515
20642
20666
22516
20643
20667
22517
20644
20668
22518
20645
20669
22519
20646
20670
22520
20647
20671
22521
20648
20672
22522
20649
20673
22523
20674
22524
20651
20675
22525
20652
20676
22526
20653
20677
22527
20654
20678
22528
20655
20679
22529
20656
20680
22530
20657
20681
22531
20658
20682
22532
20659
20683
22533
20660
20684
22534
20661
20685
22535
20662
20686
22536
20663
20687
22537
20664
20688
22538
20665
20689
22539
20666
20690
22540
20667
20691
22541
20668
20692
22542
20669
20693
22543
20670
20694
22544
20671
20695
22545
20672
20696
22546
20673
20697
22547
20674
20698
22548
20699
22549
20676
20700
22550
20677
20701
22551
20678
20702
22552
20679
20703
22553
20680
20704
22554
20681
20705
22555
20682
20706
22556
20683
20707
22557
20684
20708
22558
20685
20709
22559
20686
20710
22560
20687
20711
22561
20688
20712
22562
20689
20713
22563
20690
20714
22564
20691
20715
22565
20692
20716
22566
20693
20717
22567
20694
20718
22568
20695
20719
22569
20696
20720
22570
20697
20721
22571
20698
20722
22572
20699
20723
22573
20724
22574
20701
20725
22575
20702
20726
22576
20703
20727
22577
20704
20728
22578
20705
20729
22579
20706
20730
22580
20707
20731
22581
20708
20732
22582
20709
20733
22583
20710
20734
22584
20711
20735
22585
20712
20736
22586
20713
20737
22587
20714
20738
22588
20715
20739
22589
20716
20740
22590
20717
20741
22591
20718
20742
22592
20719
20743
22593
20720
20744
22594
20721
20745
22595
20722
20746
22596
20723
20747
22597
20724
20748
22598
20749
22599
20726
20750
22600
20727
20751
22601
20728
20752
22602
20729
20753
22603
20730
20754
22604
20731
20755
22605
20732
20756
22606
20733
20757
22607
20734
20758
22608
20735
20759
22609
20736
20760
22610
20737
20761
22611
20738
20762
22612
20739
20763
22613
20740
20764
22614
20741
20765
22615
20742
20766
22616
20743
20767
22617
20744
20768
22618
20745
20769
22619
20746
20770
22620
20747
20771
22621
20748
20772
22622
20749
20773
22623
20774
22624
20751
20775
22625
20752
20776
22626
20753
20777
22627
20754
20778
22628
20755
20779
22629
20756
20780
22630
20757
20781
22631
20758
20782
22632
20759
20783
22633
20760
20784
22634
20761
20785
22635
20762
20786
22636
20763
20787
22637
20764
20788
22638
20765
20789
22639
20766
20790
22640
20767
20791
22641
20768
20792
22642
20769
20793
22643
20770
20794
22644
20771
20795
22645
20772
20796
22646
20773
20797
22647
20774
20798
22648
20799
22649
20776
20800
22650
20777
20801
22651
20778
20802
22652
20779
20803
22653
20780
20804
22654
20781
20805
22655
20782
20806
22656
20783
20807
22657
20784
20808
22658
20785
20809
22659
20786
20810
22660
20787
20811
22661
20788
20812
22662
20789
20813
22663
20790
20814
22664
20791
20815
22665
20792
20816
22666
20793
20817
22667
20794
20818
22668
20795
20819
22669
20796
20820
22670
20797
20821
22671
20798
20822
22672
20799
20823
22673
20824
22674
20801
20825
22675
20802
20826
22676
20803
20827
22677
20804
20828
22678
20805
20829
22679
20806
20830
22680
20807
20831
22681
20808
20832
22682
20809
20833
22683
20810
20834
22684
20811
20835
22685
20812
20836
22686
20813
20837
22687
20814
20838
22688
20815
20839
22689
20816
20840
22690
20817
20841
22691
20818
20842
22692
20819
20843
22693
20820
20844
22694
20821
20845
22695
20822
20846
22696
20823
20847
22697
20824
20848
22698
20849
22699
20826
20850
22700
20827
20851
22701
20828
20852
22702
20829
20853
22703
20830
20854
22704
20831
20855
22705
20832
20856
22706
20833
20857
22707
20834
20858
22708
20835
20859
22709
20836
20860
22710
20837
20861
22711
20838
20862
22712
20839
20863
22713
20840
20864
22714
20841
20865
22715
20842
20866
22716
20843
20867
22717
20844
20868
22718
20845
20869
22719
20846
20870
22720
20847
20871
22721
20848
20872
22722
20849
20873
22723
20874
22724
20851
20875
22725
20852
20876
22726
20853
20877
22727
20854
20878
22728
20855
20879
22729
20856
20880
22730
20857
20881
22731
20858
20882
22732
20859
20883
22733
20860
20884
22734
20861
20885
22735
20862
20886
22736
20863
20887
22737
20864
20888
22738
20865
20889
22739
20866
20890
22740
20867
20891
22741
20868
20892
22742
20869
20893
22743
20870
20894
22744
20871
20895
22745
20872
20896
22746
20873
20897
22747
20874
20898
22748
20899
22749
20876
20900
22750
20877
20901
22751
20878
20902
22752
20879
20903
22753
20880
20904
22754
20881
20905
22755
20882
20906
22756
20883
20907
22757
20884
20908
22758
20885
20909
22759
20886
20910
22760
20887
20911
22761
20888
20912
22762
20889
20913
22763
20890
20914
22764
20891
20915
22765
20892
20916
22766
20893
20917
22767
20894
20918
22768
20895
20919
22769
20896
20920
22770
20897
20921
22771
20898
20922
22772
20899
20923
22773
20924
22774
20901
20925
22775
20902
20926
22776
20903
20927
22777
20904
20928
22778
20905
20929
22779
20906
20930
22780
20907
20931
22781
20908
20932
22782
20909
20933
22783
20910
20934
22784
20911
20935
22785
20912
20936
22786
20913
20937
22787
20914
20938
22788
20915
20939
22789
20916
20940
22790
20917
20941
22791
20918
20942
22792
20919
20943
22793
20920
20944
22794
20921
20945
22795
20922
20946
22796
20923
20947
22797
20924
20948
22798
20949
22799
20926
20950
22800
20927
20951
22801
20928
20952
22802
20929
20953
22803
20930
20954
22804
20931
20955
22805
20932
20956
22806
20933
20957
22807
20934
20958
22808
20935
20959
22809
20936
20960
22810
20937
20961
22811
20938
20962
22812
20939
20963
22813
20940
20964
22814
20941
20965
22815
20942
20966
22816
20943
20967
22817
20944
20968
22818
20945
20969
22819
20946
20970
22820
20947
20971
22821
20948
20972
22822
20949
20973
22823
20974
22824
20951
20975
22825
20952
20976
22826
20953
20977
22827
20954
20978
22828
20955
20979
22829
20956
20980
22830
20957
20981
22831
20958
20982
22832
20959
20983
22833
20960
20984
22834
20961
20985
22835
20962
20986
22836
20963
20987
22837
20964
20988
22838
20965
20989
22839
20966
20990
22840
20967
20991
22841
20968
20992
22842
20969
20993
22843
20970
20994
22844
20971
20995
22845
20972
20996
22846
20973
20997
22847
20974
20998
22848
20999
22849
20976
21000
22850
20977
21001
22851
20978
21002
22852
20979
21003
22853
20980
21004
22854
20981
21005
22855
20982
21006
22856
20983
21007
22857
20984
21008
22858
20985
21009
22859
20986
21010
22860
20987
21011
22861
20988
21012
22862
20989
21013
22863
20990
21014
22864
20991
21015
22865
20992
21016
22866
20993
21017
22867
20994
21018
22868
20995
21019
22869
20996
21020
22870
20997
21021
22871
20998
21022
22872
20999
21023
22873
21024
22874
21001
21025
22875
21002
21026
22876
21003
21027
22877
21004
21028
22878
21005
21029
22879
21006
21030
22880
21007
21031
22881
21008
21032
22882
21009
21033
22883
21010
21034
22884
21011
21035
22885
21012
21036
22886
21013
21037
22887
21014
21038
22888
21015
21039
22889
21016
21040
22890
21017
21041
22891
21018
21042
22892
21019
21043
22893
21020
21044
22894
21021
21045
22895
21022
21046
22896
21023
21047
22897
21024
21048
22898
21049
22899
21026
21050
22900
21027
21051
22901
21028
21052
22902
21029
21053
22903
21030
21054
22904
21031
21055
22905
21032
21056
22906
21033
21057
22907
21034
21058
22908
21035
21059
22909
21036
21060
22910
21037
21061
22911
21038
21062
22912
21039
21063
22913
21040
21064
22914
21041
21065
22915
21042
21066
22916
21043
21067
22917
21044
21068
22918
21045
21069
22919
21046
21070
22920
21047
21071
22921
21048
21072
22922
21049
21073
22923
21074
22924
21051
21075
22925
21052
21076
22926
21053
21077
22927
21054
21078
22928
21055
21079
22929
21056
21080
22930
21057
21081
22931
21058
21082
22932
21059
21083
22933
21060
21084
22934
21061
21085
22935
21062
21086
22936
21063
21087
22937
21064
21088
22938
21065
21089
22939
21066
21090
22940
21067
21091
22941
21068
21092
22942
21069
21093
22943
21070
21094
22944
21071
21095
22945
21072
21096
22946
21073
21097
22947
21074
21098
22948
21099
22949
21076
21100
22950
21077
21101
22951
21078
21102
22952
21079
21103
22953
21080
21104
22954
21081
21105
22955
21082
21106
22956
21083
21107
22957
21084
21108
22958
21085
21109
22959
21086
21110
22960
21087
21111
22961
21088
21112
22962
21089
21113
22963
21090
21114
22964
21091
21115
22965
21092
21116
22966
21093
21117
22967
21094
21118
22968
21095
21119
22969
21096
21120
22970
21097
21121
22971
21098
21122
22972
21099
21123
22973
21124
22974
21101
21125
22975
21102
21126
22976
21103
21127
22977
21104
21128
22978
21105
21129
22979
21106
21130
22980
21107
21131
22981
21108
21132
22982
21109
21133
22983
21110
21134
22984
21111
21135
22985
21112
21136
22986
21113
21137
22987
21114
21138
22988
21115
21139
22989
21116
21140
22990
21117
21141
22991
21118
21142
22992
21119
21143
22993
21120
21144
22994
21121
21145
22995
21122
21146
22996
21123
21147
22997
21124
21148
22998
21149
22999
21126
21150
23000
21127
21151
23001
21128
21152
23002
21129
21153
23003
21130
21154
23004
21131
21155
23005
21132
21156
23006
21133
21157
23007
21134
21158
23008
21135
21159
23009
21136
21160
23010
21137
21161
23011
21138
21162
23012
21139
21163
23013
21140
21164
23014
21141
21165
23015
21142
21166
23016
21143
21167
23017
21144
21168
23018
21145
21169
23019
21146
21170
23020
21147
21171
23021
21148
21172
23022
21149
21173
23023
21174
23024
21151
21175
23025
21152
21176
23026
21153
21177
23027
21154
21178
23028
21155
21179
23029
21156
21180
23030
21157
21181
23031
21158
21182
23032
21159
21183
23033
21160
21184
23034
21161
21185
23035
21162
21186
23036
21163
21187
23037
21164
21188
23038
21165
21189
23039
21166
21190
23040
21167
21191
23041
21168
21192
23042
21169
21193
23043
21170
21194
23044
21171
21195
23045
21172
21196
23046
21173
21197
23047
21174
21198
23048
21199
23049
21176
21200
23050
21177
21201
23051
21178
21202
23052
21179
21203
23053
21180
21204
23054
21181
21205
23055
21182
21206
23056
21183
21207
23057
21184
21208
23058
21185
21209
23059
21186
21210
23060
21187
21211
23061
21188
21212
23062
21189
21213
23063
21190
21214
23064
21191
21215
23065
21192
21216
23066
21193
21217
23067
21194
21218
23068
21195
21219
23069
21196
21220
23070
21197
21221
23071
21198
21222
23072
21199
21223
23073
21224
23074
21201
21225
23075
21202
21226
23076
21203
21227
23077
21204
21228
23078
21205
21229
23079
21206
21230
23080
21207
21231
23081
21208
21232
23082
21209
21233
23083
21210
21234
23084
21211
21235
23085
21212
21236
23086
21213
21237
23087
21214
21238
23088
21215
21239
23089
21216
21240
23090
21217
21241
23091
21218
21242
23092
21219
21243
23093
21220
21244
23094
21221
21245
23095
21222
21246
23096
21223
21247
23097
21224
21248
23098
21249
23099
21226
21250
23100
21227
21251
23101
21228
21252
23102
21229
21253
23103
21230
21254
23104
21231
21255
23105
21232
21256
23106
21233
21257
23107
21234
21258
23108
21235
21259
23109
21236
21260
23110
21237
21261
23111
21238
21262
23112
21239
21263
23113
21240
21264
23114
21241
21265
23115
21242
21266
23116
21243
21267
23117
21244
21268
23118
21245
21269
23119
21246
21270
23120
21247
21271
23121
21248
21272
23122
21249
21273
23123
21274
23124
21251
21275
23125
21252
21276
23126
21253
21277
23127
21254
21278
23128
21255
21279
23129
21256
21280
23130
21257
21281
23131
21258
21282
23132
21259
21283
23133
21260
21284
23134
21261
21285
23135
21262
21286
23136
21263
21287
23137
21264
21288
23138
21265
21289
23139
21266
21290
23140
21267
21291
23141
21268
21292
23142
21269
21293
23143
21270
21294
23144
21271
21295
23145
21272
21296
23146
21273
21297
23147
21274
21298
23148
21299
23149
21276
21300
23150
21277
21301
23151
21278
21302
23152
21279
21303
23153
21280
21304
23154
21281
21305
23155
21282
21306
23156
21283
21307
23157
21284
21308
23158
21285
21309
23159
21286
21310
23160
21287
21311
23161
21288
21312
23162
21289
21313
23163
21290
21314
23164
21291
21315
23165
21292
21316
23166
21293
21317
23167
21294
21318
23168
21295
21319
23169
21296
21320
23170
21297
21321
23171
21298
21322
23172
21299
21323
23173
21324
23174
21301
21325
23175
21302
21326
23176
21303
21327
23177
21304
21328
23178
21305
21329
23179
21306
21330
23180
21307
21331
23181
21308
21332
23182
21309
21333
23183
21310
21334
23184
21311
21335
23185
21312
21336
23186
21313
21337
23187
21314
21338
23188
21315
21339
23189
21316
21340
23190
21317
21341
23191
21318
21342
23192
21319
21343
23193
21320
21344
23194
21321
21345
23195
21322
21346
23196
21323
21347
23197
21324
21348
23198
21349
23199
21326
21350
23200
21327
21351
23201
21328
21352
23202
21329
21353
23203
21330
21354
23204
21331
21355
23205
21332
21356
23206
21333
21357
23207
21334
21358
23208
21335
21359
23209
21336
21360
23210
21337
21361
23211
21338
21362
23212
21339
21363
23213
21340
21364
23214
21341
21365
23215
21342
21366
23216
21343
21367
23217
21344
21368
23218
21345
21369
23219
21346
21370
23220
21347
21371
23221
21348
21372
23222
21349
21373
23223
21374
23224
21351
21375
23225
21352
21376
23226
21353
21377
23227
21354
21378
23228
21355
21379
23229
21356
21380
23230
21357
21381
23231
21358
21382
23232
21359
21383
23233
21360
21384
23234
21361
21385
23235
21362
21386
23236
21363
21387
23237
21364
21388
23238
21365
21389
23239
21366
21390
23240
21367
21391
23241
21368
21392
23242
21369
21393
23243
21370
21394
23244
21371
21395
23245
21372
21396
23246
21373
21397
23247
21374
21398
23248
21399
23249
21376
21400
23250
21377
21401
23251
21378
21402
23252
21379
21403
23253
21380
21404
23254
21381
21405
23255
21382
21406
23256
21383
21407
23257
21384
21408
23258
21385
21409
23259
21386
21410
23260
21387
21411
23261
21388
21412
23262
21389
21413
23263
21390
21414
23264
21391
21415
23265
21392
21416
23266
21393
21417
23267
21394
21418
23268
21395
21419
23269
21396
21420
23270
21397
21421
23271
21398
21422
23272
21399
21423
23273
21424
23274
21401
21425
23275
21402
21426
23276
21403
21427
23277
21404
21428
23278
21405
21429
23279
21406
21430
23280
21407
21431
23281
21408
21432
23282
21409
21433
23283
21410
21434
23284
21411
21435
23285
21412
21436
23286
21413
21437
23287
21414
21438
23288
21415
21439
23289
21416
21440
23290
21417
21441
23291
21418
21442
23292
21419
21443
23293
21420
21444
23294
21421
21445
23295
21422
21446
23296
21423
21447
23297
21424
21448
23298
21449
23299
21426
21450
23300
21427
21451
23301
21428
21452
23302
21429
21453
23303
21430
21454
23304
21431
21455
23305
21432
21456
23306
21433
21457
23307
21434
21458
23308
21435
21459
23309
21436
21460
23310
21437
21461
23311
21438
21462
23312
21439
21463
23313
21440
21464
23314
21441
21465
23315
21442
21466
23316
21443
21467
23317
21444
21468
23318
21445
21469
23319
21446
21470
23320
21447
21471
23321
21448
21472
23322
21449
21473
23323
21474
23324
21451
21475
23325
21452
21476
23326
21453
21477
23327
21454
21478
23328
21455
21479
23329
21456
21480
23330
21457
21481
23331
21458
21482
23332
21459
21483
23333
21460
21484
23334
21461
21485
23335
21462
21486
23336
21463
21487
23337
21464
21488
23338
21465
21489
23339
21466
21490
23340
21467
21491
23341
21468
21492
23342
21469
21493
23343
21470
21494
23344
21471
21495
23345
21472
21496
23346
21473
21497
23347
21474
21498
23348
21499
23349
21476
21500
23350
21477
21501
23351
21478
21502
23352
21479
21503
23353
21480
21504
23354
21481
21505
23355
21482
21506
23356
21483
21507
23357
21484
21508
23358
21485
21509
23359
21486
21510
23360
21487
21511
23361
21488
21512
23362
21489
21513
23363
21490
21514
23364
21491
21515
23365
21492
21516
23366
21493
21517
23367
21494
21518
23368
21495
21519
23369
21496
21520
23370
21497
21521
23371
21498
21522
23372
21499
21523
23373
21524
23374
21501
21525
23375
21502
21526
23376
21503
21527
23377
21504
21528
23378
21505
21529
23379
21506
21530
23380
21507
21531
23381
21508
21532
23382
21509
21533
23383
21510
21534
23384
21511
21535
23385
21512
21536
23386
21513
21537
23387
21514
21538
23388
21515
21539
23389
21516
21540
23390
21517
21541
23391
21518
21542
23392
21519
21543
23393
21520
21544
23394
21521
21545
23395
21522
21546
23396
21523
21547
23397
21524
21548
23398
21549
23399
21526
21550
23400
21527
21551
23401
21528
21552
23402
21529
21553
23403
21530
21554
23404
21531
21555
23405
21532
21556
23406
21533
21557
23407
21534
21558
23408
21535
21559
23409
21536
21560
23410
21537
21561
23411
21538
21562
23412
21539
21563
23413
21540
21564
23414
21541
21565
23415
21542
21566
23416
21543
21567
23417
21544
21568
23418
21545
21569
23419
21546
21570
23420
21547
21571
23421
21548
21572
23422
21549
21573
23423
21574
23424
21551
21575
23425
21552
21576
23426
21553
21577
23427
21554
21578
23428
21555
21579
23429
21556
21580
23430
21557
21581
23431
21558
21582
23432
21559
21583
23433
21560
21584
23434
21561
21585
23435
21562
21586
23436
21563
21587
23437
21564
21588
23438
21565
21589
23439
21566
21590
23440
21567
21591
23441
21568
21592
23442
21569
21593
23443
21570
21594
23444
21571
21595
23445
21572
21596
23446
21573
21597
23447
21574
21598
23448
21599
23449
21576
21600
23450
21577
21601
23451
21578
21602
23452
21579
21603
23453
21580
21604
23454
21581
21605
23455
21582
21606
23456
21583
21607
23457
21584
21608
23458
21585
21609
23459
21586
21610
23460
21587
21611
23461
21588
21612
23462
21589
21613
23463
21590
21614
23464
21591
21615
23465
21592
21616
23466
21593
21617
23467
21594
21618
23468
21595
21619
23469
21596
21620
23470
21597
21621
23471
21598
21622
23472
21599
21623
23473
21624
23474
21601
21625
23475
21602
21626
23476
21603
21627
23477
21604
21628
23478
21605
21629
23479
21606
21630
23480
21607
21631
23481
21608
21632
23482
21609
21633
23483
21610
21634
23484
21611
21635
23485
21612
21636
23486
21613
21637
23487
21614
21638
23488
21615
21639
23489
21616
21640
23490
21617
21641
23491
21618
21642
23492
21619
21643
23493
21620
21644
23494
21621
21645
23495
21622
21646
23496
21623
21647
23497
21624
21648
23498
21649
23499
21626
21650
23500
21627
21651
23501
21628
21652
23502
21629
21653
23503
21630
21654
23504
21631
21655
23505
21632
21656
23506
21633
21657
23507
21634
21658
23508
21635
21659
23509
21636
21660
23510
21637
21661
23511
21638
21662
23512
21639
21663
23513
21640
21664
23514
21641
21665
23515
21642
21666
23516
21643
21667
23517
21644
21668
23518
21645
21669
23519
21646
21670
23520
21647
21671
23521
21648
21672
23522
21649
21673
23523
21674
23524
21651
21675
23525
21652
21676
23526
21653
21677
23527
21654
21678
23528
21655
21679
23529
21656
21680
23530
21657
21681
23531
21658
21682
23532
21659
21683
23533
21660
21684
23534
21661
21685
23535
21662
21686
23536
21663
21687
23537
21664
21688
23538
21665
21689
23539
21666
21690
23540
21667
21691
23541
21668
21692
23542
21669
21693
23543
21670
21694
23544
21671
21695
23545
21672
21696
23546
21673
21697
23547
21674
21698
23548
21699
23549
21676
21700
23550
21677
21701
23551
21678
21702
23552
21679
21703
23553
21680
21704
23554
21681
21705
23555
21682
21706
23556
21683
21707
23557
21684
21708
23558
21685
21709
23559
21686
21710
23560
21687
21711
23561
21688
21712
23562
21689
21713
23563
21690
21714
23564
21691
21715
23565
21692
21716
23566
21693
21717
23567
21694
21718
23568
21695
21719
23569
21696
21720
23570
21697
21721
23571
21698
21722
23572
21699
21723
23573
21724
23574
21701
21725
23575
21702
21726
23576
21703
21727
23577
21704
21728
23578
21705
21729
23579
21706
21730
23580
21707
21731
23581
21708
21732
23582
21709
21733
23583
21710
21734
23584
21711
21735
23585
21712
21736
23586
21713
21737
23587
21714
21738
23588
21715
21739
23589
21716
21740
23590
21717
21741
23591
21718
21742
23592
21719
21743
23593
21720
21744
23594
21721
21745
23595
21722
21746
23596
21723
21747
23597
21724
21748
23598
21749
23599
21726
21750
23600
21727
21751
23601
21728
21752
23602
21729
21753
23603
21730
21754
23604
21731
21755
23605
21732
21756
23606
21733
21757
23607
21734
21758
23608
21735
21759
23609
21736
21760
23610
21737
21761
23611
21738
21762
23612
21739
21763
23613
21740
21764
23614
21741
21765
23615
21742
21766
23616
21743
21767
23617
21744
21768
23618
21745
21769
23619
21746
21770
23620
21747
21771
23621
21748
21772
23622
21749
21773
23623
21774
23624
21751
21775
23625
21752
21776
23626
21753
21777
23627
21754
21778
23628
21755
21779
23629
21756
21780
23630
21757
21781
23631
21758
21782
23632
21759
21783
23633
21760
21784
23634
21761
21785
23635
21762
21786
23636
21763
21787
23637
21764
21788
23638
21765
21789
23639
21766
21790
23640
21767
21791
23641
21768
21792
23642
21769
21793
23643
21770
21794
23644
21771
21795
23645
21772
21796
23646
21773
21797
23647
21774
21798
23648
21799
23649
21776
21800
23650
21777
21801
23651
21778
21802
23652
21779
21803
23653
21780
21804
23654
21781
21805
23655
21782
21806
23656
21783
21807
23657
21784
21808
23658
21785
21809
23659
21786
21810
23660
21787
21811
23661
21788
21812
23662
21789
21813
23663
21790
21814
23664
21791
21815
23665
21792
21816
23666
21793
21817
23667
21794
21818
23668
21795
21819
23669
21796
21820
23670
21797
21821
23671
21798
21822
23672
21799
21823
23673
21824
23674
21801
21825
23675
21802
21826
23676
21803
21827
23677
21804
21828
23678
21805
21829
23679
21806
21830
23680
21807
21831
23681
21808
21832
23682
21809
21833
23683
21810
21834
23684
21811
21835
23685
21812
21836
23686
21813
21837
23687
21814
21838
23688
21815
21839
23689
21816
21840
23690
21817
21841
23691
21818
21842
23692
21819
21843
23693
21820
21844
23694
21821
21845
23695
21822
21846
23696
21823
21847
23697
21824
21848
23698
21849
23699
21826
21850
23700
21827
21851
23701
21828
21852
23702
21829
21853
23703
21830
21854
23704
21831
21855
23705
21832
21856
23706
21833
21857
23707
21834
21858
23708
21835
21859
23709
21836
21860
23710
21837
21861
23711
21838
21862
23712
21839
21863
23713
21840
21864
23714
21841
21865
23715
21842
21866
23716
21843
21867
23717
21844
21868
23718
21845
21869
23719
21846
21870
23720
21847
21871
23721
21848
21872
23722
21849
21873
23723
21874
23724
21851
21875
23725
21852
21876
23726
21853
21877
23727
21854
21878
23728
21855
21879
23729
21856
21880
23730
21857
21881
23731
21858
21882
23732
21859
21883
23733
21860
21884
23734
21861
21885
23735
21862
21886
23736
21863
21887
23737
21864
21888
23738
21865
21889
23739
21866
21890
23740
21867
21891
23741
21868
21892
23742
21869
21893
23743
21870
21894
23744
21871
21895
23745
21872
21896
23746
21873
21897
23747
21874
21898
23748
21899
23749
21876
21900
23750
21877
21901
23751
21878
21902
23752
21879
21903
23753
21880
21904
23754
21881
21905
23755
21882
21906
23756
21883
21907
23757
21884
21908
23758
21885
21909
23759
21886
21910
23760
21887
21911
23761
21888
21912
23762
21889
21913
23763
21890
21914
23764
21891
21915
23765
21892
21916
23766
21893
21917
23767
21894
21918
23768
21895
21919
23769
21896
21920
23770
21897
21921
23771
21898
21922
23772
21899
21923
23773
21924
23774
21901
21925
23775
21902
21926
23776
21903
21927
23777
21904
21928
23778
21905
21929
23779
21906
21930
23780
21907
21931
23781
21908
21932
23782
21909
21933
23783
21910
21934
23784
21911
21935
23785
21912
21936
23786
21913
21937
23787
21914
21938
23788
21915
21939
23789
21916
21940
23790
21917
21941
23791
21918
21942
23792
21919
21943
23793
21920
21944
23794
21921
21945
23795
21922
21946
23796
21923
21947
23797
21924
21948
23798
21949
23799
21926
21950
23800
21927
21951
23801
21928
21952
23802
21929
21953
23803
21930
21954
23804
21931
21955
23805
21932
21956
23806
21933
21957
23807
21934
21958
23808
21935
21959
23809
21936
21960
23810
21937
21961
23811
21938
21962
23812
21939
21963
23813
21940
21964
23814
21941
21965
23815
21942
21966
23816
21943
21967
23817
21944
21968
23818
21945
21969
23819
21946
21970
23820
21947
21971
23821
21948
21972
23822
21949
21973
23823
21974
23824
21951
21975
23825
21952
21976
23826
21953
21977
23827
21954
21978
23828
21955
21979
23829
21956
21980
23830
21957
21981
23831
21958
21982
23832
21959
21983
23833
21960
21984
23834
21961
21985
23835
21962
21986
23836
21963
21987
23837
21964
21988
23838
21965
21989
23839
21966
21990
23840
21967
21991
23841
21968
21992
23842
21969
21993
23843
21970
21994
23844
21971
21995
23845
21972
21996
23846
21973
21997
23847
21974
21998
23848
21999
23849
21976
22000
23850
21977
22001
23851
21978
22002
23852
21979
22003
23853
21980
22004
23854
21981
22005
23855
21982
22006
23856
21983
22007
23857
21984
22008
23858
21985
22009
23859
21986
22010
23860
21987
22011
23861
21988
22012
23862
21989
22013
23863
21990
22014
23864
21991
22015
23865
21992
22016
23866
21993
22017
23867
21994
22018
23868
21995
22019
23869
21996
22020
23870
21997
22021
23871
21998
22022
23872
21999
22023
23873
22024
23874
22001
22025
23875
22002
22026
23876
22003
22027
23877
22004
22028
23878
22005
22029
23879
22006
22030
23880
22007
22031
23881
22008
22032
23882
22009
22033
23883
22010
22034
23884
22011
22035
23885
22012
22036
23886
22013
22037
23887
22014
22038
23888
22015
22039
23889
22016
22040
23890
22017
22041
23891
22018
22042
23892
22019
22043
23893
22020
22044
23894
22021
22045
23895
22022
22046
23896
22023
22047
23897
22024
22048
23898
22049
23899
22026
22050
23900
22027
22051
23901
22028
22052
23902
22029
22053
23903
22030
22054
23904
22031
22055
23905
22032
22056
23906
22033
22057
23907
22034
22058
23908
22035
22059
23909
22036
22060
23910
22037
22061
23911
22038
22062
23912
22039
22063
23913
22040
22064
23914
22041
22065
23915
22042
22066
23916
22043
22067
23917
22044
22068
23918
22045
22069
23919
22046
22070
23920
22047
22071
23921
22048
22072
23922
22049
22073
23923
22074
23924
22051
22075
23925
22052
22076
23926
22053
22077
23927
22054
22078
23928
22055
22079
23929
22056
22080
23930
22057
22081
23931
22058
22082
23932
22059
22083
23933
22060
22084
23934
22061
22085
23935
22062
22086
23936
22063
22087
23937
22064
22088
23938
22065
22089
23939
22066
22090
23940
22067
22091
23941
22068
22092
23942
22069
22093
23943
22070
22094
23944
22071
22095
23945
22072
22096
23946
22073
22097
23947
22074
22098
23948
22099
23949
22076
22100
23950
22077
22101
23951
22078
22102
23952
22079
22103
23953
22080
22104
23954
22081
22105
23955
22082
22106
23956
22083
22107
23957
22084
22108
23958
22085
22109
23959
22086
22110
23960
22087
22111
23961
22088
22112
23962
22089
22113
23963
22090
22114
23964
22091
22115
23965
22092
22116
23966
22093
22117
23967
22094
22118
23968
22095
22119
23969
22096
22120
23970
22097
22121
23971
22098
22122
23972
22099
22123
23973
22124
23974
22101
22125
23975
22102
22126
23976
22103
22127
23977
22104
22128
23978
22105
22129
23979
22106
22130
23980
22107
22131
23981
22108
22132
23982
22109
22133
23983
22110
22134
23984
22111
22135
23985
22112
22136
23986
22113
22137
23987
22114
22138
23988
22115
22139
23989
22116
22140
23990
22117
22141
23991
22118
22142
23992
22119
22143
23993
22120
22144
23994
22121
22145
23995
22122
22146
23996
22123
22147
23997
22124
22148
23998
22149
23999
22126
22150
24000
22127
22151
24001
22128
22152
24002
22129
22153
24003
22130
22154
24004
22131
22155
24005
22132
22156
24006
22133
22157
24007
22134
22158
24008
22135
22159
24009
22136
22160
24010
22137
22161
24011
22138
22162
24012
22139
22163
24013
22140
22164
24014
22141
22165
24015
22142
22166
24016
22143
22167
24017
22144
22168
24018
22145
22169
24019
22146
22170
24020
22147
22171
24021
22148
22172
24022
22149
22173
24023
22174
24024
22151
22175
24025
22152
22176
24026
22153
22177
24027
22154
22178
24028
22155
22179
24029
22156
22180
24030
22157
22181
24031
22158
22182
24032
22159
22183
24033
22160
22184
24034
22161
22185
24035
22162
22186
24036
22163
22187
24037
22164
22188
24038
22165
22189
24039
22166
22190
24040
22167
22191
24041
22168
22192
24042
22169
22193
24043
22170
22194
24044
22171
22195
24045
22172
22196
24046
22173
22197
24047
22174
22198
24048
22199
24049
22176
22200
24050
22177
22201
24051
22178
22202
24052
22179
22203
24053
22180
22204
24054
22181
22205
24055
22182
22206
24056
22183
22207
24057
22184
22208
24058
22185
22209
24059
22186
22210
24060
22187
22211
24061
22188
22212
24062
22189
22213
24063
22190
22214
24064
22191
22215
24065
22192
22216
24066
22193
22217
24067
22194
22218
24068
22195
22219
24069
22196
22220
24070
22197
22221
24071
22198
22222
24072
22199
22223
24073
22224
24074
22201
22225
24075
22202
22226
24076
22203
22227
24077
22204
22228
24078
22205
22229
24079
22206
22230
24080
22207
22231
24081
22208
22232
24082
22209
22233
24083
22210
22234
24084
22211
22235
24085
22212
22236
24086
22213
22237
24087
22214
22238
24088
22215
22239
24089
22216
22240
24090
22217
22241
24091
22218
22242
24092
22219
22243
24093
22220
22244
24094
22221
22245
24095
22222
22246
24096
22223
22247
24097
22224
22248
24098
22249
24099
22226
22250
24100
22227
22251
24101
22228
22252
24102
22229
22253
24103
22230
22254
24104
22231
22255
24105
22232
22256
24106
22233
22257
24107
22234
22258
24108
22235
22259
24109
22236
22260
24110
22237
22261
24111
22238
22262
24112
22239
22263
24113
22240
22264
24114
22241
22265
24115
22242
22266
24116
22243
22267
24117
22244
22268
24118
22245
22269
24119
22246
22270
24120
22247
22271
24121
22248
22272
24122
22249
22273
24123
22274
24124
22251
22275
24125
22252
22276
24126
22253
22277
24127
22254
22278
24128
22255
22279
24129
22256
22280
24130
22257
22281
24131
22258
22282
24132
22259
22283
24133
22260
22284
24134
22261
22285
24135
22262
22286
24136
22263
22287
24137
22264
22288
24138
22265
22289
24139
22266
22290
24140
22267
22291
24141
22268
22292
24142
22269
22293
24143
22270
22294
24144
22271
22295
24145
22272
22296
24146
22273
22297
24147
22274
22298
24148
22299
24149
22276
22300
24150
22277
22301
24151
22278
22302
24152
22279
22303
24153
22280
22304
24154
22281
22305
24155
22282
22306
24156
22283
22307
24157
22284
22308
24158
22285
22309
24159
22286
22310
24160
22287
22311
24161
22288
22312
24162
22289
22313
24163
22290
22314
24164
22291
22315
24165
22292
22316
24166
22293
22317
24167
22294
22318
24168
22295
22319
24169
22296
22320
24170
22297
22321
24171
22298
22322
24172
22299
22323
24173
22324
24174
22301
22325
24175
22302
22326
24176
22303
22327
24177
22304
22328
24178
22305
22329
24179
22306
22330
24180
22307
22331
24181
22308
22332
24182
22309
22333
24183
22310
22334
24184
22311
22335
24185
22312
22336
24186
22313
22337
24187
22314
22338
24188
22315
22339
24189
22316
22340
24190
22317
22341
24191
22318
22342
24192
22319
22343
24193
22320
22344
24194
22321
22345
24195
22322
22346
24196
22323
22347
24197
22324
22348
24198
22349
24199
22326
22350
24200
22327
22351
24201
22328
22352
24202
22329
22353
24203
22330
22354
24204
22331
22355
24205
22332
22356
24206
22333
22357
24207
22334
22358
24208
22335
22359
24209
22336
22360
24210
22337
22361
24211
22338
22362
24212
22339
22363
24213
22340
22364
24214
22341
22365
24215
22342
22366
24216
22343
22367
24217
22344
22368
24218
22345
22369
24219
22346
22370
24220
22347
22371
24221
22348
22372
24222
22349
22373
24223
22374
24224
22351
22375
24225
22352
22376
24226
22353
22377
24227
22354
22378
24228
22355
22379
24229
22356
22380
24230
22357
22381
24231
22358
22382
24232
22359
22383
24233
22360
22384
24234
22361
22385
24235
22362
22386
24236
22363
22387
24237
22364
22388
24238
22365
22389
24239
22366
22390
24240
22367
22391
24241
22368
22392
24242
22369
22393
24243
22370
22394
24244
22371
22395
24245
22372
22396
24246
22373
22397
24247
22374
22398
24248
22399
24249
22376
22400
24250
22377
22401
24251
22378
22402
24252
22379
22403
24253
22380
22404
24254
22381
22405
24255
22382
22406
24256
22383
22407
24257
22384
22408
24258
22385
22409
24259
22386
22410
24260
22387
22411
24261
22388
22412
24262
22389
22413
24263
22390
22414
24264
22391
22415
24265
22392
22416
24266
22393
22417
24267
22394
22418
24268
22395
22419
24269
22396
22420
24270
22397
22421
24271
22398
22422
24272
22399
22423
24273
22424
24274
22401
22425
24275
22402
22426
24276
22403
22427
24277
22404
22428
24278
22405
22429
24279
22406
22430
24280
22407
22431
24281
22408
22432
24282
22409
22433
24283
22410
22434
24284
22411
22435
24285
22412
22436
24286
22413
22437
24287
22414
22438
24288
22415
22439
24289
22416
22440
24290
22417
22441
24291
22418
22442
24292
22419
22443
24293
22420
22444
24294
22421
22445
24295
22422
22446
24296
22423
22447
24297
22424
22448
24298
22449
24299
22426
22450
24300
22427
22451
24301
22428
22452
24302
22429
22453
24303
22430
22454
24304
22431
22455
24305
22432
22456
24306
22433
22457
24307
22434
22458
24308
22435
22459
24309
22436
22460
24310
22437
22461
24311
22438
22462
24312
22439
22463
24313
22440
22464
24314
22441
22465
24315
22442
22466
24316
22443
22467
24317
22444
22468
24318
22445
22469
24319
22446
22470
24320
22447
22471
24321
22448
22472
24322
22449
22473
24323
22474
24324
22451
22475
24325
22452
22476
24326
22453
22477
24327
22454
22478
24328
22455
22479
24329
22456
22480
24330
22457
22481
24331
22458
22482
24332
22459
22483
24333
22460
22484
24334
22461
22485
24335
22462
22486
24336
22463
22487
24337
22464
22488
24338
22465
22489
24339
22466
22490
24340
22467
22491
24341
22468
22492
24342
22469
22493
24343
22470
22494
24344
22471
22495
24345
22472
22496
24346
22473
22497
24347
22474
22498
24348
22499
24349
22476
24350
22477
24351
22478
24352
22479
24353
22480
24354
22481
24355
22482
24356
22483
24357
22484
24358
22485
24359
22486
24360
22487
24361
22488
24362
22489
24363
22490
24364
22491
24365
22492
24366
22493
24367
22494
24368
22495
24369
22496
24370
22497
24371
22498
24372
22499
24373
24374
22501
22525
24375
22502
22526
24376
22503
22527
24377
22504
22528
24378
22505
22529
24379
22506
22530
24380
22507
22531
24381
22508
22532
24382
22509
22533
24383
22510
22534
24384
22511
22535
24385
22512
22536
24386
22513
22537
24387
22514
22538
24388
22515
22539
24389
22516
22540
24390
22517
22541
24391
22518
22542
24392
22519
22543
24393
22520
22544
24394
22521
22545
24395
22522
22546
24396
22523
22547
24397
22524
22548
24398
22549
24399
22526
22550
24400
22527
22551
24401
22528
22552
24402
22529
22553
24403
22530
22554
24404
22531
22555
24405
22532
22556
24406
22533
22557
24407
22534
22558
24408
22535
22559
24409
22536
22560
24410
22537
22561
24411
22538
22562
24412
22539
22563
24413
22540
22564
24414
22541
22565
24415
22542
22566
24416
22543
22567
24417
22544
22568
24418
22545
22569
24419
22546
22570
24420
22547
22571
24421
22548
22572
24422
22549
22573
24423
22574
24424
22551
22575
24425
22552
22576
24426
22553
22577
24427
22554
22578
24428
22555
22579
24429
22556
22580
24430
22557
22581
24431
22558
22582
24432
22559
22583
24433
22560
22584
24434
22561
22585
24435
22562
22586
24436
22563
22587
24437
22564
22588
24438
22565
22589
24439
22566
22590
24440
22567
22591
24441
22568
22592
24442
22569
22593
24443
22570
22594
24444
22571
22595
24445
22572
22596
24446
22573
22597
24447
22574
22598
24448
22599
24449
22576
22600
24450
22577
22601
24451
22578
22602
24452
22579
22603
24453
22580
22604
24454
22581
22605
24455
22582
22606
24456
22583
22607
24457
22584
22608
24458
22585
22609
24459
22586
22610
24460
22587
22611
24461
22588
22612
24462
22589
22613
24463
22590
22614
24464
22591
22615
24465
22592
22616
24466
22593
22617
24467
22594
22618
24468
22595
22619
24469
22596
22620
24470
22597
22621
24471
22598
22622
24472
22599
22623
24473
22624
24474
22601
22625
24475
22602
22626
24476
22603
22627
24477
22604
22628
24478
22605
22629
24479
22606
22630
24480
22607
22631
24481
22608
22632
24482
22609
22633
24483
22610
22634
24484
22611
22635
24485
22612
22636
24486
22613
22637
24487
22614
22638
24488
22615
22639
24489
22616
22640
24490
22617
22641
24491
22618
22642
24492
22619
22643
24493
22620
22644
24494
22621
22645
24495
22622
22646
24496
22623
22647
24497
22624
22648
24498
22649
24499
22626
22650
24500
22627
22651
24501
22628
22652
24502
22629
22653
24503
22630
22654
24504
22631
22655
24505
22632
22656
24506
22633
22657
24507
22634
22658
24508
22635
22659
24509
22636
22660
24510
22637
22661
24511
22638
22662
24512
22639
22663
24513
22640
22664
24514
22641
22665
24515
22642
22666
24516
22643
22667
24517
22644
22668
24518
22645
22669
24519
22646
22670
24520
22647
22671
24521
22648
22672
24522
22649
22673
24523
22674
24524
22651
22675
24525
22652
22676
24526
22653
22677
24527
22654
22678
24528
22655
22679
24529
22656
22680
24530
22657
22681
24531
22658
22682
24532
22659
22683
24533
22660
22684
24534
22661
22685
24535
22662
22686
24536
22663
22687
24537
22664
22688
24538
22665
22689
24539
22666
22690
24540
22667
22691
24541
22668
22692
24542
22669
22693
24543
22670
22694
24544
22671
22695
24545
22672
22696
24546
22673
22697
24547
22674
22698
24548
22699
24549
22676
22700
24550
22677
22701
24551
22678
22702
24552
22679
22703
24553
22680
22704
24554
22681
22705
24555
22682
22706
24556
22683
22707
24557
22684
22708
24558
22685
22709
24559
22686
22710
24560
22687
22711
24561
22688
22712
24562
22689
22713
24563
22690
22714
24564
22691
22715
24565
22692
22716
24566
22693
22717
24567
22694
22718
24568
22695
22719
24569
22696
22720
24570
22697
22721
24571
22698
22722
24572
22699
22723
24573
22724
24574
22701
22725
24575
22702
22726
24576
22703
22727
24577
22704
22728
24578
22705
22729
24579
22706
22730
24580
22707
22731
24581
22708
22732
24582
22709
22733
24583
22710
22734
24584
22711
22735
24585
22712
22736
24586
22713
22737
24587
22714
22738
24588
22715
22739
24589
22716
22740
24590
22717
22741
24591
22718
22742
24592
22719
22743
24593
22720
22744
24594
22721
22745
24595
22722
22746
24596
22723
22747
24597
22724
22748
24598
22749
24599
22726
22750
24600
22727
22751
24601
22728
22752
24602
22729
22753
24603
22730
22754
24604
22731
22755
24605
22732
22756
24606
22733
22757
24607
22734
22758
24608
22735
22759
24609
22736
22760
24610
22737
22761
24611
22738
22762
24612
22739
22763
24613
22740
22764
24614
22741
22765
24615
22742
22766
24616
22743
22767
24617
22744
22768
24618
22745
22769
24619
22746
22770
24620
22747
22771
24621
22748
22772
24622
22749
22773
24623
22774
24624
22751
22775
24625
22752
22776
24626
22753
22777
24627
22754
22778
24628
22755
22779
24629
22756
22780
24630
22757
22781
24631
22758
22782
24632
22759
22783
24633
22760
22784
24634
22761
22785
24635
22762
22786
24636
22763
22787
24637
22764
22788
24638
22765
22789
24639
22766
22790
24640
22767
22791
24641
22768
22792
24642
22769
22793
24643
22770
22794
24644
22771
22795
24645
22772
22796
24646
22773
22797
24647
22774
22798
24648
22799
24649
22776
22800
24650
22777
22801
24651
22778
22802
24652
22779
22803
24653
22780
22804
24654
22781
22805
24655
22782
22806
24656
22783
22807
24657
22784
22808
24658
22785
22809
24659
22786
22810
24660
22787
22811
24661
22788
22812
24662
22789
22813
24663
22790
22814
24664
22791
22815
24665
22792
22816
24666
22793
22817
24667
22794
22818
24668
22795
22819
24669
22796
22820
24670
22797
22821
24671
22798
22822
24672
22799
22823
24673
22824
24674
22801
22825
24675
22802
22826
24676
22803
22827
24677
22804
22828
24678
22805
22829
24679
22806
22830
24680
22807
22831
24681
22808
22832
24682
22809
22833
24683
22810
22834
24684
22811
22835
24685
22812
22836
24686
22813
22837
24687
22814
22838
24688
22815
22839
24689
22816
22840
24690
22817
22841
24691
22818
22842
24692
22819
22843
24693
22820
22844
24694
22821
22845
24695
22822
22846
24696
22823
22847
24697
22824
22848
24698
22849
24699
22826
22850
24700
22827
22851
24701
22828
22852
24702
22829
22853
24703
22830
22854
24704
22831
22855
24705
22832
22856
24706
22833
22857
24707
22834
22858
24708
22835
22859
24709
22836
22860
24710
22837
22861
24711
22838
22862
24712
22839
22863
24713
22840
22864
24714
22841
22865
24715
22842
22866
24716
22843
22867
24717
22844
22868
24718
22845
22869
24719
22846
22870
24720
22847
22871
24721
22848
22872
24722
22849
22873
24723
22874
24724
22851
22875
24725
22852
22876
24726
22853
22877
24727
22854
22878
24728
22855
22879
24729
22856
22880
24730
22857
22881
24731
22858
22882
24732
22859
22883
24733
22860
22884
24734
22861
22885
24735
22862
22886
24736
22863
22887
24737
22864
22888
24738
22865
22889
24739
22866
22890
24740
22867
22891
24741
22868
22892
24742
22869
22893
24743
22870
22894
24744
22871
22895
24745
22872
22896
24746
22873
22897
24747
22874
22898
24748
22899
24749
22876
22900
24750
22877
22901
24751
22878
22902
24752
22879
22903
24753
22880
22904
24754
22881
22905
24755
22882
22906
24756
22883
22907
24757
22884
22908
24758
22885
22909
24759
22886
22910
24760
22887
22911
24761
22888
22912
24762
22889
22913
24763
22890
22914
24764
22891
22915
24765
22892
22916
24766
22893
22917
24767
22894
22918
24768
22895
22919
24769
22896
22920
24770
22897
22921
24771
22898
22922
24772
22899
22923
24773
22924
24774
22901
22925
24775
22902
22926
24776
22903
22927
24777
22904
22928
24778
22905
22929
24779
22906
22930
24780
22907
22931
24781
22908
22932
24782
22909
22933
24783
22910
22934
24784
22911
22935
24785
22912
22936
24786
22913
22937
24787
22914
22938
24788
22915
22939
24789
22916
22940
24790
22917
22941
24791
22918
22942
24792
22919
22943
24793
22920
22944
24794
22921
22945
24795
22922
22946
24796
22923
22947
24797
22924
22948
24798
22949
24799
22926
22950
24800
22927
22951
24801
22928
22952
24802
22929
22953
24803
22930
22954
24804
22931
22955
24805
22932
22956
24806
22933
22957
24807
22934
22958
24808
22935
22959
24809
22936
22960
24810
22937
22961
24811
22938
22962
24812
22939
22963
24813
22940
22964
24814
22941
22965
24815
22942
22966
24816
22943
22967
24817
22944
22968
24818
22945
22969
24819
22946
22970
24820
22947
22971
24821
22948
22972
24822
22949
22973
24823
22974
24824
22951
22975
24825
22952
22976
24826
22953
22977
24827
22954
22978
24828
22955
22979
24829
22956
22980
24830
22957
22981
24831
22958
22982
24832
22959
22983
24833
22960
22984
24834
22961
22985
24835
22962
22986
24836
22963
22987
24837
22964
22988
24838
22965
22989
24839
22966
22990
24840
22967
22991
24841
22968
22992
24842
22969
22993
24843
22970
22994
24844
22971
22995
24845
22972
22996
24846
22973
22997
24847
22974
22998
24848
22999
24849
22976
23000
24850
22977
23001
24851
22978
23002
24852
22979
23003
24853
22980
23004
24854
22981
23005
24855
22982
23006
24856
22983
23007
24857
22984
23008
24858
22985
23009
24859
22986
23010
24860
22987
23011
24861
22988
23012
24862
22989
23013
24863
22990
23014
24864
22991
23015
24865
22992
23016
24866
22993
23017
24867
22994
23018
24868
22995
23019
24869
22996
23020
24870
22997
23021
24871
22998
23022
24872
22999
23023
24873
23024
24874
23001
23025
24875
23002
23026
24876
23003
23027
24877
23004
23028
24878
23005
23029
24879
23006
23030
24880
23007
23031
24881
23008
23032
24882
23009
23033
24883
23010
23034
24884
23011
23035
24885
23012
23036
24886
23013
23037
24887
23014
23038
24888
23015
23039
24889
23016
23040
24890
23017
23041
24891
23018
23042
24892
23019
23043
24893
23020
23044
24894
23021
23045
24895
23022
23046
24896
23023
23047
24897
23024
23048
24898
23049
24899
23026
23050
24900
23027
23051
24901
23028
23052
24902
23029
23053
24903
23030
23054
24904
23031
23055
24905
23032
23056
24906
23033
23057
24907
23034
23058
24908
23035
23059
24909
23036
23060
24910
23037
23061
24911
23038
23062
24912
23039
23063
24913
23040
23064
24914
23041
23065
24915
23042
23066
24916
23043
23067
24917
23044
23068
24918
23045
23069
24919
23046
23070
24920
23047
23071
24921
23048
23072
24922
23049
23073
24923
23074
24924
23051
23075
24925
23052
23076
24926
23053
23077
24927
23054
23078
24928
23055
23079
24929
23056
23080
24930
23057
23081
24931
23058
23082
24932
23059
23083
24933
23060
23084
24934
23061
23085
24935
23062
23086
24936
23063
23087
24937
23064
23088
24938
23065
23089
24939
23066
23090
24940
23067
23091
24941
23068
23092
24942
23069
23093
24943
23070
23094
24944
23071
23095
24945
23072
23096
24946
23073
23097
24947
23074
23098
24948
23099
24949
23076
23100
24950
23077
23101
24951
23078
23102
24952
23079
23103
24953
23080
23104
24954
23081
23105
24955
23082
23106
24956
23083
23107
24957
23084
23108
24958
23085
23109
24959
23086
23110
24960
23087
23111
24961
23088
23112
24962
23089
23113
24963
23090
23114
24964
23091
23115
24965
23092
23116
24966
23093
23117
24967
23094
23118
24968
23095
23119
24969
23096
23120
24970
23097
23121
24971
23098
23122
24972
23099
23123
24973
23124
24974
23101
23125
24975
23102
23126
24976
23103
23127
24977
23104
23128
24978
23105
23129
24979
23106
23130
24980
23107
23131
24981
23108
23132
24982
23109
23133
24983
23110
23134
24984
23111
23135
24985
23112
23136
24986
23113
23137
24987
23114
23138
24988
23115
23139
24989
23116
23140
24990
23117
23141
24991
23118
23142
24992
23119
23143
24993
23120
23144
24994
23121
23145
24995
23122
23146
24996
23123
23147
24997
23124
23148
24998
23149
24999
23126
23150
25000
23127
23151
25001
23128
23152
25002
23129
23153
25003
23130
23154
25004
23131
23155
25005
23132
23156
25006
23133
23157
25007
23134
23158
25008
23135
23159
25009
23136
23160
25010
23137
23161
25011
23138
23162
25012
23139
23163
25013
23140
23164
25014
23141
23165
25015
23142
23166
25016
23143
23167
25017
23144
23168
25018
23145
23169
25019
23146
23170
25020
23147
23171
25021
23148
23172
25022
23149
23173
25023
23174
25024
23151
23175
25025
23152
23176
25026
23153
23177
25027
23154
23178
25028
23155
23179
25029
23156
23180
25030
23157
23181
25031
23158
23182
25032
23159
23183
25033
23160
23184
25034
23161
23185
25035
23162
23186
25036
23163
23187
25037
23164
23188
25038
23165
23189
25039
23166
23190
25040
23167
23191
25041
23168
23192
25042
23169
23193
25043
23170
23194
25044
23171
23195
25045
23172
23196
25046
23173
23197
25047
23174
23198
25048
23199
25049
23176
23200
25050
23177
23201
25051
23178
23202
25052
23179
23203
25053
23180
23204
25054
23181
23205
25055
23182
23206
25056
23183
23207
25057
23184
23208
25058
23185
23209
25059
23186
23210
25060
23187
23211
25061
23188
23212
25062
23189
23213
25063
23190
23214
25064
23191
23215
25065
23192
23216
25066
23193
23217
25067
23194
23218
25068
23195
23219
25069
23196
23220
25070
23197
23221
25071
23198
23222
25072
23199
23223
25073
23224
25074
23201
23225
25075
23202
23226
25076
23203
23227
25077
23204
23228
25078
23205
23229
25079
23206
23230
25080
23207
23231
25081
23208
23232
25082
23209
23233
25083
23210
23234
25084
23211
23235
25085
23212
23236
25086
23213
23237
25087
23214
23238
25088
23215
23239
25089
23216
23240
25090
23217
23241
25091
23218
23242
25092
23219
23243
25093
23220
23244
25094
23221
23245
25095
23222
23246
25096
23223
23247
25097
23224
23248
25098
23249
25099
23226
23250
25100
23227
23251
25101
23228
23252
25102
23229
23253
25103
23230
23254
25104
23231
23255
25105
23232
23256
25106
23233
23257
25107
23234
23258
25108
23235
23259
25109
23236
23260
25110
23237
23261
25111
23238
23262
25112
23239
23263
25113
23240
23264
25114
23241
23265
25115
23242
23266
25116
23243
23267
25117
23244
23268
25118
23245
23269
25119
23246
23270
25120
23247
23271
25121
23248
23272
25122
23249
23273
25123
23274
25124
23251
23275
25125
23252
23276
25126
23253
23277
25127
23254
23278
25128
23255
23279
25129
23256
23280
25130
23257
23281
25131
23258
23282
25132
23259
23283
25133
23260
23284
25134
23261
23285
25135
23262
23286
25136
23263
23287
25137
23264
23288
25138
23265
23289
25139
23266
23290
25140
23267
23291
25141
23268
23292
25142
23269
23293
25143
23270
23294
25144
23271
23295
25145
23272
23296
25146
23273
23297
25147
23274
23298
25148
23299
25149
23276
23300
25150
23277
23301
25151
23278
23302
25152
23279
23303
25153
23280
23304
25154
23281
23305
25155
23282
23306
25156
23283
23307
25157
23284
23308
25158
23285
23309
25159
23286
23310
25160
23287
23311
25161
23288
23312
25162
23289
23313
25163
23290
23314
25164
23291
23315
25165
23292
23316
25166
23293
23317
25167
23294
23318
25168
23295
23319
25169
23296
23320
25170
23297
23321
25171
23298
23322
25172
23299
23323
25173
23324
25174
23301
23325
25175
23302
23326
25176
23303
23327
25177
23304
23328
25178
23305
23329
25179
23306
23330
25180
23307
23331
25181
23308
23332
25182
23309
23333
25183
23310
23334
25184
23311
23335
25185
23312
23336
25186
23313
23337
25187
23314
23338
25188
23315
23339
25189
23316
23340
25190
23317
23341
25191
23318
23342
25192
23319
23343
25193
23320
23344
25194
23321
23345
25195
23322
23346
25196
23323
23347
25197
23324
23348
25198
23349
25199
23326
23350
25200
23327
23351
25201
23328
23352
25202
23329
23353
25203
23330
23354
25204
23331
23355
25205
23332
23356
25206
23333
23357
25207
23334
23358
25208
23335
23359
25209
23336
23360
25210
23337
23361
25211
23338
23362
25212
23339
23363
25213
23340
23364
25214
23341
23365
25215
23342
23366
25216
23343
23367
25217
23344
23368
25218
23345
23369
25219
23346
23370
25220
23347
23371
25221
23348
23372
25222
23349
23373
25223
23374
25224
23351
23375
25225
23352
23376
25226
23353
23377
25227
23354
23378
25228
23355
23379
25229
23356
23380
25230
23357
23381
25231
23358
23382
25232
23359
23383
25233
23360
23384
25234
23361
23385
25235
23362
23386
25236
23363
23387
25237
23364
23388
25238
23365
23389
25239
23366
23390
25240
23367
23391
25241
23368
23392
25242
23369
23393
25243
23370
23394
25244
23371
23395
25245
23372
23396
25246
23373
23397
25247
23374
23398
25248
23399
25249
23376
23400
25250
23377
23401
25251
23378
23402
25252
23379
23403
25253
23380
23404
25254
23381
23405
25255
23382
23406
25256
23383
23407
25257
23384
23408
25258
23385
23409
25259
23386
23410
25260
23387
23411
25261
23388
23412
25262
23389
23413
25263
23390
23414
25264
23391
23415
25265
23392
23416
25266
23393
23417
25267
23394
23418
25268
23395
23419
25269
23396
23420
25270
23397
23421
25271
23398
23422
25272
23399
23423
25273
23424
25274
23401
23425
25275
23402
23426
25276
23403
23427
25277
23404
23428
25278
23405
23429
25279
23406
23430
25280
23407
23431
25281
23408
23432
25282
23409
23433
25283
23410
23434
25284
23411
23435
25285
23412
23436
25286
23413
23437
25287
23414
23438
25288
23415
23439
25289
23416
23440
25290
23417
23441
25291
23418
23442
25292
23419
23443
25293
23420
23444
25294
23421
23445
25295
23422
23446
25296
23423
23447
25297
23424
23448
25298
23449
25299
23426
23450
25300
23427
23451
25301
23428
23452
25302
23429
23453
25303
23430
23454
25304
23431
23455
25305
23432
23456
25306
23433
23457
25307
23434
23458
25308
23435
23459
25309
23436
23460
25310
23437
23461
25311
23438
23462
25312
23439
23463
25313
23440
23464
25314
23441
23465
25315
23442
23466
25316
23443
23467
25317
23444
23468
25318
23445
23469
25319
23446
23470
25320
23447
23471
25321
23448
23472
25322
23449
23473
25323
23474
25324
23451
23475
25325
23452
23476
25326
23453
23477
25327
23454
23478
25328
23455
23479
25329
23456
23480
25330
23457
23481
25331
23458
23482
25332
23459
23483
25333
23460
23484
25334
23461
23485
25335
23462
23486
25336
23463
23487
25337
23464
23488
25338
23465
23489
25339
23466
23490
25340
23467
23491
25341
23468
23492
25342
23469
23493
25343
23470
23494
25344
23471
23495
25345
23472
23496
25346
23473
23497
25347
23474
23498
25348
23499
25349
23476
23500
25350
23477
23501
25351
23478
23502
25352
23479
23503
25353
23480
23504
25354
23481
23505
25355
23482
23506
25356
23483
23507
25357
23484
23508
25358
23485
23509
25359
23486
23510
25360
23487
23511
25361
23488
23512
25362
23489
23513
25363
23490
23514
25364
23491
23515
25365
23492
23516
25366
23493
23517
25367
23494
23518
25368
23495
23519
25369
23496
23520
25370
23497
23521
25371
23498
23522
25372
23499
23523
25373
23524
25374
23501
23525
25375
23502
23526
25376
23503
23527
25377
23504
23528
25378
23505
23529
25379
23506
23530
25380
23507
23531
25381
23508
23532
25382
23509
23533
25383
23510
23534
25384
23511
23535
25385
23512
23536
25386
23513
23537
25387
23514
23538
25388
23515
23539
25389
23516
23540
25390
23517
23541
25391
23518
23542
25392
23519
23543
25393
23520
23544
25394
23521
23545
25395
23522
23546
25396
23523
23547
25397
23524
23548
25398
23549
25399
23526
23550
25400
23527
23551
25401
23528
23552
25402
23529
23553
25403
23530
23554
25404
23531
23555
25405
23532
23556
25406
23533
23557
25407
23534
23558
25408
23535
23559
25409
23536
23560
25410
23537
23561
25411
23538
23562
25412
23539
23563
25413
23540
23564
25414
23541
23565
25415
23542
23566
25416
23543
23567
25417
23544
23568
25418
23545
23569
25419
23546
23570
25420
23547
23571
25421
23548
23572
25422
23549
23573
25423
23574
25424
23551
23575
25425
23552
23576
25426
23553
23577
25427
23554
23578
25428
23555
23579
25429
23556
23580
25430
23557
23581
25431
23558
23582
25432
23559
23583
25433
23560
23584
25434
23561
23585
25435
23562
23586
25436
23563
23587
25437
23564
23588
25438
23565
23589
25439
23566
23590
25440
23567
23591
25441
23568
23592
25442
23569
23593
25443
23570
23594
25444
23571
23595
25445
23572
23596
25446
23573
23597
25447
23574
23598
25448
23599
25449
23576
23600
25450
23577
23601
25451
23578
23602
25452
23579
23603
25453
23580
23604
25454
23581
23605
25455
23582
23606
25456
23583
23607
25457
23584
23608
25458
23585
23609
25459
23586
23610
25460
23587
23611
25461
23588
23612
25462
23589
23613
25463
23590
23614
25464
23591
23615
25465
23592
23616
25466
23593
23617
25467
23594
23618
25468
23595
23619
25469
23596
23620
25470
23597
23621
25471
23598
23622
25472
23599
23623
25473
23624
25474
23601
23625
25475
23602
23626
25476
23603
23627
25477
23604
23628
25478
23605
23629
25479
23606
23630
25480
23607
23631
25481
23608
23632
25482
23609
23633
25483
23610
23634
25484
23611
23635
25485
23612
23636
25486
23613
23637
25487
23614
23638
25488
23615
23639
25489
23616
23640
25490
23617
23641
25491
23618
23642
25492
23619
23643
25493
23620
23644
25494
23621
23645
25495
23622
23646
25496
23623
23647
25497
23624
23648
25498
23649
25499
23626
23650
25500
23627
23651
25501
23628
23652
25502
23629
23653
25503
23630
23654
25504
23631
23655
25505
23632
23656
25506
23633
23657
25507
23634
23658
25508
23635
23659
25509
23636
23660
25510
23637
23661
25511
23638
23662
25512
23639
23663
25513
23640
23664
25514
23641
23665
25515
23642
23666
25516
23643
23667
25517
23644
23668
25518
23645
23669
25519
23646
23670
25520
23647
23671
25521
23648
23672
25522
23649
23673
25523
23674
25524
23651
23675
25525
23652
23676
25526
23653
23677
25527
23654
23678
25528
23655
23679
25529
23656
23680
25530
23657
23681
25531
23658
23682
25532
23659
23683
25533
23660
23684
25534
23661
23685
25535
23662
23686
25536
23663
23687
25537
23664
23688
25538
23665
23689
25539
23666
23690
25540
23667
23691
25541
23668
23692
25542
23669
23693
25543
23670
23694
25544
23671
23695
25545
23672
23696
25546
23673
23697
25547
23674
23698
25548
23699
25549
23676
23700
25550
23677
23701
25551
23678
23702
25552
23679
23703
25553
23680
23704
25554
23681
23705
25555
23682
23706
25556
23683
23707
25557
23684
23708
25558
23685
23709
25559
23686
23710
25560
23687
23711
25561
23688
23712
25562
23689
23713
25563
23690
23714
25564
23691
23715
25565
23692
23716
25566
23693
23717
25567
23694
23718
25568
23695
23719
25569
23696
23720
25570
23697
23721
25571
23698
23722
25572
23699
23723
25573
23724
25574
23701
23725
25575
23702
23726
25576
23703
23727
25577
23704
23728
25578
23705
23729
25579
23706
23730
25580
23707
23731
25581
23708
23732
25582
23709
23733
25583
23710
23734
25584
23711
23735
25585
23712
23736
25586
23713
23737
25587
23714
23738
25588
23715
23739
25589
23716
23740
25590
23717
23741
25591
23718
23742
25592
23719
23743
25593
23720
23744
25594
23721
23745
25595
23722
23746
25596
23723
23747
25597
23724
23748
25598
23749
25599
23726
23750
25600
23727
23751
25601
23728
23752
25602
23729
23753
25603
23730
23754
25604
23731
23755
25605
23732
23756
25606
23733
23757
25607
23734
23758
25608
23735
23759
25609
23736
23760
25610
23737
23761
25611
23738
23762
25612
23739
23763
25613
23740
23764
25614
23741
23765
25615
23742
23766
25616
23743
23767
25617
23744
23768
25618
23745
23769
25619
23746
23770
25620
23747
23771
25621
23748
23772
25622
23749
23773
25623
23774
25624
23751
23775
25625
23752
23776
25626
23753
23777
25627
23754
23778
25628
23755
23779
25629
23756
23780
25630
23757
23781
25631
23758
23782
25632
23759
23783
25633
23760
23784
25634
23761
23785
25635
23762
23786
25636
23763
23787
25637
23764
23788
25638
23765
23789
25639
23766
23790
25640
23767
23791
25641
23768
23792
25642
23769
23793
25643
23770
23794
25644
23771
23795
25645
23772
23796
25646
23773
23797
25647
23774
23798
25648
23799
25649
23776
23800
25650
23777
23801
25651
23778
23802
25652
23779
23803
25653
23780
23804
25654
23781
23805
25655
23782
23806
25656
23783
23807
25657
23784
23808
25658
23785
23809
25659
23786
23810
25660
23787
23811
25661
23788
23812
25662
23789
23813
25663
23790
23814
25664
23791
23815
25665
23792
23816
25666
23793
23817
25667
23794
23818
25668
23795
23819
25669
23796
23820
25670
23797
23821
25671
23798
23822
25672
23799
23823
25673
23824
25674
23801
23825
25675
23802
23826
25676
23803
23827
25677
23804
23828
25678
23805
23829
25679
23806
23830
25680
23807
23831
25681
23808
23832
25682
23809
23833
25683
23810
23834
25684
23811
23835
25685
23812
23836
25686
23813
23837
25687
23814
23838
25688
23815
23839
25689
23816
23840
25690
23817
23841
25691
23818
23842
25692
23819
23843
25693
23820
23844
25694
23821
23845
25695
23822
23846
25696
23823
23847
25697
23824
23848
25698
23849
25699
23826
23850
25700
23827
23851
25701
23828
23852
25702
23829
23853
25703
23830
23854
25704
23831
23855
25705
23832
23856
25706
23833
23857
25707
23834
23858
25708
23835
23859
25709
23836
23860
25710
23837
23861
25711
23838
23862
25712
23839
23863
25713
23840
23864
25714
23841
23865
25715
23842
23866
25716
23843
23867
25717
23844
23868
25718
23845
23869
25719
23846
23870
25720
23847
23871
25721
23848
23872
25722
23849
23873
25723
23874
25724
23851
23875
25725
23852
23876
25726
23853
23877
25727
23854
23878
25728
23855
23879
25729
23856
23880
25730
23857
23881
25731
23858
23882
25732
23859
23883
25733
23860
23884
25734
23861
23885
25735
23862
23886
25736
23863
23887
25737
23864
23888
25738
23865
23889
25739
23866
23890
25740
23867
23891
25741
23868
23892
25742
23869
23893
25743
23870
23894
25744
23871
23895
25745
23872
23896
25746
23873
23897
25747
23874
23898
25748
23899
25749
23876
23900
25750
23877
23901
25751
23878
23902
25752
23879
23903
25753
23880
23904
25754
23881
23905
25755
23882
23906
25756
23883
23907
25757
23884
23908
25758
23885
23909
25759
23886
23910
25760
23887
23911
25761
23888
23912
25762
23889
23913
25763
23890
23914
25764
23891
23915
25765
23892
23916
25766
23893
23917
25767
23894
23918
25768
23895
23919
25769
23896
23920
25770
23897
23921
25771
23898
23922
25772
23899
23923
25773
23924
25774
23901
23925
25775
23902
23926
25776
23903
23927
25777
23904
23928
25778
23905
23929
25779
23906
23930
25780
23907
23931
25781
23908
23932
25782
23909
23933
25783
23910
23934
25784
23911
23935
25785
23912
23936
25786
23913
23937
25787
23914
23938
25788
23915
23939
25789
23916
23940
25790
23917
23941
25791
23918
23942
25792
23919
23943
25793
23920
23944
25794
23921
23945
25795
23922
23946
25796
23923
23947
25797
23924
23948
25798
23949
25799
23926
23950
25800
23927
23951
25801
23928
23952
25802
23929
23953
25803
23930
23954
25804
23931
23955
25805
23932
23956
25806
23933
23957
25807
23934
23958
25808
23935
23959
25809
23936
23960
25810
23937
23961
25811
23938
23962
25812
23939
23963
25813
23940
23964
25814
23941
23965
25815
23942
23966
25816
23943
23967
25817
23944
23968
25818
23945
23969
25819
23946
23970
25820
23947
23971
25821
23948
23972
25822
23949
23973
25823
23974
25824
23951
23975
25825
23952
23976
25826
23953
23977
25827
23954
23978
25828
23955
23979
25829
23956
23980
25830
23957
23981
25831
23958
23982
25832
23959
23983
25833
23960
23984
25834
23961
23985
25835
23962
23986
25836
23963
23987
25837
23964
23988
25838
23965
23989
25839
23966
23990
25840
23967
23991
25841
23968
23992
25842
23969
23993
25843
23970
23994
25844
23971
23995
25845
23972
23996
25846
23973
23997
25847
23974
23998
25848
23999
25849
23976
24000
25850
23977
24001
25851
23978
24002
25852
23979
24003
25853
23980
24004
25854
23981
24005
25855
23982
24006
25856
23983
24007
25857
23984
24008
25858
23985
24009
25859
23986
24010
25860
23987
24011
25861
23988
24012
25862
23989
24013
25863
23990
24014
25864
23991
24015
25865
23992
24016
25866
23993
24017
25867
23994
24018
25868
23995
24019
25869
23996
24020
25870
23997
24021
25871
23998
24022
25872
23999
24023
25873
24024
25874
24001
24025
25875
24002
24026
25876
24003
24027
25877
24004
24028
25878
24005
24029
25879
24006
24030
25880
24007
24031
25881
24008
24032
25882
24009
24033
25883
24010
24034
25884
24011
24035
25885
24012
24036
25886
24013
24037
25887
24014
24038
25888
24015
24039
25889
24016
24040
25890
24017
24041
25891
24018
24042
25892
24019
24043
25893
24020
24044
25894
24021
24045
25895
24022
24046
25896
24023
24047
25897
24024
24048
25898
24049
25899
24026
24050
25900
24027
24051
25901
24028
24052
25902
24029
24053
25903
24030
24054
25904
24031
24055
25905
24032
24056
25906
24033
24057
25907
24034
24058
25908
24035
24059
25909
24036
24060
25910
24037
24061
25911
24038
24062
25912
24039
24063
25913
24040
24064
25914
24041
24065
25915
24042
24066
25916
24043
24067
25917
24044
24068
25918
24045
24069
25919
24046
24070
25920
24047
24071
25921
24048
24072
25922
24049
24073
25923
24074
25924
24051
24075
25925
24052
24076
25926
24053
24077
25927
24054
24078
25928
24055
24079
25929
24056
24080
25930
24057
24081
25931
24058
24082
25932
24059
24083
25933
24060
24084
25934
24061
24085
25935
24062
24086
25936
24063
24087
25937
24064
24088
25938
24065
24089
25939
24066
24090
25940
24067
24091
25941
24068
24092
25942
24069
24093
25943
24070
24094
25944
24071
24095
25945
24072
24096
25946
24073
24097
25947
24074
24098
25948
24099
25949
24076
24100
25950
24077
24101
25951
24078
24102
25952
24079
24103
25953
24080
24104
25954
24081
24105
25955
24082
24106
25956
24083
24107
25957
24084
24108
25958
24085
24109
25959
24086
24110
25960
24087
24111
25961
24088
24112
25962
24089
24113
25963
24090
24114
25964
24091
24115
25965
24092
24116
25966
24093
24117
25967
24094
24118
25968
24095
24119
25969
24096
24120
25970
24097
24121
25971
24098
24122
25972
24099
24123
25973
24124
25974
24101
24125
25975
24102
24126
25976
24103
24127
25977
24104
24128
25978
24105
24129
25979
24106
24130
25980
24107
24131
25981
24108
24132
25982
24109
24133
25983
24110
24134
25984
24111
24135
25985
24112
24136
25986
24113
24137
25987
24114
24138
25988
24115
24139
25989
24116
24140
25990
24117
24141
25991
24118
24142
25992
24119
24143
25993
24120
24144
25994
24121
24145
25995
24122
24146
25996
24123
24147
25997
24124
24148
25998
24149
25999
24126
24150
26000
24127
24151
26001
24128
24152
26002
24129
24153
26003
24130
24154
26004
24131
24155
26005
24132
24156
26006
24133
24157
26007
24134
24158
26008
24135
24159
26009
24136
24160
26010
24137
24161
26011
24138
24162
26012
24139
24163
26013
24140
24164
26014
24141
24165
26015
24142
24166
26016
24143
24167
26017
24144
24168
26018
24145
24169
26019
24146
24170
26020
24147
24171
26021
24148
24172
26022
24149
24173
26023
24174
26024
24151
24175
26025
24152
24176
26026
24153
24177
26027
24154
24178
26028
24155
24179
26029
24156
24180
26030
24157
24181
26031
24158
24182
26032
24159
24183
26033
24160
24184
26034
24161
24185
26035
24162
24186
26036
24163
24187
26037
24164
24188
26038
24165
24189
26039
24166
24190
26040
24167
24191
26041
24168
24192
26042
24169
24193
26043
24170
24194
26044
24171
24195
26045
24172
24196
26046
24173
24197
26047
24174
24198
26048
24199
26049
24176
24200
26050
24177
24201
26051
24178
24202
26052
24179
24203
26053
24180
24204
26054
24181
24205
26055
24182
24206
26056
24183
24207
26057
24184
24208
26058
24185
24209
26059
24186
24210
26060
24187
24211
26061
24188
24212
26062
24189
24213
26063
24190
24214
26064
24191
24215
26065
24192
24216
26066
24193
24217
26067
24194
24218
26068
24195
24219
26069
24196
24220
26070
24197
24221
26071
24198
24222
26072
24199
24223
26073
24224
26074
24201
24225
26075
24202
24226
26076
24203
24227
26077
24204
24228
26078
24205
24229
26079
24206
24230
26080
24207
24231
26081
24208
24232
26082
24209
24233
26083
24210
24234
26084
24211
24235
26085
24212
24236
26086
24213
24237
26087
24214
24238
26088
24215
24239
26089
24216
24240
26090
24217
24241
26091
24218
24242
26092
24219
24243
26093
24220
24244
26094
24221
24245
26095
24222
24246
26096
24223
24247
26097
24224
24248
26098
24249
26099
24226
24250
26100
24227
24251
26101
24228
24252
26102
24229
24253
26103
24230
24254
26104
24231
24255
26105
24232
24256
26106
24233
24257
26107
24234
24258
26108
24235
24259
26109
24236
24260
26110
24237
24261
26111
24238
24262
26112
24239
24263
26113
24240
24264
26114
24241
24265
26115
24242
24266
26116
24243
24267
26117
24244
24268
26118
24245
24269
26119
24246
24270
26120
24247
24271
26121
24248
24272
26122
24249
24273
26123
24274
26124
24251
24275
26125
24252
24276
26126
24253
24277
26127
24254
24278
26128
24255
24279
26129
24256
24280
26130
24257
24281
26131
24258
24282
26132
24259
24283
26133
24260
24284
26134
24261
24285
26135
24262
24286
26136
24263
24287
26137
24264
24288
26138
24265
24289
26139
24266
24290
26140
24267
24291
26141
24268
24292
26142
24269
24293
26143
24270
24294
26144
24271
24295
26145
24272
24296
26146
24273
24297
26147
24274
24298
26148
24299
26149
24276
24300
26150
24277
24301
26151
24278
24302
26152
24279
24303
26153
24280
24304
26154
24281
24305
26155
24282
24306
26156
24283
24307
26157
24284
24308
26158
24285
24309
26159
24286
24310
26160
24287
24311
26161
24288
24312
26162
24289
24313
26163
24290
24314
26164
24291
24315
26165
24292
24316
26166
24293
24317
26167
24294
24318
26168
24295
24319
26169
24296
24320
26170
24297
24321
26171
24298
24322
26172
24299
24323
26173
24324
26174
24301
24325
26175
24302
24326
26176
24303
24327
26177
24304
24328
26178
24305
24329
26179
24306
24330
26180
24307
24331
26181
24308
24332
26182
24309
24333
26183
24310
24334
26184
24311
24335
26185
24312
24336
26186
24313
24337
26187
24314
24338
26188
24315
24339
26189
24316
24340
26190
24317
24341
26191
24318
24342
26192
24319
24343
26193
24320
24344
26194
24321
24345
26195
24322
24346
26196
24323
24347
26197
24324
24348
26198
24349
26199
24326
24350
26200
24327
24351
26201
24328
24352
26202
24329
24353
26203
24330
24354
26204
24331
24355
26205
24332
24356
26206
24333
24357
26207
24334
24358
26208
24335
24359
26209
24336
24360
26210
24337
24361
26211
24338
24362
26212
24339
24363
26213
24340
24364
26214
24341
24365
26215
24342
24366
26216
24343
24367
26217
24344
24368
26218
24345
24369
26219
24346
24370
26220
24347
24371
26221
24348
24372
26222
24349
24373
26223
24374
26224
24351
26225
24352
26226
24353
26227
24354
26228
24355
26229
24356
26230
24357
26231
24358
26232
24359
26233
24360
26234
24361
26235
24362
26236
24363
26237
24364
26238
24365
26239
24366
26240
24367
26241
24368
26242
24369
26243
24370
26244
24371
26245
24372
26246
24373
26247
24374
26248
26249
24376
24400
26250
24377
24401
26251
24378
24402
26252
24379
24403
26253
24380
24404
26254
24381
24405
26255
24382
24406
26256
24383
24407
26257
24384
24408
26258
24385
24409
26259
24386
24410
26260
24387
24411
26261
24388
24412
26262
24389
24413
26263
24390
24414
26264
24391
24415
26265
24392
24416
26266
24393
24417
26267
24394
24418
26268
24395
24419
26269
24396
24420
26270
24397
24421
26271
24398
24422
26272
24399
24423
26273
24424
26274
24401
24425
26275
24402
24426
26276
24403
24427
26277
24404
24428
26278
24405
24429
26279
24406
24430
26280
24407
24431
26281
24408
24432
26282
24409
24433
26283
24410
24434
26284
24411
24435
26285
24412
24436
26286
24413
24437
26287
24414
24438
26288
24415
24439
26289
24416
24440
26290
24417
24441
26291
24418
24442
26292
24419
24443
26293
24420
24444
26294
24421
24445
26295
24422
24446
26296
24423
24447
26297
24424
24448
26298
24449
26299
24426
24450
26300
24427
24451
26301
24428
24452
26302
24429
24453
26303
24430
24454
26304
24431
24455
26305
24432
24456
26306
24433
24457
26307
24434
24458
26308
24435
24459
26309
24436
24460
26310
24437
24461
26311
24438
24462
26312
24439
24463
26313
24440
24464
26314
24441
24465
26315
24442
24466
26316
24443
24467
26317
24444
24468
26318
24445
24469
26319
24446
24470
26320
24447
24471
26321
24448
24472
26322
24449
24473
26323
24474
26324
24451
24475
26325
24452
24476
26326
24453
24477
26327
24454
24478
26328
24455
24479
26329
24456
24480
26330
24457
24481
26331
24458
24482
26332
24459
24483
26333
24460
24484
26334
24461
24485
26335
24462
24486
26336
24463
24487
26337
24464
24488
26338
24465
24489
26339
24466
24490
26340
24467
24491
26341
24468
24492
26342
24469
24493
26343
24470
24494
26344
24471
24495
26345
24472
24496
26346
24473
24497
26347
24474
24498
26348
24499
26349
24476
24500
26350
24477
24501
26351
24478
24502
26352
24479
24503
26353
24480
24504
26354
24481
24505
26355
24482
24506
26356
24483
24507
26357
24484
24508
26358
24485
24509
26359
24486
24510
26360
24487
24511
26361
24488
24512
26362
24489
24513
26363
24490
24514
26364
24491
24515
26365
24492
24516
26366
24493
24517
26367
24494
24518
26368
24495
24519
26369
24496
24520
26370
24497
24521
26371
24498
24522
26372
24499
24523
26373
24524
26374
24501
24525
26375
24502
24526
26376
24503
24527
26377
24504
24528
26378
24505
24529
26379
24506
24530
26380
24507
24531
26381
24508
24532
26382
24509
24533
26383
24510
24534
26384
24511
24535
26385
24512
24536
26386
24513
24537
26387
24514
24538
26388
24515
24539
26389
24516
24540
26390
24517
24541
26391
24518
24542
26392
24519
24543
26393
24520
24544
26394
24521
24545
26395
24522
24546
26396
24523
24547
26397
24524
24548
26398
24549
26399
24526
24550
26400
24527
24551
26401
24528
24552
26402
24529
24553
26403
24530
24554
26404
24531
24555
26405
24532
24556
26406
24533
24557
26407
24534
24558
26408
24535
24559
26409
24536
24560
26410
24537
24561
26411
24538
24562
26412
24539
24563
26413
24540
24564
26414
24541
24565
26415
24542
24566
26416
24543
24567
26417
24544
24568
26418
24545
24569
26419
24546
24570
26420
24547
24571
26421
24548
24572
26422
24549
24573
26423
24574
26424
24551
24575
26425
24552
24576
26426
24553
24577
26427
24554
24578
26428
24555
24579
26429
24556
24580
26430
24557
24581
26431
24558
24582
26432
24559
24583
26433
24560
24584
26434
24561
24585
26435
24562
24586
26436
24563
24587
26437
24564
24588
26438
24565
24589
26439
24566
24590
26440
24567
24591
26441
24568
24592
26442
24569
24593
26443
24570
24594
26444
24571
24595
26445
24572
24596
26446
24573
24597
26447
24574
24598
26448
24599
26449
24576
24600
26450
24577
24601
26451
24578
24602
26452
24579
24603
26453
24580
24604
26454
24581
24605
26455
24582
24606
26456
24583
24607
26457
24584
24608
26458
24585
24609
26459
24586
24610
26460
24587
24611
26461
24588
24612
26462
24589
24613
26463
24590
24614
26464
24591
24615
26465
24592
24616
26466
24593
24617
26467
24594
24618
26468
24595
24619
26469
24596
24620
26470
24597
24621
26471
24598
24622
26472
24599
24623
26473
24624
26474
24601
24625
26475
24602
24626
26476
24603
24627
26477
24604
24628
26478
24605
24629
26479
24606
24630
26480
24607
24631
26481
24608
24632
26482
24609
24633
26483
24610
24634
26484
24611
24635
26485
24612
24636
26486
24613
24637
26487
24614
24638
26488
24615
24639
26489
24616
24640
26490
24617
24641
26491
24618
24642
26492
24619
24643
26493
24620
24644
26494
24621
24645
26495
24622
24646
26496
24623
24647
26497
24624
24648
26498
24649
26499
24626
24650
26500
24627
24651
26501
24628
24652
26502
24629
24653
26503
24630
24654
26504
24631
24655
26505
24632
24656
26506
24633
24657
26507
24634
24658
26508
24635
24659
26509
24636
24660
26510
24637
24661
26511
24638
24662
26512
24639
24663
26513
24640
24664
26514
24641
24665
26515
24642
24666
26516
24643
24667
26517
24644
24668
26518
24645
24669
26519
24646
24670
26520
24647
24671
26521
24648
24672
26522
24649
24673
26523
24674
26524
24651
24675
26525
24652
24676
26526
24653
24677
26527
24654
24678
26528
24655
24679
26529
24656
24680
26530
24657
24681
26531
24658
24682
26532
24659
24683
26533
24660
24684
26534
24661
24685
26535
24662
24686
26536
24663
24687
26537
24664
24688
26538
24665
24689
26539
24666
24690
26540
24667
24691
26541
24668
24692
26542
24669
24693
26543
24670
24694
26544
24671
24695
26545
24672
24696
26546
24673
24697
26547
24674
24698
26548
24699
26549
24676
24700
26550
24677
24701
26551
24678
24702
26552
24679
24703
26553
24680
24704
26554
24681
24705
26555
24682
24706
26556
24683
24707
26557
24684
24708
26558
24685
24709
26559
24686
24710
26560
24687
24711
26561
24688
24712
26562
24689
24713
26563
24690
24714
26564
24691
24715
26565
24692
24716
26566
24693
24717
26567
24694
24718
26568
24695
24719
26569
24696
24720
26570
24697
24721
26571
24698
24722
26572
24699
24723
26573
24724
26574
24701
24725
26575
24702
24726
26576
24703
24727
26577
24704
24728
26578
24705
24729
26579
24706
24730
26580
24707
24731
26581
24708
24732
26582
24709
24733
26583
24710
24734
26584
24711
24735
26585
24712
24736
26586
24713
24737
26587
24714
24738
26588
24715
24739
26589
24716
24740
26590
24717
24741
26591
24718
24742
26592
24719
24743
26593
24720
24744
26594
24721
24745
26595
24722
24746
26596
24723
24747
26597
24724
24748
26598
24749
26599
24726
24750
26600
24727
24751
26601
24728
24752
26602
24729
24753
26603
24730
24754
26604
24731
24755
26605
24732
24756
26606
24733
24757
26607
24734
24758
26608
24735
24759
26609
24736
24760
26610
24737
24761
26611
24738
24762
26612
24739
24763
26613
24740
24764
26614
24741
24765
26615
24742
24766
26616
24743
24767
26617
24744
24768
26618
24745
24769
26619
24746
24770
26620
24747
24771
26621
24748
24772
26622
24749
24773
26623
24774
26624
24751
24775
26625
24752
24776
26626
24753
24777
26627
24754
24778
26628
24755
24779
26629
24756
24780
26630
24757
24781
26631
24758
24782
26632
24759
24783
26633
24760
24784
26634
24761
24785
26635
24762
24786
26636
24763
24787
26637
24764
24788
26638
24765
24789
26639
24766
24790
26640
24767
24791
26641
24768
24792
26642
24769
24793
26643
24770
24794
26644
24771
24795
26645
24772
24796
26646
24773
24797
26647
24774
24798
26648
24799
26649
24776
24800
26650
24777
24801
26651
24778
24802
26652
24779
24803
26653
24780
24804
26654
24781
24805
26655
24782
24806
26656
24783
24807
26657
24784
24808
26658
24785
24809
26659
24786
24810
26660
24787
24811
26661
24788
24812
26662
24789
24813
26663
24790
24814
26664
24791
24815
26665
24792
24816
26666
24793
24817
26667
24794
24818
26668
24795
24819
26669
24796
24820
26670
24797
24821
26671
24798
24822
26672
24799
24823
26673
24824
26674
24801
24825
26675
24802
24826
26676
24803
24827
26677
24804
24828
26678
24805
24829
26679
24806
24830
26680
24807
24831
26681
24808
24832
26682
24809
24833
26683
24810
24834
26684
24811
24835
26685
24812
24836
26686
24813
24837
26687
24814
24838
26688
24815
24839
26689
24816
24840
26690
24817
24841
26691
24818
24842
26692
24819
24843
26693
24820
24844
26694
24821
24845
26695
24822
24846
26696
24823
24847
26697
24824
24848
26698
24849
26699
24826
24850
26700
24827
24851
26701
24828
24852
26702
24829
24853
26703
24830
24854
26704
24831
24855
26705
24832
24856
26706
24833
24857
26707
24834
24858
26708
24835
24859
26709
24836
24860
26710
24837
24861
26711
24838
24862
26712
24839
24863
26713
24840
24864
26714
24841
24865
26715
24842
24866
26716
24843
24867
26717
24844
24868
26718
24845
24869
26719
24846
24870
26720
24847
24871
26721
24848
24872
26722
24849
24873
26723
24874
26724
24851
24875
26725
24852
24876
26726
24853
24877
26727
24854
24878
26728
24855
24879
26729
24856
24880
26730
24857
24881
26731
24858
24882
26732
24859
24883
26733
24860
24884
26734
24861
24885
26735
24862
24886
26736
24863
24887
26737
24864
24888
26738
24865
24889
26739
24866
24890
26740
24867
24891
26741
24868
24892
26742
24869
24893
26743
24870
24894
26744
24871
24895
26745
24872
24896
26746
24873
24897
26747
24874
24898
26748
24899
26749
24876
24900
26750
24877
24901
26751
24878
24902
26752
24879
24903
26753
24880
24904
26754
24881
24905
26755
24882
24906
26756
24883
24907
26757
24884
24908
26758
24885
24909
26759
24886
24910
26760
24887
24911
26761
24888
24912
26762
24889
24913
26763
24890
24914
26764
24891
24915
26765
24892
24916
26766
24893
24917
26767
24894
24918
26768
24895
24919
26769
24896
24920
26770
24897
24921
26771
24898
24922
26772
24899
24923
26773
24924
26774
24901
24925
26775
24902
24926
26776
24903
24927
26777
24904
24928
26778
24905
24929
26779
24906
24930
26780
24907
24931
26781
24908
24932
26782
24909
24933
26783
24910
24934
26784
24911
24935
26785
24912
24936
26786
24913
24937
26787
24914
24938
26788
24915
24939
26789
24916
24940
26790
24917
24941
26791
24918
24942
26792
24919
24943
26793
24920
24944
26794
24921
24945
26795
24922
24946
26796
24923
24947
26797
24924
24948
26798
24949
26799
24926
24950
26800
24927
24951
26801
24928
24952
26802
24929
24953
26803
24930
24954
26804
24931
24955
26805
24932
24956
26806
24933
24957
26807
24934
24958
26808
24935
24959
26809
24936
24960
26810
24937
24961
26811
24938
24962
26812
24939
24963
26813
24940
24964
26814
24941
24965
26815
24942
24966
26816
24943
24967
26817
24944
24968
26818
24945
24969
26819
24946
24970
26820
24947
24971
26821
24948
24972
26822
24949
24973
26823
24974
26824
24951
24975
26825
24952
24976
26826
24953
24977
26827
24954
24978
26828
24955
24979
26829
24956
24980
26830
24957
24981
26831
24958
24982
26832
24959
24983
26833
24960
24984
26834
24961
24985
26835
24962
24986
26836
24963
24987
26837
24964
24988
26838
24965
24989
26839
24966
24990
26840
24967
24991
26841
24968
24992
26842
24969
24993
26843
24970
24994
26844
24971
24995
26845
24972
24996
26846
24973
24997
26847
24974
24998
26848
24999
26849
24976
25000
26850
24977
25001
26851
24978
25002
26852
24979
25003
26853
24980
25004
26854
24981
25005
26855
24982
25006
26856
24983
25007
26857
24984
25008
26858
24985
25009
26859
24986
25010
26860
24987
25011
26861
24988
25012
26862
24989
25013
26863
24990
25014
26864
24991
25015
26865
24992
25016
26866
24993
25017
26867
24994
25018
26868
24995
25019
26869
24996
25020
26870
24997
25021
26871
24998
25022
26872
24999
25023
26873
25024
26874
25001
25025
26875
25002
25026
26876
25003
25027
26877
25004
25028
26878
25005
25029
26879
25006
25030
26880
25007
25031
26881
25008
25032
26882
25009
25033
26883
25010
25034
26884
25011
25035
26885
25012
25036
26886
25013
25037
26887
25014
25038
26888
25015
25039
26889
25016
25040
26890
25017
25041
26891
25018
25042
26892
25019
25043
26893
25020
25044
26894
25021
25045
26895
25022
25046
26896
25023
25047
26897
25024
25048
26898
25049
26899
25026
25050
26900
25027
25051
26901
25028
25052
26902
25029
25053
26903
25030
25054
26904
25031
25055
26905
25032
25056
26906
25033
25057
26907
25034
25058
26908
25035
25059
26909
25036
25060
26910
25037
25061
26911
25038
25062
26912
25039
25063
26913
25040
25064
26914
25041
25065
26915
25042
25066
26916
25043
25067
26917
25044
25068
26918
25045
25069
26919
25046
25070
26920
25047
25071
26921
25048
25072
26922
25049
25073
26923
25074
26924
25051
25075
26925
25052
25076
26926
25053
25077
26927
25054
25078
26928
25055
25079
26929
25056
25080
26930
25057
25081
26931
25058
25082
26932
25059
25083
26933
25060
25084
26934
25061
25085
26935
25062
25086
26936
25063
25087
26937
25064
25088
26938
25065
25089
26939
25066
25090
26940
25067
25091
26941
25068
25092
26942
25069
25093
26943
25070
25094
26944
25071
25095
26945
25072
25096
26946
25073
25097
26947
25074
25098
26948
25099
26949
25076
25100
26950
25077
25101
26951
25078
25102
26952
25079
25103
26953
25080
25104
26954
25081
25105
26955
25082
25106
26956
25083
25107
26957
25084
25108
26958
25085
25109
26959
25086
25110
26960
25087
25111
26961
25088
25112
26962
25089
25113
26963
25090
25114
26964
25091
25115
26965
25092
25116
26966
25093
25117
26967
25094
25118
26968
25095
25119
26969
25096
25120
26970
25097
25121
26971
25098
25122
26972
25099
25123
26973
25124
26974
25101
25125
26975
25102
25126
26976
25103
25127
26977
25104
25128
26978
25105
25129
26979
25106
25130
26980
25107
25131
26981
25108
25132
26982
25109
25133
26983
25110
25134
26984
25111
25135
26985
25112
25136
26986
25113
25137
26987
25114
25138
26988
25115
25139
26989
25116
25140
26990
25117
25141
26991
25118
25142
26992
25119
25143
26993
25120
25144
26994
25121
25145
26995
25122
25146
26996
25123
25147
26997
25124
25148
26998
25149
26999
25126
25150
27000
25127
25151
27001
25128
25152
27002
25129
25153
27003
25130
25154
27004
25131
25155
27005
25132
25156
27006
25133
25157
27007
25134
25158
27008
25135
25159
27009
25136
25160
27010
25137
25161
27011
25138
25162
27012
25139
25163
27013
25140
25164
27014
25141
25165
27015
25142
25166
27016
25143
25167
27017
25144
25168
27018
25145
25169
27019
25146
25170
27020
25147
25171
27021
25148
25172
27022
25149
25173
27023
25174
27024
25151
25175
27025
25152
25176
27026
25153
25177
27027
25154
25178
27028
25155
25179
27029
25156
25180
27030
25157
25181
27031
25158
25182
27032
25159
25183
27033
25160
25184
27034
25161
25185
27035
25162
25186
27036
25163
25187
27037
25164
25188
27038
25165
25189
27039
25166
25190
27040
25167
25191
27041
25168
25192
27042
25169
25193
27043
25170
25194
27044
25171
25195
27045
25172
25196
27046
25173
25197
27047
25174
25198
27048
25199
27049
25176
25200
27050
25177
25201
27051
25178
25202
27052
25179
25203
27053
25180
25204
27054
25181
25205
27055
25182
25206
27056
25183
25207
27057
25184
25208
27058
25185
25209
27059
25186
25210
27060
25187
25211
27061
25188
25212
27062
25189
25213
27063
25190
25214
27064
25191
25215
27065
25192
25216
27066
25193
25217
27067
25194
25218
27068
25195
25219
27069
25196
25220
27070
25197
25221
27071
25198
25222
27072
25199
25223
27073
25224
27074
25201
25225
27075
25202
25226
27076
25203
25227
27077
25204
25228
27078
25205
25229
27079
25206
25230
27080
25207
25231
27081
25208
25232
27082
25209
25233
27083
25210
25234
27084
25211
25235
27085
25212
25236
27086
25213
25237
27087
25214
25238
27088
25215
25239
27089
25216
25240
27090
25217
25241
27091
25218
25242
27092
25219
25243
27093
25220
25244
27094
25221
25245
27095
25222
25246
27096
25223
25247
27097
25224
25248
27098
25249
27099
25226
25250
27100
25227
25251
27101
25228
25252
27102
25229
25253
27103
25230
25254
27104
25231
25255
27105
25232
25256
27106
25233
25257
27107
25234
25258
27108
25235
25259
27109
25236
25260
27110
25237
25261
27111
25238
25262
27112
25239
25263
27113
25240
25264
27114
25241
25265
27115
25242
25266
27116
25243
25267
27117
25244
25268
27118
25245
25269
27119
25246
25270
27120
25247
25271
27121
25248
25272
27122
25249
25273
27123
25274
27124
25251
25275
27125
25252
25276
27126
25253
25277
27127
25254
25278
27128
25255
25279
27129
25256
25280
27130
25257
25281
27131
25258
25282
27132
25259
25283
27133
25260
25284
27134
25261
25285
27135
25262
25286
27136
25263
25287
27137
25264
25288
27138
25265
25289
27139
25266
25290
27140
25267
25291
27141
25268
25292
27142
25269
25293
27143
25270
25294
27144
25271
25295
27145
25272
25296
27146
25273
25297
27147
25274
25298
27148
25299
27149
25276
25300
27150
25277
25301
27151
25278
25302
27152
25279
25303
27153
25280
25304
27154
25281
25305
27155
25282
25306
27156
25283
25307
27157
25284
25308
27158
25285
25309
27159
25286
25310
27160
25287
25311
27161
25288
25312
27162
25289
25313
27163
25290
25314
27164
25291
25315
27165
25292
25316
27166
25293
25317
27167
25294
25318
27168
25295
25319
27169
25296
25320
27170
25297
25321
27171
25298
25322
27172
25299
25323
27173
25324
27174
25301
25325
27175
25302
25326
27176
25303
25327
27177
25304
25328
27178
25305
25329
27179
25306
25330
27180
25307
25331
27181
25308
25332
27182
25309
25333
27183
25310
25334
27184
25311
25335
27185
25312
25336
27186
25313
25337
27187
25314
25338
27188
25315
25339
27189
25316
25340
27190
25317
25341
27191
25318
25342
27192
25319
25343
27193
25320
25344
27194
25321
25345
27195
25322
25346
27196
25323
25347
27197
25324
25348
27198
25349
27199
25326
25350
27200
25327
25351
27201
25328
25352
27202
25329
25353
27203
25330
25354
27204
25331
25355
27205
25332
25356
27206
25333
25357
27207
25334
25358
27208
25335
25359
27209
25336
25360
27210
25337
25361
27211
25338
25362
27212
25339
25363
27213
25340
25364
27214
25341
25365
27215
25342
25366
27216
25343
25367
27217
25344
25368
27218
25345
25369
27219
25346
25370
27220
25347
25371
27221
25348
25372
27222
25349
25373
27223
25374
27224
25351
25375
27225
25352
25376
27226
25353
25377
27227
25354
25378
27228
25355
25379
27229
25356
25380
27230
25357
25381
27231
25358
25382
27232
25359
25383
27233
25360
25384
27234
25361
25385
27235
25362
25386
27236
25363
25387
27237
25364
25388
27238
25365
25389
27239
25366
25390
27240
25367
25391
27241
25368
25392
27242
25369
25393
27243
25370
25394
27244
25371
25395
27245
25372
25396
27246
25373
25397
27247
25374
25398
27248
25399
27249
25376
25400
27250
25377
25401
27251
25378
25402
27252
25379
25403
27253
25380
25404
27254
25381
25405
27255
25382
25406
27256
25383
25407
27257
25384
25408
27258
25385
25409
27259
25386
25410
27260
25387
25411
27261
25388
25412
27262
25389
25413
27263
25390
25414
27264
25391
25415
27265
25392
25416
27266
25393
25417
27267
25394
25418
27268
25395
25419
27269
25396
25420
27270
25397
25421
27271
25398
25422
27272
25399
25423
27273
25424
27274
25401
25425
27275
25402
25426
27276
25403
25427
27277
25404
25428
27278
25405
25429
27279
25406
25430
27280
25407
25431
27281
25408
25432
27282
25409
25433
27283
25410
25434
27284
25411
25435
27285
25412
25436
27286
25413
25437
27287
25414
25438
27288
25415
25439
27289
25416
25440
27290
25417
25441
27291
25418
25442
27292
25419
25443
27293
25420
25444
27294
25421
25445
27295
25422
25446
27296
25423
25447
27297
25424
25448
27298
25449
27299
25426
25450
27300
25427
25451
27301
25428
25452
27302
25429
25453
27303
25430
25454
27304
25431
25455
27305
25432
25456
27306
25433
25457
27307
25434
25458
27308
25435
25459
27309
25436
25460
27310
25437
25461
27311
25438
25462
27312
25439
25463
27313
25440
25464
27314
25441
25465
27315
25442
25466
27316
25443
25467
27317
25444
25468
27318
25445
25469
27319
25446
25470
27320
25447
25471
27321
25448
25472
27322
25449
25473
27323
25474
27324
25451
25475
27325
25452
25476
27326
25453
25477
27327
25454
25478
27328
25455
25479
27329
25456
25480
27330
25457
25481
27331
25458
25482
27332
25459
25483
27333
25460
25484
27334
25461
25485
27335
25462
25486
27336
25463
25487
27337
25464
25488
27338
25465
25489
27339
25466
25490
27340
25467
25491
27341
25468
25492
27342
25469
25493
27343
25470
25494
27344
25471
25495
27345
25472
25496
27346
25473
25497
27347
25474
25498
27348
25499
27349
25476
25500
27350
25477
25501
27351
25478
25502
27352
25479
25503
27353
25480
25504
27354
25481
25505
27355
25482
25506
27356
25483
25507
27357
25484
25508
27358
25485
25509
27359
25486
25510
27360
25487
25511
27361
25488
25512
27362
25489
25513
27363
25490
25514
27364
25491
25515
27365
25492
25516
27366
25493
25517
27367
25494
25518
27368
25495
25519
27369
25496
25520
27370
25497
25521
27371
25498
25522
27372
25499
25523
27373
25524
27374
25501
25525
27375
25502
25526
27376
25503
25527
27377
25504
25528
27378
25505
25529
27379
25506
25530
27380
25507
25531
27381
25508
25532
27382
25509
25533
27383
25510
25534
27384
25511
25535
27385
25512
25536
27386
25513
25537
27387
25514
25538
27388
25515
25539
27389
25516
25540
27390
25517
25541
27391
25518
25542
27392
25519
25543
27393
25520
25544
27394
25521
25545
27395
25522
25546
27396
25523
25547
27397
25524
25548
27398
25549
27399
25526
25550
27400
25527
25551
27401
25528
25552
27402
25529
25553
27403
25530
25554
27404
25531
25555
27405
25532
25556
27406
25533
25557
27407
25534
25558
27408
25535
25559
27409
25536
25560
27410
25537
25561
27411
25538
25562
27412
25539
25563
27413
25540
25564
27414
25541
25565
27415
25542
25566
27416
25543
25567
27417
25544
25568
27418
25545
25569
27419
25546
25570
27420
25547
25571
27421
25548
25572
27422
25549
25573
27423
25574
27424
25551
25575
27425
25552
25576
27426
25553
25577
27427
25554
25578
27428
25555
25579
27429
25556
25580
27430
25557
25581
27431
25558
25582
27432
25559
25583
27433
25560
25584
27434
25561
25585
27435
25562
25586
27436
25563
25587
27437
25564
25588
27438
25565
25589
27439
25566
25590
27440
25567
25591
27441
25568
25592
27442
25569
25593
27443
25570
25594
27444
25571
25595
27445
25572
25596
27446
25573
25597
27447
25574
25598
27448
25599
27449
25576
25600
27450
25577
25601
27451
25578
25602
27452
25579
25603
27453
25580
25604
27454
25581
25605
27455
25582
25606
27456
25583
25607
27457
25584
25608
27458
25585
25609
27459
25586
25610
27460
25587
25611
27461
25588
25612
27462
25589
25613
27463
25590
25614
27464
25591
25615
27465
25592
25616
27466
25593
25617
27467
25594
25618
27468
25595
25619
27469
25596
25620
27470
25597
25621
27471
25598
25622
27472
25599
25623
27473
25624
27474
25601
25625
27475
25602
25626
27476
25603
25627
27477
25604
25628
27478
25605
25629
27479
25606
25630
27480
25607
25631
27481
25608
25632
27482
25609
25633
27483
25610
25634
27484
25611
25635
27485
25612
25636
27486
25613
25637
27487
25614
25638
27488
25615
25639
27489
25616
25640
27490
25617
25641
27491
25618
25642
27492
25619
25643
27493
25620
25644
27494
25621
25645
27495
25622
25646
27496
25623
25647
27497
25624
25648
27498
25649
27499
25626
25650
27500
25627
25651
27501
25628
25652
27502
25629
25653
27503
25630
25654
27504
25631
25655
27505
25632
25656
27506
25633
25657
27507
25634
25658
27508
25635
25659
27509
25636
25660
27510
25637
25661
27511
25638
25662
27512
25639
25663
27513
25640
25664
27514
25641
25665
27515
25642
25666
27516
25643
25667
27517
25644
25668
27518
25645
25669
27519
25646
25670
27520
25647
25671
27521
25648
25672
27522
25649
25673
27523
25674
27524
25651
25675
27525
25652
25676
27526
25653
25677
27527
25654
25678
27528
25655
25679
27529
25656
25680
27530
25657
25681
27531
25658
25682
27532
25659
25683
27533
25660
25684
27534
25661
25685
27535
25662
25686
27536
25663
25687
27537
25664
25688
27538
25665
25689
27539
25666
25690
27540
25667
25691
27541
25668
25692
27542
25669
25693
27543
25670
25694
27544
25671
25695
27545
25672
25696
27546
25673
25697
27547
25674
25698
27548
25699
27549
25676
25700
27550
25677
25701
27551
25678
25702
27552
25679
25703
27553
25680
25704
27554
25681
25705
27555
25682
25706
27556
25683
25707
27557
25684
25708
27558
25685
25709
27559
25686
25710
27560
25687
25711
27561
25688
25712
27562
25689
25713
27563
25690
25714
27564
25691
25715
27565
25692
25716
27566
25693
25717
27567
25694
25718
27568
25695
25719
27569
25696
25720
27570
25697
25721
27571
25698
25722
27572
25699
25723
27573
25724
27574
25701
25725
27575
25702
25726
27576
25703
25727
27577
25704
25728
27578
25705
25729
27579
25706
25730
27580
25707
25731
27581
25708
25732
27582
25709
25733
27583
25710
25734
27584
25711
25735
27585
25712
25736
27586
25713
25737
27587
25714
25738
27588
25715
25739
27589
25716
25740
27590
25717
25741
27591
25718
25742
27592
25719
25743
27593
25720
25744
27594
25721
25745
27595
25722
25746
27596
25723
25747
27597
25724
25748
27598
25749
27599
25726
25750
27600
25727
25751
27601
25728
25752
27602
25729
25753
27603
25730
25754
27604
25731
25755
27605
25732
25756
27606
25733
25757
27607
25734
25758
27608
25735
25759
27609
25736
25760
27610
25737
25761
27611
25738
25762
27612
25739
25763
27613
25740
25764
27614
25741
25765
27615
25742
25766
27616
25743
25767
27617
25744
25768
27618
25745
25769
27619
25746
25770
27620
25747
25771
27621
25748
25772
27622
25749
25773
27623
25774
27624
25751
25775
27625
25752
25776
27626
25753
25777
27627
25754
25778
27628
25755
25779
27629
25756
25780
27630
25757
25781
27631
25758
25782
27632
25759
25783
27633
25760
25784
27634
25761
25785
27635
25762
25786
27636
25763
25787
27637
25764
25788
27638
25765
25789
27639
25766
25790
27640
25767
25791
27641
25768
25792
27642
25769
25793
27643
25770
25794
27644
25771
25795
27645
25772
25796
27646
25773
25797
27647
25774
25798
27648
25799
27649
25776
25800
27650
25777
25801
27651
25778
25802
27652
25779
25803
27653
25780
25804
27654
25781
25805
27655
25782
25806
27656
25783
25807
27657
25784
25808
27658
25785
25809
27659
25786
25810
27660
25787
25811
27661
25788
25812
27662
25789
25813
27663
25790
25814
27664
25791
25815
27665
25792
25816
27666
25793
25817
27667
25794
25818
27668
25795
25819
27669
25796
25820
27670
25797
25821
27671
25798
25822
27672
25799
25823
27673
25824
27674
25801
25825
27675
25802
25826
27676
25803
25827
27677
25804
25828
27678
25805
25829
27679
25806
25830
27680
25807
25831
27681
25808
25832
27682
25809
25833
27683
25810
25834
27684
25811
25835
27685
25812
25836
27686
25813
25837
27687
25814
25838
27688
25815
25839
27689
25816
25840
27690
25817
25841
27691
25818
25842
27692
25819
25843
27693
25820
25844
27694
25821
25845
27695
25822
25846
27696
25823
25847
27697
25824
25848
27698
25849
27699
25826
25850
27700
25827
25851
27701
25828
25852
27702
25829
25853
27703
25830
25854
27704
25831
25855
27705
25832
25856
27706
25833
25857
27707
25834
25858
27708
25835
25859
27709
25836
25860
27710
25837
25861
27711
25838
25862
27712
25839
25863
27713
25840
25864
27714
25841
25865
27715
25842
25866
27716
25843
25867
27717
25844
25868
27718
25845
25869
27719
25846
25870
27720
25847
25871
27721
25848
25872
27722
25849
25873
27723
25874
27724
25851
25875
27725
25852
25876
27726
25853
25877
27727
25854
25878
27728
25855
25879
27729
25856
25880
27730
25857
25881
27731
25858
25882
27732
25859
25883
27733
25860
25884
27734
25861
25885
27735
25862
25886
27736
25863
25887
27737
25864
25888
27738
25865
25889
27739
25866
25890
27740
25867
25891
27741
25868
25892
27742
25869
25893
27743
25870
25894
27744
25871
25895
27745
25872
25896
27746
25873
25897
27747
25874
25898
27748
25899
27749
25876
25900
27750
25877
25901
27751
25878
25902
27752
25879
25903
27753
25880
25904
27754
25881
25905
27755
25882
25906
27756
25883
25907
27757
25884
25908
27758
25885
25909
27759
25886
25910
27760
25887
25911
27761
25888
25912
27762
25889
25913
27763
25890
25914
27764
25891
25915
27765
25892
25916
27766
25893
25917
27767
25894
25918
27768
25895
25919
27769
25896
25920
27770
25897
25921
27771
25898
25922
27772
25899
25923
27773
25924
27774
25901
25925
27775
25902
25926
27776
25903
25927
27777
25904
25928
27778
25905
25929
27779
25906
25930
27780
25907
25931
27781
25908
25932
27782
25909
25933
27783
25910
25934
27784
25911
25935
27785
25912
25936
27786
25913
25937
27787
25914
25938
27788
25915
25939
27789
25916
25940
27790
25917
25941
27791
25918
25942
27792
25919
25943
27793
25920
25944
27794
25921
25945
27795
25922
25946
27796
25923
25947
27797
25924
25948
27798
25949
27799
25926
25950
27800
25927
25951
27801
25928
25952
27802
25929
25953
27803
25930
25954
27804
25931
25955
27805
25932
25956
27806
25933
25957
27807
25934
25958
27808
25935
25959
27809
25936
25960
27810
25937
25961
27811
25938
25962
27812
25939
25963
27813
25940
25964
27814
25941
25965
27815
25942
25966
27816
25943
25967
27817
25944
25968
27818
25945
25969
27819
25946
25970
27820
25947
25971
27821
25948
25972
27822
25949
25973
27823
25974
27824
25951
25975
27825
25952
25976
27826
25953
25977
27827
25954
25978
27828
25955
25979
27829
25956
25980
27830
25957
25981
27831
25958
25982
27832
25959
25983
27833
25960
25984
27834
25961
25985
27835
25962
25986
27836
25963
25987
27837
25964
25988
27838
25965
25989
27839
25966
25990
27840
25967
25991
27841
25968
25992
27842
25969
25993
27843
25970
25994
27844
25971
25995
27845
25972
25996
27846
25973
25997
27847
25974
25998
27848
25999
27849
25976
26000
27850
25977
26001
27851
25978
26002
27852
25979
26003
27853
25980
26004
27854
25981
26005
27855
25982
26006
27856
25983
26007
27857
25984
26008
27858
25985
26009
27859
25986
26010
27860
25987
26011
27861
25988
26012
27862
25989
26013
27863
25990
26014
27864
25991
26015
27865
25992
26016
27866
25993
26017
27867
25994
26018
27868
25995
26019
27869
25996
26020
27870
25997
26021
27871
25998
26022
27872
25999
26023
27873
26024
27874
26001
26025
27875
26002
26026
27876
26003
26027
27877
26004
26028
27878
26005
26029
27879
26006
26030
27880
26007
26031
27881
26008
26032
27882
26009
26033
27883
26010
26034
27884
26011
26035
27885
26012
26036
27886
26013
26037
27887
26014
26038
27888
26015
26039
27889
26016
26040
27890
26017
26041
27891
26018
26042
27892
26019
26043
27893
26020
26044
27894
26021
26045
27895
26022
26046
27896
26023
26047
27897
26024
26048
27898
26049
27899
26026
26050
27900
26027
26051
27901
26028
26052
27902
26029
26053
27903
26030
26054
27904
26031
26055
27905
26032
26056
27906
26033
26057
27907
26034
26058
27908
26035
26059
27909
26036
26060
27910
26037
26061
27911
26038
26062
27912
26039
26063
27913
26040
26064
27914
26041
26065
27915
26042
26066
27916
26043
26067
27917
26044
26068
27918
26045
26069
27919
26046
26070
27920
26047
26071
27921
26048
26072
27922
26049
26073
27923
26074
27924
26051
26075
27925
26052
26076
27926
26053
26077
27927
26054
26078
27928
26055
26079
27929
26056
26080
27930
26057
26081
27931
26058
26082
27932
26059
26083
27933
26060
26084
27934
26061
26085
27935
26062
26086
27936
26063
26087
27937
26064
26088
27938
26065
26089
27939
26066
26090
27940
26067
26091
27941
26068
26092
27942
26069
26093
27943
26070
26094
27944
26071
26095
27945
26072
26096
27946
26073
26097
27947
26074
26098
27948
26099
27949
26076
26100
27950
26077
26101
27951
26078
26102
27952
26079
26103
27953
26080
26104
27954
26081
26105
27955
26082
26106
27956
26083
26107
27957
26084
26108
27958
26085
26109
27959
26086
26110
27960
26087
26111
27961
26088
26112
27962
26089
26113
27963
26090
26114
27964
26091
26115
27965
26092
26116
27966
26093
26117
27967
26094
26118
27968
26095
26119
27969
26096
26120
27970
26097
26121
27971
26098
26122
27972
26099
26123
27973
26124
27974
26101
26125
27975
26102
26126
27976
26103
26127
27977
26104
26128
27978
26105
26129
27979
26106
26130
27980
26107
26131
27981
26108
26132
27982
26109
26133
27983
26110
26134
27984
26111
26135
27985
26112
26136
27986
26113
26137
27987
26114
26138
27988
26115
26139
27989
26116
26140
27990
26117
26141
27991
26118
26142
27992
26119
26143
27993
26120
26144
27994
26121
26145
27995
26122
26146
27996
26123
26147
27997
26124
26148
27998
26149
27999
26126
26150
28000
26127
26151
28001
26128
26152
28002
26129
26153
28003
26130
26154
28004
26131
26155
28005
26132
26156
28006
26133
26157
28007
26134
26158
28008
26135
26159
28009
26136
26160
28010
26137
26161
28011
26138
26162
28012
26139
26163
28013
26140
26164
28014
26141
26165
28015
26142
26166
28016
26143
26167
28017
26144
26168
28018
26145
26169
28019
26146
26170
28020
26147
26171
28021
26148
26172
28022
26149
26173
28023
26174
28024
26151
26175
28025
26152
26176
28026
26153
26177
28027
26154
26178
28028
26155
26179
28029
26156
26180
28030
26157
26181
28031
26158
26182
28032
26159
26183
28033
26160
26184
28034
26161
26185
28035
26162
26186
28036
26163
26187
28037
26164
26188
28038
26165
26189
28039
26166
26190
28040
26167
26191
28041
26168
26192
28042
26169
26193
28043
26170
26194
28044
26171
26195
28045
26172
26196
28046
26173
26197
28047
26174
26198
28048
26199
28049
26176
26200
28050
26177
26201
28051
26178
26202
28052
26179
26203
28053
26180
26204
28054
26181
26205
28055
26182
26206
28056
26183
26207
28057
26184
26208
28058
26185
26209
28059
26186
26210
28060
26187
26211
28061
26188
26212
28062
26189
26213
28063
26190
26214
28064
26191
26215
28065
26192
26216
28066
26193
26217
28067
26194
26218
28068
26195
26219
28069
26196
26220
28070
26197
26221
28071
26198
26222
28072
26199
26223
28073
26224
28074
26201
26225
28075
26202
26226
28076
26203
26227
28077
26204
26228
28078
26205
26229
28079
26206
26230
28080
26207
26231
28081
26208
26232
28082
26209
26233
28083
26210
26234
28084
26211
26235
28085
26212
26236
28086
26213
26237
28087
26214
26238
28088
26215
26239
28089
26216
26240
28090
26217
26241
28091
26218
26242
28092
26219
26243
28093
26220
26244
28094
26221
26245
28095
26222
26246
28096
26223
26247
28097
26224
26248
28098
26249
28099
26226
28100
26227
28101
26228
28102
26229
28103
26230
28104
26231
28105
26232
28106
26233
28107
26234
28108
26235
28109
26236
28110
26237
28111
26238
28112
26239
28113
26240
28114
26241
28115
26242
28116
26243
28117
26244
28118
26245
28119
26246
28120
26247
28121
26248
28122
26249
28123
28124
26251
26275
28125
26252
26276
28126
26253
26277
28127
26254
26278
28128
26255
26279
28129
26256
26280
28130
26257
26281
28131
26258
26282
28132
26259
26283
28133
26260
26284
28134
26261
26285
28135
26262
26286
28136
26263
26287
28137
26264
26288
28138
26265
26289
28139
26266
26290
28140
26267
26291
28141
26268
26292
28142
26269
26293
28143
26270
26294
28144
26271
26295
28145
26272
26296
28146
26273
26297
28147
26274
26298
28148
26299
28149
26276
26300
28150
26277
26301
28151
26278
26302
28152
26279
26303
28153
26280
26304
28154
26281
26305
28155
26282
26306
28156
26283
26307
28157
26284
26308
28158
26285
26309
28159
26286
26310
28160
26287
26311
28161
26288
26312
28162
26289
26313
28163
26290
26314
28164
26291
26315
28165
26292
26316
28166
26293
26317
28167
26294
26318
28168
26295
26319
28169
26296
26320
28170
26297
26321
28171
26298
26322
28172
26299
26323
28173
26324
28174
26301
26325
28175
26302
26326
28176
26303
26327
28177
26304
26328
28178
26305
26329
28179
26306
26330
28180
26307
26331
28181
26308
26332
28182
26309
26333
28183
26310
26334
28184
26311
26335
28185
26312
26336
28186
26313
26337
28187
26314
26338
28188
26315
26339
28189
26316
26340
28190
26317
26341
28191
26318
26342
28192
26319
26343
28193
26320
26344
28194
26321
26345
28195
26322
26346
28196
26323
26347
28197
26324
26348
28198
26349
28199
26326
26350
28200
26327
26351
28201
26328
26352
28202
26329
26353
28203
26330
26354
28204
26331
26355
28205
26332
26356
28206
26333
26357
28207
26334
26358
28208
26335
26359
28209
26336
26360
28210
26337
26361
28211
26338
26362
28212
26339
26363
28213
26340
26364
28214
26341
26365
28215
26342
26366
28216
26343
26367
28217
26344
26368
28218
26345
26369
28219
26346
26370
28220
26347
26371
28221
26348
26372
28222
26349
26373
28223
26374
28224
26351
26375
28225
26352
26376
28226
26353
26377
28227
26354
26378
28228
26355
26379
28229
26356
26380
28230
26357
26381
28231
26358
26382
28232
26359
26383
28233
26360
26384
28234
26361
26385
28235
26362
26386
28236
26363
26387
28237
26364
26388
28238
26365
26389
28239
26366
26390
28240
26367
26391
28241
26368
26392
28242
26369
26393
28243
26370
26394
28244
26371
26395
28245
26372
26396
28246
26373
26397
28247
26374
26398
28248
26399
28249
26376
26400
28250
26377
26401
28251
26378
26402
28252
26379
26403
28253
26380
26404
28254
26381
26405
28255
26382
26406
28256
26383
26407
28257
26384
26408
28258
26385
26409
28259
26386
26410
28260
26387
26411
28261
26388
26412
28262
26389
26413
28263
26390
26414
28264
26391
26415
28265
26392
26416
28266
26393
26417
28267
26394
26418
28268
26395
26419
28269
26396
26420
28270
26397
26421
28271
26398
26422
28272
26399
26423
28273
26424
28274
26401
26425
28275
26402
26426
28276
26403
26427
28277
26404
26428
28278
26405
26429
28279
26406
26430
28280
26407
26431
28281
26408
26432
28282
26409
26433
28283
26410
26434
28284
26411
26435
28285
26412
26436
28286
26413
26437
28287
26414
26438
28288
26415
26439
28289
26416
26440
28290
26417
26441
28291
26418
26442
28292
26419
26443
28293
26420
26444
28294
26421
26445
28295
26422
26446
28296
26423
26447
28297
26424
26448
28298
26449
28299
26426
26450
28300
26427
26451
28301
26428
26452
28302
26429
26453
28303
26430
26454
28304
26431
26455
28305
26432
26456
28306
26433
26457
28307
26434
26458
28308
26435
26459
28309
26436
26460
28310
26437
26461
28311
26438
26462
28312
26439
26463
28313
26440
26464
28314
26441
26465
28315
26442
26466
28316
26443
26467
28317
26444
26468
28318
26445
26469
28319
26446
26470
28320
26447
26471
28321
26448
26472
28322
26449
26473
28323
26474
28324
26451
26475
28325
26452
26476
28326
26453
26477
28327
26454
26478
28328
26455
26479
28329
26456
26480
28330
26457
26481
28331
26458
26482
28332
26459
26483
28333
26460
26484
28334
26461
26485
28335
26462
26486
28336
26463
26487
28337
26464
26488
28338
26465
26489
28339
26466
26490
28340
26467
26491
28341
26468
26492
28342
26469
26493
28343
26470
26494
28344
26471
26495
28345
26472
26496
28346
26473
26497
28347
26474
26498
28348
26499
28349
26476
26500
28350
26477
26501
28351
26478
26502
28352
26479
26503
28353
26480
26504
28354
26481
26505
28355
26482
26506
28356
26483
26507
28357
26484
26508
28358
26485
26509
28359
26486
26510
28360
26487
26511
28361
26488
26512
28362
26489
26513
28363
26490
26514
28364
26491
26515
28365
26492
26516
28366
26493
26517
28367
26494
26518
28368
26495
26519
28369
26496
26520
28370
26497
26521
28371
26498
26522
28372
26499
26523
28373
26524
28374
26501
26525
28375
26502
26526
28376
26503
26527
28377
26504
26528
28378
26505
26529
28379
26506
26530
28380
26507
26531
28381
26508
26532
28382
26509
26533
28383
26510
26534
28384
26511
26535
28385
26512
26536
28386
26513
26537
28387
26514
26538
28388
26515
26539
28389
26516
26540
28390
26517
26541
28391
26518
26542
28392
26519
26543
28393
26520
26544
28394
26521
26545
28395
26522
26546
28396
26523
26547
28397
26524
26548
28398
26549
28399
26526
26550
28400
26527
26551
28401
26528
26552
28402
26529
26553
28403
26530
26554
28404
26531
26555
28405
26532
26556
28406
26533
26557
28407
26534
26558
28408
26535
26559
28409
26536
26560
28410
26537
26561
28411
26538
26562
28412
26539
26563
28413
26540
26564
28414
26541
26565
28415
26542
26566
28416
26543
26567
28417
26544
26568
28418
26545
26569
28419
26546
26570
28420
26547
26571
28421
26548
26572
28422
26549
26573
28423
26574
28424
26551
26575
28425
26552
26576
28426
26553
26577
28427
26554
26578
28428
26555
26579
28429
26556
26580
28430
26557
26581
28431
26558
26582
28432
26559
26583
28433
26560
26584
28434
26561
26585
28435
26562
26586
28436
26563
26587
28437
26564
26588
28438
26565
26589
28439
26566
26590
28440
26567
26591
28441
26568
26592
28442
26569
26593
28443
26570
26594
28444
26571
26595
28445
26572
26596
28446
26573
26597
28447
26574
26598
28448
26599
28449
26576
26600
28450
26577
26601
28451
26578
26602
28452
26579
26603
28453
26580
26604
28454
26581
26605
28455
26582
26606
28456
26583
26607
28457
26584
26608
28458
26585
26609
28459
26586
26610
28460
26587
26611
28461
26588
26612
28462
26589
26613
28463
26590
26614
28464
26591
26615
28465
26592
26616
28466
26593
26617
28467
26594
26618
28468
26595
26619
28469
26596
26620
28470
26597
26621
28471
26598
26622
28472
26599
26623
28473
26624
28474
26601
26625
28475
26602
26626
28476
26603
26627
28477
26604
26628
28478
26605
26629
28479
26606
26630
28480
26607
26631
28481
26608
26632
28482
26609
26633
28483
26610
26634
28484
26611
26635
28485
26612
26636
28486
26613
26637
28487
26614
26638
28488
26615
26639
28489
26616
26640
28490
26617
26641
28491
26618
26642
28492
26619
26643
28493
26620
26644
28494
26621
26645
28495
26622
26646
28496
26623
26647
28497
26624
26648
28498
26649
28499
26626
26650
28500
26627
26651
28501
26628
26652
28502
26629
26653
28503
26630
26654
28504
26631
26655
28505
26632
26656
28506
26633
26657
28507
26634
26658
28508
26635
26659
28509
26636
26660
28510
26637
26661
28511
26638
26662
28512
26639
26663
28513
26640
26664
28514
26641
26665
28515
26642
26666
28516
26643
26667
28517
26644
26668
28518
26645
26669
28519
26646
26670
28520
26647
26671
28521
26648
26672
28522
26649
26673
28523
26674
28524
26651
26675
28525
26652
26676
28526
26653
26677
28527
26654
26678
28528
26655
26679
28529
26656
26680
28530
26657
26681
28531
26658
26682
28532
26659
26683
28533
26660
26684
28534
26661
26685
28535
26662
26686
28536
26663
26687
28537
26664
26688
28538
26665
26689
28539
26666
26690
28540
26667
26691
28541
26668
26692
28542
26669
26693
28543
26670
26694
28544
26671
26695
28545
26672
26696
28546
26673
26697
28547
26674
26698
28548
26699
28549
26676
26700
28550
26677
26701
28551
26678
26702
28552
26679
26703
28553
26680
26704
28554
26681
26705
28555
26682
26706
28556
26683
26707
28557
26684
26708
28558
26685
26709
28559
26686
26710
28560
26687
26711
28561
26688
26712
28562
26689
26713
28563
26690
26714
28564
26691
26715
28565
26692
26716
28566
26693
26717
28567
26694
26718
28568
26695
26719
28569
26696
26720
28570
26697
26721
28571
26698
26722
28572
26699
26723
28573
26724
28574
26701
26725
28575
26702
26726
28576
26703
26727
28577
26704
26728
28578
26705
26729
28579
26706
26730
28580
26707
26731
28581
26708
26732
28582
26709
26733
28583
26710
26734
28584
26711
26735
28585
26712
26736
28586
26713
26737
28587
26714
26738
28588
26715
26739
28589
26716
26740
28590
26717
26741
28591
26718
26742
28592
26719
26743
28593
26720
26744
28594
26721
26745
28595
26722
26746
28596
26723
26747
28597
26724
26748
28598
26749
28599
26726
26750
28600
26727
26751
28601
26728
26752
28602
26729
26753
28603
26730
26754
28604
26731
26755
28605
26732
26756
28606
26733
26757
28607
26734
26758
28608
26735
26759
28609
26736
26760
28610
26737
26761
28611
26738
26762
28612
26739
26763
28613
26740
26764
28614
26741
26765
28615
26742
26766
28616
26743
26767
28617
26744
26768
28618
26745
26769
28619
26746
26770
28620
26747
26771
28621
26748
26772
28622
26749
26773
28623
26774
28624
26751
26775
28625
26752
26776
28626
26753
26777
28627
26754
26778
28628
26755
26779
28629
26756
26780
28630
26757
26781
28631
26758
26782
28632
26759
26783
28633
26760
26784
28634
26761
26785
28635
26762
26786
28636
26763
26787
28637
26764
26788
28638
26765
26789
28639
26766
26790
28640
26767
26791
28641
26768
26792
28642
26769
26793
28643
26770
26794
28644
26771
26795
28645
26772
26796
28646
26773
26797
28647
26774
26798
28648
26799
28649
26776
26800
28650
26777
26801
28651
26778
26802
28652
26779
26803
28653
26780
26804
28654
26781
26805
28655
26782
26806
28656
26783
26807
28657
26784
26808
28658
26785
26809
28659
26786
26810
28660
26787
26811
28661
26788
26812
28662
26789
26813
28663
26790
26814
28664
26791
26815
28665
26792
26816
28666
26793
26817
28667
26794
26818
28668
26795
26819
28669
26796
26820
28670
26797
26821
28671
26798
26822
28672
26799
26823
28673
26824
28674
26801
26825
28675
26802
26826
28676
26803
26827
28677
26804
26828
28678
26805
26829
28679
26806
26830
28680
26807
26831
28681
26808
26832
28682
26809
26833
28683
26810
26834
28684
26811
26835
28685
26812
26836
28686
26813
26837
28687
26814
26838
28688
26815
26839
28689
26816
26840
28690
26817
26841
28691
26818
26842
28692
26819
26843
28693
26820
26844
28694
26821
26845
28695
26822
26846
28696
26823
26847
28697
26824
26848
28698
26849
28699
26826
26850
28700
26827
26851
28701
26828
26852
28702
26829
26853
28703
26830
26854
28704
26831
26855
28705
26832
26856
28706
26833
26857
28707
26834
26858
28708
26835
26859
28709
26836
26860
28710
26837
26861
28711
26838
26862
28712
26839
26863
28713
26840
26864
28714
26841
26865
28715
26842
26866
28716
26843
26867
28717
26844
26868
28718
26845
26869
28719
26846
26870
28720
26847
26871
28721
26848
26872
28722
26849
26873
28723
26874
28724
26851
26875
28725
26852
26876
28726
26853
26877
28727
26854
26878
28728
26855
26879
28729
26856
26880
28730
26857
26881
28731
26858
26882
28732
26859
26883
28733
26860
26884
28734
26861
26885
28735
26862
26886
28736
26863
26887
28737
26864
26888
28738
26865
26889
28739
26866
26890
28740
26867
26891
28741
26868
26892
28742
26869
26893
28743
26870
26894
28744
26871
26895
28745
26872
26896
28746
26873
26897
28747
26874
26898
28748
26899
28749
26876
26900
28750
26877
26901
28751
26878
26902
28752
26879
26903
28753
26880
26904
28754
26881
26905
28755
26882
26906
28756
26883
26907
28757
26884
26908
28758
26885
26909
28759
26886
26910
28760
26887
26911
28761
26888
26912
28762
26889
26913
28763
26890
26914
28764
26891
26915
28765
26892
26916
28766
26893
26917
28767
26894
26918
28768
26895
26919
28769
26896
26920
28770
26897
26921
28771
26898
26922
28772
26899
26923
28773
26924
28774
26901
26925
28775
26902
26926
28776
26903
26927
28777
26904
26928
28778
26905
26929
28779
26906
26930
28780
26907
26931
28781
26908
26932
28782
26909
26933
28783
26910
26934
28784
26911
26935
28785
26912
26936
28786
26913
26937
28787
26914
26938
28788
26915
26939
28789
26916
26940
28790
26917
26941
28791
26918
26942
28792
26919
26943
28793
26920
26944
28794
26921
26945
28795
26922
26946
28796
26923
26947
28797
26924
26948
28798
26949
28799
26926
26950
28800
26927
26951
28801
26928
26952
28802
26929
26953
28803
26930
26954
28804
26931
26955
28805
26932
26956
28806
26933
26957
28807
26934
26958
28808
26935
26959
28809
26936
26960
28810
26937
26961
28811
26938
26962
28812
26939
26963
28813
26940
26964
28814
26941
26965
28815
26942
26966
28816
26943
26967
28817
26944
26968
28818
26945
26969
28819
26946
26970
28820
26947
26971
28821
26948
26972
28822
26949
26973
28823
26974
28824
26951
26975
28825
26952
26976
28826
26953
26977
28827
26954
26978
28828
26955
26979
28829
26956
26980
28830
26957
26981
28831
26958
26982
28832
26959
26983
28833
26960
26984
28834
26961
26985
28835
26962
26986
28836
26963
26987
28837
26964
26988
28838
26965
26989
28839
26966
26990
28840
26967
26991
28841
26968
26992
28842
26969
26993
28843
26970
26994
28844
26971
26995
28845
26972
26996
28846
26973
26997
28847
26974
26998
28848
26999
28849
26976
27000
28850
26977
27001
28851
26978
27002
28852
26979
27003
28853
26980
27004
28854
26981
27005
28855
26982
27006
28856
26983
27007
28857
26984
27008
28858
26985
27009
28859
26986
27010
28860
26987
27011
28861
26988
27012
28862
26989
27013
28863
26990
27014
28864
26991
27015
28865
26992
27016
28866
26993
27017
28867
26994
27018
28868
26995
27019
28869
26996
27020
28870
26997
27021
28871
26998
27022
28872
26999
27023
28873
27024
28874
27001
27025
28875
27002
27026
28876
27003
27027
28877
27004
27028
28878
27005
27029
28879
27006
27030
28880
27007
27031
28881
27008
27032
28882
27009
27033
28883
27010
27034
28884
27011
27035
28885
27012
27036
28886
27013
27037
28887
27014
27038
28888
27015
27039
28889
27016
27040
28890
27017
27041
28891
27018
27042
28892
27019
27043
28893
27020
27044
28894
27021
27045
28895
27022
27046
28896
27023
27047
28897
27024
27048
28898
27049
28899
27026
27050
28900
27027
27051
28901
27028
27052
28902
27029
27053
28903
27030
27054
28904
27031
27055
28905
27032
27056
28906
27033
27057
28907
27034
27058
28908
27035
27059
28909
27036
27060
28910
27037
27061
28911
27038
27062
28912
27039
27063
28913
27040
27064
28914
27041
27065
28915
27042
27066
28916
27043
27067
28917
27044
27068
28918
27045
27069
28919
27046
27070
28920
27047
27071
28921
27048
27072
28922
27049
27073
28923
27074
28924
27051
27075
28925
27052
27076
28926
27053
27077
28927
27054
27078
28928
27055
27079
28929
27056
27080
28930
27057
27081
28931
27058
27082
28932
27059
27083
28933
27060
27084
28934
27061
27085
28935
27062
27086
28936
27063
27087
28937
27064
27088
28938
27065
27089
28939
27066
27090
28940
27067
27091
28941
27068
27092
28942
27069
27093
28943
27070
27094
28944
27071
27095
28945
27072
27096
28946
27073
27097
28947
27074
27098
28948
27099
28949
27076
27100
28950
27077
27101
28951
27078
27102
28952
27079
27103
28953
27080
27104
28954
27081
27105
28955
27082
27106
28956
27083
27107
28957
27084
27108
28958
27085
27109
28959
27086
27110
28960
27087
27111
28961
27088
27112
28962
27089
27113
28963
27090
27114
28964
27091
27115
28965
27092
27116
28966
27093
27117
28967
27094
27118
28968
27095
27119
28969
27096
27120
28970
27097
27121
28971
27098
27122
28972
27099
27123
28973
27124
28974
27101
27125
28975
27102
27126
28976
27103
27127
28977
27104
27128
28978
27105
27129
28979
27106
27130
28980
27107
27131
28981
27108
27132
28982
27109
27133
28983
27110
27134
28984
27111
27135
28985
27112
27136
28986
27113
27137
28987
27114
27138
28988
27115
27139
28989
27116
27140
28990
27117
27141
28991
27118
27142
28992
27119
27143
28993
27120
27144
28994
27121
27145
28995
27122
27146
28996
27123
27147
28997
27124
27148
28998
27149
28999
27126
27150
29000
27127
27151
29001
27128
27152
29002
27129
27153
29003
27130
27154
29004
27131
27155
29005
27132
27156
29006
27133
27157
29007
27134
27158
29008
27135
27159
29009
27136
27160
29010
27137
27161
29011
27138
27162
29012
27139
27163
29013
27140
27164
29014
27141
27165
29015
27142
27166
29016
27143
27167
29017
27144
27168
29018
27145
27169
29019
27146
27170
29020
27147
27171
29021
27148
27172
29022
27149
27173
29023
27174
29024
27151
27175
29025
27152
27176
29026
27153
27177
29027
27154
27178
29028
27155
27179
29029
27156
27180
29030
27157
27181
29031
27158
27182
29032
27159
27183
29033
27160
27184
29034
27161
27185
29035
27162
27186
29036
27163
27187
29037
27164
27188
29038
27165
27189
29039
27166
27190
29040
27167
27191
29041
27168
27192
29042
27169
27193
29043
27170
27194
29044
27171
27195
29045
27172
27196
29046
27173
27197
29047
27174
27198
29048
27199
29049
27176
27200
29050
27177
27201
29051
27178
27202
29052
27179
27203
29053
27180
27204
29054
27181
27205
29055
27182
27206
29056
27183
27207
29057
27184
27208
29058
27185
27209
29059
27186
27210
29060
27187
27211
29061
27188
27212
29062
27189
27213
29063
27190
27214
29064
27191
27215
29065
27192
27216
29066
27193
27217
29067
27194
27218
29068
27195
27219
29069
27196
27220
29070
27197
27221
29071
27198
27222
29072
27199
27223
29073
27224
29074
27201
27225
29075
27202
27226
29076
27203
27227
29077
27204
27228
29078
27205
27229
29079
27206
27230
29080
27207
27231
29081
27208
27232
29082
27209
27233
29083
27210
27234
29084
27211
27235
29085
27212
27236
29086
27213
27237
29087
27214
27238
29088
27215
27239
29089
27216
27240
29090
27217
27241
29091
27218
27242
29092
27219
27243
29093
27220
27244
29094
27221
27245
29095
27222
27246
29096
27223
27247
29097
27224
27248
29098
27249
29099
27226
27250
29100
27227
27251
29101
27228
27252
29102
27229
27253
29103
27230
27254
29104
27231
27255
29105
27232
27256
29106
27233
27257
29107
27234
27258
29108
27235
27259
29109
27236
27260
29110
27237
27261
29111
27238
27262
29112
27239
27263
29113
27240
27264
29114
27241
27265
29115
27242
27266
29116
27243
27267
29117
27244
27268
29118
27245
27269
29119
27246
27270
29120
27247
27271
29121
27248
27272
29122
27249
27273
29123
27274
29124
27251
27275
29125
27252
27276
29126
27253
27277
29127
27254
27278
29128
27255
27279
29129
27256
27280
29130
27257
27281
29131
27258
27282
29132
27259
27283
29133
27260
27284
29134
27261
27285
29135
27262
27286
29136
27263
27287
29137
27264
27288
29138
27265
27289
29139
27266
27290
29140
27267
27291
29141
27268
27292
29142
27269
27293
29143
27270
27294
29144
27271
27295
29145
27272
27296
29146
27273
27297
29147
27274
27298
29148
27299
29149
27276
27300
29150
27277
27301
29151
27278
27302
29152
27279
27303
29153
27280
27304
29154
27281
27305
29155
27282
27306
29156
27283
27307
29157
27284
27308
29158
27285
27309
29159
27286
27310
29160
27287
27311
29161
27288
27312
29162
27289
27313
29163
27290
27314
29164
27291
27315
29165
27292
27316
29166
27293
27317
29167
27294
27318
29168
27295
27319
29169
27296
27320
29170
27297
27321
29171
27298
27322
29172
27299
27323
29173
27324
29174
27301
27325
29175
27302
27326
29176
27303
27327
29177
27304
27328
29178
27305
27329
29179
27306
27330
29180
27307
27331
29181
27308
27332
29182
27309
27333
29183
27310
27334
29184
27311
27335
29185
27312
27336
29186
27313
27337
29187
27314
27338
29188
27315
27339
29189
27316
27340
29190
27317
27341
29191
27318
27342
29192
27319
27343
29193
27320
27344
29194
27321
27345
29195
27322
27346
29196
27323
27347
29197
27324
27348
29198
27349
29199
27326
27350
29200
27327
27351
29201
27328
27352
29202
27329
27353
29203
27330
27354
29204
27331
27355
29205
27332
27356
29206
27333
27357
29207
27334
27358
29208
27335
27359
29209
27336
27360
29210
27337
27361
29211
27338
27362
29212
27339
27363
29213
27340
27364
29214
27341
27365
29215
27342
27366
29216
27343
27367
29217
27344
27368
29218
27345
27369
29219
27346
27370
29220
27347
27371
29221
27348
27372
29222
27349
27373
29223
27374
29224
27351
27375
29225
27352
27376
29226
27353
27377
29227
27354
27378
29228
27355
27379
29229
27356
27380
29230
27357
27381
29231
27358
27382
29232
27359
27383
29233
27360
27384
29234
27361
27385
29235
27362
27386
29236
27363
27387
29237
27364
27388
29238
27365
27389
29239
27366
27390
29240
27367
27391
29241
27368
27392
29242
27369
27393
29243
27370
27394
29244
27371
27395
29245
27372
27396
29246
27373
27397
29247
27374
27398
29248
27399
29249
27376
27400
29250
27377
27401
29251
27378
27402
29252
27379
27403
29253
27380
27404
29254
27381
27405
29255
27382
27406
29256
27383
27407
29257
27384
27408
29258
27385
27409
29259
27386
27410
29260
27387
27411
29261
27388
27412
29262
27389
27413
29263
27390
27414
29264
27391
27415
29265
27392
27416
29266
27393
27417
29267
27394
27418
29268
27395
27419
29269
27396
27420
29270
27397
27421
29271
27398
27422
29272
27399
27423
29273
27424
29274
27401
27425
29275
27402
27426
29276
27403
27427
29277
27404
27428
29278
27405
27429
29279
27406
27430
29280
27407
27431
29281
27408
27432
29282
27409
27433
29283
27410
27434
29284
27411
27435
29285
27412
27436
29286
27413
27437
29287
27414
27438
29288
27415
27439
29289
27416
27440
29290
27417
27441
29291
27418
27442
29292
27419
27443
29293
27420
27444
29294
27421
27445
29295
27422
27446
29296
27423
27447
29297
27424
27448
29298
27449
29299
27426
27450
29300
27427
27451
29301
27428
27452
29302
27429
27453
29303
27430
27454
29304
27431
27455
29305
27432
27456
29306
27433
27457
29307
27434
27458
29308
27435
27459
29309
27436
27460
29310
27437
27461
29311
27438
27462
29312
27439
27463
29313
27440
27464
29314
27441
27465
29315
27442
27466
29316
27443
27467
29317
27444
27468
29318
27445
27469
29319
27446
27470
29320
27447
27471
29321
27448
27472
29322
27449
27473
29323
27474
29324
27451
27475
29325
27452
27476
29326
27453
27477
29327
27454
27478
29328
27455
27479
29329
27456
27480
29330
27457
27481
29331
27458
27482
29332
27459
27483
29333
27460
27484
29334
27461
27485
29335
27462
27486
29336
27463
27487
29337
27464
27488
29338
27465
27489
29339
27466
27490
29340
27467
27491
29341
27468
27492
29342
27469
27493
29343
27470
27494
29344
27471
27495
29345
27472
27496
29346
27473
27497
29347
27474
27498
29348
27499
29349
27476
27500
29350
27477
27501
29351
27478
27502
29352
27479
27503
29353
27480
27504
29354
27481
27505
29355
27482
27506
29356
27483
27507
29357
27484
27508
29358
27485
27509
29359
27486
27510
29360
27487
27511
29361
27488
27512
29362
27489
27513
29363
27490
27514
29364
27491
27515
29365
27492
27516
29366
27493
27517
29367
27494
27518
29368
27495
27519
29369
27496
27520
29370
27497
27521
29371
27498
27522
29372
27499
27523
29373
27524
29374
27501
27525
29375
27502
27526
29376
27503
27527
29377
27504
27528
29378
27505
27529
29379
27506
27530
29380
27507
27531
29381
27508
27532
29382
27509
27533
29383
27510
27534
29384
27511
27535
29385
27512
27536
29386
27513
27537
29387
27514
27538
29388
27515
27539
29389
27516
27540
29390
27517
27541
29391
27518
27542
29392
27519
27543
29393
27520
27544
29394
27521
27545
29395
27522
27546
29396
27523
27547
29397
27524
27548
29398
27549
29399
27526
27550
29400
27527
27551
29401
27528
27552
29402
27529
27553
29403
27530
27554
29404
27531
27555
29405
27532
27556
29406
27533
27557
29407
27534
27558
29408
27535
27559
29409
27536
27560
29410
27537
27561
29411
27538
27562
29412
27539
27563
29413
27540
27564
29414
27541
27565
29415
27542
27566
29416
27543
27567
29417
27544
27568
29418
27545
27569
29419
27546
27570
29420
27547
27571
29421
27548
27572
29422
27549
27573
29423
27574
29424
27551
27575
29425
27552
27576
29426
27553
27577
29427
27554
27578
29428
27555
27579
29429
27556
27580
29430
27557
27581
29431
27558
27582
29432
27559
27583
29433
27560
27584
29434
27561
27585
29435
27562
27586
29436
27563
27587
29437
27564
27588
29438
27565
27589
29439
27566
27590
29440
27567
27591
29441
27568
27592
29442
27569
27593
29443
27570
27594
29444
27571
27595
29445
27572
27596
29446
27573
27597
29447
27574
27598
29448
27599
29449
27576
27600
29450
27577
27601
29451
27578
27602
29452
27579
27603
29453
27580
27604
29454
27581
27605
29455
27582
27606
29456
27583
27607
29457
27584
27608
29458
27585
27609
29459
27586
27610
29460
27587
27611
29461
27588
27612
29462
27589
27613
29463
27590
27614
29464
27591
27615
29465
27592
27616
29466
27593
27617
29467
27594
27618
29468
27595
27619
29469
27596
27620
29470
27597
27621
29471
27598
27622
29472
27599
27623
29473
27624
29474
27601
27625
29475
27602
27626
29476
27603
27627
29477
27604
27628
29478
27605
27629
29479
27606
27630
29480
27607
27631
29481
27608
27632
29482
27609
27633
29483
27610
27634
29484
27611
27635
29485
27612
27636
29486
27613
27637
29487
27614
27638
29488
27615
27639
29489
27616
27640
29490
27617
27641
29491
27618
27642
29492
27619
27643
29493
27620
27644
29494
27621
27645
29495
27622
27646
29496
27623
27647
29497
27624
27648
29498
27649
29499
27626
27650
29500
27627
27651
29501
27628
27652
29502
27629
27653
29503
27630
27654
29504
27631
27655
29505
27632
27656
29506
27633
27657
29507
27634
27658
29508
27635
27659
29509
27636
27660
29510
27637
27661
29511
27638
27662
29512
27639
27663
29513
27640
27664
29514
27641
27665
29515
27642
27666
29516
27643
27667
29517
27644
27668
29518
27645
27669
29519
27646
27670
29520
27647
27671
29521
27648
27672
29522
27649
27673
29523
27674
29524
27651
27675
29525
27652
27676
29526
27653
27677
29527
27654
27678
29528
27655
27679
29529
27656
27680
29530
27657
27681
29531
27658
27682
29532
27659
27683
29533
27660
27684
29534
27661
27685
29535
27662
27686
29536
27663
27687
29537
27664
27688
29538
27665
27689
29539
27666
27690
29540
27667
27691
29541
27668
27692
29542
27669
27693
29543
27670
27694
29544
27671
27695
29545
27672
27696
29546
27673
27697
29547
27674
27698
29548
27699
29549
27676
27700
29550
27677
27701
29551
27678
27702
29552
27679
27703
29553
27680
27704
29554
27681
27705
29555
27682
27706
29556
27683
27707
29557
27684
27708
29558
27685
27709
29559
27686
27710
29560
27687
27711
29561
27688
27712
29562
27689
27713
29563
27690
27714
29564
27691
27715
29565
27692
27716
29566
27693
27717
29567
27694
27718
29568
27695
27719
29569
27696
27720
29570
27697
27721
29571
27698
27722
29572
27699
27723
29573
27724
29574
27701
27725
29575
27702
27726
29576
27703
27727
29577
27704
27728
29578
27705
27729
29579
27706
27730
29580
27707
27731
29581
27708
27732
29582
27709
27733
29583
27710
27734
29584
27711
27735
29585
27712
27736
29586
27713
27737
29587
27714
27738
29588
27715
27739
29589
27716
27740
29590
27717
27741
29591
27718
27742
29592
27719
27743
29593
27720
27744
29594
27721
27745
29595
27722
27746
29596
27723
27747
29597
27724
27748
29598
27749
29599
27726
27750
29600
27727
27751
29601
27728
27752
29602
27729
27753
29603
27730
27754
29604
27731
27755
29605
27732
27756
29606
27733
27757
29607
27734
27758
29608
27735
27759
29609
27736
27760
29610
27737
27761
29611
27738
27762
29612
27739
27763
29613
27740
27764
29614
27741
27765
29615
27742
27766
29616
27743
27767
29617
27744
27768
29618
27745
27769
29619
27746
27770
29620
27747
27771
29621
27748
27772
29622
27749
27773
29623
27774
29624
27751
27775
29625
27752
27776
29626
27753
27777
29627
27754
27778
29628
27755
27779
29629
27756
27780
29630
27757
27781
29631
27758
27782
29632
27759
27783
29633
27760
27784
29634
27761
27785
29635
27762
27786
29636
27763
27787
29637
27764
27788
29638
27765
27789
29639
27766
27790
29640
27767
27791
29641
27768
27792
29642
27769
27793
29643
27770
27794
29644
27771
27795
29645
27772
27796
29646
27773
27797
29647
27774
27798
29648
27799
29649
27776
27800
29650
27777
27801
29651
27778
27802
29652
27779
27803
29653
27780
27804
29654
27781
27805
29655
27782
27806
29656
27783
27807
29657
27784
27808
29658
27785
27809
29659
27786
27810
29660
27787
27811
29661
27788
27812
29662
27789
27813
29663
27790
27814
29664
27791
27815
29665
27792
27816
29666
27793
27817
29667
27794
27818
29668
27795
27819
29669
27796
27820
29670
27797
27821
29671
27798
27822
29672
27799
27823
29673
27824
29674
27801
27825
29675
27802
27826
29676
27803
27827
29677
27804
27828
29678
27805
27829
29679
27806
27830
29680
27807
27831
29681
27808
27832
29682
27809
27833
29683
27810
27834
29684
27811
27835
29685
27812
27836
29686
27813
27837
29687
27814
27838
29688
27815
27839
29689
27816
27840
29690
27817
27841
29691
27818
27842
29692
27819
27843
29693
27820
27844
29694
27821
27845
29695
27822
27846
29696
27823
27847
29697
27824
27848
29698
27849
29699
27826
27850
29700
27827
27851
29701
27828
27852
29702
27829
27853
29703
27830
27854
29704
27831
27855
29705
27832
27856
29706
27833
27857
29707
27834
27858
29708
27835
27859
29709
27836
27860
29710
27837
27861
29711
27838
27862
29712
27839
27863
29713
27840
27864
29714
27841
27865
29715
27842
27866
29716
27843
27867
29717
27844
27868
29718
27845
27869
29719
27846
27870
29720
27847
27871
29721
27848
27872
29722
27849
27873
29723
27874
29724
27851
27875
29725
27852
27876
29726
27853
27877
29727
27854
27878
29728
27855
27879
29729
27856
27880
29730
27857
27881
29731
27858
27882
29732
27859
27883
29733
27860
27884
29734
27861
27885
29735
27862
27886
29736
27863
27887
29737
27864
27888
29738
27865
27889
29739
27866
27890
29740
27867
27891
29741
27868
27892
29742
27869
27893
29743
27870
27894
29744
27871
27895
29745
27872
27896
29746
27873
27897
29747
27874
27898
29748
27899
29749
27876
27900
29750
27877
27901
29751
27878
27902
29752
27879
27903
29753
27880
27904
29754
27881
27905
29755
27882
27906
29756
27883
27907
29757
27884
27908
29758
27885
27909
29759
27886
27910
29760
27887
27911
29761
27888
27912
29762
27889
27913
29763
27890
27914
29764
27891
27915
29765
27892
27916
29766
27893
27917
29767
27894
27918
29768
27895
27919
29769
27896
27920
29770
27897
27921
29771
27898
27922
29772
27899
27923
29773
27924
29774
27901
27925
29775
27902
27926
29776
27903
27927
29777
27904
27928
29778
27905
27929
29779
27906
27930
29780
27907
27931
29781
27908
27932
29782
27909
27933
29783
27910
27934
29784
27911
27935
29785
27912
27936
29786
27913
27937
29787
27914
27938
29788
27915
27939
29789
27916
27940
29790
27917
27941
29791
27918
27942
29792
27919
27943
29793
27920
27944
29794
27921
27945
29795
27922
27946
29796
27923
27947
29797
27924
27948
29798
27949
29799
27926
27950
29800
27927
27951
29801
27928
27952
29802
27929
27953
29803
27930
27954
29804
27931
27955
29805
27932
27956
29806
27933
27957
29807
27934
27958
29808
27935
27959
29809
27936
27960
29810
27937
27961
29811
27938
27962
29812
27939
27963
29813
27940
27964
29814
27941
27965
29815
27942
27966
29816
27943
27967
29817
27944
27968
29818
27945
27969
29819
27946
27970
29820
27947
27971
29821
27948
27972
29822
27949
27973
29823
27974
29824
27951
27975
29825
27952
27976
29826
27953
27977
29827
27954
27978
29828
27955
27979
29829
27956
27980
29830
27957
27981
29831
27958
27982
29832
27959
27983
29833
27960
27984
29834
27961
27985
29835
27962
27986
29836
27963
27987
29837
27964
27988
29838
27965
27989
29839
27966
27990
29840
27967
27991
29841
27968
27992
29842
27969
27993
29843
27970
27994
29844
27971
27995
29845
27972
27996
29846
27973
27997
29847
27974
27998
29848
27999
29849
27976
28000
29850
27977
28001
29851
27978
28002
29852
27979
28003
29853
27980
28004
29854
27981
28005
29855
27982
28006
29856
27983
28007
29857
27984
28008
29858
27985
28009
29859
27986
28010
29860
27987
28011
29861
27988
28012
29862
27989
28013
29863
27990
28014
29864
27991
28015
29865
27992
28016
29866
27993
28017
29867
27994
28018
29868
27995
28019
29869
27996
28020
29870
27997
28021
29871
27998
28022
29872
27999
28023
29873
28024
29874
28001
28025
29875
28002
28026
29876
28003
28027
29877
28004
28028
29878
28005
28029
29879
28006
28030
29880
28007
28031
29881
28008
28032
29882
28009
28033
29883
28010
28034
29884
28011
28035
29885
28012
28036
29886
28013
28037
29887
28014
28038
29888
28015
28039
29889
28016
28040
29890
28017
28041
29891
28018
28042
29892
28019
28043
29893
28020
28044
29894
28021
28045
29895
28022
28046
29896
28023
28047
29897
28024
28048
29898
28049
29899
28026
28050
29900
28027
28051
29901
28028
28052
29902
28029
28053
29903
28030
28054
29904
28031
28055
29905
28032
28056
29906
28033
28057
29907
28034
28058
29908
28035
28059
29909
28036
28060
29910
28037
28061
29911
28038
28062
29912
28039
28063
29913
28040
28064
29914
28041
28065
29915
28042
28066
29916
28043
28067
29917
28044
28068
29918
28045
28069
29919
28046
28070
29920
28047
28071
29921
28048
28072
29922
28049
28073
29923
28074
29924
28051
28075
29925
28052
28076
29926
28053
28077
29927
28054
28078
29928
28055
28079
29929
28056
28080
29930
28057
28081
29931
28058
28082
29932
28059
28083
29933
28060
28084
29934
28061
28085
29935
28062
28086
29936
28063
28087
29937
28064
28088
29938
28065
28089
29939
28066
28090
29940
28067
28091
29941
28068
28092
29942
28069
28093
29943
28070
28094
29944
28071
28095
29945
28072
28096
29946
28073
28097
29947
28074
28098
29948
28099
29949
28076
28100
29950
28077
28101
29951
28078
28102
29952
28079
28103
29953
28080
28104
29954
28081
28105
29955
28082
28106
29956
28083
28107
29957
28084
28108
29958
28085
28109
29959
28086
28110
29960
28087
28111
29961
28088
28112
29962
28089
28113
29963
28090
28114
29964
28091
28115
29965
28092
28116
29966
28093
28117
29967
28094
28118
29968
28095
28119
29969
28096
28120
29970
28097
28121
29971
28098
28122
29972
28099
28123
29973
28124
29974
28101
29975
28102
29976
28103
29977
28104
29978
28105
29979
28106
29980
28107
29981
28108
29982
28109
29983
28110
29984
28111
29985
28112
29986
28113
29987
28114
29988
28115
29989
28116
29990
28117
29991
28118
29992
28119
29993
28120
29994
28121
29995
28122
29996
28123
29997
28124
29998
29999
28126
28150
30000
28127
28151
30001
28128
28152
30002
28129
28153
30003
28130
28154
30004
28131
28155
30005
28132
28156
30006
28133
28157
30007
28134
28158
30008
28135
28159
30009
28136
28160
30010
28137
28161
30011
28138
28162
30012
28139
28163
30013
28140
28164
30014
28141
28165
30015
28142
28166
30016
28143
28167
30017
28144
28168
30018
28145
28169
30019
28146
28170
30020
28147
28171
30021
28148
28172
30022
28149
28173
30023
28174
30024
28151
28175
30025
28152
28176
30026
28153
28177
30027
28154
28178
30028
28155
28179
30029
28156
28180
30030
28157
28181
30031
28158
28182
30032
28159
28183
30033
28160
28184
30034
28161
28185
30035
28162
28186
30036
28163
28187
30037
28164
28188
30038
28165
28189
30039
28166
28190
30040
28167
28191
30041
28168
28192
30042
28169
28193
30043
28170
28194
30044
28171
28195
30045
28172
28196
30046
28173
28197
30047
28174
28198
30048
28199
30049
28176
28200
30050
28177
28201
30051
28178
28202
30052
28179
28203
30053
28180
28204
30054
28181
28205
30055
28182
28206
30056
28183
28207
30057
28184
28208
30058
28185
28209
30059
28186
28210
30060
28187
28211
30061
28188
28212
30062
28189
28213
30063
28190
28214
30064
28191
28215
30065
28192
28216
30066
28193
28217
30067
28194
28218
30068
28195
28219
30069
28196
28220
30070
28197
28221
30071
28198
28222
30072
28199
28223
30073
28224
30074
28201
28225
30075
28202
28226
30076
28203
28227
30077
28204
28228
30078
28205
28229
30079
28206
28230
30080
28207
28231
30081
28208
28232
30082
28209
28233
30083
28210
28234
30084
28211
28235
30085
28212
28236
30086
28213
28237
30087
28214
28238
30088
28215
28239
30089
28216
28240
30090
28217
28241
30091
28218
28242
30092
28219
28243
30093
28220
28244
30094
28221
28245
30095
28222
28246
30096
28223
28247
30097
28224
28248
30098
28249
30099
28226
28250
30100
28227
28251
30101
28228
28252
30102
28229
28253
30103
28230
28254
30104
28231
28255
30105
28232
28256
30106
28233
28257
30107
28234
28258
30108
28235
28259
30109
28236
28260
30110
28237
28261
30111
28238
28262
30112
28239
28263
30113
28240
28264
30114
28241
28265
30115
28242
28266
30116
28243
28267
30117
28244
28268
30118
28245
28269
30119
28246
28270
30120
28247
28271
30121
28248
28272
30122
28249
28273
30123
28274
30124
28251
28275
30125
28252
28276
30126
28253
28277
30127
28254
28278
30128
28255
28279
30129
28256
28280
30130
28257
28281
30131
28258
28282
30132
28259
28283
30133
28260
28284
30134
28261
28285
30135
28262
28286
30136
28263
28287
30137
28264
28288
30138
28265
28289
30139
28266
28290
30140
28267
28291
30141
28268
28292
30142
28269
28293
30143
28270
28294
30144
28271
28295
30145
28272
28296
30146
28273
28297
30147
28274
28298
30148
28299
30149
28276
28300
30150
28277
28301
30151
28278
28302
30152
28279
28303
30153
28280
28304
30154
28281
28305
30155
28282
28306
30156
28283
28307
30157
28284
28308
30158
28285
28309
30159
28286
28310
30160
28287
28311
30161
28288
28312
30162
28289
28313
30163
28290
28314
30164
28291
28315
30165
28292
28316
30166
28293
28317
30167
28294
28318
30168
28295
28319
30169
28296
28320
30170
28297
28321
30171
28298
28322
30172
28299
28323
30173
28324
30174
28301
28325
30175
28302
28326
30176
28303
28327
30177
28304
28328
30178
28305
28329
30179
28306
28330
30180
28307
28331
30181
28308
28332
30182
28309
28333
30183
28310
28334
30184
28311
28335
30185
28312
28336
30186
28313
28337
30187
28314
28338
30188
28315
28339
30189
28316
28340
30190
28317
28341
30191
28318
28342
30192
28319
28343
30193
28320
28344
30194
28321
28345
30195
28322
28346
30196
28323
28347
30197
28324
28348
30198
28349
30199
28326
28350
30200
28327
28351
30201
28328
28352
30202
28329
28353
30203
28330
28354
30204
28331
28355
30205
28332
28356
30206
28333
28357
30207
28334
28358
30208
28335
28359
30209
28336
28360
30210
28337
28361
30211
28338
28362
30212
28339
28363
30213
28340
28364
30214
28341
28365
30215
28342
28366
30216
28343
28367
30217
28344
28368
30218
28345
28369
30219
28346
28370
30220
28347
28371
30221
28348
28372
30222
28349
28373
30223
28374
30224
28351
28375
30225
28352
28376
30226
28353
28377
30227
28354
28378
30228
28355
28379
30229
28356
28380
30230
28357
28381
30231
28358
28382
30232
28359
28383
30233
28360
28384
30234
28361
28385
30235
28362
28386
30236
28363
28387
30237
28364
28388
30238
28365
28389
30239
28366
28390
30240
28367
28391
30241
28368
28392
30242
28369
28393
30243
28370
28394
30244
28371
28395
30245
28372
28396
30246
28373
28397
30247
28374
28398
30248
28399
30249
28376
28400
30250
28377
28401
30251
28378
28402
30252
28379
28403
30253
28380
28404
30254
28381
28405
30255
28382
28406
30256
28383
28407
30257
28384
28408
30258
28385
28409
30259
28386
28410
30260
28387
28411
30261
28388
28412
30262
28389
28413
30263
28390
28414
30264
28391
28415
30265
28392
28416
30266
28393
28417
30267
28394
28418
30268
28395
28419
30269
28396
28420
30270
28397
28421
30271
28398
28422
30272
28399
28423
30273
28424
30274
28401
28425
30275
28402
28426
30276
28403
28427
30277
28404
28428
30278
28405
28429
30279
28406
28430
30280
28407
28431
30281
28408
28432
30282
28409
28433
30283
28410
28434
30284
28411
28435
30285
28412
28436
30286
28413
28437
30287
28414
28438
30288
28415
28439
30289
28416
28440
30290
28417
28441
30291
28418
28442
30292
28419
28443
30293
28420
28444
30294
28421
28445
30295
28422
28446
30296
28423
28447
30297
28424
28448
30298
28449
30299
28426
28450
30300
28427
28451
30301
28428
28452
30302
28429
28453
30303
28430
28454
30304
28431
28455
30305
28432
28456
30306
28433
28457
30307
28434
28458
30308
28435
28459
30309
28436
28460
30310
28437
28461
30311
28438
28462
30312
28439
28463
30313
28440
28464
30314
28441
28465
30315
28442
28466
30316
28443
28467
30317
28444
28468
30318
28445
28469
30319
28446
28470
30320
28447
28471
30321
28448
28472
30322
28449
28473
30323
28474
30324
28451
28475
30325
28452
28476
30326
28453
28477
30327
28454
28478
30328
28455
28479
30329
28456
28480
30330
28457
28481
30331
28458
28482
30332
28459
28483
30333
28460
28484
30334
28461
28485
30335
28462
28486
30336
28463
28487
30337
28464
28488
30338
28465
28489
30339
28466
28490
30340
28467
28491
30341
28468
28492
30342
28469
28493
30343
28470
28494
30344
28471
28495
30345
28472
28496
30346
28473
28497
30347
28474
28498
30348
28499
30349
28476
28500
30350
28477
28501
30351
28478
28502
30352
28479
28503
30353
28480
28504
30354
28481
28505
30355
28482
28506
30356
28483
28507
30357
28484
28508
30358
28485
28509
30359
28486
28510
30360
28487
28511
30361
28488
28512
30362
28489
28513
30363
28490
28514
30364
28491
28515
30365
28492
28516
30366
28493
28517
30367
28494
28518
30368
28495
28519
30369
28496
28520
30370
28497
28521
30371
28498
28522
30372
28499
28523
30373
28524
30374
28501
28525
30375
28502
28526
30376
28503
28527
30377
28504
28528
30378
28505
28529
30379
28506
28530
30380
28507
28531
30381
28508
28532
30382
28509
28533
30383
28510
28534
30384
28511
28535
30385
28512
28536
30386
28513
28537
30387
28514
28538
30388
28515
28539
30389
28516
28540
30390
28517
28541
30391
28518
28542
30392
28519
28543
30393
28520
28544
30394
28521
28545
30395
28522
28546
30396
28523
28547
30397
28524
28548
30398
28549
30399
28526
28550
30400
28527
28551
30401
28528
28552
30402
28529
28553
30403
28530
28554
30404
28531
28555
30405
28532
28556
30406
28533
28557
30407
28534
28558
30408
28535
28559
30409
28536
28560
30410
28537
28561
30411
28538
28562
30412
28539
28563
30413
28540
28564
30414
28541
28565
30415
28542
28566
30416
28543
28567
30417
28544
28568
30418
28545
28569
30419
28546
28570
30420
28547
28571
30421
28548
28572
30422
28549
28573
30423
28574
30424
28551
28575
30425
28552
28576
30426
28553
28577
30427
28554
28578
30428
28555
28579
30429
28556
28580
30430
28557
28581
30431
28558
28582
30432
28559
28583
30433
28560
28584
30434
28561
28585
30435
28562
28586
30436
28563
28587
30437
28564
28588
30438
28565
28589
30439
28566
28590
30440
28567
28591
30441
28568
28592
30442
28569
28593
30443
28570
28594
30444
28571
28595
30445
28572
28596
30446
28573
28597
30447
28574
28598
30448
28599
30449
28576
28600
30450
28577
28601
30451
28578
28602
30452
28579
28603
30453
28580
28604
30454
28581
28605
30455
28582
28606
30456
28583
28607
30457
28584
28608
30458
28585
28609
30459
28586
28610
30460
28587
28611
30461
28588
28612
30462
28589
28613
30463
28590
28614
30464
28591
28615
30465
28592
28616
30466
28593
28617
30467
28594
28618
30468
28595
28619
30469
28596
28620
30470
28597
28621
30471
28598
28622
30472
28599
28623
30473
28624
30474
28601
28625
30475
28602
28626
30476
28603
28627
30477
28604
28628
30478
28605
28629
30479
28606
28630
30480
28607
28631
30481
28608
28632
30482
28609
28633
30483
28610
28634
30484
28611
28635
30485
28612
28636
30486
28613
28637
30487
28614
28638
30488
28615
28639
30489
28616
28640
30490
28617
28641
30491
28618
28642
30492
28619
28643
30493
28620
28644
30494
28621
28645
30495
28622
28646
30496
28623
28647
30497
28624
28648
30498
28649
30499
28626
28650
30500
28627
28651
30501
28628
28652
30502
28629
28653
30503
28630
28654
30504
28631
28655
30505
28632
28656
30506
28633
28657
30507
28634
28658
30508
28635
28659
30509
28636
28660
30510
28637
28661
30511
28638
28662
30512
28639
28663
30513
28640
28664
30514
28641
28665
30515
28642
28666
30516
28643
28667
30517
28644
28668
30518
28645
28669
30519
28646
28670
30520
28647
28671
30521
28648
28672
30522
28649
28673
30523
28674
30524
28651
28675
30525
28652
28676
30526
28653
28677
30527
28654
28678
30528
28655
28679
30529
28656
28680
30530
28657
28681
30531
28658
28682
30532
28659
28683
30533
28660
28684
30534
28661
28685
30535
28662
28686
30536
28663
28687
30537
28664
28688
30538
28665
28689
30539
28666
28690
30540
28667
28691
30541
28668
28692
30542
28669
28693
30543
28670
28694
30544
28671
28695
30545
28672
28696
30546
28673
28697
30547
28674
28698
30548
28699
30549
28676
28700
30550
28677
28701
30551
28678
28702
30552
28679
28703
30553
28680
28704
30554
28681
28705
30555
28682
28706
30556
28683
28707
30557
28684
28708
30558
28685
28709
30559
28686
28710
30560
28687
28711
30561
28688
28712
30562
28689
28713
30563
28690
28714
30564
28691
28715
30565
28692
28716
30566
28693
28717
30567
28694
28718
30568
28695
28719
30569
28696
28720
30570
28697
28721
30571
28698
28722
30572
28699
28723
30573
28724
30574
28701
28725
30575
28702
28726
30576
28703
28727
30577
28704
28728
30578
28705
28729
30579
28706
28730
30580
28707
28731
30581
28708
28732
30582
28709
28733
30583
28710
28734
30584
28711
28735
30585
28712
28736
30586
28713
28737
30587
28714
28738
30588
28715
28739
30589
28716
28740
30590
28717
28741
30591
28718
28742
30592
28719
28743
30593
28720
28744
30594
28721
28745
30595
28722
28746
30596
28723
28747
30597
28724
28748
30598
28749
30599
28726
28750
30600
28727
28751
30601
28728
28752
30602
28729
28753
30603
28730
28754
30604
28731
28755
30605
28732
28756
30606
28733
28757
30607
28734
28758
30608
28735
28759
30609
28736
28760
30610
28737
28761
30611
28738
28762
30612
28739
28763
30613
28740
28764
30614
28741
28765
30615
28742
28766
30616
28743
28767
30617
28744
28768
30618
28745
28769
30619
28746
28770
30620
28747
28771
30621
28748
28772
30622
28749
28773
30623
28774
30624
28751
28775
30625
28752
28776
30626
28753
28777
30627
28754
28778
30628
28755
28779
30629
28756
28780
30630
28757
28781
30631
28758
28782
30632
28759
28783
30633
28760
28784
30634
28761
28785
30635
28762
28786
30636
28763
28787
30637
28764
28788
30638
28765
28789
30639
28766
28790
30640
28767
28791
30641
28768
28792
30642
28769
28793
30643
28770
28794
30644
28771
28795
30645
28772
28796
30646
28773
28797
30647
28774
28798
30648
28799
30649
28776
28800
30650
28777
28801
30651
28778
28802
30652
28779
28803
30653
28780
28804
30654
28781
28805
30655
28782
28806
30656
28783
28807
30657
28784
28808
30658
28785
28809
30659
28786
28810
30660
28787
28811
30661
28788
28812
30662
28789
28813
30663
28790
28814
30664
28791
28815
30665
28792
28816
30666
28793
28817
30667
28794
28818
30668
28795
28819
30669
28796
28820
30670
28797
28821
30671
28798
28822
30672
28799
28823
30673
28824
30674
28801
28825
30675
28802
28826
30676
28803
28827
30677
28804
28828
30678
28805
28829
30679
28806
28830
30680
28807
28831
30681
28808
28832
30682
28809
28833
30683
28810
28834
30684
28811
28835
30685
28812
28836
30686
28813
28837
30687
28814
28838
30688
28815
28839
30689
28816
28840
30690
28817
28841
30691
28818
28842
30692
28819
28843
30693
28820
28844
30694
28821
28845
30695
28822
28846
30696
28823
28847
30697
28824
28848
30698
28849
30699
28826
28850
30700
28827
28851
30701
28828
28852
30702
28829
28853
30703
28830
28854
30704
28831
28855
30705
28832
28856
30706
28833
28857
30707
28834
28858
30708
28835
28859
30709
28836
28860
30710
28837
28861
30711
28838
28862
30712
28839
28863
30713
28840
28864
30714
28841
28865
30715
28842
28866
30716
28843
28867
30717
28844
28868
30718
28845
28869
30719
28846
28870
30720
28847
28871
30721
28848
28872
30722
28849
28873
30723
28874
30724
28851
28875
30725
28852
28876
30726
28853
28877
30727
28854
28878
30728
28855
28879
30729
28856
28880
30730
28857
28881
30731
28858
28882
30732
28859
28883
30733
28860
28884
30734
28861
28885
30735
28862
28886
30736
28863
28887
30737
28864
28888
30738
28865
28889
30739
28866
28890
30740
28867
28891
30741
28868
28892
30742
28869
28893
30743
28870
28894
30744
28871
28895
30745
28872
28896
30746
28873
28897
30747
28874
28898
30748
28899
30749
28876
28900
30750
28877
28901
30751
28878
28902
30752
28879
28903
30753
28880
28904
30754
28881
28905
30755
28882
28906
30756
28883
28907
30757
28884
28908
30758
28885
28909
30759
28886
28910
30760
28887
28911
30761
28888
28912
30762
28889
28913
30763
28890
28914
30764
28891
28915
30765
28892
28916
30766
28893
28917
30767
28894
28918
30768
28895
28919
30769
28896
28920
30770
28897
28921
30771
28898
28922
30772
28899
28923
30773
28924
30774
28901
28925
30775
28902
28926
30776
28903
28927
30777
28904
28928
30778
28905
28929
30779
28906
28930
30780
28907
28931
30781
28908
28932
30782
28909
28933
30783
28910
28934
30784
28911
28935
30785
28912
28936
30786
28913
28937
30787
28914
28938
30788
28915
28939
30789
28916
28940
30790
28917
28941
30791
28918
28942
30792
28919
28943
30793
28920
28944
30794
28921
28945
30795
28922
28946
30796
28923
28947
30797
28924
28948
30798
28949
30799
28926
28950
30800
28927
28951
30801
28928
28952
30802
28929
28953
30803
28930
28954
30804
28931
28955
30805
28932
28956
30806
28933
28957
30807
28934
28958
30808
28935
28959
30809
28936
28960
30810
28937
28961
30811
28938
28962
30812
28939
28963
30813
28940
28964
30814
28941
28965
30815
28942
28966
30816
28943
28967
30817
28944
28968
30818
28945
28969
30819
28946
28970
30820
28947
28971
30821
28948
28972
30822
28949
28973
30823
28974
30824
28951
28975
30825
28952
28976
30826
28953
28977
30827
28954
28978
30828
28955
28979
30829
28956
28980
30830
28957
28981
30831
28958
28982
30832
28959
28983
30833
28960
28984
30834
28961
28985
30835
28962
28986
30836
28963
28987
30837
28964
28988
30838
28965
28989
30839
28966
28990
30840
28967
28991
30841
28968
28992
30842
28969
28993
30843
28970
28994
30844
28971
28995
30845
28972
28996
30846
28973
28997
30847
28974
28998
30848
28999
30849
28976
29000
30850
28977
29001
30851
28978
29002
30852
28979
29003
30853
28980
29004
30854
28981
29005
30855
28982
29006
30856
28983
29007
30857
28984
29008
30858
28985
29009
30859
28986
29010
30860
28987
29011
30861
28988
29012
30862
28989
29013
30863
28990
29014
30864
28991
29015
30865
28992
29016
30866
28993
29017
30867
28994
29018
30868
28995
29019
30869
28996
29020
30870
28997
29021
30871
28998
29022
30872
28999
29023
30873
29024
30874
29001
29025
30875
29002
29026
30876
29003
29027
30877
29004
29028
30878
29005
29029
30879
29006
29030
30880
29007
29031
30881
29008
29032
30882
29009
29033
30883
29010
29034
30884
29011
29035
30885
29012
29036
30886
29013
29037
30887
29014
29038
30888
29015
29039
30889
29016
29040
30890
29017
29041
30891
29018
29042
30892
29019
29043
30893
29020
29044
30894
29021
29045
30895
29022
29046
30896
29023
29047
30897
29024
29048
30898
29049
30899
29026
29050
30900
29027
29051
30901
29028
29052
30902
29029
29053
30903
29030
29054
30904
29031
29055
30905
29032
29056
30906
29033
29057
30907
29034
29058
30908
29035
29059
30909
29036
29060
30910
29037
29061
30911
29038
29062
30912
29039
29063
30913
29040
29064
30914
29041
29065
30915
29042
29066
30916
29043
29067
30917
29044
29068
30918
29045
29069
30919
29046
29070
30920
29047
29071
30921
29048
29072
30922
29049
29073
30923
29074
30924
29051
29075
30925
29052
29076
30926
29053
29077
30927
29054
29078
30928
29055
29079
30929
29056
29080
30930
29057
29081
30931
29058
29082
30932
29059
29083
30933
29060
29084
30934
29061
29085
30935
29062
29086
30936
29063
29087
30937
29064
29088
30938
29065
29089
30939
29066
29090
30940
29067
29091
30941
29068
29092
30942
29069
29093
30943
29070
29094
30944
29071
29095
30945
29072
29096
30946
29073
29097
30947
29074
29098
30948
29099
30949
29076
29100
30950
29077
29101
30951
29078
29102
30952
29079
29103
30953
29080
29104
30954
29081
29105
30955
29082
29106
30956
29083
29107
30957
29084
29108
30958
29085
29109
30959
29086
29110
30960
29087
29111
30961
29088
29112
30962
29089
29113
30963
29090
29114
30964
29091
29115
30965
29092
29116
30966
29093
29117
30967
29094
29118
30968
29095
29119
30969
29096
29120
30970
29097
29121
30971
29098
29122
30972
29099
29123
30973
29124
30974
29101
29125
30975
29102
29126
30976
29103
29127
30977
29104
29128
30978
29105
29129
30979
29106
29130
30980
29107
29131
30981
29108
29132
30982
29109
29133
30983
29110
29134
30984
29111
29135
30985
29112
29136
30986
29113
29137
30987
29114
29138
30988
29115
29139
30989
29116
29140
30990
29117
29141
30991
29118
29142
30992
29119
29143
30993
29120
29144
30994
29121
29145
30995
29122
29146
30996
29123
29147
30997
29124
29148
30998
29149
30999
29126
29150
31000
29127
29151
31001
29128
29152
31002
29129
29153
31003
29130
29154
31004
29131
29155
31005
29132
29156
31006
29133
29157
31007
29134
29158
31008
29135
29159
31009
29136
29160
31010
29137
29161
31011
29138
29162
31012
29139
29163
31013
29140
29164
31014
29141
29165
31015
29142
29166
31016
29143
29167
31017
29144
29168
31018
29145
29169
31019
29146
29170
31020
29147
29171
31021
29148
29172
31022
29149
29173
31023
29174
31024
29151
29175
31025
29152
29176
31026
29153
29177
31027
29154
29178
31028
29155
29179
31029
29156
29180
31030
29157
29181
31031
29158
29182
31032
29159
29183
31033
29160
29184
31034
29161
29185
31035
29162
29186
31036
29163
29187
31037
29164
29188
31038
29165
29189
31039
29166
29190
31040
29167
29191
31041
29168
29192
31042
29169
29193
31043
29170
29194
31044
29171
29195
31045
29172
29196
31046
29173
29197
31047
29174
29198
31048
29199
31049
29176
29200
31050
29177
29201
31051
29178
29202
31052
29179
29203
31053
29180
29204
31054
29181
29205
31055
29182
29206
31056
29183
29207
31057
29184
29208
31058
29185
29209
31059
29186
29210
31060
29187
29211
31061
29188
29212
31062
29189
29213
31063
29190
29214
31064
29191
29215
31065
29192
29216
31066
29193
29217
31067
29194
29218
31068
29195
29219
31069
29196
29220
31070
29197
29221
31071
29198
29222
31072
29199
29223
31073
29224
31074
29201
29225
31075
29202
29226
31076
29203
29227
31077
29204
29228
31078
29205
29229
31079
29206
29230
31080
29207
29231
31081
29208
29232
31082
29209
29233
31083
29210
29234
31084
29211
29235
31085
29212
29236
31086
29213
29237
31087
29214
29238
31088
29215
29239
31089
29216
29240
31090
29217
29241
31091
29218
29242
31092
29219
29243
31093
29220
29244
31094
29221
29245
31095
29222
29246
31096
29223
29247
31097
29224
29248
31098
29249
31099
29226
29250
31100
29227
29251
31101
29228
29252
31102
29229
29253
31103
29230
29254
31104
29231
29255
31105
29232
29256
31106
29233
29257
31107
29234
29258
31108
29235
29259
31109
29236
29260
31110
29237
29261
31111
29238
29262
31112
29239
29263
31113
29240
29264
31114
29241
29265
31115
29242
29266
31116
29243
29267
31117
29244
29268
31118
29245
29269
31119
29246
29270
31120
29247
29271
31121
29248
29272
31122
29249
29273
31123
29274
31124
29251
29275
31125
29252
29276
31126
29253
29277
31127
29254
29278
31128
29255
29279
31129
29256
29280
31130
29257
29281
31131
29258
29282
31132
29259
29283
31133
29260
29284
31134
29261
29285
31135
29262
29286
31136
29263
29287
31137
29264
29288
31138
29265
29289
31139
29266
29290
31140
29267
29291
31141
29268
29292
31142
29269
29293
31143
29270
29294
31144
29271
29295
31145
29272
29296
31146
29273
29297
31147
29274
29298
31148
29299
31149
29276
29300
31150
29277
29301
31151
29278
29302
31152
29279
29303
31153
29280
29304
31154
29281
29305
31155
29282
29306
31156
29283
29307
31157
29284
29308
31158
29285
29309
31159
29286
29310
31160
29287
29311
31161
29288
29312
31162
29289
29313
31163
29290
29314
31164
29291
29315
31165
29292
29316
31166
29293
29317
31167
29294
29318
31168
29295
29319
31169
29296
29320
31170
29297
29321
31171
29298
29322
31172
29299
29323
31173
29324
31174
29301
29325
31175
29302
29326
31176
29303
29327
31177
29304
29328
31178
29305
29329
31179
29306
29330
31180
29307
29331
31181
29308
29332
31182
29309
29333
31183
29310
29334
31184
29311
29335
31185
29312
29336
31186
29313
29337
31187
29314
29338
31188
29315
29339
31189
29316
29340
31190
29317
29341
31191
29318
29342
31192
29319
29343
31193
29320
29344
31194
29321
29345
31195
29322
29346
31196
29323
29347
31197
29324
29348
31198
29349
31199
29326
29350
31200
29327
29351
31201
29328
29352
31202
29329
29353
31203
29330
29354
31204
29331
29355
31205
29332
29356
31206
29333
29357
31207
29334
29358
31208
29335
29359
31209
29336
29360
31210
29337
29361
31211
29338
29362
31212
29339
29363
31213
29340
29364
31214
29341
29365
31215
29342
29366
31216
29343
29367
31217
29344
29368
31218
29345
29369
31219
29346
29370
31220
29347
29371
31221
29348
29372
31222
29349
29373
31223
29374
31224
29351
29375
31225
29352
29376
31226
29353
29377
31227
29354
29378
31228
29355
29379
31229
29356
29380
31230
29357
29381
31231
29358
29382
31232
29359
29383
31233
29360
29384
31234
29361
29385
31235
29362
29386
31236
29363
29387
31237
29364
29388
31238
29365
29389
31239
29366
29390
31240
29367
29391
31241
29368
29392
31242
29369
29393
31243
29370
29394
31244
29371
29395
31245
29372
29396
31246
29373
29397
31247
29374
29398
31248
29399
31249
29376
29400
31250
29377
29401
31251
29378
29402
31252
29379
29403
31253
29380
29404
31254
29381
29405
31255
29382
29406
31256
29383
29407
31257
29384
29408
31258
29385
29409
31259
29386
29410
31260
29387
29411
31261
29388
29412
31262
29389
29413
31263
29390
29414
31264
29391
29415
31265
29392
29416
31266
29393
29417
31267
29394
29418
31268
29395
29419
31269
29396
29420
31270
29397
29421
31271
29398
29422
31272
29399
29423
31273
29424
31274
29401
29425
31275
29402
29426
31276
29403
29427
31277
29404
29428
31278
29405
29429
31279
29406
29430
31280
29407
29431
31281
29408
29432
31282
29409
29433
31283
29410
29434
31284
29411
29435
31285
29412
29436
31286
29413
29437
31287
29414
29438
31288
29415
29439
31289
29416
29440
31290
29417
29441
31291
29418
29442
31292
29419
29443
31293
29420
29444
31294
29421
29445
31295
29422
29446
31296
29423
29447
31297
29424
29448
31298
29449
31299
29426
29450
31300
29427
29451
31301
29428
29452
31302
29429
29453
31303
29430
29454
31304
29431
29455
31305
29432
29456
31306
29433
29457
31307
29434
29458
31308
29435
29459
31309
29436
29460
31310
29437
29461
31311
29438
29462
31312
29439
29463
31313
29440
29464
31314
29441
29465
31315
29442
29466
31316
29443
29467
31317
29444
29468
31318
29445
29469
31319
29446
29470
31320
29447
29471
31321
29448
29472
31322
29449
29473
31323
29474
31324
29451
29475
31325
29452
29476
31326
29453
29477
31327
29454
29478
31328
29455
29479
31329
29456
29480
31330
29457
29481
31331
29458
29482
31332
29459
29483
31333
29460
29484
31334
29461
29485
31335
29462
29486
31336
29463
29487
31337
29464
29488
31338
29465
29489
31339
29466
29490
31340
29467
29491
31341
29468
29492
31342
29469
29493
31343
29470
29494
31344
29471
29495
31345
29472
29496
31346
29473
29497
31347
29474
29498
31348
29499
31349
29476
29500
31350
29477
29501
31351
29478
29502
31352
29479
29503
31353
29480
29504
31354
29481
29505
31355
29482
29506
31356
29483
29507
31357
29484
29508
31358
29485
29509
31359
29486
29510
31360
29487
29511
31361
29488
29512
31362
29489
29513
31363
29490
29514
31364
29491
29515
31365
29492
29516
31366
29493
29517
31367
29494
29518
31368
29495
29519
31369
29496
29520
31370
29497
29521
31371
29498
29522
31372
29499
29523
31373
29524
31374
29501
29525
31375
29502
29526
31376
29503
29527
31377
29504
29528
31378
29505
29529
31379
29506
29530
31380
29507
29531
31381
29508
29532
31382
29509
29533
31383
29510
29534
31384
29511
29535
31385
29512
29536
31386
29513
29537
31387
29514
29538
31388
29515
29539
31389
29516
29540
31390
29517
29541
31391
29518
29542
31392
29519
29543
31393
29520
29544
31394
29521
29545
31395
29522
29546
31396
29523
29547
31397
29524
29548
31398
29549
31399
29526
29550
31400
29527
29551
31401
29528
29552
31402
29529
29553
31403
29530
29554
31404
29531
29555
31405
29532
29556
31406
29533
29557
31407
29534
29558
31408
29535
29559
31409
29536
29560
31410
29537
29561
31411
29538
29562
31412
29539
29563
31413
29540
29564
31414
29541
29565
31415
29542
29566
31416
29543
29567
31417
29544
29568
31418
29545
29569
31419
29546
29570
31420
29547
29571
31421
29548
29572
31422
29549
29573
31423
29574
31424
29551
29575
31425
29552
29576
31426
29553
29577
31427
29554
29578
31428
29555
29579
31429
29556
29580
31430
29557
29581
31431
29558
29582
31432
29559
29583
31433
29560
29584
31434
29561
29585
31435
29562
29586
31436
29563
29587
31437
29564
29588
31438
29565
29589
31439
29566
29590
31440
29567
29591
31441
29568
29592
31442
29569
29593
31443
29570
29594
31444
29571
29595
31445
29572
29596
31446
29573
29597
31447
29574
29598
31448
29599
31449
29576
29600
31450
29577
29601
31451
29578
29602
31452
29579
29603
31453
29580
29604
31454
29581
29605
31455
29582
29606
31456
29583
29607
31457
29584
29608
31458
29585
29609
31459
29586
29610
31460
29587
29611
31461
29588
29612
31462
29589
29613
31463
29590
29614
31464
29591
29615
31465
29592
29616
31466
29593
29617
31467
29594
29618
31468
29595
29619
31469
29596
29620
31470
29597
29621
31471
29598
29622
31472
29599
29623
31473
29624
31474
29601
29625
31475
29602
29626
31476
29603
29627
31477
29604
29628
31478
29605
29629
31479
29606
29630
31480
29607
29631
31481
29608
29632
31482
29609
29633
31483
29610
29634
31484
29611
29635
31485
29612
29636
31486
29613
29637
31487
29614
29638
31488
29615
29639
31489
29616
29640
31490
29617
29641
31491
29618
29642
31492
29619
29643
31493
29620
29644
31494
29621
29645
31495
29622
29646
31496
29623
29647
31497
29624
29648
31498
29649
31499
29626
29650
31500
29627
29651
31501
29628
29652
31502
29629
29653
31503
29630
29654
31504
29631
29655
31505
29632
29656
31506
29633
29657
31507
29634
29658
31508
29635
29659
31509
29636
29660
31510
29637
29661
31511
29638
29662
31512
29639
29663
31513
29640
29664
31514
29641
29665
31515
29642
29666
31516
29643
29667
31517
29644
29668
31518
29645
29669
31519
29646
29670
31520
29647
29671
31521
29648
29672
31522
29649
29673
31523
29674
31524
29651
29675
31525
29652
29676
31526
29653
29677
31527
29654
29678
31528
29655
29679
31529
29656
29680
31530
29657
29681
31531
29658
29682
31532
29659
29683
31533
29660
29684
31534
29661
29685
31535
29662
29686
31536
29663
29687
31537
29664
29688
31538
29665
29689
31539
29666
29690
31540
29667
29691
31541
29668
29692
31542
29669
29693
31543
29670
29694
31544
29671
29695
31545
29672
29696
31546
29673
29697
31547
29674
29698
31548
29699
31549
29676
29700
31550
29677
29701
31551
29678
29702
31552
29679
29703
31553
29680
29704
31554
29681
29705
31555
29682
29706
31556
29683
29707
31557
29684
29708
31558
29685
29709
31559
29686
29710
31560
29687
29711
31561
29688
29712
31562
29689
29713
31563
29690
29714
31564
29691
29715
31565
29692
29716
31566
29693
29717
31567
29694
29718
31568
29695
29719
31569
29696
29720
31570
29697
29721
31571
29698
29722
31572
29699
29723
31573
29724
31574
29701
29725
31575
29702
29726
31576
29703
29727
31577
29704
29728
31578
29705
29729
31579
29706
29730
31580
29707
29731
31581
29708
29732
31582
29709
29733
31583
29710
29734
31584
29711
29735
31585
29712
29736
31586
29713
29737
31587
29714
29738
31588
29715
29739
31589
29716
29740
31590
29717
29741
31591
29718
29742
31592
29719
29743
31593
29720
29744
31594
29721
29745
31595
29722
29746
31596
29723
29747
31597
29724
29748
31598
29749
31599
29726
29750
31600
29727
29751
31601
29728
29752
31602
29729
29753
31603
29730
29754
31604
29731
29755
31605
29732
29756
31606
29733
29757
31607
29734
29758
31608
29735
29759
31609
29736
29760
31610
29737
29761
31611
29738
29762
31612
29739
29763
31613
29740
29764
31614
29741
29765
31615
29742
29766
31616
29743
29767
31617
29744
29768
31618
29745
29769
31619
29746
29770
31620
29747
29771
31621
29748
29772
31622
29749
29773
31623
29774
31624
29751
29775
31625
29752
29776
31626
29753
29777
31627
29754
29778
31628
29755
29779
31629
29756
29780
31630
29757
29781
31631
29758
29782
31632
29759
29783
31633
29760
29784
31634
29761
29785
31635
29762
29786
31636
29763
29787
31637
29764
29788
31638
29765
29789
31639
29766
29790
31640
29767
29791
31641
29768
29792
31642
29769
29793
31643
29770
29794
31644
29771
29795
31645
29772
29796
31646
29773
29797
31647
29774
29798
31648
29799
31649
29776
29800
31650
29777
29801
31651
29778
29802
31652
29779
29803
31653
29780
29804
31654
29781
29805
31655
29782
29806
31656
29783
29807
31657
29784
29808
31658
29785
29809
31659
29786
29810
31660
29787
29811
31661
29788
29812
31662
29789
29813
31663
29790
29814
31664
29791
29815
31665
29792
29816
31666
29793
29817
31667
29794
29818
31668
29795
29819
31669
29796
29820
31670
29797
29821
31671
29798
29822
31672
29799
29823
31673
29824
31674
29801
29825
31675
29802
29826
31676
29803
29827
31677
29804
29828
31678
29805
29829
31679
29806
29830
31680
29807
29831
31681
29808
29832
31682
29809
29833
31683
29810
29834
31684
29811
29835
31685
29812
29836
31686
29813
29837
31687
29814
29838
31688
29815
29839
31689
29816
29840
31690
29817
29841
31691
29818
29842
31692
29819
29843
31693
29820
29844
31694
29821
29845
31695
29822
29846
31696
29823
29847
31697
29824
29848
31698
29849
31699
29826
29850
31700
29827
29851
31701
29828
29852
31702
29829
29853
31703
29830
29854
31704
29831
29855
31705
29832
29856
31706
29833
29857
31707
29834
29858
31708
29835
29859
31709
29836
29860
31710
29837
29861
31711
29838
29862
31712
29839
29863
31713
29840
29864
31714
29841
29865
31715
29842
29866
31716
29843
29867
31717
29844
29868
31718
29845
29869
31719
29846
29870
31720
29847
29871
31721
29848
29872
31722
29849
29873
31723
29874
31724
29851
29875
31725
29852
29876
31726
29853
29877
31727
29854
29878
31728
29855
29879
31729
29856
29880
31730
29857
29881
31731
29858
29882
31732
29859
29883
31733
29860
29884
31734
29861
29885
31735
29862
29886
31736
29863
29887
31737
29864
29888
31738
29865
29889
31739
29866
29890
31740
29867
29891
31741
29868
29892
31742
29869
29893
31743
29870
29894
31744
29871
29895
31745
29872
29896
31746
29873
29897
31747
29874
29898
31748
29899
31749
29876
29900
31750
29877
29901
31751
29878
29902
31752
29879
29903
31753
29880
29904
31754
29881
29905
31755
29882
29906
31756
29883
29907
31757
29884
29908
31758
29885
29909
31759
29886
29910
31760
29887
29911
31761
29888
29912
31762
29889
29913
31763
29890
29914
31764
29891
29915
31765
29892
29916
31766
29893
29917
31767
29894
29918
31768
29895
29919
31769
29896
29920
31770
29897
29921
31771
29898
29922
31772
29899
29923
31773
29924
31774
29901
29925
31775
29902
29926
31776
29903
29927
31777
29904
29928
31778
29905
29929
31779
29906
29930
31780
29907
29931
31781
29908
29932
31782
29909
29933
31783
29910
29934
31784
29911
29935
31785
29912
29936
31786
29913
29937
31787
29914
29938
31788
29915
29939
31789
29916
29940
31790
29917
29941
31791
29918
29942
31792
29919
29943
31793
29920
29944
31794
29921
29945
31795
29922
29946
31796
29923
29947
31797
29924
29948
31798
29949
31799
29926
29950
31800
29927
29951
31801
29928
29952
31802
29929
29953
31803
29930
29954
31804
29931
29955
31805
29932
29956
31806
29933
29957
31807
29934
29958
31808
29935
29959
31809
29936
29960
31810
29937
29961
31811
29938
29962
31812
29939
29963
31813
29940
29964
31814
29941
29965
31815
29942
29966
31816
29943
29967
31817
29944
29968
31818
29945
29969
31819
29946
29970
31820
29947
29971
31821
29948
29972
31822
29949
29973
31823
29974
31824
29951
29975
31825
29952
29976
31826
29953
29977
31827
29954
29978
31828
29955
29979
31829
29956
29980
31830
29957
29981
31831
29958
29982
31832
29959
29983
31833
29960
29984
31834
29961
29985
31835
29962
29986
31836
29963
29987
31837
29964
29988
31838
29965
29989
31839
29966
29990
31840
29967
29991
31841
29968
29992
31842
29969
29993
31843
29970
29994
31844
29971
29995
31845
29972
29996
31846
29973
29997
31847
29974
29998
31848
29999
31849
29976
31850
29977
31851
29978
31852
29979
31853
29980
31854
29981
31855
29982
31856
29983
31857
29984
31858
29985
31859
29986
31860
29987
31861
29988
31862
29989
31863
29990
31864
29991
31865
29992
31866
29993
31867
29994
31868
29995
31869
29996
31870
29997
31871
29998
31872
29999
31873
31874
30001
30025
31875
30002
30026
31876
30003
30027
31877
30004
30028
31878
30005
30029
31879
30006
30030
31880
30007
30031
31881
30008
30032
31882
30009
30033
31883
30010
30034
31884
30011
30035
31885
30012
30036
31886
30013
30037
31887
30014
30038
31888
30015
30039
31889
30016
30040
31890
30017
30041
31891
30018
30042
31892
30019
30043
31893
30020
30044
31894
30021
30045
31895
30022
30046
31896
30023
30047
31897
30024
30048
31898
30049
31899
30026
30050
31900
30027
30051
31901
30028
30052
31902
30029
30053
31903
30030
30054
31904
30031
30055
31905
30032
30056
31906
30033
30057
31907
30034
30058
31908
30035
30059
31909
30036
30060
31910
30037
30061
31911
30038
30062
31912
30039
30063
31913
30040
30064
31914
30041
30065
31915
30042
30066
31916
30043
30067
31917
30044
30068
31918
30045
30069
31919
30046
30070
31920
30047
30071
31921
30048
30072
31922
30049
30073
31923
30074
31924
30051
30075
31925
30052
30076
31926
30053
30077
31927
30054
30078
31928
30055
30079
31929
30056
30080
31930
30057
30081
31931
30058
30082
31932
30059
30083
31933
30060
30084
31934
30061
30085
31935
30062
30086
31936
30063
30087
31937
30064
30088
31938
30065
30089
31939
30066
30090
31940
30067
30091
31941
30068
30092
31942
30069
30093
31943
30070
30094
31944
30071
30095
31945
30072
30096
31946
30073
30097
31947
30074
30098
31948
30099
31949
30076
30100
31950
30077
30101
31951
30078
30102
31952
30079
30103
31953
30080
30104
31954
30081
30105
31955
30082
30106
31956
30083
30107
31957
30084
30108
31958
30085
30109
31959
30086
30110
31960
30087
30111
31961
30088
30112
31962
30089
30113
31963
30090
30114
31964
30091
30115
31965
30092
30116
31966
30093
30117
31967
30094
30118
31968
30095
30119
31969
30096
30120
31970
30097
30121
31971
30098
30122
31972
30099
30123
31973
30124
31974
30101
30125
31975
30102
30126
31976
30103
30127
31977
30104
30128
31978
30105
30129
31979
30106
30130
31980
30107
30131
31981
30108
30132
31982
30109
30133
31983
30110
30134
31984
30111
30135
31985
30112
30136
31986
30113
30137
31987
30114
30138
31988
30115
30139
31989
30116
30140
31990
30117
30141
31991
30118
30142
31992
30119
30143
31993
30120
30144
31994
30121
30145
31995
30122
30146
31996
30123
30147
31997
30124
30148
31998
30149
31999
30126
30150
32000
30127
30151
32001
30128
30152
32002
30129
30153
32003
30130
30154
32004
30131
30155
32005
30132
30156
32006
30133
30157
32007
30134
30158
32008
30135
30159
32009
30136
30160
32010
30137
30161
32011
30138
30162
32012
30139
30163
32013
30140
30164
32014
30141
30165
32015
30142
30166
32016
30143
30167
32017
30144
30168
32018
30145
30169
32019
30146
30170
32020
30147
30171
32021
30148
30172
32022
30149
30173
32023
30174
32024
30151
30175
32025
30152
30176
32026
30153
30177
32027
30154
30178
32028
30155
30179
32029
30156
30180
32030
30157
30181
32031
30158
30182
32032
30159
30183
32033
30160
30184
32034
30161
30185
32035
30162
30186
32036
30163
30187
32037
30164
30188
32038
30165
30189
32039
30166
30190
32040
30167
30191
32041
30168
30192
32042
30169
30193
32043
30170
30194
32044
30171
30195
32045
30172
30196
32046
30173
30197
32047
30174
30198
32048
30199
32049
30176
30200
32050
30177
30201
32051
30178
30202
32052
30179
30203
32053
30180
30204
32054
30181
30205
32055
30182
30206
32056
30183
30207
32057
30184
30208
32058
30185
30209
32059
30186
30210
32060
30187
30211
32061
30188
30212
32062
30189
30213
32063
30190
30214
32064
30191
30215
32065
30192
30216
32066
30193
30217
32067
30194
30218
32068
30195
30219
32069
30196
30220
32070
30197
30221
32071
30198
30222
32072
30199
30223
32073
30224
32074
30201
30225
32075
30202
30226
32076
30203
30227
32077
30204
30228
32078
30205
30229
32079
30206
30230
32080
30207
30231
32081
30208
30232
32082
30209
30233
32083
30210
30234
32084
30211
30235
32085
30212
30236
32086
30213
30237
32087
30214
30238
32088
30215
30239
32089
30216
30240
32090
30217
30241
32091
30218
30242
32092
30219
30243
32093
30220
30244
32094
30221
30245
32095
30222
30246
32096
30223
30247
32097
30224
30248
32098
30249
32099
30226
30250
32100
30227
30251
32101
30228
30252
32102
30229
30253
32103
30230
30254
32104
30231
30255
32105
30232
30256
32106
30233
30257
32107
30234
30258
32108
30235
30259
32109
30236
30260
32110
30237
30261
32111
30238
30262
32112
30239
30263
32113
30240
30264
32114
30241
30265
32115
30242
30266
32116
30243
30267
32117
30244
30268
32118
30245
30269
32119
30246
30270
32120
30247
30271
32121
30248
30272
32122
30249
30273
32123
30274
32124
30251
30275
32125
30252
30276
32126
30253
30277
32127
30254
30278
32128
30255
30279
32129
30256
30280
32130
30257
30281
32131
30258
30282
32132
30259
30283
32133
30260
30284
32134
30261
30285
32135
30262
30286
32136
30263
30287
32137
30264
30288
32138
30265
30289
32139
30266
30290
32140
30267
30291
32141
30268
30292
32142
30269
30293
32143
30270
30294
32144
30271
30295
32145
30272
30296
32146
30273
30297
32147
30274
30298
32148
30299
32149
30276
30300
32150
30277
30301
32151
30278
30302
32152
30279
30303
32153
30280
30304
32154
30281
30305
32155
30282
30306
32156
30283
30307
32157
30284
30308
32158
30285
30309
32159
30286
30310
32160
30287
30311
32161
30288
30312
32162
30289
30313
32163
30290
30314
32164
30291
30315
32165
30292
30316
32166
30293
30317
32167
30294
30318
32168
30295
30319
32169
30296
30320
32170
30297
30321
32171
30298
30322
32172
30299
30323
32173
30324
32174
30301
30325
32175
30302
30326
32176
30303
30327
32177
30304
30328
32178
30305
30329
32179
30306
30330
32180
30307
30331
32181
30308
30332
32182
30309
30333
32183
30310
30334
32184
30311
30335
32185
30312
30336
32186
30313
30337
32187
30314
30338
32188
30315
30339
32189
30316
30340
32190
30317
30341
32191
30318
30342
32192
30319
30343
32193
30320
30344
32194
30321
30345
32195
30322
30346
32196
30323
30347
32197
30324
30348
32198
30349
32199
30326
30350
32200
30327
30351
32201
30328
30352
32202
30329
30353
32203
30330
30354
32204
30331
30355
32205
30332
30356
32206
30333
30357
32207
30334
30358
32208
30335
30359
32209
30336
30360
32210
30337
30361
32211
30338
30362
32212
30339
30363
32213
30340
30364
32214
30341
30365
32215
30342
30366
32216
30343
30367
32217
30344
30368
32218
30345
30369
32219
30346
30370
32220
30347
30371
32221
30348
30372
32222
30349
30373
32223
30374
32224
30351
30375
32225
30352
30376
32226
30353
30377
32227
30354
30378
32228
30355
30379
32229
30356
30380
32230
30357
30381
32231
30358
30382
32232
30359
30383
32233
30360
30384
32234
30361
30385
32235
30362
30386
32236
30363
30387
32237
30364
30388
32238
30365
30389
32239
30366
30390
32240
30367
30391
32241
30368
30392
32242
30369
30393
32243
30370
30394
32244
30371
30395
32245
30372
30396
32246
30373
30397
32247
30374
30398
32248
30399
32249
30376
30400
32250
30377
30401
32251
30378
30402
32252
30379
30403
32253
30380
30404
32254
30381
30405
32255
30382
30406
32256
30383
30407
32257
30384
30408
32258
30385
30409
32259
30386
30410
32260
30387
30411
32261
30388
30412
32262
30389
30413
32263
30390
30414
32264
30391
30415
32265
30392
30416
32266
30393
30417
32267
30394
30418
32268
30395
30419
32269
30396
30420
32270
30397
30421
32271
30398
30422
32272
30399
30423
32273
30424
32274
30401
30425
32275
30402
30426
32276
30403
30427
32277
30404
30428
32278
30405
30429
32279
30406
30430
32280
30407
30431
32281
30408
30432
32282
30409
30433
32283
30410
30434
32284
30411
30435
32285
30412
30436
32286
30413
30437
32287
30414
30438
32288
30415
30439
32289
30416
30440
32290
30417
30441
32291
30418
30442
32292
30419
30443
32293
30420
30444
32294
30421
30445
32295
30422
30446
32296
30423
30447
32297
30424
30448
32298
30449
32299
30426
30450
32300
30427
30451
32301
30428
30452
32302
30429
30453
32303
30430
30454
32304
30431
30455
32305
30432
30456
32306
30433
30457
32307
30434
30458
32308
30435
30459
32309
30436
30460
32310
30437
30461
32311
30438
30462
32312
30439
30463
32313
30440
30464
32314
30441
30465
32315
30442
30466
32316
30443
30467
32317
30444
30468
32318
30445
30469
32319
30446
30470
32320
30447
30471
32321
30448
30472
32322
30449
30473
32323
30474
32324
30451
30475
32325
30452
30476
32326
30453
30477
32327
30454
30478
32328
30455
30479
32329
30456
30480
32330
30457
30481
32331
30458
30482
32332
30459
30483
32333
30460
30484
32334
30461
30485
32335
30462
30486
32336
30463
30487
32337
30464
30488
32338
30465
30489
32339
30466
30490
32340
30467
30491
32341
30468
30492
32342
30469
30493
32343
30470
30494
32344
30471
30495
32345
30472
30496
32346
30473
30497
32347
30474
30498
32348
30499
32349
30476
30500
32350
30477
30501
32351
30478
30502
32352
30479
30503
32353
30480
30504
32354
30481
30505
32355
30482
30506
32356
30483
30507
32357
30484
30508
32358
30485
30509
32359
30486
30510
32360
30487
30511
32361
30488
30512
32362
30489
30513
32363
30490
30514
32364
30491
30515
32365
30492
30516
32366
30493
30517
32367
30494
30518
32368
30495
30519
32369
30496
30520
32370
30497
30521
32371
30498
30522
32372
30499
30523
32373
30524
32374
30501
30525
32375
30502
30526
32376
30503
30527
32377
30504
30528
32378
30505
30529
32379
30506
30530
32380
30507
30531
32381
30508
30532
32382
30509
30533
32383
30510
30534
32384
30511
30535
32385
30512
30536
32386
30513
30537
32387
30514
30538
32388
30515
30539
32389
30516
30540
32390
30517
30541
32391
30518
30542
32392
30519
30543
32393
30520
30544
32394
30521
30545
32395
30522
30546
32396
30523
30547
32397
30524
30548
32398
30549
32399
30526
30550
32400
30527
30551
32401
30528
30552
32402
30529
30553
32403
30530
30554
32404
30531
30555
32405
30532
30556
32406
30533
30557
32407
30534
30558
32408
30535
30559
32409
30536
30560
32410
30537
30561
32411
30538
30562
32412
30539
30563
32413
30540
30564
32414
30541
30565
32415
30542
30566
32416
30543
30567
32417
30544
30568
32418
30545
30569
32419
30546
30570
32420
30547
30571
32421
30548
30572
32422
30549
30573
32423
30574
32424
30551
30575
32425
30552
30576
32426
30553
30577
32427
30554
30578
32428
30555
30579
32429
30556
30580
32430
30557
30581
32431
30558
30582
32432
30559
30583
32433
30560
30584
32434
30561
30585
32435
30562
30586
32436
30563
30587
32437
30564
30588
32438
30565
30589
32439
30566
30590
32440
30567
30591
32441
30568
30592
32442
30569
30593
32443
30570
30594
32444
30571
30595
32445
30572
30596
32446
30573
30597
32447
30574
30598
32448
30599
32449
30576
30600
32450
30577
30601
32451
30578
30602
32452
30579
30603
32453
30580
30604
32454
30581
30605
32455
30582
30606
32456
30583
30607
32457
30584
30608
32458
30585
30609
32459
30586
30610
32460
30587
30611
32461
30588
30612
32462
30589
30613
32463
30590
30614
32464
30591
30615
32465
30592
30616
32466
30593
30617
32467
30594
30618
32468
30595
30619
32469
30596
30620
32470
30597
30621
32471
30598
30622
32472
30599
30623
32473
30624
32474
30601
30625
32475
30602
30626
32476
30603
30627
32477
30604
30628
32478
30605
30629
32479
30606
30630
32480
30607
30631
32481
30608
30632
32482
30609
30633
32483
30610
30634
32484
30611
30635
32485
30612
30636
32486
30613
30637
32487
30614
30638
32488
30615
30639
32489
30616
30640
32490
30617
30641
32491
30618
30642
32492
30619
30643
32493
30620
30644
32494
30621
30645
32495
30622
30646
32496
30623
30647
32497
30624
30648
32498
30649
32499
30626
30650
32500
30627
30651
32501
30628
30652
32502
30629
30653
32503
30630
30654
32504
30631
30655
32505
30632
30656
32506
30633
30657
32507
30634
30658
32508
30635
30659
32509
30636
30660
32510
30637
30661
32511
30638
30662
32512
30639
30663
32513
30640
30664
32514
30641
30665
32515
30642
30666
32516
30643
30667
32517
30644
30668
32518
30645
30669
32519
30646
30670
32520
30647
30671
32521
30648
30672
32522
30649
30673
32523
30674
32524
30651
30675
32525
30652
30676
32526
30653
30677
32527
30654
30678
32528
30655
30679
32529
30656
30680
32530
30657
30681
32531
30658
30682
32532
30659
30683
32533
30660
30684
32534
30661
30685
32535
30662
30686
32536
30663
30687
32537
30664
30688
32538
30665
30689
32539
30666
30690
32540
30667
30691
32541
30668
30692
32542
30669
30693
32543
30670
30694
32544
30671
30695
32545
30672
30696
32546
30673
30697
32547
30674
30698
32548
30699
32549
30676
30700
32550
30677
30701
32551
30678
30702
32552
30679
30703
32553
30680
30704
32554
30681
30705
32555
30682
30706
32556
30683
30707
32557
30684
30708
32558
30685
30709
32559
30686
30710
32560
30687
30711
32561
30688
30712
32562
30689
30713
32563
30690
30714
32564
30691
30715
32565
30692
30716
32566
30693
30717
32567
30694
30718
32568
30695
30719
32569
30696
30720
32570
30697
30721
32571
30698
30722
32572
30699
30723
32573
30724
32574
30701
30725
32575
30702
30726
32576
30703
30727
32577
30704
30728
32578
30705
30729
32579
30706
30730
32580
30707
30731
32581
30708
30732
32582
30709
30733
32583
30710
30734
32584
30711
30735
32585
30712
30736
32586
30713
30737
32587
30714
30738
32588
30715
30739
32589
30716
30740
32590
30717
30741
32591
30718
30742
32592
30719
30743
32593
30720
30744
32594
30721
30745
32595
30722
30746
32596
30723
30747
32597
30724
30748
32598
30749
32599
30726
30750
32600
30727
30751
32601
30728
30752
32602
30729
30753
32603
30730
30754
32604
30731
30755
32605
30732
30756
32606
30733
30757
32607
30734
30758
32608
30735
30759
32609
30736
30760
32610
30737
30761
32611
30738
30762
32612
30739
30763
32613
30740
30764
32614
30741
30765
32615
30742
30766
32616
30743
30767
32617
30744
30768
32618
30745
30769
32619
30746
30770
32620
30747
30771
32621
30748
30772
32622
30749
30773
32623
30774
32624
30751
30775
32625
30752
30776
32626
30753
30777
32627
30754
30778
32628
30755
30779
32629
30756
30780
32630
30757
30781
32631
30758
30782
32632
30759
30783
32633
30760
30784
32634
30761
30785
32635
30762
30786
32636
30763
30787
32637
30764
30788
32638
30765
30789
32639
30766
30790
32640
30767
30791
32641
30768
30792
32642
30769
30793
32643
30770
30794
32644
30771
30795
32645
30772
30796
32646
30773
30797
32647
30774
30798
32648
30799
32649
30776
30800
32650
30777
30801
32651
30778
30802
32652
30779
30803
32653
30780
30804
32654
30781
30805
32655
30782
30806
32656
30783
30807
32657
30784
30808
32658
30785
30809
32659
30786
30810
32660
30787
30811
32661
30788
30812
32662
30789
30813
32663
30790
30814
32664
30791
30815
32665
30792
30816
32666
30793
30817
32667
30794
30818
32668
30795
30819
32669
30796
30820
32670
30797
30821
32671
30798
30822
32672
30799
30823
32673
30824
32674
30801
30825
32675
30802
30826
32676
30803
30827
32677
30804
30828
32678
30805
30829
32679
30806
30830
32680
30807
30831
32681
30808
30832
32682
30809
30833
32683
30810
30834
32684
30811
30835
32685
30812
30836
32686
30813
30837
32687
30814
30838
32688
30815
30839
32689
30816
30840
32690
30817
30841
32691
30818
30842
32692
30819
30843
32693
30820
30844
32694
30821
30845
32695
30822
30846
32696
30823
30847
32697
30824
30848
32698
30849
32699
30826
30850
32700
30827
30851
32701
30828
30852
32702
30829
30853
32703
30830
30854
32704
30831
30855
32705
30832
30856
32706
30833
30857
32707
30834
30858
32708
30835
30859
32709
30836
30860
32710
30837
30861
32711
30838
30862
32712
30839
30863
32713
30840
30864
32714
30841
30865
32715
30842
30866
32716
30843
30867
32717
30844
30868
32718
30845
30869
32719
30846
30870
32720
30847
30871
32721
30848
30872
32722
30849
30873
32723
30874
32724
30851
30875
32725
30852
30876
32726
30853
30877
32727
30854
30878
32728
30855
30879
32729
30856
30880
32730
30857
30881
32731
30858
30882
32732
30859
30883
32733
30860
30884
32734
30861
30885
32735
30862
30886
32736
30863
30887
32737
30864
30888
32738
30865
30889
32739
30866
30890
32740
30867
30891
32741
30868
30892
32742
30869
30893
32743
30870
30894
32744
30871
30895
32745
30872
30896
32746
30873
30897
32747
30874
30898
32748
30899
32749
30876
30900
32750
30877
30901
32751
30878
30902
32752
30879
30903
32753
30880
30904
32754
30881
30905
32755
30882
30906
32756
30883
30907
32757
30884
30908
32758
30885
30909
32759
30886
30910
32760
30887
30911
32761
30888
30912
32762
30889
30913
32763
30890
30914
32764
30891
30915
32765
30892
30916
32766
30893
30917
32767
30894
30918
32768
30895
30919
32769
30896
30920
32770
30897
30921
32771
30898
30922
32772
30899
30923
32773
30924
32774
30901
30925
32775
30902
30926
32776
30903
30927
32777
30904
30928
32778
30905
30929
32779
30906
30930
32780
30907
30931
32781
30908
30932
32782
30909
30933
32783
30910
30934
32784
30911
30935
32785
30912
30936
32786
30913
30937
32787
30914
30938
32788
30915
30939
32789
30916
30940
32790
30917
30941
32791
30918
30942
32792
30919
30943
32793
30920
30944
32794
30921
30945
32795
30922
30946
32796
30923
30947
32797
30924
30948
32798
30949
32799
30926
30950
32800
30927
30951
32801
30928
30952
32802
30929
30953
32803
30930
30954
32804
30931
30955
32805
30932
30956
32806
30933
30957
32807
30934
30958
32808
30935
30959
32809
30936
30960
32810
30937
30961
32811
30938
30962
32812
30939
30963
32813
30940
30964
32814
30941
30965
32815
30942
30966
32816
30943
30967
32817
30944
30968
32818
30945
30969
32819
30946
30970
32820
30947
30971
32821
30948
30972
32822
30949
30973
32823
30974
32824
30951
30975
32825
30952
30976
32826
30953
30977
32827
30954
30978
32828
30955
30979
32829
30956
30980
32830
30957
30981
32831
30958
30982
32832
30959
30983
32833
30960
30984
32834
30961
30985
32835
30962
30986
32836
30963
30987
32837
30964
30988
32838
30965
30989
32839
30966
30990
32840
30967
30991
32841
30968
30992
32842
30969
30993
32843
30970
30994
32844
30971
30995
32845
30972
30996
32846
30973
30997
32847
30974
30998
32848
30999
32849
30976
31000
32850
30977
31001
32851
30978
31002
32852
30979
31003
32853
30980
31004
32854
30981
31005
32855
30982
31006
32856
30983
31007
32857
30984
31008
32858
30985
31009
32859
30986
31010
32860
30987
31011
32861
30988
31012
32862
30989
31013
32863
30990
31014
32864
30991
31015
32865
30992
31016
32866
30993
31017
32867
30994
31018
32868
30995
31019
32869
30996
31020
32870
30997
31021
32871
30998
31022
32872
30999
31023
32873
31024
32874
31001
31025
32875
31002
31026
32876
31003
31027
32877
31004
31028
32878
31005
31029
32879
31006
31030
32880
31007
31031
32881
31008
31032
32882
31009
31033
32883
31010
31034
32884
31011
31035
32885
31012
31036
32886
31013
31037
32887
31014
31038
32888
31015
31039
32889
31016
31040
32890
31017
31041
32891
31018
31042
32892
31019
31043
32893
31020
31044
32894
31021
31045
32895
31022
31046
32896
31023
31047
32897
31024
31048
32898
31049
32899
31026
31050
32900
31027
31051
32901
31028
31052
32902
31029
31053
32903
31030
31054
32904
31031
31055
32905
31032
31056
32906
31033
31057
32907
31034
31058
32908
31035
31059
32909
31036
31060
32910
31037
31061
32911
31038
31062
32912
31039
31063
32913
31040
31064
32914
31041
31065
32915
31042
31066
32916
31043
31067
32917
31044
31068
32918
31045
31069
32919
31046
31070
32920
31047
31071
32921
31048
31072
32922
31049
31073
32923
31074
32924
31051
31075
32925
31052
31076
32926
31053
31077
32927
31054
31078
32928
31055
31079
32929
31056
31080
32930
31057
31081
32931
31058
31082
32932
31059
31083
32933
31060
31084
32934
31061
31085
32935
31062
31086
32936
31063
31087
32937
31064
31088
32938
31065
31089
32939
31066
31090
32940
31067
31091
32941
31068
31092
32942
31069
31093
32943
31070
31094
32944
31071
31095
32945
31072
31096
32946
31073
31097
32947
31074
31098
32948
31099
32949
31076
31100
32950
31077
31101
32951
31078
31102
32952
31079
31103
32953
31080
31104
32954
31081
31105
32955
31082
31106
32956
31083
31107
32957
31084
31108
32958
31085
31109
32959
31086
31110
32960
31087
31111
32961
31088
31112
32962
31089
31113
32963
31090
31114
32964
31091
31115
32965
31092
31116
32966
31093
31117
32967
31094
31118
32968
31095
31119
32969
31096
31120
32970
31097
31121
32971
31098
31122
32972
31099
31123
32973
31124
32974
31101
31125
32975
31102
31126
32976
31103
31127
32977
31104
31128
32978
31105
31129
32979
31106
31130
32980
31107
31131
32981
31108
31132
32982
31109
31133
32983
31110
31134
32984
31111
31135
32985
31112
31136
32986
31113
31137
32987
31114
31138
32988
31115
31139
32989
31116
31140
32990
31117
31141
32991
31118
31142
32992
31119
31143
32993
31120
31144
32994
31121
31145
32995
31122
31146
32996
31123
31147
32997
31124
31148
32998
31149
32999
31126
31150
33000
31127
31151
33001
31128
31152
33002
31129
31153
33003
31130
31154
33004
31131
31155
33005
31132
31156
33006
31133
31157
33007
31134
31158
33008
31135
31159
33009
31136
31160
33010
31137
31161
33011
31138
31162
33012
31139
31163
33013
31140
31164
33014
31141
31165
33015
31142
31166
33016
31143
31167
33017
31144
31168
33018
31145
31169
33019
31146
31170
33020
31147
31171
33021
31148
31172
33022
31149
31173
33023
31174
33024
31151
31175
33025
31152
31176
33026
31153
31177
33027
31154
31178
33028
31155
31179
33029
31156
31180
33030
31157
31181
33031
31158
31182
33032
31159
31183
33033
31160
31184
33034
31161
31185
33035
31162
31186
33036
31163
31187
33037
31164
31188
33038
31165
31189
33039
31166
31190
33040
31167
31191
33041
31168
31192
33042
31169
31193
33043
31170
31194
33044
31171
31195
33045
31172
31196
33046
31173
31197
33047
31174
31198
33048
31199
33049
31176
31200
33050
31177
31201
33051
31178
31202
33052
31179
31203
33053
31180
31204
33054
31181
31205
33055
31182
31206
33056
31183
31207
33057
31184
31208
33058
31185
31209
33059
31186
31210
33060
31187
31211
33061
31188
31212
33062
31189
31213
33063
31190
31214
33064
31191
31215
33065
31192
31216
33066
31193
31217
33067
31194
31218
33068
31195
31219
33069
31196
31220
33070
31197
31221
33071
31198
31222
33072
31199
31223
33073
31224
33074
31201
31225
33075
31202
31226
33076
31203
31227
33077
31204
31228
33078
31205
31229
33079
31206
31230
33080
31207
31231
33081
31208
31232
33082
31209
31233
33083
31210
31234
33084
31211
31235
33085
31212
31236
33086
31213
31237
33087
31214
31238
33088
31215
31239
33089
31216
31240
33090
31217
31241
33091
31218
31242
33092
31219
31243
33093
31220
31244
33094
31221
31245
33095
31222
31246
33096
31223
31247
33097
31224
31248
33098
31249
33099
31226
31250
33100
31227
31251
33101
31228
31252
33102
31229
31253
33103
31230
31254
33104
31231
31255
33105
31232
31256
33106
31233
31257
33107
31234
31258
33108
31235
31259
33109
31236
31260
33110
31237
31261
33111
31238
31262
33112
31239
31263
33113
31240
31264
33114
31241
31265
33115
31242
31266
33116
31243
31267
33117
31244
31268
33118
31245
31269
33119
31246
31270
33120
31247
31271
33121
31248
31272
33122
31249
31273
33123
31274
33124
31251
31275
33125
31252
31276
33126
31253
31277
33127
31254
31278
33128
31255
31279
33129
31256
31280
33130
31257
31281
33131
31258
31282
33132
31259
31283
33133
31260
31284
33134
31261
31285
33135
31262
31286
33136
31263
31287
33137
31264
31288
33138
31265
31289
33139
31266
31290
33140
31267
31291
33141
31268
31292
33142
31269
31293
33143
31270
31294
33144
31271
31295
33145
31272
31296
33146
31273
31297
33147
31274
31298
33148
31299
33149
31276
31300
33150
31277
31301
33151
31278
31302
33152
31279
31303
33153
31280
31304
33154
31281
31305
33155
31282
31306
33156
31283
31307
33157
31284
31308
33158
31285
31309
33159
31286
31310
33160
31287
31311
33161
31288
31312
33162
31289
31313
33163
31290
31314
33164
31291
31315
33165
31292
31316
33166
31293
31317
33167
31294
31318
33168
31295
31319
33169
31296
31320
33170
31297
31321
33171
31298
31322
33172
31299
31323
33173
31324
33174
31301
31325
33175
31302
31326
33176
31303
31327
33177
31304
31328
33178
31305
31329
33179
31306
31330
33180
31307
31331
33181
31308
31332
33182
31309
31333
33183
31310
31334
33184
31311
31335
33185
31312
31336
33186
31313
31337
33187
31314
31338
33188
31315
31339
33189
31316
31340
33190
31317
31341
33191
31318
31342
33192
31319
31343
33193
31320
31344
33194
31321
31345
33195
31322
31346
33196
31323
31347
33197
31324
31348
33198
31349
33199
31326
31350
33200
31327
31351
33201
31328
31352
33202
31329
31353
33203
31330
31354
33204
31331
31355
33205
31332
31356
33206
31333
31357
33207
31334
31358
33208
31335
31359
33209
31336
31360
33210
31337
31361
33211
31338
31362
33212
31339
31363
33213
31340
31364
33214
31341
31365
33215
31342
31366
33216
31343
31367
33217
31344
31368
33218
31345
31369
33219
31346
31370
33220
31347
31371
33221
31348
31372
33222
31349
31373
33223
31374
33224
31351
31375
33225
31352
31376
33226
31353
31377
33227
31354
31378
33228
31355
31379
33229
31356
31380
33230
31357
31381
33231
31358
31382
33232
31359
31383
33233
31360
31384
33234
31361
31385
33235
31362
31386
33236
31363
31387
33237
31364
31388
33238
31365
31389
33239
31366
31390
33240
31367
31391
33241
31368
31392
33242
31369
31393
33243
31370
31394
33244
31371
31395
33245
31372
31396
33246
31373
31397
33247
31374
31398
33248
31399
33249
31376
31400
33250
31377
31401
33251
31378
31402
33252
31379
31403
33253
31380
31404
33254
31381
31405
33255
31382
31406
33256
31383
31407
33257
31384
31408
33258
31385
31409
33259
31386
31410
33260
31387
31411
33261
31388
31412
33262
31389
31413
33263
31390
31414
33264
31391
31415
33265
31392
31416
33266
31393
31417
33267
31394
31418
33268
31395
31419
33269
31396
31420
33270
31397
31421
33271
31398
31422
33272
31399
31423
33273
31424
33274
31401
31425
33275
31402
31426
33276
31403
31427
33277
31404
31428
33278
31405
31429
33279
31406
31430
33280
31407
31431
33281
31408
31432
33282
31409
31433
33283
31410
31434
33284
31411
31435
33285
31412
31436
33286
31413
31437
33287
31414
31438
33288
31415
31439
33289
31416
31440
33290
31417
31441
33291
31418
31442
33292
31419
31443
33293
31420
31444
33294
31421
31445
33295
31422
31446
33296
31423
31447
33297
31424
31448
33298
31449
33299
31426
31450
33300
31427
31451
33301
31428
31452
33302
31429
31453
33303
31430
31454
33304
31431
31455
33305
31432
31456
33306
31433
31457
33307
31434
31458
33308
31435
31459
33309
31436
31460
33310
31437
31461
33311
31438
31462
33312
31439
31463
33313
31440
31464
33314
31441
31465
33315
31442
31466
33316
31443
31467
33317
31444
31468
33318
31445
31469
33319
31446
31470
33320
31447
31471
33321
31448
31472
33322
31449
31473
33323
31474
33324
31451
31475
33325
31452
31476
33326
31453
31477
33327
31454
31478
33328
31455
31479
33329
31456
31480
33330
31457
31481
33331
31458
31482
33332
31459
31483
33333
31460
31484
33334
31461
31485
33335
31462
31486
33336
31463
31487
33337
31464
31488
33338
31465
31489
33339
31466
31490
33340
31467
31491
33341
31468
31492
33342
31469
31493
33343
31470
31494
33344
31471
31495
33345
31472
31496
33346
31473
31497
33347
31474
31498
33348
31499
33349
31476
31500
33350
31477
31501
33351
31478
31502
33352
31479
31503
33353
31480
31504
33354
31481
31505
33355
31482
31506
33356
31483
31507
33357
31484
31508
33358
31485
31509
33359
31486
31510
33360
31487
31511
33361
31488
31512
33362
31489
31513
33363
31490
31514
33364
31491
31515
33365
31492
31516
33366
31493
31517
33367
31494
31518
33368
31495
31519
33369
31496
31520
33370
31497
31521
33371
31498
31522
33372
31499
31523
33373
31524
33374
31501
31525
33375
31502
31526
33376
31503
31527
33377
31504
31528
33378
31505
31529
33379
31506
31530
33380
31507
31531
33381
31508
31532
33382
31509
31533
33383
31510
31534
33384
31511
31535
33385
31512
31536
33386
31513
31537
33387
31514
31538
33388
31515
31539
33389
31516
31540
33390
31517
31541
33391
31518
31542
33392
31519
31543
33393
31520
31544
33394
31521
31545
33395
31522
31546
33396
31523
31547
33397
31524
31548
33398
31549
33399
31526
31550
33400
31527
31551
33401
31528
31552
33402
31529
31553
33403
31530
31554
33404
31531
31555
33405
31532
31556
33406
31533
31557
33407
31534
31558
33408
31535
31559
33409
31536
31560
33410
31537
31561
33411
31538
31562
33412
31539
31563
33413
31540
31564
33414
31541
31565
33415
31542
31566
33416
31543
31567
33417
31544
31568
33418
31545
31569
33419
31546
31570
33420
31547
31571
33421
31548
31572
33422
31549
31573
33423
31574
33424
31551
31575
33425
31552
31576
33426
31553
31577
33427
31554
31578
33428
31555
31579
33429
31556
31580
33430
31557
31581
33431
31558
31582
33432
31559
31583
33433
31560
31584
33434
31561
31585
33435
31562
31586
33436
31563
31587
33437
31564
31588
33438
31565
31589
33439
31566
31590
33440
31567
31591
33441
31568
31592
33442
31569
31593
33443
31570
31594
33444
31571
31595
33445
31572
31596
33446
31573
31597
33447
31574
31598
33448
31599
33449
31576
31600
33450
31577
31601
33451
31578
31602
33452
31579
31603
33453
31580
31604
33454
31581
31605
33455
31582
31606
33456
31583
31607
33457
31584
31608
33458
31585
31609
33459
31586
31610
33460
31587
31611
33461
31588
31612
33462
31589
31613
33463
31590
31614
33464
31591
31615
33465
31592
31616
33466
31593
31617
33467
31594
31618
33468
31595
31619
33469
31596
31620
33470
31597
31621
33471
31598
31622
33472
31599
31623
33473
31624
33474
31601
31625
33475
31602
31626
33476
31603
31627
33477
31604
31628
33478
31605
31629
33479
31606
31630
33480
31607
31631
33481
31608
31632
33482
31609
31633
33483
31610
31634
33484
31611
31635
33485
31612
31636
33486
31613
31637
33487
31614
31638
33488
31615
31639
33489
31616
31640
33490
31617
31641
33491
31618
31642
33492
31619
31643
33493
31620
31644
33494
31621
31645
33495
31622
31646
33496
31623
31647
33497
31624
31648
33498
31649
33499
31626
31650
33500
31627
31651
33501
31628
31652
33502
31629
31653
33503
31630
31654
33504
31631
31655
33505
31632
31656
33506
31633
31657
33507
31634
31658
33508
31635
31659
33509
31636
31660
33510
31637
31661
33511
31638
31662
33512
31639
31663
33513
31640
31664
33514
31641
31665
33515
31642
31666
33516
31643
31667
33517
31644
31668
33518
31645
31669
33519
31646
31670
33520
31647
31671
33521
31648
31672
33522
31649
31673
33523
31674
33524
31651
31675
33525
31652
31676
33526
31653
31677
33527
31654
31678
33528
31655
31679
33529
31656
31680
33530
31657
31681
33531
31658
31682
33532
31659
31683
33533
31660
31684
33534
31661
31685
33535
31662
31686
33536
31663
31687
33537
31664
31688
33538
31665
31689
33539
31666
31690
33540
31667
31691
33541
31668
31692
33542
31669
31693
33543
31670
31694
33544
31671
31695
33545
31672
31696
33546
31673
31697
33547
31674
31698
33548
31699
33549
31676
31700
33550
31677
31701
33551
31678
31702
33552
31679
31703
33553
31680
31704
33554
31681
31705
33555
31682
31706
33556
31683
31707
33557
31684
31708
33558
31685
31709
33559
31686
31710
33560
31687
31711
33561
31688
31712
33562
31689
31713
33563
31690
31714
33564
31691
31715
33565
31692
31716
33566
31693
31717
33567
31694
31718
33568
31695
31719
33569
31696
31720
33570
31697
31721
33571
31698
31722
33572
31699
31723
33573
31724
33574
31701
31725
33575
31702
31726
33576
31703
31727
33577
31704
31728
33578
31705
31729
33579
31706
31730
33580
31707
31731
33581
31708
31732
33582
31709
31733
33583
31710
31734
33584
31711
31735
33585
31712
31736
33586
31713
31737
33587
31714
31738
33588
31715
31739
33589
31716
31740
33590
31717
31741
33591
31718
31742
33592
31719
31743
33593
31720
31744
33594
31721
31745
33595
31722
31746
33596
31723
31747
33597
31724
31748
33598
31749
33599
31726
31750
33600
31727
31751
33601
31728
31752
33602
31729
31753
33603
31730
31754
33604
31731
31755
33605
31732
31756
33606
31733
31757
33607
31734
31758
33608
31735
31759
33609
31736
31760
33610
31737
31761
33611
31738
31762
33612
31739
31763
33613
31740
31764
33614
31741
31765
33615
31742
31766
33616
31743
31767
33617
31744
31768
33618
31745
31769
33619
31746
31770
33620
31747
31771
33621
31748
31772
33622
31749
31773
33623
31774
33624
31751
31775
33625
31752
31776
33626
31753
31777
33627
31754
31778
33628
31755
31779
33629
31756
31780
33630
31757
31781
33631
31758
31782
33632
31759
31783
33633
31760
31784
33634
31761
31785
33635
31762
31786
33636
31763
31787
33637
31764
31788
33638
31765
31789
33639
31766
31790
33640
31767
31791
33641
31768
31792
33642
31769
31793
33643
31770
31794
33644
31771
31795
33645
31772
31796
33646
31773
31797
33647
31774
31798
33648
31799
33649
31776
31800
33650
31777
31801
33651
31778
31802
33652
31779
31803
33653
31780
31804
33654
31781
31805
33655
31782
31806
33656
31783
31807
33657
31784
31808
33658
31785
31809
33659
31786
31810
33660
31787
31811
33661
31788
31812
33662
31789
31813
33663
31790
31814
33664
31791
31815
33665
31792
31816
33666
31793
31817
33667
31794
31818
33668
31795
31819
33669
31796
31820
33670
31797
31821
33671
31798
31822
33672
31799
31823
33673
31824
33674
31801
31825
33675
31802
31826
33676
31803
31827
33677
31804
31828
33678
31805
31829
33679
31806
31830
33680
31807
31831
33681
31808
31832
33682
31809
31833
33683
31810
31834
33684
31811
31835
33685
31812
31836
33686
31813
31837
33687
31814
31838
33688
31815
31839
33689
31816
31840
33690
31817
31841
33691
31818
31842
33692
31819
31843
33693
31820
31844
33694
31821
31845
33695
31822
31846
33696
31823
31847
33697
31824
31848
33698
31849
33699
31826
31850
33700
31827
31851
33701
31828
31852
33702
31829
31853
33703
31830
31854
33704
31831
31855
33705
31832
31856
33706
31833
31857
33707
31834
31858
33708
31835
31859
33709
31836
31860
33710
31837
31861
33711
31838
31862
33712
31839
31863
33713
31840
31864
33714
31841
31865
33715
31842
31866
33716
31843
31867
33717
31844
31868
33718
31845
31869
33719
31846
31870
33720
31847
31871
33721
31848
31872
33722
31849
31873
33723
31874
33724
31851
33725
31852
33726
31853
33727
31854
33728
31855
33729
31856
33730
31857
33731
31858
33732
31859
33733
31860
33734
31861
33735
31862
33736
31863
33737
31864
33738
31865
33739
31866
33740
31867
33741
31868
33742
31869
33743
31870
33744
31871
33745
31872
33746
31873
33747
31874
33748
33749
31876
31900
33750
31877
31901
33751
31878
31902
33752
31879
31903
33753
31880
31904
33754
31881
31905
33755
31882
31906
33756
31883
31907
33757
31884
31908
33758
31885
31909
33759
31886
31910
33760
31887
31911
33761
31888
31912
33762
31889
31913
33763
31890
31914
33764
31891
31915
33765
31892
31916
33766
31893
31917
33767
31894
31918
33768
31895
31919
33769
31896
31920
33770
31897
31921
33771
31898
31922
33772
31899
31923
33773
31924
33774
31901
31925
33775
31902
31926
33776
31903
31927
33777
31904
31928
33778
31905
31929
33779
31906
31930
33780
31907
31931
33781
31908
31932
33782
31909
31933
33783
31910
31934
33784
31911
31935
33785
31912
31936
33786
31913
31937
33787
31914
31938
33788
31915
31939
33789
31916
31940
33790
31917
31941
33791
31918
31942
33792
31919
31943
33793
31920
31944
33794
31921
31945
33795
31922
31946
33796
31923
31947
33797
31924
31948
33798
31949
33799
31926
31950
33800
31927
31951
33801
31928
31952
33802
31929
31953
33803
31930
31954
33804
31931
31955
33805
31932
31956
33806
31933
31957
33807
31934
31958
33808
31935
31959
33809
31936
31960
33810
31937
31961
33811
31938
31962
33812
31939
31963
33813
31940
31964
33814
31941
31965
33815
31942
31966
33816
31943
31967
33817
31944
31968
33818
31945
31969
33819
31946
31970
33820
31947
31971
33821
31948
31972
33822
31949
31973
33823
31974
33824
31951
31975
33825
31952
31976
33826
31953
31977
33827
31954
31978
33828
31955
31979
33829
31956
31980
33830
31957
31981
33831
31958
31982
33832
31959
31983
33833
31960
31984
33834
31961
31985
33835
31962
31986
33836
31963
31987
33837
31964
31988
33838
31965
31989
33839
31966
31990
33840
31967
31991
33841
31968
31992
33842
31969
31993
33843
31970
31994
33844
31971
31995
33845
31972
31996
33846
31973
31997
33847
31974
31998
33848
31999
33849
31976
32000
33850
31977
32001
33851
31978
32002
33852
31979
32003
33853
31980
32004
33854
31981
32005
33855
31982
32006
33856
31983
32007
33857
31984
32008
33858
31985
32009
33859
31986
32010
33860
31987
32011
33861
31988
32012
33862
31989
32013
33863
31990
32014
33864
31991
32015
33865
31992
32016
33866
31993
32017
33867
31994
32018
33868
31995
32019
33869
31996
32020
33870
31997
32021
33871
31998
32022
33872
31999
32023
33873
32024
33874
32001
32025
33875
32002
32026
33876
32003
32027
33877
32004
32028
33878
32005
32029
33879
32006
32030
33880
32007
32031
33881
32008
32032
33882
32009
32033
33883
32010
32034
33884
32011
32035
33885
32012
32036
33886
32013
32037
33887
32014
32038
33888
32015
32039
33889
32016
32040
33890
32017
32041
33891
32018
32042
33892
32019
32043
33893
32020
32044
33894
32021
32045
33895
32022
32046
33896
32023
32047
33897
32024
32048
33898
32049
33899
32026
32050
33900
32027
32051
33901
32028
32052
33902
32029
32053
33903
32030
32054
33904
32031
32055
33905
32032
32056
33906
32033
32057
33907
32034
32058
33908
32035
32059
33909
32036
32060
33910
32037
32061
33911
32038
32062
33912
32039
32063
33913
32040
32064
33914
32041
32065
33915
32042
32066
33916
32043
32067
33917
32044
32068
33918
32045
32069
33919
32046
32070
33920
32047
32071
33921
32048
32072
33922
32049
32073
33923
32074
33924
32051
32075
33925
32052
32076
33926
32053
32077
33927
32054
32078
33928
32055
32079
33929
32056
32080
33930
32057
32081
33931
32058
32082
33932
32059
32083
33933
32060
32084
33934
32061
32085
33935
32062
32086
33936
32063
32087
33937
32064
32088
33938
32065
32089
33939
32066
32090
33940
32067
32091
33941
32068
32092
33942
32069
32093
33943
32070
32094
33944
32071
32095
33945
32072
32096
33946
32073
32097
33947
32074
32098
33948
32099
33949
32076
32100
33950
32077
32101
33951
32078
32102
33952
32079
32103
33953
32080
32104
33954
32081
32105
33955
32082
32106
33956
32083
32107
33957
32084
32108
33958
32085
32109
33959
32086
32110
33960
32087
32111
33961
32088
32112
33962
32089
32113
33963
32090
32114
33964
32091
32115
33965
32092
32116
33966
32093
32117
33967
32094
32118
33968
32095
32119
33969
32096
32120
33970
32097
32121
33971
32098
32122
33972
32099
32123
33973
32124
33974
32101
32125
33975
32102
32126
33976
32103
32127
33977
32104
32128
33978
32105
32129
33979
32106
32130
33980
32107
32131
33981
32108
32132
33982
32109
32133
33983
32110
32134
33984
32111
32135
33985
32112
32136
33986
32113
32137
33987
32114
32138
33988
32115
32139
33989
32116
32140
33990
32117
32141
33991
32118
32142
33992
32119
32143
33993
32120
32144
33994
32121
32145
33995
32122
32146
33996
32123
32147
33997
32124
32148
33998
32149
33999
32126
32150
34000
32127
32151
34001
32128
32152
34002
32129
32153
34003
32130
32154
34004
32131
32155
34005
32132
32156
34006
32133
32157
34007
32134
32158
34008
32135
32159
34009
32136
32160
34010
32137
32161
34011
32138
32162
34012
32139
32163
34013
32140
32164
34014
32141
32165
34015
32142
32166
34016
32143
32167
34017
32144
32168
34018
32145
32169
34019
32146
32170
34020
32147
32171
34021
32148
32172
34022
32149
32173
34023
32174
34024
32151
32175
34025
32152
32176
34026
32153
32177
34027
32154
32178
34028
32155
32179
34029
32156
32180
34030
32157
32181
34031
32158
32182
34032
32159
32183
34033
32160
32184
34034
32161
32185
34035
32162
32186
34036
32163
32187
34037
32164
32188
34038
32165
32189
34039
32166
32190
34040
32167
32191
34041
32168
32192
34042
32169
32193
34043
32170
32194
34044
32171
32195
34045
32172
32196
34046
32173
32197
34047
32174
32198
34048
32199
34049
32176
32200
34050
32177
32201
34051
32178
32202
34052
32179
32203
34053
32180
32204
34054
32181
32205
34055
32182
32206
34056
32183
32207
34057
32184
32208
34058
32185
32209
34059
32186
32210
34060
32187
32211
34061
32188
32212
34062
32189
32213
34063
32190
32214
34064
32191
32215
34065
32192
32216
34066
32193
32217
34067
32194
32218
34068
32195
32219
34069
32196
32220
34070
32197
32221
34071
32198
32222
34072
32199
32223
34073
32224
34074
32201
32225
34075
32202
32226
34076
32203
32227
34077
32204
32228
34078
32205
32229
34079
32206
32230
34080
32207
32231
34081
32208
32232
34082
32209
32233
34083
32210
32234
34084
32211
32235
34085
32212
32236
34086
32213
32237
34087
32214
32238
34088
32215
32239
34089
32216
32240
34090
32217
32241
34091
32218
32242
34092
32219
32243
34093
32220
32244
34094
32221
32245
34095
32222
32246
34096
32223
32247
34097
32224
32248
34098
32249
34099
32226
32250
34100
32227
32251
34101
32228
32252
34102
32229
32253
34103
32230
32254
34104
32231
32255
34105
32232
32256
34106
32233
32257
34107
32234
32258
34108
32235
32259
34109
32236
32260
34110
32237
32261
34111
32238
32262
34112
32239
32263
34113
32240
32264
34114
32241
32265
34115
32242
32266
34116
32243
32267
34117
32244
32268
34118
32245
32269
34119
32246
32270
34120
32247
32271
34121
32248
32272
34122
32249
32273
34123
32274
34124
32251
32275
34125
32252
32276
34126
32253
32277
34127
32254
32278
34128
32255
32279
34129
32256
32280
34130
32257
32281
34131
32258
32282
34132
32259
32283
34133
32260
32284
34134
32261
32285
34135
32262
32286
34136
32263
32287
34137
32264
32288
34138
32265
32289
34139
32266
32290
34140
32267
32291
34141
32268
32292
34142
32269
32293
34143
32270
32294
34144
32271
32295
34145
32272
32296
34146
32273
32297
34147
32274
32298
34148
32299
34149
32276
32300
34150
32277
32301
34151
32278
32302
34152
32279
32303
34153
32280
32304
34154
32281
32305
34155
32282
32306
34156
32283
32307
34157
32284
32308
34158
32285
32309
34159
32286
32310
34160
32287
32311
34161
32288
32312
34162
32289
32313
34163
32290
32314
34164
32291
32315
34165
32292
32316
34166
32293
32317
34167
32294
32318
34168
32295
32319
34169
32296
32320
34170
32297
32321
34171
32298
32322
34172
32299
32323
34173
32324
34174
32301
32325
34175
32302
32326
34176
32303
32327
34177
32304
32328
34178
32305
32329
34179
32306
32330
34180
32307
32331
34181
32308
32332
34182
32309
32333
34183
32310
32334
34184
32311
32335
34185
32312
32336
34186
32313
32337
34187
32314
32338
34188
32315
32339
34189
32316
32340
34190
32317
32341
34191
32318
32342
34192
32319
32343
34193
32320
32344
34194
32321
32345
34195
32322
32346
34196
32323
32347
34197
32324
32348
34198
32349
34199
32326
32350
34200
32327
32351
34201
32328
32352
34202
32329
32353
34203
32330
32354
34204
32331
32355
34205
32332
32356
34206
32333
32357
34207
32334
32358
34208
32335
32359
34209
32336
32360
34210
32337
32361
34211
32338
32362
34212
32339
32363
34213
32340
32364
34214
32341
32365
34215
32342
32366
34216
32343
32367
34217
32344
32368
34218
32345
32369
34219
32346
32370
34220
32347
32371
34221
32348
32372
34222
32349
32373
34223
32374
34224
32351
32375
34225
32352
32376
34226
32353
32377
34227
32354
32378
34228
32355
32379
34229
32356
32380
34230
32357
32381
34231
32358
32382
34232
32359
32383
34233
32360
32384
34234
32361
32385
34235
32362
32386
34236
32363
32387
34237
32364
32388
34238
32365
32389
34239
32366
32390
34240
32367
32391
34241
32368
32392
34242
32369
32393
34243
32370
32394
34244
32371
32395
34245
32372
32396
34246
32373
32397
34247
32374
32398
34248
32399
34249
32376
32400
34250
32377
32401
34251
32378
32402
34252
32379
32403
34253
32380
32404
34254
32381
32405
34255
32382
32406
34256
32383
32407
34257
32384
32408
34258
32385
32409
34259
32386
32410
34260
32387
32411
34261
32388
32412
34262
32389
32413
34263
32390
32414
34264
32391
32415
34265
32392
32416
34266
32393
32417
34267
32394
32418
34268
32395
32419
34269
32396
32420
34270
32397
32421
34271
32398
32422
34272
32399
32423
34273
32424
34274
32401
32425
34275
32402
32426
34276
32403
32427
34277
32404
32428
34278
32405
32429
34279
32406
32430
34280
32407
32431
34281
32408
32432
34282
32409
32433
34283
32410
32434
34284
32411
32435
34285
32412
32436
34286
32413
32437
34287
32414
32438
34288
32415
32439
34289
32416
32440
34290
32417
32441
34291
32418
32442
34292
32419
32443
34293
32420
32444
34294
32421
32445
34295
32422
32446
34296
32423
32447
34297
32424
32448
34298
32449
34299
32426
32450
34300
32427
32451
34301
32428
32452
34302
32429
32453
34303
32430
32454
34304
32431
32455
34305
32432
32456
34306
32433
32457
34307
32434
32458
34308
32435
32459
34309
32436
32460
34310
32437
32461
34311
32438
32462
34312
32439
32463
34313
32440
32464
34314
32441
32465
34315
32442
32466
34316
32443
32467
34317
32444
32468
34318
32445
32469
34319
32446
32470
34320
32447
32471
34321
32448
32472
34322
32449
32473
34323
32474
34324
32451
32475
34325
32452
32476
34326
32453
32477
34327
32454
32478
34328
32455
32479
34329
32456
32480
34330
32457
32481
34331
32458
32482
34332
32459
32483
34333
32460
32484
34334
32461
32485
34335
32462
32486
34336
32463
32487
34337
32464
32488
34338
32465
32489
34339
32466
32490
34340
32467
32491
34341
32468
32492
34342
32469
32493
34343
32470
32494
34344
32471
32495
34345
32472
32496
34346
32473
32497
34347
32474
32498
34348
32499
34349
32476
32500
34350
32477
32501
34351
32478
32502
34352
32479
32503
34353
32480
32504
34354
32481
32505
34355
32482
32506
34356
32483
32507
34357
32484
32508
34358
32485
32509
34359
32486
32510
34360
32487
32511
34361
32488
32512
34362
32489
32513
34363
32490
32514
34364
32491
32515
34365
32492
32516
34366
32493
32517
34367
32494
32518
34368
32495
32519
34369
32496
32520
34370
32497
32521
34371
32498
32522
34372
32499
32523
34373
32524
34374
32501
32525
34375
32502
32526
34376
32503
32527
34377
32504
32528
34378
32505
32529
34379
32506
32530
34380
32507
32531
34381
32508
32532
34382
32509
32533
34383
32510
32534
34384
32511
32535
34385
32512
32536
34386
32513
32537
34387
32514
32538
34388
32515
32539
34389
32516
32540
34390
32517
32541
34391
32518
32542
34392
32519
32543
34393
32520
32544
34394
32521
32545
34395
32522
32546
34396
32523
32547
34397
32524
32548
34398
32549
34399
32526
32550
34400
32527
32551
34401
32528
32552
34402
32529
32553
34403
32530
32554
34404
32531
32555
34405
32532
32556
34406
32533
32557
34407
32534
32558
34408
32535
32559
34409
32536
32560
34410
32537
32561
34411
32538
32562
34412
32539
32563
34413
32540
32564
34414
32541
32565
34415
32542
32566
34416
32543
32567
34417
32544
32568
34418
32545
32569
34419
32546
32570
34420
32547
32571
34421
32548
32572
34422
32549
32573
34423
32574
34424
32551
32575
34425
32552
32576
34426
32553
32577
34427
32554
32578
34428
32555
32579
34429
32556
32580
34430
32557
32581
34431
32558
32582
34432
32559
32583
34433
32560
32584
34434
32561
32585
34435
32562
32586
34436
32563
32587
34437
32564
32588
34438
32565
32589
34439
32566
32590
34440
32567
32591
34441
32568
32592
34442
32569
32593
34443
32570
32594
34444
32571
32595
34445
32572
32596
34446
32573
32597
34447
32574
32598
34448
32599
34449
32576
32600
34450
32577
32601
34451
32578
32602
34452
32579
32603
34453
32580
32604
34454
32581
32605
34455
32582
32606
34456
32583
32607
34457
32584
32608
34458
32585
32609
34459
32586
32610
34460
32587
32611
34461
32588
32612
34462
32589
32613
34463
32590
32614
34464
32591
32615
34465
32592
32616
34466
32593
32617
34467
32594
32618
34468
32595
32619
34469
32596
32620
34470
32597
32621
34471
32598
32622
34472
32599
32623
34473
32624
34474
32601
32625
34475
32602
32626
34476
32603
32627
34477
32604
32628
34478
32605
32629
34479
32606
32630
34480
32607
32631
34481
32608
32632
34482
32609
32633
34483
32610
32634
34484
32611
32635
34485
32612
32636
34486
32613
32637
34487
32614
32638
34488
32615
32639
34489
32616
32640
34490
32617
32641
34491
32618
32642
34492
32619
32643
34493
32620
32644
34494
32621
32645
34495
32622
32646
34496
32623
32647
34497
32624
32648
34498
32649
34499
32626
32650
34500
32627
32651
34501
32628
32652
34502
32629
32653
34503
32630
32654
34504
32631
32655
34505
32632
32656
34506
32633
32657
34507
32634
32658
34508
32635
32659
34509
32636
32660
34510
32637
32661
34511
32638
32662
34512
32639
32663
34513
32640
32664
34514
32641
32665
34515
32642
32666
34516
32643
32667
34517
32644
32668
34518
32645
32669
34519
32646
32670
34520
32647
32671
34521
32648
32672
34522
32649
32673
34523
32674
34524
32651
32675
34525
32652
32676
34526
32653
32677
34527
32654
32678
34528
32655
32679
34529
32656
32680
34530
32657
32681
34531
32658
32682
34532
32659
32683
34533
32660
32684
34534
32661
32685
34535
32662
32686
34536
32663
32687
34537
32664
32688
34538
32665
32689
34539
32666
32690
34540
32667
32691
34541
32668
32692
34542
32669
32693
34543
32670
32694
34544
32671
32695
34545
32672
32696
34546
32673
32697
34547
32674
32698
34548
32699
34549
32676
32700
34550
32677
32701
34551
32678
32702
34552
32679
32703
34553
32680
32704
34554
32681
32705
34555
32682
32706
34556
32683
32707
34557
32684
32708
34558
32685
32709
34559
32686
32710
34560
32687
32711
34561
32688
32712
34562
32689
32713
34563
32690
32714
34564
32691
32715
34565
32692
32716
34566
32693
32717
34567
32694
32718
34568
32695
32719
34569
32696
32720
34570
32697
32721
34571
32698
32722
34572
32699
32723
34573
32724
34574
32701
32725
34575
32702
32726
34576
32703
32727
34577
32704
32728
34578
32705
32729
34579
32706
32730
34580
32707
32731
34581
32708
32732
34582
32709
32733
34583
32710
32734
34584
32711
32735
34585
32712
32736
34586
32713
32737
34587
32714
32738
34588
32715
32739
34589
32716
32740
34590
32717
32741
34591
32718
32742
34592
32719
32743
34593
32720
32744
34594
32721
32745
34595
32722
32746
34596
32723
32747
34597
32724
32748
34598
32749
34599
32726
32750
34600
32727
32751
34601
32728
32752
34602
32729
32753
34603
32730
32754
34604
32731
32755
34605
32732
32756
34606
32733
32757
34607
32734
32758
34608
32735
32759
34609
32736
32760
34610
32737
32761
34611
32738
32762
34612
32739
32763
34613
32740
32764
34614
32741
32765
34615
32742
32766
34616
32743
32767
34617
32744
32768
34618
32745
32769
34619
32746
32770
34620
32747
32771
34621
32748
32772
34622
32749
32773
34623
32774
34624
32751
32775
34625
32752
32776
34626
32753
32777
34627
32754
32778
34628
32755
32779
34629
32756
32780
34630
32757
32781
34631
32758
32782
34632
32759
32783
34633
32760
32784
34634
32761
32785
34635
32762
32786
34636
32763
32787
34637
32764
32788
34638
32765
32789
34639
32766
32790
34640
32767
32791
34641
32768
32792
34642
32769
32793
34643
32770
32794
34644
32771
32795
34645
32772
32796
34646
32773
32797
34647
32774
32798
34648
32799
34649
32776
32800
34650
32777
32801
34651
32778
32802
34652
32779
32803
34653
32780
32804
34654
32781
32805
34655
32782
32806
34656
32783
32807
34657
32784
32808
34658
32785
32809
34659
32786
32810
34660
32787
32811
34661
32788
32812
34662
32789
32813
34663
32790
32814
34664
32791
32815
34665
32792
32816
34666
32793
32817
34667
32794
32818
34668
32795
32819
34669
32796
32820
34670
32797
32821
34671
32798
32822
34672
32799
32823
34673
32824
34674
32801
32825
34675
32802
32826
34676
32803
32827
34677
32804
32828
34678
32805
32829
34679
32806
32830
34680
32807
32831
34681
32808
32832
34682
32809
32833
34683
32810
32834
34684
32811
32835
34685
32812
32836
34686
32813
32837
34687
32814
32838
34688
32815
32839
34689
32816
32840
34690
32817
32841
34691
32818
32842
34692
32819
32843
34693
32820
32844
34694
32821
32845
34695
32822
32846
34696
32823
32847
34697
32824
32848
34698
32849
34699
32826
32850
34700
32827
32851
34701
32828
32852
34702
32829
32853
34703
32830
32854
34704
32831
32855
34705
32832
32856
34706
32833
32857
34707
32834
32858
34708
32835
32859
34709
32836
32860
34710
32837
32861
34711
32838
32862
34712
32839
32863
34713
32840
32864
34714
32841
32865
34715
32842
32866
34716
32843
32867
34717
32844
32868
34718
32845
32869
34719
32846
32870
34720
32847
32871
34721
32848
32872
34722
32849
32873
34723
32874
34724
32851
32875
34725
32852
32876
34726
32853
32877
34727
32854
32878
34728
32855
32879
34729
32856
32880
34730
32857
32881
34731
32858
32882
34732
32859
32883
34733
32860
32884
34734
32861
32885
34735
32862
32886
34736
32863
32887
34737
32864
32888
34738
32865
32889
34739
32866
32890
34740
32867
32891
34741
32868
32892
34742
32869
32893
34743
32870
32894
34744
32871
32895
34745
32872
32896
34746
32873
32897
34747
32874
32898
34748
32899
34749
32876
32900
34750
32877
32901
34751
32878
32902
34752
32879
32903
34753
32880
32904
34754
32881
32905
34755
32882
32906
34756
32883
32907
34757
32884
32908
34758
32885
32909
34759
32886
32910
34760
32887
32911
34761
32888
32912
34762
32889
32913
34763
32890
32914
34764
32891
32915
34765
32892
32916
34766
32893
32917
34767
32894
32918
34768
32895
32919
34769
32896
32920
34770
32897
32921
34771
32898
32922
34772
32899
32923
34773
32924
34774
32901
32925
34775
32902
32926
34776
32903
32927
34777
32904
32928
34778
32905
32929
34779
32906
32930
34780
32907
32931
34781
32908
32932
34782
32909
32933
34783
32910
32934
34784
32911
32935
34785
32912
32936
34786
32913
32937
34787
32914
32938
34788
32915
32939
34789
32916
32940
34790
32917
32941
34791
32918
32942
34792
32919
32943
34793
32920
32944
34794
32921
32945
34795
32922
32946
34796
32923
32947
34797
32924
32948
34798
32949
34799
32926
32950
34800
32927
32951
34801
32928
32952
34802
32929
32953
34803
32930
32954
34804
32931
32955
34805
32932
32956
34806
32933
32957
34807
32934
32958
34808
32935
32959
34809
32936
32960
34810
32937
32961
34811
32938
32962
34812
32939
32963
34813
32940
32964
34814
32941
32965
34815
32942
32966
34816
32943
32967
34817
32944
32968
34818
32945
32969
34819
32946
32970
34820
32947
32971
34821
32948
32972
34822
32949
32973
34823
32974
34824
32951
32975
34825
32952
32976
34826
32953
32977
34827
32954
32978
34828
32955
32979
34829
32956
32980
34830
32957
32981
34831
32958
32982
34832
32959
32983
34833
32960
32984
34834
32961
32985
34835
32962
32986
34836
32963
32987
34837
32964
32988
34838
32965
32989
34839
32966
32990
34840
32967
32991
34841
32968
32992
34842
32969
32993
34843
32970
32994
34844
32971
32995
34845
32972
32996
34846
32973
32997
34847
32974
32998
34848
32999
34849
32976
33000
34850
32977
33001
34851
32978
33002
34852
32979
33003
34853
32980
33004
34854
32981
33005
34855
32982
33006
34856
32983
33007
34857
32984
33008
34858
32985
33009
34859
32986
33010
34860
32987
33011
34861
32988
33012
34862
32989
33013
34863
32990
33014
34864
32991
33015
34865
32992
33016
34866
32993
33017
34867
32994
33018
34868
32995
33019
34869
32996
33020
34870
32997
33021
34871
32998
33022
34872
32999
33023
34873
33024
34874
33001
33025
34875
33002
33026
34876
33003
33027
34877
33004
33028
34878
33005
33029
34879
33006
33030
34880
33007
33031
34881
33008
33032
34882
33009
33033
34883
33010
33034
34884
33011
33035
34885
33012
33036
34886
33013
33037
34887
33014
33038
34888
33015
33039
34889
33016
33040
34890
33017
33041
34891
33018
33042
34892
33019
33043
34893
33020
33044
34894
33021
33045
34895
33022
33046
34896
33023
33047
34897
33024
33048
34898
33049
34899
33026
33050
34900
33027
33051
34901
33028
33052
34902
33029
33053
34903
33030
33054
34904
33031
33055
34905
33032
33056
34906
33033
33057
34907
33034
33058
34908
33035
33059
34909
33036
33060
34910
33037
33061
34911
33038
33062
34912
33039
33063
34913
33040
33064
34914
33041
33065
34915
33042
33066
34916
33043
33067
34917
33044
33068
34918
33045
33069
34919
33046
33070
34920
33047
33071
34921
33048
33072
34922
33049
33073
34923
33074
34924
33051
33075
34925
33052
33076
34926
33053
33077
34927
33054
33078
34928
33055
33079
34929
33056
33080
34930
33057
33081
34931
33058
33082
34932
33059
33083
34933
33060
33084
34934
33061
33085
34935
33062
33086
34936
33063
33087
34937
33064
33088
34938
33065
33089
34939
33066
33090
34940
33067
33091
34941
33068
33092
34942
33069
33093
34943
33070
33094
34944
33071
33095
34945
33072
33096
34946
33073
33097
34947
33074
33098
34948
33099
34949
33076
33100
34950
33077
33101
34951
33078
33102
34952
33079
33103
34953
33080
33104
34954
33081
33105
34955
33082
33106
34956
33083
33107
34957
33084
33108
34958
33085
33109
34959
33086
33110
34960
33087
33111
34961
33088
33112
34962
33089
33113
34963
33090
33114
34964
33091
33115
34965
33092
33116
34966
33093
33117
34967
33094
33118
34968
33095
33119
34969
33096
33120
34970
33097
33121
34971
33098
33122
34972
33099
33123
34973
33124
34974
33101
33125
34975
33102
33126
34976
33103
33127
34977
33104
33128
34978
33105
33129
34979
33106
33130
34980
33107
33131
34981
33108
33132
34982
33109
33133
34983
33110
33134
34984
33111
33135
34985
33112
33136
34986
33113
33137
34987
33114
33138
34988
33115
33139
34989
33116
33140
34990
33117
33141
34991
33118
33142
34992
33119
33143
34993
33120
33144
34994
33121
33145
34995
33122
33146
34996
33123
33147
34997
33124
33148
34998
33149
34999
33126
33150
35000
33127
33151
35001
33128
33152
35002
33129
33153
35003
33130
33154
35004
33131
33155
35005
33132
33156
35006
33133
33157
35007
33134
33158
35008
33135
33159
35009
33136
33160
35010
33137
33161
35011
33138
33162
35012
33139
33163
35013
33140
33164
35014
33141
33165
35015
33142
33166
35016
33143
33167
35017
33144
33168
35018
33145
33169
35019
33146
33170
35020
33147
33171
35021
33148
33172
35022
33149
33173
35023
33174
35024
33151
33175
35025
33152
33176
35026
33153
33177
35027
33154
33178
35028
33155
33179
35029
33156
33180
35030
33157
33181
35031
33158
33182
35032
33159
33183
35033
33160
33184
35034
33161
33185
35035
33162
33186
35036
33163
33187
35037
33164
33188
35038
33165
33189
35039
33166
33190
35040
33167
33191
35041
33168
33192
35042
33169
33193
35043
33170
33194
35044
33171
33195
35045
33172
33196
35046
33173
33197
35047
33174
33198
35048
33199
35049
33176
33200
35050
33177
33201
35051
33178
33202
35052
33179
33203
35053
33180
33204
35054
33181
33205
35055
33182
33206
35056
33183
33207
35057
33184
33208
35058
33185
33209
35059
33186
33210
35060
33187
33211
35061
33188
33212
35062
33189
33213
35063
33190
33214
35064
33191
33215
35065
33192
33216
35066
33193
33217
35067
33194
33218
35068
33195
33219
35069
33196
33220
35070
33197
33221
35071
33198
33222
35072
33199
33223
35073
33224
35074
33201
33225
35075
33202
33226
35076
33203
33227
35077
33204
33228
35078
33205
33229
35079
33206
33230
35080
33207
33231
35081
33208
33232
35082
33209
33233
35083
33210
33234
35084
33211
33235
35085
33212
33236
35086
33213
33237
35087
33214
33238
35088
33215
33239
35089
33216
33240
35090
33217
33241
35091
33218
33242
35092
33219
33243
35093
33220
33244
35094
33221
33245
35095
33222
33246
35096
33223
33247
35097
33224
33248
35098
33249
35099
33226
33250
35100
33227
33251
35101
33228
33252
35102
33229
33253
35103
33230
33254
35104
33231
33255
35105
33232
33256
35106
33233
33257
35107
33234
33258
35108
33235
33259
35109
33236
33260
35110
33237
33261
35111
33238
33262
35112
33239
33263
35113
33240
33264
35114
33241
33265
35115
33242
33266
35116
33243
33267
35117
33244
33268
35118
33245
33269
35119
33246
33270
35120
33247
33271
35121
33248
33272
35122
33249
33273
35123
33274
35124
33251
33275
35125
33252
33276
35126
33253
33277
35127
33254
33278
35128
33255
33279
35129
33256
33280
35130
33257
33281
35131
33258
33282
35132
33259
33283
35133
33260
33284
35134
33261
33285
35135
33262
33286
35136
33263
33287
35137
33264
33288
35138
33265
33289
35139
33266
33290
35140
33267
33291
35141
33268
33292
35142
33269
33293
35143
33270
33294
35144
33271
33295
35145
33272
33296
35146
33273
33297
35147
33274
33298
35148
33299
35149
33276
33300
35150
33277
33301
35151
33278
33302
35152
33279
33303
35153
33280
33304
35154
33281
33305
35155
33282
33306
35156
33283
33307
35157
33284
33308
35158
33285
33309
35159
33286
33310
35160
33287
33311
35161
33288
33312
35162
33289
33313
35163
33290
33314
35164
33291
33315
35165
33292
33316
35166
33293
33317
35167
33294
33318
35168
33295
33319
35169
33296
33320
35170
33297
33321
35171
33298
33322
35172
33299
33323
35173
33324
35174
33301
33325
35175
33302
33326
35176
33303
33327
35177
33304
33328
35178
33305
33329
35179
33306
33330
35180
33307
33331
35181
33308
33332
35182
33309
33333
35183
33310
33334
35184
33311
33335
35185
33312
33336
35186
33313
33337
35187
33314
33338
35188
33315
33339
35189
33316
33340
35190
33317
33341
35191
33318
33342
35192
33319
33343
35193
33320
33344
35194
33321
33345
35195
33322
33346
35196
33323
33347
35197
33324
33348
35198
33349
35199
33326
33350
35200
33327
33351
35201
33328
33352
35202
33329
33353
35203
33330
33354
35204
33331
33355
35205
33332
33356
35206
33333
33357
35207
33334
33358
35208
33335
33359
35209
33336
33360
35210
33337
33361
35211
33338
33362
35212
33339
33363
35213
33340
33364
35214
33341
33365
35215
33342
33366
35216
33343
33367
35217
33344
33368
35218
33345
33369
35219
33346
33370
35220
33347
33371
35221
33348
33372
35222
33349
33373
35223
33374
35224
33351
33375
35225
33352
33376
35226
33353
33377
35227
33354
33378
35228
33355
33379
35229
33356
33380
35230
33357
33381
35231
33358
33382
35232
33359
33383
35233
33360
33384
35234
33361
33385
35235
33362
33386
35236
33363
33387
35237
33364
33388
35238
33365
33389
35239
33366
33390
35240
33367
33391
35241
33368
33392
35242
33369
33393
35243
33370
33394
35244
33371
33395
35245
33372
33396
35246
33373
33397
35247
33374
33398
35248
33399
35249
33376
33400
35250
33377
33401
35251
33378
33402
35252
33379
33403
35253
33380
33404
35254
33381
33405
35255
33382
33406
35256
33383
33407
35257
33384
33408
35258
33385
33409
35259
33386
33410
35260
33387
33411
35261
33388
33412
35262
33389
33413
35263
33390
33414
35264
33391
33415
35265
33392
33416
35266
33393
33417
35267
33394
33418
35268
33395
33419
35269
33396
33420
35270
33397
33421
35271
33398
33422
35272
33399
33423
35273
33424
35274
33401
33425
35275
33402
33426
35276
33403
33427
35277
33404
33428
35278
33405
33429
35279
33406
33430
35280
33407
33431
35281
33408
33432
35282
33409
33433
35283
33410
33434
35284
33411
33435
35285
33412
33436
35286
33413
33437
35287
33414
33438
35288
33415
33439
35289
33416
33440
35290
33417
33441
35291
33418
33442
35292
33419
33443
35293
33420
33444
35294
33421
33445
35295
33422
33446
35296
33423
33447
35297
33424
33448
35298
33449
35299
33426
33450
35300
33427
33451
35301
33428
33452
35302
33429
33453
35303
33430
33454
35304
33431
33455
35305
33432
33456
35306
33433
33457
35307
33434
33458
35308
33435
33459
35309
33436
33460
35310
33437
33461
35311
33438
33462
35312
33439
33463
35313
33440
33464
35314
33441
33465
35315
33442
33466
35316
33443
33467
35317
33444
33468
35318
33445
33469
35319
33446
33470
35320
33447
33471
35321
33448
33472
35322
33449
33473
35323
33474
35324
33451
33475
35325
33452
33476
35326
33453
33477
35327
33454
33478
35328
33455
33479
35329
33456
33480
35330
33457
33481
35331
33458
33482
35332
33459
33483
35333
33460
33484
35334
33461
33485
35335
33462
33486
35336
33463
33487
35337
33464
33488
35338
33465
33489
35339
33466
33490
35340
33467
33491
35341
33468
33492
35342
33469
33493
35343
33470
33494
35344
33471
33495
35345
33472
33496
35346
33473
33497
35347
33474
33498
35348
33499
35349
33476
33500
35350
33477
33501
35351
33478
33502
35352
33479
33503
35353
33480
33504
35354
33481
33505
35355
33482
33506
35356
33483
33507
35357
33484
33508
35358
33485
33509
35359
33486
33510
35360
33487
33511
35361
33488
33512
35362
33489
33513
35363
33490
33514
35364
33491
33515
35365
33492
33516
35366
33493
33517
35367
33494
33518
35368
33495
33519
35369
33496
33520
35370
33497
33521
35371
33498
33522
35372
33499
33523
35373
33524
35374
33501
33525
35375
33502
33526
35376
33503
33527
35377
33504
33528
35378
33505
33529
35379
33506
33530
35380
33507
33531
35381
33508
33532
35382
33509
33533
35383
33510
33534
35384
33511
33535
35385
33512
33536
35386
33513
33537
35387
33514
33538
35388
33515
33539
35389
33516
33540
35390
33517
33541
35391
33518
33542
35392
33519
33543
35393
33520
33544
35394
33521
33545
35395
33522
33546
35396
33523
33547
35397
33524
33548
35398
33549
35399
33526
33550
35400
33527
33551
35401
33528
33552
35402
33529
33553
35403
33530
33554
35404
33531
33555
35405
33532
33556
35406
33533
33557
35407
33534
33558
35408
33535
33559
35409
33536
33560
35410
33537
33561
35411
33538
33562
35412
33539
33563
35413
33540
33564
35414
33541
33565
35415
33542
33566
35416
33543
33567
35417
33544
33568
35418
33545
33569
35419
33546
33570
35420
33547
33571
35421
33548
33572
35422
33549
33573
35423
33574
35424
33551
33575
35425
33552
33576
35426
33553
33577
35427
33554
33578
35428
33555
33579
35429
33556
33580
35430
33557
33581
35431
33558
33582
35432
33559
33583
35433
33560
33584
35434
33561
33585
35435
33562
33586
35436
33563
33587
35437
33564
33588
35438
33565
33589
35439
33566
33590
35440
33567
33591
35441
33568
33592
35442
33569
33593
35443
33570
33594
35444
33571
33595
35445
33572
33596
35446
33573
33597
35447
33574
33598
35448
33599
35449
33576
33600
35450
33577
33601
35451
33578
33602
35452
33579
33603
35453
33580
33604
35454
33581
33605
35455
33582
33606
35456
33583
33607
35457
33584
33608
35458
33585
33609
35459
33586
33610
35460
33587
33611
35461
33588
33612
35462
33589
33613
35463
33590
33614
35464
33591
33615
35465
33592
33616
35466
33593
33617
35467
33594
33618
35468
33595
33619
35469
33596
33620
35470
33597
33621
35471
33598
33622
35472
33599
33623
35473
33624
35474
33601
33625
35475
33602
33626
35476
33603
33627
35477
33604
33628
35478
33605
33629
35479
33606
33630
35480
33607
33631
35481
33608
33632
35482
33609
33633
35483
33610
33634
35484
33611
33635
35485
33612
33636
35486
33613
33637
35487
33614
33638
35488
33615
33639
35489
33616
33640
35490
33617
33641
35491
33618
33642
35492
33619
33643
35493
33620
33644
35494
33621
33645
35495
33622
33646
35496
33623
33647
35497
33624
33648
35498
33649
35499
33626
33650
35500
33627
33651
35501
33628
33652
35502
33629
33653
35503
33630
33654
35504
33631
33655
35505
33632
33656
35506
33633
33657
35507
33634
33658
35508
33635
33659
35509
33636
33660
35510
33637
33661
35511
33638
33662
35512
33639
33663
35513
33640
33664
35514
33641
33665
35515
33642
33666
35516
33643
33667
35517
33644
33668
35518
33645
33669
35519
33646
33670
35520
33647
33671
35521
33648
33672
35522
33649
33673
35523
33674
35524
33651
33675
35525
33652
33676
35526
33653
33677
35527
33654
33678
35528
33655
33679
35529
33656
33680
35530
33657
33681
35531
33658
33682
35532
33659
33683
35533
33660
33684
35534
33661
33685
35535
33662
33686
35536
33663
33687
35537
33664
33688
35538
33665
33689
35539
33666
33690
35540
33667
33691
35541
33668
33692
35542
33669
33693
35543
33670
33694
35544
33671
33695
35545
33672
33696
35546
33673
33697
35547
33674
33698
35548
33699
35549
33676
33700
35550
33677
33701
35551
33678
33702
35552
33679
33703
35553
33680
33704
35554
33681
33705
35555
33682
33706
35556
33683
33707
35557
33684
33708
35558
33685
33709
35559
33686
33710
35560
33687
33711
35561
33688
33712
35562
33689
33713
35563
33690
33714
35564
33691
33715
35565
33692
33716
35566
33693
33717
35567
33694
33718
35568
33695
33719
35569
33696
33720
35570
33697
33721
35571
33698
33722
35572
33699
33723
35573
33724
35574
33701
33725
35575
33702
33726
35576
33703
33727
35577
33704
33728
35578
33705
33729
35579
33706
33730
35580
33707
33731
35581
33708
33732
35582
33709
33733
35583
33710
33734
35584
33711
33735
35585
33712
33736
35586
33713
33737
35587
33714
33738
35588
33715
33739
35589
33716
33740
35590
33717
33741
35591
33718
33742
35592
33719
33743
35593
33720
33744
35594
33721
33745
35595
33722
33746
35596
33723
33747
35597
33724
33748
35598
33749
35599
33726
35600
33727
35601
33728
35602
33729
35603
33730
35604
33731
35605
33732
35606
33733
35607
33734
35608
33735
35609
33736
35610
33737
35611
33738
35612
33739
35613
33740
35614
33741
35615
33742
35616
33743
35617
33744
35618
33745
35619
33746
35620
33747
35621
33748
35622
33749
35623
35624
33751
33775
35625
33752
33776
35626
33753
33777
35627
33754
33778
35628
33755
33779
35629
33756
33780
35630
33757
33781
35631
33758
33782
35632
33759
33783
35633
33760
33784
35634
33761
33785
35635
33762
33786
35636
33763
33787
35637
33764
33788
35638
33765
33789
35639
33766
33790
35640
33767
33791
35641
33768
33792
35642
33769
33793
35643
33770
33794
35644
33771
33795
35645
33772
33796
35646
33773
33797
35647
33774
33798
35648
33799
35649
33776
33800
35650
33777
33801
35651
33778
33802
35652
33779
33803
35653
33780
33804
35654
33781
33805
35655
33782
33806
35656
33783
33807
35657
33784
33808
35658
33785
33809
35659
33786
33810
35660
33787
33811
35661
33788
33812
35662
33789
33813
35663
33790
33814
35664
33791
33815
35665
33792
33816
35666
33793
33817
35667
33794
33818
35668
33795
33819
35669
33796
33820
35670
33797
33821
35671
33798
33822
35672
33799
33823
35673
33824
35674
33801
33825
35675
33802
33826
35676
33803
33827
35677
33804
33828
35678
33805
33829
35679
33806
33830
35680
33807
33831
35681
33808
33832
35682
33809
33833
35683
33810
33834
35684
33811
33835
35685
33812
33836
35686
33813
33837
35687
33814
33838
35688
33815
33839
35689
33816
33840
35690
33817
33841
35691
33818
33842
35692
33819
33843
35693
33820
33844
35694
33821
33845
35695
33822
33846
35696
33823
33847
35697
33824
33848
35698
33849
35699
33826
33850
35700
33827
33851
35701
33828
33852
35702
33829
33853
35703
33830
33854
35704
33831
33855
35705
33832
33856
35706
33833
33857
35707
33834
33858
35708
33835
33859
35709
33836
33860
35710
33837
33861
35711
33838
33862
35712
33839
33863
35713
33840
33864
35714
33841
33865
35715
33842
33866
35716
33843
33867
35717
33844
33868
35718
33845
33869
35719
33846
33870
35720
33847
33871
35721
33848
33872
35722
33849
33873
35723
33874
35724
33851
33875
35725
33852
33876
35726
33853
33877
35727
33854
33878
35728
33855
33879
35729
33856
33880
35730
33857
33881
35731
33858
33882
35732
33859
33883
35733
33860
33884
35734
33861
33885
35735
33862
33886
35736
33863
33887
35737
33864
33888
35738
33865
33889
35739
33866
33890
35740
33867
33891
35741
33868
33892
35742
33869
33893
35743
33870
33894
35744
33871
33895
35745
33872
33896
35746
33873
33897
35747
33874
33898
35748
33899
35749
33876
33900
35750
33877
33901
35751
33878
33902
35752
33879
33903
35753
33880
33904
35754
33881
33905
35755
33882
33906
35756
33883
33907
35757
33884
33908
35758
33885
33909
35759
33886
33910
35760
33887
33911
35761
33888
33912
35762
33889
33913
35763
33890
33914
35764
33891
33915
35765
33892
33916
35766
33893
33917
35767
33894
33918
35768
33895
33919
35769
33896
33920
35770
33897
33921
35771
33898
33922
35772
33899
33923
35773
33924
35774
33901
33925
35775
33902
33926
35776
33903
33927
35777
33904
33928
35778
33905
33929
35779
33906
33930
35780
33907
33931
35781
33908
33932
35782
33909
33933
35783
33910
33934
35784
33911
33935
35785
33912
33936
35786
33913
33937
35787
33914
33938
35788
33915
33939
35789
33916
33940
35790
33917
33941
35791
33918
33942
35792
33919
33943
35793
33920
33944
35794
33921
33945
35795
33922
33946
35796
33923
33947
35797
33924
33948
35798
33949
35799
33926
33950
35800
33927
33951
35801
33928
33952
35802
33929
33953
35803
33930
33954
35804
33931
33955
35805
33932
33956
35806
33933
33957
35807
33934
33958
35808
33935
33959
35809
33936
33960
35810
33937
33961
35811
33938
33962
35812
33939
33963
35813
33940
33964
35814
33941
33965
35815
33942
33966
35816
33943
33967
35817
33944
33968
35818
33945
33969
35819
33946
33970
35820
33947
33971
35821
33948
33972
35822
33949
33973
35823
33974
35824
33951
33975
35825
33952
33976
35826
33953
33977
35827
33954
33978
35828
33955
33979
35829
33956
33980
35830
33957
33981
35831
33958
33982
35832
33959
33983
35833
33960
33984
35834
33961
33985
35835
33962
33986
35836
33963
33987
35837
33964
33988
35838
33965
33989
35839
33966
33990
35840
33967
33991
35841
33968
33992
35842
33969
33993
35843
33970
33994
35844
33971
33995
35845
33972
33996
35846
33973
33997
35847
33974
33998
35848
33999
35849
33976
34000
35850
33977
34001
35851
33978
34002
35852
33979
34003
35853
33980
34004
35854
33981
34005
35855
33982
34006
35856
33983
34007
35857
33984
34008
35858
33985
34009
35859
33986
34010
35860
33987
34011
35861
33988
34012
35862
33989
34013
35863
33990
34014
35864
33991
34015
35865
33992
34016
35866
33993
34017
35867
33994
34018
35868
33995
34019
35869
33996
34020
35870
33997
34021
35871
33998
34022
35872
33999
34023
35873
34024
35874
34001
34025
35875
34002
34026
35876
34003
34027
35877
34004
34028
35878
34005
34029
35879
34006
34030
35880
34007
34031
35881
34008
34032
35882
34009
34033
35883
34010
34034
35884
34011
34035
35885
34012
34036
35886
34013
34037
35887
34014
34038
35888
34015
34039
35889
34016
34040
35890
34017
34041
35891
34018
34042
35892
34019
34043
35893
34020
34044
35894
34021
34045
35895
34022
34046
35896
34023
34047
35897
34024
34048
35898
34049
35899
34026
34050
35900
34027
34051
35901
34028
34052
35902
34029
34053
35903
34030
34054
35904
34031
34055
35905
34032
34056
35906
34033
34057
35907
34034
34058
35908
34035
34059
35909
34036
34060
35910
34037
34061
35911
34038
34062
35912
34039
34063
35913
34040
34064
35914
34041
34065
35915
34042
34066
35916
34043
34067
35917
34044
34068
35918
34045
34069
35919
34046
34070
35920
34047
34071
35921
34048
34072
35922
34049
34073
35923
34074
35924
34051
34075
35925
34052
34076
35926
34053
34077
35927
34054
34078
35928
34055
34079
35929
34056
34080
35930
34057
34081
35931
34058
34082
35932
34059
34083
35933
34060
34084
35934
34061
34085
35935
34062
34086
35936
34063
34087
35937
34064
34088
35938
34065
34089
35939
34066
34090
35940
34067
34091
35941
34068
34092
35942
34069
34093
35943
34070
34094
35944
34071
34095
35945
34072
34096
35946
34073
34097
35947
34074
34098
35948
34099
35949
34076
34100
35950
34077
34101
35951
34078
34102
35952
34079
34103
35953
34080
34104
35954
34081
34105
35955
34082
34106
35956
34083
34107
35957
34084
34108
35958
34085
34109
35959
34086
34110
35960
34087
34111
35961
34088
34112
35962
34089
34113
35963
34090
34114
35964
34091
34115
35965
34092
34116
35966
34093
34117
35967
34094
34118
35968
34095
34119
35969
34096
34120
35970
34097
34121
35971
34098
34122
35972
34099
34123
35973
34124
35974
34101
34125
35975
34102
34126
35976
34103
34127
35977
34104
34128
35978
34105
34129
35979
34106
34130
35980
34107
34131
35981
34108
34132
35982
34109
34133
35983
34110
34134
35984
34111
34135
35985
34112
34136
35986
34113
34137
35987
34114
34138
35988
34115
34139
35989
34116
34140
35990
34117
34141
35991
34118
34142
35992
34119
34143
35993
34120
34144
35994
34121
34145
35995
34122
34146
35996
34123
34147
35997
34124
34148
35998
34149
35999
34126
34150
36000
34127
34151
36001
34128
34152
36002
34129
34153
36003
34130
34154
36004
34131
34155
36005
34132
34156
36006
34133
34157
36007
34134
34158
36008
34135
34159
36009
34136
34160
36010
34137
34161
36011
34138
34162
36012
34139
34163
36013
34140
34164
36014
34141
34165
36015
34142
34166
36016
34143
34167
36017
34144
34168
36018
34145
34169
36019
34146
34170
36020
34147
34171
36021
34148
34172
36022
34149
34173
36023
34174
36024
34151
34175
36025
34152
34176
36026
34153
34177
36027
34154
34178
36028
34155
34179
36029
34156
34180
36030
34157
34181
36031
34158
34182
36032
34159
34183
36033
34160
34184
36034
34161
34185
36035
34162
34186
36036
34163
34187
36037
34164
34188
36038
34165
34189
36039
34166
34190
36040
34167
34191
36041
34168
34192
36042
34169
34193
36043
34170
34194
36044
34171
34195
36045
34172
34196
36046
34173
34197
36047
34174
34198
36048
34199
36049
34176
34200
36050
34177
34201
36051
34178
34202
36052
34179
34203
36053
34180
34204
36054
34181
34205
36055
34182
34206
36056
34183
34207
36057
34184
34208
36058
34185
34209
36059
34186
34210
36060
34187
34211
36061
34188
34212
36062
34189
34213
36063
34190
34214
36064
34191
34215
36065
34192
34216
36066
34193
34217
36067
34194
34218
36068
34195
34219
36069
34196
34220
36070
34197
34221
36071
34198
34222
36072
34199
34223
36073
34224
36074
34201
34225
36075
34202
34226
36076
34203
34227
36077
34204
34228
36078
34205
34229
36079
34206
34230
36080
34207
34231
36081
34208
34232
36082
34209
34233
36083
34210
34234
36084
34211
34235
36085
34212
34236
36086
34213
34237
36087
34214
34238
36088
34215
34239
36089
34216
34240
36090
34217
34241
36091
34218
34242
36092
34219
34243
36093
34220
34244
36094
34221
34245
36095
34222
34246
36096
34223
34247
36097
34224
34248
36098
34249
36099
34226
34250
36100
34227
34251
36101
34228
34252
36102
34229
34253
36103
34230
34254
36104
34231
34255
36105
34232
34256
36106
34233
34257
36107
34234
34258
36108
34235
34259
36109
34236
34260
36110
34237
34261
36111
34238
34262
36112
34239
34263
36113
34240
34264
36114
34241
34265
36115
34242
34266
36116
34243
34267
36117
34244
34268
36118
34245
34269
36119
34246
34270
36120
34247
34271
36121
34248
34272
36122
34249
34273
36123
34274
36124
34251
34275
36125
34252
34276
36126
34253
34277
36127
34254
34278
36128
34255
34279
36129
34256
34280
36130
34257
34281
36131
34258
34282
36132
34259
34283
36133
34260
34284
36134
34261
34285
36135
34262
34286
36136
34263
34287
36137
34264
34288
36138
34265
34289
36139
34266
34290
36140
34267
34291
36141
34268
34292
36142
34269
34293
36143
34270
34294
36144
34271
34295
36145
34272
34296
36146
34273
34297
36147
34274
34298
36148
34299
36149
34276
34300
36150
34277
34301
36151
34278
34302
36152
34279
34303
36153
34280
34304
36154
34281
34305
36155
34282
34306
36156
34283
34307
36157
34284
34308
36158
34285
34309
36159
34286
34310
36160
34287
34311
36161
34288
34312
36162
34289
34313
36163
34290
34314
36164
34291
34315
36165
34292
34316
36166
34293
34317
36167
34294
34318
36168
34295
34319
36169
34296
34320
36170
34297
34321
36171
34298
34322
36172
34299
34323
36173
34324
36174
34301
34325
36175
34302
34326
36176
34303
34327
36177
34304
34328
36178
34305
34329
36179
34306
34330
36180
34307
34331
36181
34308
34332
36182
34309
34333
36183
34310
34334
36184
34311
34335
36185
34312
34336
36186
34313
34337
36187
34314
34338
36188
34315
34339
36189
34316
34340
36190
34317
34341
36191
34318
34342
36192
34319
34343
36193
34320
34344
36194
34321
34345
36195
34322
34346
36196
34323
34347
36197
34324
34348
36198
34349
36199
34326
34350
36200
34327
34351
36201
34328
34352
36202
34329
34353
36203
34330
34354
36204
34331
34355
36205
34332
34356
36206
34333
34357
36207
34334
34358
36208
34335
34359
36209
34336
34360
36210
34337
34361
36211
34338
34362
36212
34339
34363
36213
34340
34364
36214
34341
34365
36215
34342
34366
36216
34343
34367
36217
34344
34368
36218
34345
34369
36219
34346
34370
36220
34347
34371
36221
34348
34372
36222
34349
34373
36223
34374
36224
34351
34375
36225
34352
34376
36226
34353
34377
36227
34354
34378
36228
34355
34379
36229
34356
34380
36230
34357
34381
36231
34358
34382
36232
34359
34383
36233
34360
34384
36234
34361
34385
36235
34362
34386
36236
34363
34387
36237
34364
34388
36238
34365
34389
36239
34366
34390
36240
34367
34391
36241
34368
34392
36242
34369
34393
36243
34370
34394
36244
34371
34395
36245
34372
34396
36246
34373
34397
36247
34374
34398
36248
34399
36249
34376
34400
36250
34377
34401
36251
34378
34402
36252
34379
34403
36253
34380
34404
36254
34381
34405
36255
34382
34406
36256
34383
34407
36257
34384
34408
36258
34385
34409
36259
34386
34410
36260
34387
34411
36261
34388
34412
36262
34389
34413
36263
34390
34414
36264
34391
34415
36265
34392
34416
36266
34393
34417
36267
34394
34418
36268
34395
34419
36269
34396
34420
36270
34397
34421
36271
34398
34422
36272
34399
34423
36273
34424
36274
34401
34425
36275
34402
34426
36276
34403
34427
36277
34404
34428
36278
34405
34429
36279
34406
34430
36280
34407
34431
36281
34408
34432
36282
34409
34433
36283
34410
34434
36284
34411
34435
36285
34412
34436
36286
34413
34437
36287
34414
34438
36288
34415
34439
36289
34416
34440
36290
34417
34441
36291
34418
34442
36292
34419
34443
36293
34420
34444
36294
34421
34445
36295
34422
34446
36296
34423
34447
36297
34424
34448
36298
34449
36299
34426
34450
36300
34427
34451
36301
34428
34452
36302
34429
34453
36303
34430
34454
36304
34431
34455
36305
34432
34456
36306
34433
34457
36307
34434
34458
36308
34435
34459
36309
34436
34460
36310
34437
34461
36311
34438
34462
36312
34439
34463
36313
34440
34464
36314
34441
34465
36315
34442
34466
36316
34443
34467
36317
34444
34468
36318
34445
34469
36319
34446
34470
36320
34447
34471
36321
34448
34472
36322
34449
34473
36323
34474
36324
34451
34475
36325
34452
34476
36326
34453
34477
36327
34454
34478
36328
34455
34479
36329
34456
34480
36330
34457
34481
36331
34458
34482
36332
34459
34483
36333
34460
34484
36334
34461
34485
36335
34462
34486
36336
34463
34487
36337
34464
34488
36338
34465
34489
36339
34466
34490
36340
34467
34491
36341
34468
34492
36342
34469
34493
36343
34470
34494
36344
34471
34495
36345
34472
34496
36346
34473
34497
36347
34474
34498
36348
34499
36349
34476
34500
36350
34477
34501
36351
34478
34502
36352
34479
34503
36353
34480
34504
36354
34481
34505
36355
34482
34506
36356
34483
34507
36357
34484
34508
36358
34485
34509
36359
34486
34510
36360
34487
34511
36361
34488
34512
36362
34489
34513
36363
34490
34514
36364
34491
34515
36365
34492
34516
36366
34493
34517
36367
34494
34518
36368
34495
34519
36369
34496
34520
36370
34497
34521
36371
34498
34522
36372
34499
34523
36373
34524
36374
34501
34525
36375
34502
34526
36376
34503
34527
36377
34504
34528
36378
34505
34529
36379
34506
34530
36380
34507
34531
36381
34508
34532
36382
34509
34533
36383
34510
34534
36384
34511
34535
36385
34512
34536
36386
34513
34537
36387
34514
34538
36388
34515
34539
36389
34516
34540
36390
34517
34541
36391
34518
34542
36392
34519
34543
36393
34520
34544
36394
34521
34545
36395
34522
34546
36396
34523
34547
36397
34524
34548
36398
34549
36399
34526
34550
36400
34527
34551
36401
34528
34552
36402
34529
34553
36403
34530
34554
36404
34531
34555
36405
34532
34556
36406
34533
34557
36407
34534
34558
36408
34535
34559
36409
34536
34560
36410
34537
34561
36411
34538
34562
36412
34539
34563
36413
34540
34564
36414
34541
34565
36415
34542
34566
36416
34543
34567
36417
34544
34568
36418
34545
34569
36419
34546
34570
36420
34547
34571
36421
34548
34572
36422
34549
34573
36423
34574
36424
34551
34575
36425
34552
34576
36426
34553
34577
36427
34554
34578
36428
34555
34579
36429
34556
34580
36430
34557
34581
36431
34558
34582
36432
34559
34583
36433
34560
34584
36434
34561
34585
36435
34562
34586
36436
34563
34587
36437
34564
34588
36438
34565
34589
36439
34566
34590
36440
34567
34591
36441
34568
34592
36442
34569
34593
36443
34570
34594
36444
34571
34595
36445
34572
34596
36446
34573
34597
36447
34574
34598
36448
34599
36449
34576
34600
36450
34577
34601
36451
34578
34602
36452
34579
34603
36453
34580
34604
36454
34581
34605
36455
34582
34606
36456
34583
34607
36457
34584
34608
36458
34585
34609
36459
34586
34610
36460
34587
34611
36461
34588
34612
36462
34589
34613
36463
34590
34614
36464
34591
34615
36465
34592
34616
36466
34593
34617
36467
34594
34618
36468
34595
34619
36469
34596
34620
36470
34597
34621
36471
34598
34622
36472
34599
34623
36473
34624
36474
34601
34625
36475
34602
34626
36476
34603
34627
36477
34604
34628
36478
34605
34629
36479
34606
34630
36480
34607
34631
36481
34608
34632
36482
34609
34633
36483
34610
34634
36484
34611
34635
36485
34612
34636
36486
34613
34637
36487
34614
34638
36488
34615
34639
36489
34616
34640
36490
34617
34641
36491
34618
34642
36492
34619
34643
36493
34620
34644
36494
34621
34645
36495
34622
34646
36496
34623
34647
36497
34624
34648
36498
34649
36499
34626
34650
36500
34627
34651
36501
34628
34652
36502
34629
34653
36503
34630
34654
36504
34631
34655
36505
34632
34656
36506
34633
34657
36507
34634
34658
36508
34635
34659
36509
34636
34660
36510
34637
34661
36511
34638
34662
36512
34639
34663
36513
34640
34664
36514
34641
34665
36515
34642
34666
36516
34643
34667
36517
34644
34668
36518
34645
34669
36519
34646
34670
36520
34647
34671
36521
34648
34672
36522
34649
34673
36523
34674
36524
34651
34675
36525
34652
34676
36526
34653
34677
36527
34654
34678
36528
34655
34679
36529
34656
34680
36530
34657
34681
36531
34658
34682
36532
34659
34683
36533
34660
34684
36534
34661
34685
36535
34662
34686
36536
34663
34687
36537
34664
34688
36538
34665
34689
36539
34666
34690
36540
34667
34691
36541
34668
34692
36542
34669
34693
36543
34670
34694
36544
34671
34695
36545
34672
34696
36546
34673
34697
36547
34674
34698
36548
34699
36549
34676
34700
36550
34677
34701
36551
34678
34702
36552
34679
34703
36553
34680
34704
36554
34681
34705
36555
34682
34706
36556
34683
34707
36557
34684
34708
36558
34685
34709
36559
34686
34710
36560
34687
34711
36561
34688
34712
36562
34689
34713
36563
34690
34714
36564
34691
34715
36565
34692
34716
36566
34693
34717
36567
34694
34718
36568
34695
34719
36569
34696
34720
36570
34697
34721
36571
34698
34722
36572
34699
34723
36573
34724
36574
34701
34725
36575
34702
34726
36576
34703
34727
36577
34704
34728
36578
34705
34729
36579
34706
34730
36580
34707
34731
36581
34708
34732
36582
34709
34733
36583
34710
34734
36584
34711
34735
36585
34712
34736
36586
34713
34737
36587
34714
34738
36588
34715
34739
36589
34716
34740
36590
34717
34741
36591
34718
34742
36592
34719
34743
36593
34720
34744
36594
34721
34745
36595
34722
34746
36596
34723
34747
36597
34724
34748
36598
34749
36599
34726
34750
36600
34727
34751
36601
34728
34752
36602
34729
34753
36603
34730
34754
36604
34731
34755
36605
34732
34756
36606
34733
34757
36607
34734
34758
36608
34735
34759
36609
34736
34760
36610
34737
34761
36611
34738
34762
36612
34739
34763
36613
34740
34764
36614
34741
34765
36615
34742
34766
36616
34743
34767
36617
34744
34768
36618
34745
34769
36619
34746
34770
36620
34747
34771
36621
34748
34772
36622
34749
34773
36623
34774
36624
34751
34775
36625
34752
34776
36626
34753
34777
36627
34754
34778
36628
34755
34779
36629
34756
34780
36630
34757
34781
36631
34758
34782
36632
34759
34783
36633
34760
34784
36634
34761
34785
36635
34762
34786
36636
34763
34787
36637
34764
34788
36638
34765
34789
36639
34766
34790
36640
34767
34791
36641
34768
34792
36642
34769
34793
36643
34770
34794
36644
34771
34795
36645
34772
34796
36646
34773
34797
36647
34774
34798
36648
34799
36649
34776
34800
36650
34777
34801
36651
34778
34802
36652
34779
34803
36653
34780
34804
36654
34781
34805
36655
34782
34806
36656
34783
34807
36657
34784
34808
36658
34785
34809
36659
34786
34810
36660
34787
34811
36661
34788
34812
36662
34789
34813
36663
34790
34814
36664
34791
34815
36665
34792
34816
36666
34793
34817
36667
34794
34818
36668
34795
34819
36669
34796
34820
36670
34797
34821
36671
34798
34822
36672
34799
34823
36673
34824
36674
34801
34825
36675
34802
34826
36676
34803
34827
36677
34804
34828
36678
34805
34829
36679
34806
34830
36680
34807
34831
36681
34808
34832
36682
34809
34833
36683
34810
34834
36684
34811
34835
36685
34812
34836
36686
34813
34837
36687
34814
34838
36688
34815
34839
36689
34816
34840
36690
34817
34841
36691
34818
34842
36692
34819
34843
36693
34820
34844
36694
34821
34845
36695
34822
34846
36696
34823
34847
36697
34824
34848
36698
34849
36699
34826
34850
36700
34827
34851
36701
34828
34852
36702
34829
34853
36703
34830
34854
36704
34831
34855
36705
34832
34856
36706
34833
34857
36707
34834
34858
36708
34835
34859
36709
34836
34860
36710
34837
34861
36711
34838
34862
36712
34839
34863
36713
34840
34864
36714
34841
34865
36715
34842
34866
36716
34843
34867
36717
34844
34868
36718
34845
34869
36719
34846
34870
36720
34847
34871
36721
34848
34872
36722
34849
34873
36723
34874
36724
34851
34875
36725
34852
34876
36726
34853
34877
36727
34854
34878
36728
34855
34879
36729
34856
34880
36730
34857
34881
36731
34858
34882
36732
34859
34883
36733
34860
34884
36734
34861
34885
36735
34862
34886
36736
34863
34887
36737
34864
34888
36738
34865
34889
36739
34866
34890
36740
34867
34891
36741
34868
34892
36742
34869
34893
36743
34870
34894
36744
34871
34895
36745
34872
34896
36746
34873
34897
36747
34874
34898
36748
34899
36749
34876
34900
36750
34877
34901
36751
34878
34902
36752
34879
34903
36753
34880
34904
36754
34881
34905
36755
34882
34906
36756
34883
34907
36757
34884
34908
36758
34885
34909
36759
34886
34910
36760
34887
34911
36761
34888
34912
36762
34889
34913
36763
34890
34914
36764
34891
34915
36765
34892
34916
36766
34893
34917
36767
34894
34918
36768
34895
34919
36769
34896
34920
36770
34897
34921
36771
34898
34922
36772
34899
34923
36773
34924
36774
34901
34925
36775
34902
34926
36776
34903
34927
36777
34904
34928
36778
34905
34929
36779
34906
34930
36780
34907
34931
36781
34908
34932
36782
34909
34933
36783
34910
34934
36784
34911
34935
36785
34912
34936
36786
34913
34937
36787
34914
34938
36788
34915
34939
36789
34916
34940
36790
34917
34941
36791
34918
34942
36792
34919
34943
36793
34920
34944
36794
34921
34945
36795
34922
34946
36796
34923
34947
36797
34924
34948
36798
34949
36799
34926
34950
36800
34927
34951
36801
34928
34952
36802
34929
34953
36803
34930
34954
36804
34931
34955
36805
34932
34956
36806
34933
34957
36807
34934
34958
36808
34935
34959
36809
34936
34960
36810
34937
34961
36811
34938
34962
36812
34939
34963
36813
34940
34964
36814
34941
34965
36815
34942
34966
36816
34943
34967
36817
34944
34968
36818
34945
34969
36819
34946
34970
36820
34947
34971
36821
34948
34972
36822
34949
34973
36823
34974
36824
34951
34975
36825
34952
34976
36826
34953
34977
36827
34954
34978
36828
34955
34979
36829
34956
34980
36830
34957
34981
36831
34958
34982
36832
34959
34983
36833
34960
34984
36834
34961
34985
36835
34962
34986
36836
34963
34987
36837
34964
34988
36838
34965
34989
36839
34966
34990
36840
34967
34991
36841
34968
34992
36842
34969
34993
36843
34970
34994
36844
34971
34995
36845
34972
34996
36846
34973
34997
36847
34974
34998
36848
34999
36849
34976
35000
36850
34977
35001
36851
34978
35002
36852
34979
35003
36853
34980
35004
36854
34981
35005
36855
34982
35006
36856
34983
35007
36857
34984
35008
36858
34985
35009
36859
34986
35010
36860
34987
35011
36861
34988
35012
36862
34989
35013
36863
34990
35014
36864
34991
35015
36865
34992
35016
36866
34993
35017
36867
34994
35018
36868
34995
35019
36869
34996
35020
36870
34997
35021
36871
34998
35022
36872
34999
35023
36873
35024
36874
35001
35025
36875
35002
35026
36876
35003
35027
36877
35004
35028
36878
35005
35029
36879
35006
35030
36880
35007
35031
36881
35008
35032
36882
35009
35033
36883
35010
35034
36884
35011
35035
36885
35012
35036
36886
35013
35037
36887
35014
35038
36888
35015
35039
36889
35016
35040
36890
35017
35041
36891
35018
35042
36892
35019
35043
36893
35020
35044
36894
35021
35045
36895
35022
35046
36896
35023
35047
36897
35024
35048
36898
35049
36899
35026
35050
36900
35027
35051
36901
35028
35052
36902
35029
35053
36903
35030
35054
36904
35031
35055
36905
35032
35056
36906
35033
35057
36907
35034
35058
36908
35035
35059
36909
35036
35060
36910
35037
35061
36911
35038
35062
36912
35039
35063
36913
35040
35064
36914
35041
35065
36915
35042
35066
36916
35043
35067
36917
35044
35068
36918
35045
35069
36919
35046
35070
36920
35047
35071
36921
35048
35072
36922
35049
35073
36923
35074
36924
35051
35075
36925
35052
35076
36926
35053
35077
36927
35054
35078
36928
35055
35079
36929
35056
35080
36930
35057
35081
36931
35058
35082
36932
35059
35083
36933
35060
35084
36934
35061
35085
36935
35062
35086
36936
35063
35087
36937
35064
35088
36938
35065
35089
36939
35066
35090
36940
35067
35091
36941
35068
35092
36942
35069
35093
36943
35070
35094
36944
35071
35095
36945
35072
35096
36946
35073
35097
36947
35074
35098
36948
35099
36949
35076
35100
36950
35077
35101
36951
35078
35102
36952
35079
35103
36953
35080
35104
36954
35081
35105
36955
35082
35106
36956
35083
35107
36957
35084
35108
36958
35085
35109
36959
35086
35110
36960
35087
35111
36961
35088
35112
36962
35089
35113
36963
35090
35114
36964
35091
35115
36965
35092
35116
36966
35093
35117
36967
35094
35118
36968
35095
35119
36969
35096
35120
36970
35097
35121
36971
35098
35122
36972
35099
35123
36973
35124
36974
35101
35125
36975
35102
35126
36976
35103
35127
36977
35104
35128
36978
35105
35129
36979
35106
35130
36980
35107
35131
36981
35108
35132
36982
35109
35133
36983
35110
35134
36984
35111
35135
36985
35112
35136
36986
35113
35137
36987
35114
35138
36988
35115
35139
36989
35116
35140
36990
35117
35141
36991
35118
35142
36992
35119
35143
36993
35120
35144
36994
35121
35145
36995
35122
35146
36996
35123
35147
36997
35124
35148
36998
35149
36999
35126
35150
37000
35127
35151
37001
35128
35152
37002
35129
35153
37003
35130
35154
37004
35131
35155
37005
35132
35156
37006
35133
35157
37007
35134
35158
37008
35135
35159
37009
35136
35160
37010
35137
35161
37011
35138
35162
37012
35139
35163
37013
35140
35164
37014
35141
35165
37015
35142
35166
37016
35143
35167
37017
35144
35168
37018
35145
35169
37019
35146
35170
37020
35147
35171
37021
35148
35172
37022
35149
35173
37023
35174
37024
35151
35175
37025
35152
35176
37026
35153
35177
37027
35154
35178
37028
35155
35179
37029
35156
35180
37030
35157
35181
37031
35158
35182
37032
35159
35183
37033
35160
35184
37034
35161
35185
37035
35162
35186
37036
35163
35187
37037
35164
35188
37038
35165
35189
37039
35166
35190
37040
35167
35191
37041
35168
35192
37042
35169
35193
37043
35170
35194
37044
35171
35195
37045
35172
35196
37046
35173
35197
37047
35174
35198
37048
35199
37049
35176
35200
37050
35177
35201
37051
35178
35202
37052
35179
35203
37053
35180
35204
37054
35181
35205
37055
35182
35206
37056
35183
35207
37057
35184
35208
37058
35185
35209
37059
35186
35210
37060
35187
35211
37061
35188
35212
37062
35189
35213
37063
35190
35214
37064
35191
35215
37065
35192
35216
37066
35193
35217
37067
35194
35218
37068
35195
35219
37069
35196
35220
37070
35197
35221
37071
35198
35222
37072
35199
35223
37073
35224
37074
35201
35225
37075
35202
35226
37076
35203
35227
37077
35204
35228
37078
35205
35229
37079
35206
35230
37080
35207
35231
37081
35208
35232
37082
35209
35233
37083
35210
35234
37084
35211
35235
37085
35212
35236
37086
35213
35237
37087
35214
35238
37088
35215
35239
37089
35216
35240
37090
35217
35241
37091
35218
35242
37092
35219
35243
37093
35220
35244
37094
35221
35245
37095
35222
35246
37096
35223
35247
37097
35224
35248
37098
35249
37099
35226
35250
37100
35227
35251
37101
35228
35252
37102
35229
35253
37103
35230
35254
37104
35231
35255
37105
35232
35256
37106
35233
35257
37107
35234
35258
37108
35235
35259
37109
35236
35260
37110
35237
35261
37111
35238
35262
37112
35239
35263
37113
35240
35264
37114
35241
35265
37115
35242
35266
37116
35243
35267
37117
35244
35268
37118
35245
35269
37119
35246
35270
37120
35247
35271
37121
35248
35272
37122
35249
35273
37123
35274
37124
35251
35275
37125
35252
35276
37126
35253
35277
37127
35254
35278
37128
35255
35279
37129
35256
35280
37130
35257
35281
37131
35258
35282
37132
35259
35283
37133
35260
35284
37134
35261
35285
37135
35262
35286
37136
35263
35287
37137
35264
35288
37138
35265
35289
37139
35266
35290
37140
35267
35291
37141
35268
35292
37142
35269
35293
37143
35270
35294
37144
35271
35295
37145
35272
35296
37146
35273
35297
37147
35274
35298
37148
35299
37149
35276
35300
37150
35277
35301
37151
35278
35302
37152
35279
35303
37153
35280
35304
37154
35281
35305
37155
35282
35306
37156
35283
35307
37157
35284
35308
37158
35285
35309
37159
35286
35310
37160
35287
35311
37161
35288
35312
37162
35289
35313
37163
35290
35314
37164
35291
35315
37165
35292
35316
37166
35293
35317
37167
35294
35318
37168
35295
35319
37169
35296
35320
37170
35297
35321
37171
35298
35322
37172
35299
35323
37173
35324
37174
35301
35325
37175
35302
35326
37176
35303
35327
37177
35304
35328
37178
35305
35329
37179
35306
35330
37180
35307
35331
37181
35308
35332
37182
35309
35333
37183
35310
35334
37184
35311
35335
37185
35312
35336
37186
35313
35337
37187
35314
35338
37188
35315
35339
37189
35316
35340
37190
35317
35341
37191
35318
35342
37192
35319
35343
37193
35320
35344
37194
35321
35345
37195
35322
35346
37196
35323
35347
37197
35324
35348
37198
35349
37199
35326
35350
37200
35327
35351
37201
35328
35352
37202
35329
35353
37203
35330
35354
37204
35331
35355
37205
35332
35356
37206
35333
35357
37207
35334
35358
37208
35335
35359
37209
35336
35360
37210
35337
35361
37211
35338
35362
37212
35339
35363
37213
35340
35364
37214
35341
35365
37215
35342
35366
37216
35343
35367
37217
35344
35368
37218
35345
35369
37219
35346
35370
37220
35347
35371
37221
35348
35372
37222
35349
35373
37223
35374
37224
35351
35375
37225
35352
35376
37226
35353
35377
37227
35354
35378
37228
35355
35379
37229
35356
35380
37230
35357
35381
37231
35358
35382
37232
35359
35383
37233
35360
35384
37234
35361
35385
37235
35362
35386
37236
35363
35387
37237
35364
35388
37238
35365
35389
37239
35366
35390
37240
35367
35391
37241
35368
35392
37242
35369
35393
37243
35370
35394
37244
35371
35395
37245
35372
35396
37246
35373
35397
37247
35374
35398
37248
35399
37249
35376
35400
37250
35377
35401
37251
35378
35402
37252
35379
35403
37253
35380
35404
37254
35381
35405
37255
35382
35406
37256
35383
35407
37257
35384
35408
37258
35385
35409
37259
35386
35410
37260
35387
35411
37261
35388
35412
37262
35389
35413
37263
35390
35414
37264
35391
35415
37265
35392
35416
37266
35393
35417
37267
35394
35418
37268
35395
35419
37269
35396
35420
37270
35397
35421
37271
35398
35422
37272
35399
35423
37273
35424
37274
35401
35425
37275
35402
35426
37276
35403
35427
37277
35404
35428
37278
35405
35429
37279
35406
35430
37280
35407
35431
37281
35408
35432
37282
35409
35433
37283
35410
35434
37284
35411
35435
37285
35412
35436
37286
35413
35437
37287
35414
35438
37288
35415
35439
37289
35416
35440
37290
35417
35441
37291
35418
35442
37292
35419
35443
37293
35420
35444
37294
35421
35445
37295
35422
35446
37296
35423
35447
37297
35424
35448
37298
35449
37299
35426
35450
37300
35427
35451
37301
35428
35452
37302
35429
35453
37303
35430
35454
37304
35431
35455
37305
35432
35456
37306
35433
35457
37307
35434
35458
37308
35435
35459
37309
35436
35460
37310
35437
35461
37311
35438
35462
37312
35439
35463
37313
35440
35464
37314
35441
35465
37315
35442
35466
37316
35443
35467
37317
35444
35468
37318
35445
35469
37319
35446
35470
37320
35447
35471
37321
35448
35472
37322
35449
35473
37323
35474
37324
35451
35475
37325
35452
35476
37326
35453
35477
37327
35454
35478
37328
35455
35479
37329
35456
35480
37330
35457
35481
37331
35458
35482
37332
35459
35483
37333
35460
35484
37334
35461
35485
37335
35462
35486
37336
35463
35487
37337
35464
35488
37338
35465
35489
37339
35466
35490
37340
35467
35491
37341
35468
35492
37342
35469
35493
37343
35470
35494
37344
35471
35495
37345
35472
35496
37346
35473
35497
37347
35474
35498
37348
35499
37349
35476
35500
37350
35477
35501
37351
35478
35502
37352
35479
35503
37353
35480
35504
37354
35481
35505
37355
35482
35506
37356
35483
35507
37357
35484
35508
37358
35485
35509
37359
35486
35510
37360
35487
35511
37361
35488
35512
37362
35489
35513
37363
35490
35514
37364
35491
35515
37365
35492
35516
37366
35493
35517
37367
35494
35518
37368
35495
35519
37369
35496
35520
37370
35497
35521
37371
35498
35522
37372
35499
35523
37373
35524
37374
35501
35525
37375
35502
35526
37376
35503
35527
37377
35504
35528
37378
35505
35529
37379
35506
35530
37380
35507
35531
37381
35508
35532
37382
35509
35533
37383
35510
35534
37384
35511
35535
37385
35512
35536
37386
35513
35537
37387
35514
35538
37388
35515
35539
37389
35516
35540
37390
35517
35541
37391
35518
35542
37392
35519
35543
37393
35520
35544
37394
35521
35545
37395
35522
35546
37396
35523
35547
37397
35524
35548
37398
35549
37399
35526
35550
37400
35527
35551
37401
35528
35552
37402
35529
35553
37403
35530
35554
37404
35531
35555
37405
35532
35556
37406
35533
35557
37407
35534
35558
37408
35535
35559
37409
35536
35560
37410
35537
35561
37411
35538
35562
37412
35539
35563
37413
35540
35564
37414
35541
35565
37415
35542
35566
37416
35543
35567
37417
35544
35568
37418
35545
35569
37419
35546
35570
37420
35547
35571
37421
35548
35572
37422
35549
35573
37423
35574
37424
35551
35575
37425
35552
35576
37426
35553
35577
37427
35554
35578
37428
35555
35579
37429
35556
35580
37430
35557
35581
37431
35558
35582
37432
35559
35583
37433
35560
35584
37434
35561
35585
37435
35562
35586
37436
35563
35587
37437
35564
35588
37438
35565
35589
37439
35566
35590
37440
35567
35591
37441
35568
35592
37442
35569
35593
37443
35570
35594
37444
35571
35595
37445
35572
35596
37446
35573
35597
37447
35574
35598
37448
35599
37449
35576
35600
37450
35577
35601
37451
35578
35602
37452
35579
35603
37453
35580
35604
37454
35581
35605
37455
35582
35606
37456
35583
35607
37457
35584
35608
37458
35585
35609
37459
35586
35610
37460
35587
35611
37461
35588
35612
37462
35589
35613
37463
35590
35614
37464
35591
35615
37465
35592
35616
37466
35593
35617
37467
35594
35618
37468
35595
35619
37469
35596
35620
37470
35597
35621
37471
35598
35622
37472
35599
35623
37473
35624
37474
35601
37475
35602
37476
35603
37477
35604
37478
35605
37479
35606
37480
35607
37481
35608
37482
35609
37483
35610
37484
35611
37485
35612
37486
35613
37487
35614
37488
35615
37489
35616
37490
35617
37491
35618
37492
35619
37493
35620
37494
35621
37495
35622
37496
35623
37497
35624
37498
37499
35626
35650
37500
35627
35651
37501
35628
35652
37502
35629
35653
37503
35630
35654
37504
35631
35655
37505
35632
35656
37506
35633
35657
37507
35634
35658
37508
35635
35659
37509
35636
35660
37510
35637
35661
37511
35638
35662
37512
35639
35663
37513
35640
35664
37514
35641
35665
37515
35642
35666
37516
35643
35667
37517
35644
35668
37518
35645
35669
37519
35646
35670
37520
35647
35671
37521
35648
35672
37522
35649
35673
37523
35674
37524
35651
35675
37525
35652
35676
37526
35653
35677
37527
35654
35678
37528
35655
35679
37529
35656
35680
37530
35657
35681
37531
35658
35682
37532
35659
35683
37533
35660
35684
37534
35661
35685
37535
35662
35686
37536
35663
35687
37537
35664
35688
37538
35665
35689
37539
35666
35690
37540
35667
35691
37541
35668
35692
37542
35669
35693
37543
35670
35694
37544
35671
35695
37545
35672
35696
37546
35673
35697
37547
35674
35698
37548
35699
37549
35676
35700
37550
35677
35701
37551
35678
35702
37552
35679
35703
37553
35680
35704
37554
35681
35705
37555
35682
35706
37556
35683
35707
37557
35684
35708
37558
35685
35709
37559
35686
35710
37560
35687
35711
37561
35688
35712
37562
35689
35713
37563
35690
35714
37564
35691
35715
37565
35692
35716
37566
35693
35717
37567
35694
35718
37568
35695
35719
37569
35696
35720
37570
35697
35721
37571
35698
35722
37572
35699
35723
37573
35724
37574
35701
35725
37575
35702
35726
37576
35703
35727
37577
35704
35728
37578
35705
35729
37579
35706
35730
37580
35707
35731
37581
35708
35732
37582
35709
35733
37583
35710
35734
37584
35711
35735
37585
35712
35736
37586
35713
35737
37587
35714
35738
37588
35715
35739
37589
35716
35740
37590
35717
35741
37591
35718
35742
37592
35719
35743
37593
35720
35744
37594
35721
35745
37595
35722
35746
37596
35723
35747
37597
35724
35748
37598
35749
37599
35726
35750
37600
35727
35751
37601
35728
35752
37602
35729
35753
37603
35730
35754
37604
35731
35755
37605
35732
35756
37606
35733
35757
37607
35734
35758
37608
35735
35759
37609
35736
35760
37610
35737
35761
37611
35738
35762
37612
35739
35763
37613
35740
35764
37614
35741
35765
37615
35742
35766
37616
35743
35767
37617
35744
35768
37618
35745
35769
37619
35746
35770
37620
35747
35771
37621
35748
35772
37622
35749
35773
37623
35774
37624
35751
35775
37625
35752
35776
37626
35753
35777
37627
35754
35778
37628
35755
35779
37629
35756
35780
37630
35757
35781
37631
35758
35782
37632
35759
35783
37633
35760
35784
37634
35761
35785
37635
35762
35786
37636
35763
35787
37637
35764
35788
37638
35765
35789
37639
35766
35790
37640
35767
35791
37641
35768
35792
37642
35769
35793
37643
35770
35794
37644
35771
35795
37645
35772
35796
37646
35773
35797
37647
35774
35798
37648
35799
37649
35776
35800
37650
35777
35801
37651
35778
35802
37652
35779
35803
37653
35780
35804
37654
35781
35805
37655
35782
35806
37656
35783
35807
37657
35784
35808
37658
35785
35809
37659
35786
35810
37660
35787
35811
37661
35788
35812
37662
35789
35813
37663
35790
35814
37664
35791
35815
37665
35792
35816
37666
35793
35817
37667
35794
35818
37668
35795
35819
37669
35796
35820
37670
35797
35821
37671
35798
35822
37672
35799
35823
37673
35824
37674
35801
35825
37675
35802
35826
37676
35803
35827
37677
35804
35828
37678
35805
35829
37679
35806
35830
37680
35807
35831
37681
35808
35832
37682
35809
35833
37683
35810
35834
37684
35811
35835
37685
35812
35836
37686
35813
35837
37687
35814
35838
37688
35815
35839
37689
35816
35840
37690
35817
35841
37691
35818
35842
37692
35819
35843
37693
35820
35844
37694
35821
35845
37695
35822
35846
37696
35823
35847
37697
35824
35848
37698
35849
37699
35826
35850
37700
35827
35851
37701
35828
35852
37702
35829
35853
37703
35830
35854
37704
35831
35855
37705
35832
35856
37706
35833
35857
37707
35834
35858
37708
35835
35859
37709
35836
35860
37710
35837
35861
37711
35838
35862
37712
35839
35863
37713
35840
35864
37714
35841
35865
37715
35842
35866
37716
35843
35867
37717
35844
35868
37718
35845
35869
37719
35846
35870
37720
35847
35871
37721
35848
35872
37722
35849
35873
37723
35874
37724
35851
35875
37725
35852
35876
37726
35853
35877
37727
35854
35878
37728
35855
35879
37729
35856
35880
37730
35857
35881
37731
35858
35882
37732
35859
35883
37733
35860
35884
37734
35861
35885
37735
35862
35886
37736
35863
35887
37737
35864
35888
37738
35865
35889
37739
35866
35890
37740
35867
35891
37741
35868
35892
37742
35869
35893
37743
35870
35894
37744
35871
35895
37745
35872
35896
37746
35873
35897
37747
35874
35898
37748
35899
37749
35876
35900
37750
35877
35901
37751
35878
35902
37752
35879
35903
37753
35880
35904
37754
35881
35905
37755
35882
35906
37756
35883
35907
37757
35884
35908
37758
35885
35909
37759
35886
35910
37760
35887
35911
37761
35888
35912
37762
35889
35913
37763
35890
35914
37764
35891
35915
37765
35892
35916
37766
35893
35917
37767
35894
35918
37768
35895
35919
37769
35896
35920
37770
35897
35921
37771
35898
35922
37772
35899
35923
37773
35924
37774
35901
35925
37775
35902
35926
37776
35903
35927
37777
35904
35928
37778
35905
35929
37779
35906
35930
37780
35907
35931
37781
35908
35932
37782
35909
35933
37783
35910
35934
37784
35911
35935
37785
35912
35936
37786
35913
35937
37787
35914
35938
37788
35915
35939
37789
35916
35940
37790
35917
35941
37791
35918
35942
37792
35919
35943
37793
35920
35944
37794
35921
35945
37795
35922
35946
37796
35923
35947
37797
35924
35948
37798
35949
37799
35926
35950
37800
35927
35951
37801
35928
35952
37802
35929
35953
37803
35930
35954
37804
35931
35955
37805
35932
35956
37806
35933
35957
37807
35934
35958
37808
35935
35959
37809
35936
35960
37810
35937
35961
37811
35938
35962
37812
35939
35963
37813
35940
35964
37814
35941
35965
37815
35942
35966
37816
35943
35967
37817
35944
35968
37818
35945
35969
37819
35946
35970
37820
35947
35971
37821
35948
35972
37822
35949
35973
37823
35974
37824
35951
35975
37825
35952
35976
37826
35953
35977
37827
35954
35978
37828
35955
35979
37829
35956
35980
37830
35957
35981
37831
35958
35982
37832
35959
35983
37833
35960
35984
37834
35961
35985
37835
35962
35986
37836
35963
35987
37837
35964
35988
37838
35965
35989
37839
35966
35990
37840
35967
35991
37841
35968
35992
37842
35969
35993
37843
35970
35994
37844
35971
35995
37845
35972
35996
37846
35973
35997
37847
35974
35998
37848
35999
37849
35976
36000
37850
35977
36001
37851
35978
36002
37852
35979
36003
37853
35980
36004
37854
35981
36005
37855
35982
36006
37856
35983
36007
37857
35984
36008
37858
35985
36009
37859
35986
36010
37860
35987
36011
37861
35988
36012
37862
35989
36013
37863
35990
36014
37864
35991
36015
37865
35992
36016
37866
35993
36017
37867
35994
36018
37868
35995
36019
37869
35996
36020
37870
35997
36021
37871
35998
36022
37872
35999
36023
37873
36024
37874
36001
36025
37875
36002
36026
37876
36003
36027
37877
36004
36028
37878
36005
36029
37879
36006
36030
37880
36007
36031
37881
36008
36032
37882
36009
36033
37883
36010
36034
37884
36011
36035
37885
36012
36036
37886
36013
36037
37887
36014
36038
37888
36015
36039
37889
36016
36040
37890
36017
36041
37891
36018
36042
37892
36019
36043
37893
36020
36044
37894
36021
36045
37895
36022
36046
37896
36023
36047
37897
36024
36048
37898
36049
37899
36026
36050
37900
36027
36051
37901
36028
36052
37902
36029
36053
37903
36030
36054
37904
36031
36055
37905
36032
36056
37906
36033
36057
37907
36034
36058
37908
36035
36059
37909
36036
36060
37910
36037
36061
37911
36038
36062
37912
36039
36063
37913
36040
36064
37914
36041
36065
37915
36042
36066
37916
36043
36067
37917
36044
36068
37918
36045
36069
37919
36046
36070
37920
36047
36071
37921
36048
36072
37922
36049
36073
37923
36074
37924
36051
36075
37925
36052
36076
37926
36053
36077
37927
36054
36078
37928
36055
36079
37929
36056
36080
37930
36057
36081
37931
36058
36082
37932
36059
36083
37933
36060
36084
37934
36061
36085
37935
36062
36086
37936
36063
36087
37937
36064
36088
37938
36065
36089
37939
36066
36090
37940
36067
36091
37941
36068
36092
37942
36069
36093
37943
36070
36094
37944
36071
36095
37945
36072
36096
37946
36073
36097
37947
36074
36098
37948
36099
37949
36076
36100
37950
36077
36101
37951
36078
36102
37952
36079
36103
37953
36080
36104
37954
36081
36105
37955
36082
36106
37956
36083
36107
37957
36084
36108
37958
36085
36109
37959
36086
36110
37960
36087
36111
37961
36088
36112
37962
36089
36113
37963
36090
36114
37964
36091
36115
37965
36092
36116
37966
36093
36117
37967
36094
36118
37968
36095
36119
37969
36096
36120
37970
36097
36121
37971
36098
36122
37972
36099
36123
37973
36124
37974
36101
36125
37975
36102
36126
37976
36103
36127
37977
36104
36128
37978
36105
36129
37979
36106
36130
37980
36107
36131
37981
36108
36132
37982
36109
36133
37983
36110
36134
37984
36111
36135
37985
36112
36136
37986
36113
36137
37987
36114
36138
37988
36115
36139
37989
36116
36140
37990
36117
36141
37991
36118
36142
37992
36119
36143
37993
36120
36144
37994
36121
36145
37995
36122
36146
37996
36123
36147
37997
36124
36148
37998
36149
37999
36126
36150
38000
36127
36151
38001
36128
36152
38002
36129
36153
38003
36130
36154
38004
36131
36155
38005
36132
36156
38006
36133
36157
38007
36134
36158
38008
36135
36159
38009
36136
36160
38010
36137
36161
38011
36138
36162
38012
36139
36163
38013
36140
36164
38014
36141
36165
38015
36142
36166
38016
36143
36167
38017
36144
36168
38018
36145
36169
38019
36146
36170
38020
36147
36171
38021
36148
36172
38022
36149
36173
38023
36174
38024
36151
36175
38025
36152
36176
38026
36153
36177
38027
36154
36178
38028
36155
36179
38029
36156
36180
38030
36157
36181
38031
36158
36182
38032
36159
36183
38033
36160
36184
38034
36161
36185
38035
36162
36186
38036
36163
36187
38037
36164
36188
38038
36165
36189
38039
36166
36190
38040
36167
36191
38041
36168
36192
38042
36169
36193
38043
36170
36194
38044
36171
36195
38045
36172
36196
38046
36173
36197
38047
36174
36198
38048
36199
38049
36176
36200
38050
36177
36201
38051
36178
36202
38052
36179
36203
38053
36180
36204
38054
36181
36205
38055
36182
36206
38056
36183
36207
38057
36184
36208
38058
36185
36209
38059
36186
36210
38060
36187
36211
38061
36188
36212
38062
36189
36213
38063
36190
36214
38064
36191
36215
38065
36192
36216
38066
36193
36217
38067
36194
36218
38068
36195
36219
38069
36196
36220
38070
36197
36221
38071
36198
36222
38072
36199
36223
38073
36224
38074
36201
36225
38075
36202
36226
38076
36203
36227
38077
36204
36228
38078
36205
36229
38079
36206
36230
38080
36207
36231
38081
36208
36232
38082
36209
36233
38083
36210
36234
38084
36211
36235
38085
36212
36236
38086
36213
36237
38087
36214
36238
38088
36215
36239
38089
36216
36240
38090
36217
36241
38091
36218
36242
38092
36219
36243
38093
36220
36244
38094
36221
36245
38095
36222
36246
38096
36223
36247
38097
36224
36248
38098
36249
38099
36226
36250
38100
36227
36251
38101
36228
36252
38102
36229
36253
38103
36230
36254
38104
36231
36255
38105
36232
36256
38106
36233
36257
38107
36234
36258
38108
36235
36259
38109
36236
36260
38110
36237
36261
38111
36238
36262
38112
36239
36263
38113
36240
36264
38114
36241
36265
38115
36242
36266
38116
36243
36267
38117
36244
36268
38118
36245
36269
38119
36246
36270
38120
36247
36271
38121
36248
36272
38122
36249
36273
38123
36274
38124
36251
36275
38125
36252
36276
38126
36253
36277
38127
36254
36278
38128
36255
36279
38129
36256
36280
38130
36257
36281
38131
36258
36282
38132
36259
36283
38133
36260
36284
38134
36261
36285
38135
36262
36286
38136
36263
36287
38137
36264
36288
38138
36265
36289
38139
36266
36290
38140
36267
36291
38141
36268
36292
38142
36269
36293
38143
36270
36294
38144
36271
36295
38145
36272
36296
38146
36273
36297
38147
36274
36298
38148
36299
38149
36276
36300
38150
36277
36301
38151
36278
36302
38152
36279
36303
38153
36280
36304
38154
36281
36305
38155
36282
36306
38156
36283
36307
38157
36284
36308
38158
36285
36309
38159
36286
36310
38160
36287
36311
38161
36288
36312
38162
36289
36313
38163
36290
36314
38164
36291
36315
38165
36292
36316
38166
36293
36317
38167
36294
36318
38168
36295
36319
38169
36296
36320
38170
36297
36321
38171
36298
36322
38172
36299
36323
38173
36324
38174
36301
36325
38175
36302
36326
38176
36303
36327
38177
36304
36328
38178
36305
36329
38179
36306
36330
38180
36307
36331
38181
36308
36332
38182
36309
36333
38183
36310
36334
38184
36311
36335
38185
36312
36336
38186
36313
36337
38187
36314
36338
38188
36315
36339
38189
36316
36340
38190
36317
36341
38191
36318
36342
38192
36319
36343
38193
36320
36344
38194
36321
36345
38195
36322
36346
38196
36323
36347
38197
36324
36348
38198
36349
38199
36326
36350
38200
36327
36351
38201
36328
36352
38202
36329
36353
38203
36330
36354
38204
36331
36355
38205
36332
36356
38206
36333
36357
38207
36334
36358
38208
36335
36359
38209
36336
36360
38210
36337
36361
38211
36338
36362
38212
36339
36363
38213
36340
36364
38214
36341
36365
38215
36342
36366
38216
36343
36367
38217
36344
36368
38218
36345
36369
38219
36346
36370
38220
36347
36371
38221
36348
36372
38222
36349
36373
38223
36374
38224
36351
36375
38225
36352
36376
38226
36353
36377
38227
36354
36378
38228
36355
36379
38229
36356
36380
38230
36357
36381
38231
36358
36382
38232
36359
36383
38233
36360
36384
38234
36361
36385
38235
36362
36386
38236
36363
36387
38237
36364
36388
38238
36365
36389
38239
36366
36390
38240
36367
36391
38241
36368
36392
38242
36369
36393
38243
36370
36394
38244
36371
36395
38245
36372
36396
38246
36373
36397
38247
36374
36398
38248
36399
38249
36376
36400
38250
36377
36401
38251
36378
36402
38252
36379
36403
38253
36380
36404
38254
36381
36405
38255
36382
36406
38256
36383
36407
38257
36384
36408
38258
36385
36409
38259
36386
36410
38260
36387
36411
38261
36388
36412
38262
36389
36413
38263
36390
36414
38264
36391
36415
38265
36392
36416
38266
36393
36417
38267
36394
36418
38268
36395
36419
38269
36396
36420
38270
36397
36421
38271
36398
36422
38272
36399
36423
38273
36424
38274
36401
36425
38275
36402
36426
38276
36403
36427
38277
36404
36428
38278
36405
36429
38279
36406
36430
38280
36407
36431
38281
36408
36432
38282
36409
36433
38283
36410
36434
38284
36411
36435
38285
36412
36436
38286
36413
36437
38287
36414
36438
38288
36415
36439
38289
36416
36440
38290
36417
36441
38291
36418
36442
38292
36419
36443
38293
36420
36444
38294
36421
36445
38295
36422
36446
38296
36423
36447
38297
36424
36448
38298
36449
38299
36426
36450
38300
36427
36451
38301
36428
36452
38302
36429
36453
38303
36430
36454
38304
36431
36455
38305
36432
36456
38306
36433
36457
38307
36434
36458
38308
36435
36459
38309
36436
36460
38310
36437
36461
38311
36438
36462
38312
36439
36463
38313
36440
36464
38314
36441
36465
38315
36442
36466
38316
36443
36467
38317
36444
36468
38318
36445
36469
38319
36446
36470
38320
36447
36471
38321
36448
36472
38322
36449
36473
38323
36474
38324
36451
36475
38325
36452
36476
38326
36453
36477
38327
36454
36478
38328
36455
36479
38329
36456
36480
38330
36457
36481
38331
36458
36482
38332
36459
36483
38333
36460
36484
38334
36461
36485
38335
36462
36486
38336
36463
36487
38337
36464
36488
38338
36465
36489
38339
36466
36490
38340
36467
36491
38341
36468
36492
38342
36469
36493
38343
36470
36494
38344
36471
36495
38345
36472
36496
38346
36473
36497
38347
36474
36498
38348
36499
38349
36476
36500
38350
36477
36501
38351
36478
36502
38352
36479
36503
38353
36480
36504
38354
36481
36505
38355
36482
36506
38356
36483
36507
38357
36484
36508
38358
36485
36509
38359
36486
36510
38360
36487
36511
38361
36488
36512
38362
36489
36513
38363
36490
36514
38364
36491
36515
38365
36492
36516
38366
36493
36517
38367
36494
36518
38368
36495
36519
38369
36496
36520
38370
36497
36521
38371
36498
36522
38372
36499
36523
38373
36524
38374
36501
36525
38375
36502
36526
38376
36503
36527
38377
36504
36528
38378
36505
36529
38379
36506
36530
38380
36507
36531
38381
36508
36532
38382
36509
36533
38383
36510
36534
38384
36511
36535
38385
36512
36536
38386
36513
36537
38387
36514
36538
38388
36515
36539
38389
36516
36540
38390
36517
36541
38391
36518
36542
38392
36519
36543
38393
36520
36544
38394
36521
36545
38395
36522
36546
38396
36523
36547
38397
36524
36548
38398
36549
38399
36526
36550
38400
36527
36551
38401
36528
36552
38402
36529
36553
38403
36530
36554
38404
36531
36555
38405
36532
36556
38406
36533
36557
38407
36534
36558
38408
36535
36559
38409
36536
36560
38410
36537
36561
38411
36538
36562
38412
36539
36563
38413
36540
36564
38414
36541
36565
38415
36542
36566
38416
36543
36567
38417
36544
36568
38418
36545
36569
38419
36546
36570
38420
36547
36571
38421
36548
36572
38422
36549
36573
38423
36574
38424
36551
36575
38425
36552
36576
38426
36553
36577
38427
36554
36578
38428
36555
36579
38429
36556
36580
38430
36557
36581
38431
36558
36582
38432
36559
36583
38433
36560
36584
38434
36561
36585
38435
36562
36586
38436
36563
36587
38437
36564
36588
38438
36565
36589
38439
36566
36590
38440
36567
36591
38441
36568
36592
38442
36569
36593
38443
36570
36594
38444
36571
36595
38445
36572
36596
38446
36573
36597
38447
36574
36598
38448
36599
38449
36576
36600
38450
36577
36601
38451
36578
36602
38452
36579
36603
38453
36580
36604
38454
36581
36605
38455
36582
36606
38456
36583
36607
38457
36584
36608
38458
36585
36609
38459
36586
36610
38460
36587
36611
38461
36588
36612
38462
36589
36613
38463
36590
36614
38464
36591
36615
38465
36592
36616
38466
36593
36617
38467
36594
36618
38468
36595
36619
38469
36596
36620
38470
36597
36621
38471
36598
36622
38472
36599
36623
38473
36624
38474
36601
36625
38475
36602
36626
38476
36603
36627
38477
36604
36628
38478
36605
36629
38479
36606
36630
38480
36607
36631
38481
36608
36632
38482
36609
36633
38483
36610
36634
38484
36611
36635
38485
36612
36636
38486
36613
36637
38487
36614
36638
38488
36615
36639
38489
36616
36640
38490
36617
36641
38491
36618
36642
38492
36619
36643
38493
36620
36644
38494
36621
36645
38495
36622
36646
38496
36623
36647
38497
36624
36648
38498
36649
38499
36626
36650
38500
36627
36651
38501
36628
36652
38502
36629
36653
38503
36630
36654
38504
36631
36655
38505
36632
36656
38506
36633
36657
38507
36634
36658
38508
36635
36659
38509
36636
36660
38510
36637
36661
38511
36638
36662
38512
36639
36663
38513
36640
36664
38514
36641
36665
38515
36642
36666
38516
36643
36667
38517
36644
36668
38518
36645
36669
38519
36646
36670
38520
36647
36671
38521
36648
36672
38522
36649
36673
38523
36674
38524
36651
36675
38525
36652
36676
38526
36653
36677
38527
36654
36678
38528
36655
36679
38529
36656
36680
38530
36657
36681
38531
36658
36682
38532
36659
36683
38533
36660
36684
38534
36661
36685
38535
36662
36686
38536
36663
36687
38537
36664
36688
38538
36665
36689
38539
36666
36690
38540
36667
36691
38541
36668
36692
38542
36669
36693
38543
36670
36694
38544
36671
36695
38545
36672
36696
38546
36673
36697
38547
36674
36698
38548
36699
38549
36676
36700
38550
36677
36701
38551
36678
36702
38552
36679
36703
38553
36680
36704
38554
36681
36705
38555
36682
36706
38556
36683
36707
38557
36684
36708
38558
36685
36709
38559
36686
36710
38560
36687
36711
38561
36688
36712
38562
36689
36713
38563
36690
36714
38564
36691
36715
38565
36692
36716
38566
36693
36717
38567
36694
36718
38568
36695
36719
38569
36696
36720
38570
36697
36721
38571
36698
36722
38572
36699
36723
38573
36724
38574
36701
36725
38575
36702
36726
38576
36703
36727
38577
36704
36728
38578
36705
36729
38579
36706
36730
38580
36707
36731
38581
36708
36732
38582
36709
36733
38583
36710
36734
38584
36711
36735
38585
36712
36736
38586
36713
36737
38587
36714
36738
38588
36715
36739
38589
36716
36740
38590
36717
36741
38591
36718
36742
38592
36719
36743
38593
36720
36744
38594
36721
36745
38595
36722
36746
38596
36723
36747
38597
36724
36748
38598
36749
38599
36726
36750
38600
36727
36751
38601
36728
36752
38602
36729
36753
38603
36730
36754
38604
36731
36755
38605
36732
36756
38606
36733
36757
38607
36734
36758
38608
36735
36759
38609
36736
36760
38610
36737
36761
38611
36738
36762
38612
36739
36763
38613
36740
36764
38614
36741
36765
38615
36742
36766
38616
36743
36767
38617
36744
36768
38618
36745
36769
38619
36746
36770
38620
36747
36771
38621
36748
36772
38622
36749
36773
38623
36774
38624
36751
36775
38625
36752
36776
38626
36753
36777
38627
36754
36778
38628
36755
36779
38629
36756
36780
38630
36757
36781
38631
36758
36782
38632
36759
36783
38633
36760
36784
38634
36761
36785
38635
36762
36786
38636
36763
36787
38637
36764
36788
38638
36765
36789
38639
36766
36790
38640
36767
36791
38641
36768
36792
38642
36769
36793
38643
36770
36794
38644
36771
36795
38645
36772
36796
38646
36773
36797
38647
36774
36798
38648
36799
38649
36776
36800
38650
36777
36801
38651
36778
36802
38652
36779
36803
38653
36780
36804
38654
36781
36805
38655
36782
36806
38656
36783
36807
38657
36784
36808
38658
36785
36809
38659
36786
36810
38660
36787
36811
38661
36788
36812
38662
36789
36813
38663
36790
36814
38664
36791
36815
38665
36792
36816
38666
36793
36817
38667
36794
36818
38668
36795
36819
38669
36796
36820
38670
36797
36821
38671
36798
36822
38672
36799
36823
38673
36824
38674
36801
36825
38675
36802
36826
38676
36803
36827
38677
36804
36828
38678
36805
36829
38679
36806
36830
38680
36807
36831
38681
36808
36832
38682
36809
36833
38683
36810
36834
38684
36811
36835
38685
36812
36836
38686
36813
36837
38687
36814
36838
38688
36815
36839
38689
36816
36840
38690
36817
36841
38691
36818
36842
38692
36819
36843
38693
36820
36844
38694
36821
36845
38695
36822
36846
38696
36823
36847
38697
36824
36848
38698
36849
38699
36826
36850
38700
36827
36851
38701
36828
36852
38702
36829
36853
38703
36830
36854
38704
36831
36855
38705
36832
36856
38706
36833
36857
38707
36834
36858
38708
36835
36859
38709
36836
36860
38710
36837
36861
38711
36838
36862
38712
36839
36863
38713
36840
36864
38714
36841
36865
38715
36842
36866
38716
36843
36867
38717
36844
36868
38718
36845
36869
38719
36846
36870
38720
36847
36871
38721
36848
36872
38722
36849
36873
38723
36874
38724
36851
36875
38725
36852
36876
38726
36853
36877
38727
36854
36878
38728
36855
36879
38729
36856
36880
38730
36857
36881
38731
36858
36882
38732
36859
36883
38733
36860
36884
38734
36861
36885
38735
36862
36886
38736
36863
36887
38737
36864
36888
38738
36865
36889
38739
36866
36890
38740
36867
36891
38741
36868
36892
38742
36869
36893
38743
36870
36894
38744
36871
36895
38745
36872
36896
38746
36873
36897
38747
36874
36898
38748
36899
38749
36876
36900
38750
36877
36901
38751
36878
36902
38752
36879
36903
38753
36880
36904
38754
36881
36905
38755
36882
36906
38756
36883
36907
38757
36884
36908
38758
36885
36909
38759
36886
36910
38760
36887
36911
38761
36888
36912
38762
36889
36913
38763
36890
36914
38764
36891
36915
38765
36892
36916
38766
36893
36917
38767
36894
36918
38768
36895
36919
38769
36896
36920
38770
36897
36921
38771
36898
36922
38772
36899
36923
38773
36924
38774
36901
36925
38775
36902
36926
38776
36903
36927
38777
36904
36928
38778
36905
36929
38779
36906
36930
38780
36907
36931
38781
36908
36932
38782
36909
36933
38783
36910
36934
38784
36911
36935
38785
36912
36936
38786
36913
36937
38787
36914
36938
38788
36915
36939
38789
36916
36940
38790
36917
36941
38791
36918
36942
38792
36919
36943
38793
36920
36944
38794
36921
36945
38795
36922
36946
38796
36923
36947
38797
36924
36948
38798
36949
38799
36926
36950
38800
36927
36951
38801
36928
36952
38802
36929
36953
38803
36930
36954
38804
36931
36955
38805
36932
36956
38806
36933
36957
38807
36934
36958
38808
36935
36959
38809
36936
36960
38810
36937
36961
38811
36938
36962
38812
36939
36963
38813
36940
36964
38814
36941
36965
38815
36942
36966
38816
36943
36967
38817
36944
36968
38818
36945
36969
38819
36946
36970
38820
36947
36971
38821
36948
36972
38822
36949
36973
38823
36974
38824
36951
36975
38825
36952
36976
38826
36953
36977
38827
36954
36978
38828
36955
36979
38829
36956
36980
38830
36957
36981
38831
36958
36982
38832
36959
36983
38833
36960
36984
38834
36961
36985
38835
36962
36986
38836
36963
36987
38837
36964
36988
38838
36965
36989
38839
36966
36990
38840
36967
36991
38841
36968
36992
38842
36969
36993
38843
36970
36994
38844
36971
36995
38845
36972
36996
38846
36973
36997
38847
36974
36998
38848
36999
38849
36976
37000
38850
36977
37001
38851
36978
37002
38852
36979
37003
38853
36980
37004
38854
36981
37005
38855
36982
37006
38856
36983
37007
38857
36984
37008
38858
36985
37009
38859
36986
37010
38860
36987
37011
38861
36988
37012
38862
36989
37013
38863
36990
37014
38864
36991
37015
38865
36992
37016
38866
36993
37017
38867
36994
37018
38868
36995
37019
38869
36996
37020
38870
36997
37021
38871
36998
37022
38872
36999
37023
38873
37024
38874
37001
37025
38875
37002
37026
38876
37003
37027
38877
37004
37028
38878
37005
37029
38879
37006
37030
38880
37007
37031
38881
37008
37032
38882
37009
37033
38883
37010
37034
38884
37011
37035
38885
37012
37036
38886
37013
37037
38887
37014
37038
38888
37015
37039
38889
37016
37040
38890
37017
37041
38891
37018
37042
38892
37019
37043
38893
37020
37044
38894
37021
37045
38895
37022
37046
38896
37023
37047
38897
37024
37048
38898
37049
38899
37026
37050
38900
37027
37051
38901
37028
37052
38902
37029
37053
38903
37030
37054
38904
37031
37055
38905
37032
37056
38906
37033
37057
38907
37034
37058
38908
37035
37059
38909
37036
37060
38910
37037
37061
38911
37038
37062
38912
37039
37063
38913
37040
37064
38914
37041
37065
38915
37042
37066
38916
37043
37067
38917
37044
37068
38918
37045
37069
38919
37046
37070
38920
37047
37071
38921
37048
37072
38922
37049
37073
38923
37074
38924
37051
37075
38925
37052
37076
38926
37053
37077
38927
37054
37078
38928
37055
37079
38929
37056
37080
38930
37057
37081
38931
37058
37082
38932
37059
37083
38933
37060
37084
38934
37061
37085
38935
37062
37086
38936
37063
37087
38937
37064
37088
38938
37065
37089
38939
37066
37090
38940
37067
37091
38941
37068
37092
38942
37069
37093
38943
37070
37094
38944
37071
37095
38945
37072
37096
38946
37073
37097
38947
37074
37098
38948
37099
38949
37076
37100
38950
37077
37101
38951
37078
37102
38952
37079
37103
38953
37080
37104
38954
37081
37105
38955
37082
37106
38956
37083
37107
38957
37084
37108
38958
37085
37109
38959
37086
37110
38960
37087
37111
38961
37088
37112
38962
37089
37113
38963
37090
37114
38964
37091
37115
38965
37092
37116
38966
37093
37117
38967
37094
37118
38968
37095
37119
38969
37096
37120
38970
37097
37121
38971
37098
37122
38972
37099
37123
38973
37124
38974
37101
37125
38975
37102
37126
38976
37103
37127
38977
37104
37128
38978
37105
37129
38979
37106
37130
38980
37107
37131
38981
37108
37132
38982
37109
37133
38983
37110
37134
38984
37111
37135
38985
37112
37136
38986
37113
37137
38987
37114
37138
38988
37115
37139
38989
37116
37140
38990
37117
37141
38991
37118
37142
38992
37119
37143
38993
37120
37144
38994
37121
37145
38995
37122
37146
38996
37123
37147
38997
37124
37148
38998
37149
38999
37126
37150
39000
37127
37151
39001
37128
37152
39002
37129
37153
39003
37130
37154
39004
37131
37155
39005
37132
37156
39006
37133
37157
39007
37134
37158
39008
37135
37159
39009
37136
37160
39010
37137
37161
39011
37138
37162
39012
37139
37163
39013
37140
37164
39014
37141
37165
39015
37142
37166
39016
37143
37167
39017
37144
37168
39018
37145
37169
39019
37146
37170
39020
37147
37171
39021
37148
37172
39022
37149
37173
39023
37174
39024
37151
37175
39025
37152
37176
39026
37153
37177
39027
37154
37178
39028
37155
37179
39029
37156
37180
39030
37157
37181
39031
37158
37182
39032
37159
37183
39033
37160
37184
39034
37161
37185
39035
37162
37186
39036
37163
37187
39037
37164
37188
39038
37165
37189
39039
37166
37190
39040
37167
37191
39041
37168
37192
39042
37169
37193
39043
37170
37194
39044
37171
37195
39045
37172
37196
39046
37173
37197
39047
37174
37198
39048
37199
39049
37176
37200
39050
37177
37201
39051
37178
37202
39052
37179
37203
39053
37180
37204
39054
37181
37205
39055
37182
37206
39056
37183
37207
39057
37184
37208
39058
37185
37209
39059
37186
37210
39060
37187
37211
39061
37188
37212
39062
37189
37213
39063
37190
37214
39064
37191
37215
39065
37192
37216
39066
37193
37217
39067
37194
37218
39068
37195
37219
39069
37196
37220
39070
37197
37221
39071
37198
37222
39072
37199
37223
39073
37224
39074
37201
37225
39075
37202
37226
39076
37203
37227
39077
37204
37228
39078
37205
37229
39079
37206
37230
39080
37207
37231
39081
37208
37232
39082
37209
37233
39083
37210
37234
39084
37211
37235
39085
37212
37236
39086
37213
37237
39087
37214
37238
39088
37215
37239
39089
37216
37240
39090
37217
37241
39091
37218
37242
39092
37219
37243
39093
37220
37244
39094
37221
37245
39095
37222
37246
39096
37223
37247
39097
37224
37248
39098
37249
39099
37226
37250
39100
37227
37251
39101
37228
37252
39102
37229
37253
39103
37230
37254
39104
37231
37255
39105
37232
37256
39106
37233
37257
39107
37234
37258
39108
37235
37259
39109
37236
37260
39110
37237
37261
39111
37238
37262
39112
37239
37263
39113
37240
37264
39114
37241
37265
39115
37242
37266
39116
37243
37267
39117
37244
37268
39118
37245
37269
39119
37246
37270
39120
37247
37271
39121
37248
37272
39122
37249
37273
39123
37274
39124
37251
37275
39125
37252
37276
39126
37253
37277
39127
37254
37278
39128
37255
37279
39129
37256
37280
39130
37257
37281
39131
37258
37282
39132
37259
37283
39133
37260
37284
39134
37261
37285
39135
37262
37286
39136
37263
37287
39137
37264
37288
39138
37265
37289
39139
37266
37290
39140
37267
37291
39141
37268
37292
39142
37269
37293
39143
37270
37294
39144
37271
37295
39145
37272
37296
39146
37273
37297
39147
37274
37298
39148
37299
39149
37276
37300
39150
37277
37301
39151
37278
37302
39152
37279
37303
39153
37280
37304
39154
37281
37305
39155
37282
37306
39156
37283
37307
39157
37284
37308
39158
37285
37309
39159
37286
37310
39160
37287
37311
39161
37288
37312
39162
37289
37313
39163
37290
37314
39164
37291
37315
39165
37292
37316
39166
37293
37317
39167
37294
37318
39168
37295
37319
39169
37296
37320
39170
37297
37321
39171
37298
37322
39172
37299
37323
39173
37324
39174
37301
37325
39175
37302
37326
39176
37303
37327
39177
37304
37328
39178
37305
37329
39179
37306
37330
39180
37307
37331
39181
37308
37332
39182
37309
37333
39183
37310
37334
39184
37311
37335
39185
37312
37336
39186
37313
37337
39187
37314
37338
39188
37315
37339
39189
37316
37340
39190
37317
37341
39191
37318
37342
39192
37319
37343
39193
37320
37344
39194
37321
37345
39195
37322
37346
39196
37323
37347
39197
37324
37348
39198
37349
39199
37326
37350
39200
37327
37351
39201
37328
37352
39202
37329
37353
39203
37330
37354
39204
37331
37355
39205
37332
37356
39206
37333
37357
39207
37334
37358
39208
37335
37359
39209
37336
37360
39210
37337
37361
39211
37338
37362
39212
37339
37363
39213
37340
37364
39214
37341
37365
39215
37342
37366
39216
37343
37367
39217
37344
37368
39218
37345
37369
39219
37346
37370
39220
37347
37371
39221
37348
37372
39222
37349
37373
39223
37374
39224
37351
37375
39225
37352
37376
39226
37353
37377
39227
37354
37378
39228
37355
37379
39229
37356
37380
39230
37357
37381
39231
37358
37382
39232
37359
37383
39233
37360
37384
39234
37361
37385
39235
37362
37386
39236
37363
37387
39237
37364
37388
39238
37365
37389
39239
37366
37390
39240
37367
37391
39241
37368
37392
39242
37369
37393
39243
37370
37394
39244
37371
37395
39245
37372
37396
39246
37373
37397
39247
37374
37398
39248
37399
39249
37376
37400
39250
37377
37401
39251
37378
37402
39252
37379
37403
39253
37380
37404
39254
37381
37405
39255
37382
37406
39256
37383
37407
39257
37384
37408
39258
37385
37409
39259
37386
37410
39260
37387
37411
39261
37388
37412
39262
37389
37413
39263
37390
37414
39264
37391
37415
39265
37392
37416
39266
37393
37417
39267
37394
37418
39268
37395
37419
39269
37396
37420
39270
37397
37421
39271
37398
37422
39272
37399
37423
39273
37424
39274
37401
37425
39275
37402
37426
39276
37403
37427
39277
37404
37428
39278
37405
37429
39279
37406
37430
39280
37407
37431
39281
37408
37432
39282
37409
37433
39283
37410
37434
39284
37411
37435
39285
37412
37436
39286
37413
37437
39287
37414
37438
39288
37415
37439
39289
37416
37440
39290
37417
37441
39291
37418
37442
39292
37419
37443
39293
37420
37444
39294
37421
37445
39295
37422
37446
39296
37423
37447
39297
37424
37448
39298
37449
39299
37426
37450
39300
37427
37451
39301
37428
37452
39302
37429
37453
39303
37430
37454
39304
37431
37455
39305
37432
37456
39306
37433
37457
39307
37434
37458
39308
37435
37459
39309
37436
37460
39310
37437
37461
39311
37438
37462
39312
37439
37463
39313
37440
37464
39314
37441
37465
39315
37442
37466
39316
37443
37467
39317
37444
37468
39318
37445
37469
39319
37446
37470
39320
37447
37471
39321
37448
37472
39322
37449
37473
39323
37474
39324
37451
37475
39325
37452
37476
39326
37453
37477
39327
37454
37478
39328
37455
37479
39329
37456
37480
39330
37457
37481
39331
37458
37482
39332
37459
37483
39333
37460
37484
39334
37461
37485
39335
37462
37486
39336
37463
37487
39337
37464
37488
39338
37465
37489
39339
37466
37490
39340
37467
37491
39341
37468
37492
39342
37469
37493
39343
37470
37494
39344
37471
37495
39345
37472
37496
39346
37473
37497
39347
37474
37498
39348
37499
39349
37476
39350
37477
39351
37478
39352
37479
39353
37480
39354
37481
39355
37482
39356
37483
39357
37484
39358
37485
39359
37486
39360
37487
39361
37488
39362
37489
39363
37490
39364
37491
39365
37492
39366
37493
39367
37494
39368
37495
39369
37496
39370
37497
39371
37498
39372
37499
39373
39374
37501
37525
39375
37502
37526
39376
37503
37527
39377
37504
37528
39378
37505
37529
39379
37506
37530
39380
37507
37531
39381
37508
37532
39382
37509
37533
39383
37510
37534
39384
37511
37535
39385
37512
37536
39386
37513
37537
39387
37514
37538
39388
37515
37539
39389
37516
37540
39390
37517
37541
39391
37518
37542
39392
37519
37543
39393
37520
37544
39394
37521
37545
39395
37522
37546
39396
37523
37547
39397
37524
37548
39398
37549
39399
37526
37550
39400
37527
37551
39401
37528
37552
39402
37529
37553
39403
37530
37554
39404
37531
37555
39405
37532
37556
39406
37533
37557
39407
37534
37558
39408
37535
37559
39409
37536
37560
39410
37537
37561
39411
37538
37562
39412
37539
37563
39413
37540
37564
39414
37541
37565
39415
37542
37566
39416
37543
37567
39417
37544
37568
39418
37545
37569
39419
37546
37570
39420
37547
37571
39421
37548
37572
39422
37549
37573
39423
37574
39424
37551
37575
39425
37552
37576
39426
37553
37577
39427
37554
37578
39428
37555
37579
39429
37556
37580
39430
37557
37581
39431
37558
37582
39432
37559
37583
39433
37560
37584
39434
37561
37585
39435
37562
37586
39436
37563
37587
39437
37564
37588
39438
37565
37589
39439
37566
37590
39440
37567
37591
39441
37568
37592
39442
37569
37593
39443
37570
37594
39444
37571
37595
39445
37572
37596
39446
37573
37597
39447
37574
37598
39448
37599
39449
37576
37600
39450
37577
37601
39451
37578
37602
39452
37579
37603
39453
37580
37604
39454
37581
37605
39455
37582
37606
39456
37583
37607
39457
37584
37608
39458
37585
37609
39459
37586
37610
39460
37587
37611
39461
37588
37612
39462
37589
37613
39463
37590
37614
39464
37591
37615
39465
37592
37616
39466
37593
37617
39467
37594
37618
39468
37595
37619
39469
37596
37620
39470
37597
37621
39471
37598
37622
39472
37599
37623
39473
37624
39474
37601
37625
39475
37602
37626
39476
37603
37627
39477
37604
37628
39478
37605
37629
39479
37606
37630
39480
37607
37631
39481
37608
37632
39482
37609
37633
39483
37610
37634
39484
37611
37635
39485
37612
37636
39486
37613
37637
39487
37614
37638
39488
37615
37639
39489
37616
37640
39490
37617
37641
39491
37618
37642
39492
37619
37643
39493
37620
37644
39494
37621
37645
39495
37622
37646
39496
37623
37647
39497
37624
37648
39498
37649
39499
37626
37650
39500
37627
37651
39501
37628
37652
39502
37629
37653
39503
37630
37654
39504
37631
37655
39505
37632
37656
39506
37633
37657
39507
37634
37658
39508
37635
37659
39509
37636
37660
39510
37637
37661
39511
37638
37662
39512
37639
37663
39513
37640
37664
39514
37641
37665
39515
37642
37666
39516
37643
37667
39517
37644
37668
39518
37645
37669
39519
37646
37670
39520
37647
37671
39521
37648
37672
39522
37649
37673
39523
37674
39524
37651
37675
39525
37652
37676
39526
37653
37677
39527
37654
37678
39528
37655
37679
39529
37656
37680
39530
37657
37681
39531
37658
37682
39532
37659
37683
39533
37660
37684
39534
37661
37685
39535
37662
37686
39536
37663
37687
39537
37664
37688
39538
37665
37689
39539
37666
37690
39540
37667
37691
39541
37668
37692
39542
37669
37693
39543
37670
37694
39544
37671
37695
39545
37672
37696
39546
37673
37697
39547
37674
37698
39548
37699
39549
37676
37700
39550
37677
37701
39551
37678
37702
39552
37679
37703
39553
37680
37704
39554
37681
37705
39555
37682
37706
39556
37683
37707
39557
37684
37708
39558
37685
37709
39559
37686
37710
39560
37687
37711
39561
37688
37712
39562
37689
37713
39563
37690
37714
39564
37691
37715
39565
37692
37716
39566
37693
37717
39567
37694
37718
39568
37695
37719
39569
37696
37720
39570
37697
37721
39571
37698
37722
39572
37699
37723
39573
37724
39574
37701
37725
39575
37702
37726
39576
37703
37727
39577
37704
37728
39578
37705
37729
39579
37706
37730
39580
37707
37731
39581
37708
37732
39582
37709
37733
39583
37710
37734
39584
37711
37735
39585
37712
37736
39586
37713
37737
39587
37714
37738
39588
37715
37739
39589
37716
37740
39590
37717
37741
39591
37718
37742
39592
37719
37743
39593
37720
37744
39594
37721
37745
39595
37722
37746
39596
37723
37747
39597
37724
37748
39598
37749
39599
37726
37750
39600
37727
37751
39601
37728
37752
39602
37729
37753
39603
37730
37754
39604
37731
37755
39605
37732
37756
39606
37733
37757
39607
37734
37758
39608
37735
37759
39609
37736
37760
39610
37737
37761
39611
37738
37762
39612
37739
37763
39613
37740
37764
39614
37741
37765
39615
37742
37766
39616
37743
37767
39617
37744
37768
39618
37745
37769
39619
37746
37770
39620
37747
37771
39621
37748
37772
39622
37749
37773
39623
37774
39624
37751
37775
39625
37752
37776
39626
37753
37777
39627
37754
37778
39628
37755
37779
39629
37756
37780
39630
37757
37781
39631
37758
37782
39632
37759
37783
39633
37760
37784
39634
37761
37785
39635
37762
37786
39636
37763
37787
39637
37764
37788
39638
37765
37789
39639
37766
37790
39640
37767
37791
39641
37768
37792
39642
37769
37793
39643
37770
37794
39644
37771
37795
39645
37772
37796
39646
37773
37797
39647
37774
37798
39648
37799
39649
37776
37800
39650
37777
37801
39651
37778
37802
39652
37779
37803
39653
37780
37804
39654
37781
37805
39655
37782
37806
39656
37783
37807
39657
37784
37808
39658
37785
37809
39659
37786
37810
39660
37787
37811
39661
37788
37812
39662
37789
37813
39663
37790
37814
39664
37791
37815
39665
37792
37816
39666
37793
37817
39667
37794
37818
39668
37795
37819
39669
37796
37820
39670
37797
37821
39671
37798
37822
39672
37799
37823
39673
37824
39674
37801
37825
39675
37802
37826
39676
37803
37827
39677
37804
37828
39678
37805
37829
39679
37806
37830
39680
37807
37831
39681
37808
37832
39682
37809
37833
39683
37810
37834
39684
37811
37835
39685
37812
37836
39686
37813
37837
39687
37814
37838
39688
37815
37839
39689
37816
37840
39690
37817
37841
39691
37818
37842
39692
37819
37843
39693
37820
37844
39694
37821
37845
39695
37822
37846
39696
37823
37847
39697
37824
37848
39698
37849
39699
37826
37850
39700
37827
37851
39701
37828
37852
39702
37829
37853
39703
37830
37854
39704
37831
37855
39705
37832
37856
39706
37833
37857
39707
37834
37858
39708
37835
37859
39709
37836
37860
39710
37837
37861
39711
37838
37862
39712
37839
37863
39713
37840
37864
39714
37841
37865
39715
37842
37866
39716
37843
37867
39717
37844
37868
39718
37845
37869
39719
37846
37870
39720
37847
37871
39721
37848
37872
39722
37849
37873
39723
37874
39724
37851
37875
39725
37852
37876
39726
37853
37877
39727
37854
37878
39728
37855
37879
39729
37856
37880
39730
37857
37881
39731
37858
37882
39732
37859
37883
39733
37860
37884
39734
37861
37885
39735
37862
37886
39736
37863
37887
39737
37864
37888
39738
37865
37889
39739
37866
37890
39740
37867
37891
39741
37868
37892
39742
37869
37893
39743
37870
37894
39744
37871
37895
39745
37872
37896
39746
37873
37897
39747
37874
37898
39748
37899
39749
37876
37900
39750
37877
37901
39751
37878
37902
39752
37879
37903
39753
37880
37904
39754
37881
37905
39755
37882
37906
39756
37883
37907
39757
37884
37908
39758
37885
37909
39759
37886
37910
39760
37887
37911
39761
37888
37912
39762
37889
37913
39763
37890
37914
39764
37891
37915
39765
37892
37916
39766
37893
37917
39767
37894
37918
39768
37895
37919
39769
37896
37920
39770
37897
37921
39771
37898
37922
39772
37899
37923
39773
37924
39774
37901
37925
39775
37902
37926
39776
37903
37927
39777
37904
37928
39778
37905
37929
39779
37906
37930
39780
37907
37931
39781
37908
37932
39782
37909
37933
39783
37910
37934
39784
37911
37935
39785
37912
37936
39786
37913
37937
39787
37914
37938
39788
37915
37939
39789
37916
37940
39790
37917
37941
39791
37918
37942
39792
37919
37943
39793
37920
37944
39794
37921
37945
39795
37922
37946
39796
37923
37947
39797
37924
37948
39798
37949
39799
37926
37950
39800
37927
37951
39801
37928
37952
39802
37929
37953
39803
37930
37954
39804
37931
37955
39805
37932
37956
39806
37933
37957
39807
37934
37958
39808
37935
37959
39809
37936
37960
39810
37937
37961
39811
37938
37962
39812
37939
37963
39813
37940
37964
39814
37941
37965
39815
37942
37966
39816
37943
37967
39817
37944
37968
39818
37945
37969
39819
37946
37970
39820
37947
37971
39821
37948
37972
39822
37949
37973
39823
37974
39824
37951
37975
39825
37952
37976
39826
37953
37977
39827
37954
37978
39828
37955
37979
39829
37956
37980
39830
37957
37981
39831
37958
37982
39832
37959
37983
39833
37960
37984
39834
37961
37985
39835
37962
37986
39836
37963
37987
39837
37964
37988
39838
37965
37989
39839
37966
37990
39840
37967
37991
39841
37968
37992
39842
37969
37993
39843
37970
37994
39844
37971
37995
39845
37972
37996
39846
37973
37997
39847
37974
37998
39848
37999
39849
37976
38000
39850
37977
38001
39851
37978
38002
39852
37979
38003
39853
37980
38004
39854
37981
38005
39855
37982
38006
39856
37983
38007
39857
37984
38008
39858
37985
38009
39859
37986
38010
39860
37987
38011
39861
37988
38012
39862
37989
38013
39863
37990
38014
39864
37991
38015
39865
37992
38016
39866
37993
38017
39867
37994
38018
39868
37995
38019
39869
37996
38020
39870
37997
38021
39871
37998
38022
39872
37999
38023
39873
38024
39874
38001
38025
39875
38002
38026
39876
38003
38027
39877
38004
38028
39878
38005
38029
39879
38006
38030
39880
38007
38031
39881
38008
38032
39882
38009
38033
39883
38010
38034
39884
38011
38035
39885
38012
38036
39886
38013
38037
39887
38014
38038
39888
38015
38039
39889
38016
38040
39890
38017
38041
39891
38018
38042
39892
38019
38043
39893
38020
38044
39894
38021
38045
39895
38022
38046
39896
38023
38047
39897
38024
38048
39898
38049
39899
38026
38050
39900
38027
38051
39901
38028
38052
39902
38029
38053
39903
38030
38054
39904
38031
38055
39905
38032
38056
39906
38033
38057
39907
38034
38058
39908
38035
38059
39909
38036
38060
39910
38037
38061
39911
38038
38062
39912
38039
38063
39913
38040
38064
39914
38041
38065
39915
38042
38066
39916
38043
38067
39917
38044
38068
39918
38045
38069
39919
38046
38070
39920
38047
38071
39921
38048
38072
39922
38049
38073
39923
38074
39924
38051
38075
39925
38052
38076
39926
38053
38077
39927
38054
38078
39928
38055
38079
39929
38056
38080
39930
38057
38081
39931
38058
38082
39932
38059
38083
39933
38060
38084
39934
38061
38085
39935
38062
38086
39936
38063
38087
39937
38064
38088
39938
38065
38089
39939
38066
38090
39940
38067
38091
39941
38068
38092
39942
38069
38093
39943
38070
38094
39944
38071
38095
39945
38072
38096
39946
38073
38097
39947
38074
38098
39948
38099
39949
38076
38100
39950
38077
38101
39951
38078
38102
39952
38079
38103
39953
38080
38104
39954
38081
38105
39955
38082
38106
39956
38083
38107
39957
38084
38108
39958
38085
38109
39959
38086
38110
39960
38087
38111
39961
38088
38112
39962
38089
38113
39963
38090
38114
39964
38091
38115
39965
38092
38116
39966
38093
38117
39967
38094
38118
39968
38095
38119
39969
38096
38120
39970
38097
38121
39971
38098
38122
39972
38099
38123
39973
38124
39974
38101
38125
39975
38102
38126
39976
38103
38127
39977
38104
38128
39978
38105
38129
39979
38106
38130
39980
38107
38131
39981
38108
38132
39982
38109
38133
39983
38110
38134
39984
38111
38135
39985
38112
38136
39986
38113
38137
39987
38114
38138
39988
38115
38139
39989
38116
38140
39990
38117
38141
39991
38118
38142
39992
38119
38143
39993
38120
38144
39994
38121
38145
39995
38122
38146
39996
38123
38147
39997
38124
38148
39998
38149
39999
38126
38150
40000
38127
38151
40001
38128
38152
40002
38129
38153
40003
38130
38154
40004
38131
38155
40005
38132
38156
40006
38133
38157
40007
38134
38158
40008
38135
38159
40009
38136
38160
40010
38137
38161
40011
38138
38162
40012
38139
38163
40013
38140
38164
40014
38141
38165
40015
38142
38166
40016
38143
38167
40017
38144
38168
40018
38145
38169
40019
38146
38170
40020
38147
38171
40021
38148
38172
40022
38149
38173
40023
38174
40024
38151
38175
40025
38152
38176
40026
38153
38177
40027
38154
38178
40028
38155
38179
40029
38156
38180
40030
38157
38181
40031
38158
38182
40032
38159
38183
40033
38160
38184
40034
38161
38185
40035
38162
38186
40036
38163
38187
40037
38164
38188
40038
38165
38189
40039
38166
38190
40040
38167
38191
40041
38168
38192
40042
38169
38193
40043
38170
38194
40044
38171
38195
40045
38172
38196
40046
38173
38197
40047
38174
38198
40048
38199
40049
38176
38200
40050
38177
38201
40051
38178
38202
40052
38179
38203
40053
38180
38204
40054
38181
38205
40055
38182
38206
40056
38183
38207
40057
38184
38208
40058
38185
38209
40059
38186
38210
40060
38187
38211
40061
38188
38212
40062
38189
38213
40063
38190
38214
40064
38191
38215
40065
38192
38216
40066
38193
38217
40067
38194
38218
40068
38195
38219
40069
38196
38220
40070
38197
38221
40071
38198
38222
40072
38199
38223
40073
38224
40074
38201
38225
40075
38202
38226
40076
38203
38227
40077
38204
38228
40078
38205
38229
40079
38206
38230
40080
38207
38231
40081
38208
38232
40082
38209
38233
40083
38210
38234
40084
38211
38235
40085
38212
38236
40086
38213
38237
40087
38214
38238
40088
38215
38239
40089
38216
38240
40090
38217
38241
40091
38218
38242
40092
38219
38243
40093
38220
38244
40094
38221
38245
40095
38222
38246
40096
38223
38247
40097
38224
38248
40098
38249
40099
38226
38250
40100
38227
38251
40101
38228
38252
40102
38229
38253
40103
38230
38254
40104
38231
38255
40105
38232
38256
40106
38233
38257
40107
38234
38258
40108
38235
38259
40109
38236
38260
40110
38237
38261
40111
38238
38262
40112
38239
38263
40113
38240
38264
40114
38241
38265
40115
38242
38266
40116
38243
38267
40117
38244
38268
40118
38245
38269
40119
38246
38270
40120
38247
38271
40121
38248
38272
40122
38249
38273
40123
38274
40124
38251
38275
40125
38252
38276
40126
38253
38277
40127
38254
38278
40128
38255
38279
40129
38256
38280
40130
38257
38281
40131
38258
38282
40132
38259
38283
40133
38260
38284
40134
38261
38285
40135
38262
38286
40136
38263
38287
40137
38264
38288
40138
38265
38289
40139
38266
38290
40140
38267
38291
40141
38268
38292
40142
38269
38293
40143
38270
38294
40144
38271
38295
40145
38272
38296
40146
38273
38297
40147
38274
38298
40148
38299
40149
38276
38300
40150
38277
38301
40151
38278
38302
40152
38279
38303
40153
38280
38304
40154
38281
38305
40155
38282
38306
40156
38283
38307
40157
38284
38308
40158
38285
38309
40159
38286
38310
40160
38287
38311
40161
38288
38312
40162
38289
38313
40163
38290
38314
40164
38291
38315
40165
38292
38316
40166
38293
38317
40167
38294
38318
40168
38295
38319
40169
38296
38320
40170
38297
38321
40171
38298
38322
40172
38299
38323
40173
38324
40174
38301
38325
40175
38302
38326
40176
38303
38327
40177
38304
38328
40178
38305
38329
40179
38306
38330
40180
38307
38331
40181
38308
38332
40182
38309
38333
40183
38310
38334
40184
38311
38335
40185
38312
38336
40186
38313
38337
40187
38314
38338
40188
38315
38339
40189
38316
38340
40190
38317
38341
40191
38318
38342
40192
38319
38343
40193
38320
38344
40194
38321
38345
40195
38322
38346
40196
38323
38347
40197
38324
38348
40198
38349
40199
38326
38350
40200
38327
38351
40201
38328
38352
40202
38329
38353
40203
38330
38354
40204
38331
38355
40205
38332
38356
40206
38333
38357
40207
38334
38358
40208
38335
38359
40209
38336
38360
40210
38337
38361
40211
38338
38362
40212
38339
38363
40213
38340
38364
40214
38341
38365
40215
38342
38366
40216
38343
38367
40217
38344
38368
40218
38345
38369
40219
38346
38370
40220
38347
38371
40221
38348
38372
40222
38349
38373
40223
38374
40224
38351
38375
40225
38352
38376
40226
38353
38377
40227
38354
38378
40228
38355
38379
40229
38356
38380
40230
38357
38381
40231
38358
38382
40232
38359
38383
40233
38360
38384
40234
38361
38385
40235
38362
38386
40236
38363
38387
40237
38364
38388
40238
38365
38389
40239
38366
38390
40240
38367
38391
40241
38368
38392
40242
38369
38393
40243
38370
38394
40244
38371
38395
40245
38372
38396
40246
38373
38397
40247
38374
38398
40248
38399
40249
38376
38400
40250
38377
38401
40251
38378
38402
40252
38379
38403
40253
38380
38404
40254
38381
38405
40255
38382
38406
40256
38383
38407
40257
38384
38408
40258
38385
38409
40259
38386
38410
40260
38387
38411
40261
38388
38412
40262
38389
38413
40263
38390
38414
40264
38391
38415
40265
38392
38416
40266
38393
38417
40267
38394
38418
40268
38395
38419
40269
38396
38420
40270
38397
38421
40271
38398
38422
40272
38399
38423
40273
38424
40274
38401
38425
40275
38402
38426
40276
38403
38427
40277
38404
38428
40278
38405
38429
40279
38406
38430
40280
38407
38431
40281
38408
38432
40282
38409
38433
40283
38410
38434
40284
38411
38435
40285
38412
38436
40286
38413
38437
40287
38414
38438
40288
38415
38439
40289
38416
38440
40290
38417
38441
40291
38418
38442
40292
38419
38443
40293
38420
38444
40294
38421
38445
40295
38422
38446
40296
38423
38447
40297
38424
38448
40298
38449
40299
38426
38450
40300
38427
38451
40301
38428
38452
40302
38429
38453
40303
38430
38454
40304
38431
38455
40305
38432
38456
40306
38433
38457
40307
38434
38458
40308
38435
38459
40309
38436
38460
40310
38437
38461
40311
38438
38462
40312
38439
38463
40313
38440
38464
40314
38441
38465
40315
38442
38466
40316
38443
38467
40317
38444
38468
40318
38445
38469
40319
38446
38470
40320
38447
38471
40321
38448
38472
40322
38449
38473
40323
38474
40324
38451
38475
40325
38452
38476
40326
38453
38477
40327
38454
38478
40328
38455
38479
40329
38456
38480
40330
38457
38481
40331
38458
38482
40332
38459
38483
40333
38460
38484
40334
38461
38485
40335
38462
38486
40336
38463
38487
40337
38464
38488
40338
38465
38489
40339
38466
38490
40340
38467
38491
40341
38468
38492
40342
38469
38493
40343
38470
38494
40344
38471
38495
40345
38472
38496
40346
38473
38497
40347
38474
38498
40348
38499
40349
38476
38500
40350
38477
38501
40351
38478
38502
40352
38479
38503
40353
38480
38504
40354
38481
38505
40355
38482
38506
40356
38483
38507
40357
38484
38508
40358
38485
38509
40359
38486
38510
40360
38487
38511
40361
38488
38512
40362
38489
38513
40363
38490
38514
40364
38491
38515
40365
38492
38516
40366
38493
38517
40367
38494
38518
40368
38495
38519
40369
38496
38520
40370
38497
38521
40371
38498
38522
40372
38499
38523
40373
38524
40374
38501
38525
40375
38502
38526
40376
38503
38527
40377
38504
38528
40378
38505
38529
40379
38506
38530
40380
38507
38531
40381
38508
38532
40382
38509
38533
40383
38510
38534
40384
38511
38535
40385
38512
38536
40386
38513
38537
40387
38514
38538
40388
38515
38539
40389
38516
38540
40390
38517
38541
40391
38518
38542
40392
38519
38543
40393
38520
38544
40394
38521
38545
40395
38522
38546
40396
38523
38547
40397
38524
38548
40398
38549
40399
38526
38550
40400
38527
38551
40401
38528
38552
40402
38529
38553
40403
38530
38554
40404
38531
38555
40405
38532
38556
40406
38533
38557
40407
38534
38558
40408
38535
38559
40409
38536
38560
40410
38537
38561
40411
38538
38562
40412
38539
38563
40413
38540
38564
40414
38541
38565
40415
38542
38566
40416
38543
38567
40417
38544
38568
40418
38545
38569
40419
38546
38570
40420
38547
38571
40421
38548
38572
40422
38549
38573
40423
38574
40424
38551
38575
40425
38552
38576
40426
38553
38577
40427
38554
38578
40428
38555
38579
40429
38556
38580
40430
38557
38581
40431
38558
38582
40432
38559
38583
40433
38560
38584
40434
38561
38585
40435
38562
38586
40436
38563
38587
40437
38564
38588
40438
38565
38589
40439
38566
38590
40440
38567
38591
40441
38568
38592
40442
38569
38593
40443
38570
38594
40444
38571
38595
40445
38572
38596
40446
38573
38597
40447
38574
38598
40448
38599
40449
38576
38600
40450
38577
38601
40451
38578
38602
40452
38579
38603
40453
38580
38604
40454
38581
38605
40455
38582
38606
40456
38583
38607
40457
38584
38608
40458
38585
38609
40459
38586
38610
40460
38587
38611
40461
38588
38612
40462
38589
38613
40463
38590
38614
40464
38591
38615
40465
38592
38616
40466
38593
38617
40467
38594
38618
40468
38595
38619
40469
38596
38620
40470
38597
38621
40471
38598
38622
40472
38599
38623
40473
38624
40474
38601
38625
40475
38602
38626
40476
38603
38627
40477
38604
38628
40478
38605
38629
40479
38606
38630
40480
38607
38631
40481
38608
38632
40482
38609
38633
40483
38610
38634
40484
38611
38635
40485
38612
38636
40486
38613
38637
40487
38614
38638
40488
38615
38639
40489
38616
38640
40490
38617
38641
40491
38618
38642
40492
38619
38643
40493
38620
38644
40494
38621
38645
40495
38622
38646
40496
38623
38647
40497
38624
38648
40498
38649
40499
38626
38650
40500
38627
38651
40501
38628
38652
40502
38629
38653
40503
38630
38654
40504
38631
38655
40505
38632
38656
40506
38633
38657
40507
38634
38658
40508
38635
38659
40509
38636
38660
40510
38637
38661
40511
38638
38662
40512
38639
38663
40513
38640
38664
40514
38641
38665
40515
38642
38666
40516
38643
38667
40517
38644
38668
40518
38645
38669
40519
38646
38670
40520
38647
38671
40521
38648
38672
40522
38649
38673
40523
38674
40524
38651
38675
40525
38652
38676
40526
38653
38677
40527
38654
38678
40528
38655
38679
40529
38656
38680
40530
38657
38681
40531
38658
38682
40532
38659
38683
40533
38660
38684
40534
38661
38685
40535
38662
38686
40536
38663
38687
40537
38664
38688
40538
38665
38689
40539
38666
38690
40540
38667
38691
40541
38668
38692
40542
38669
38693
40543
38670
38694
40544
38671
38695
40545
38672
38696
40546
38673
38697
40547
38674
38698
40548
38699
40549
38676
38700
40550
38677
38701
40551
38678
38702
40552
38679
38703
40553
38680
38704
40554
38681
38705
40555
38682
38706
40556
38683
38707
40557
38684
38708
40558
38685
38709
40559
38686
38710
40560
38687
38711
40561
38688
38712
40562
38689
38713
40563
38690
38714
40564
38691
38715
40565
38692
38716
40566
38693
38717
40567
38694
38718
40568
38695
38719
40569
38696
38720
40570
38697
38721
40571
38698
38722
40572
38699
38723
40573
38724
40574
38701
38725
40575
38702
38726
40576
38703
38727
40577
38704
38728
40578
38705
38729
40579
38706
38730
40580
38707
38731
40581
38708
38732
40582
38709
38733
40583
38710
38734
40584
38711
38735
40585
38712
38736
40586
38713
38737
40587
38714
38738
40588
38715
38739
40589
38716
38740
40590
38717
38741
40591
38718
38742
40592
38719
38743
40593
38720
38744
40594
38721
38745
40595
38722
38746
40596
38723
38747
40597
38724
38748
40598
38749
40599
38726
38750
40600
38727
38751
40601
38728
38752
40602
38729
38753
40603
38730
38754
40604
38731
38755
40605
38732
38756
40606
38733
38757
40607
38734
38758
40608
38735
38759
40609
38736
38760
40610
38737
38761
40611
38738
38762
40612
38739
38763
40613
38740
38764
40614
38741
38765
40615
38742
38766
40616
38743
38767
40617
38744
38768
40618
38745
38769
40619
38746
38770
40620
38747
38771
40621
38748
38772
40622
38749
38773
40623
38774
40624
38751
38775
40625
38752
38776
40626
38753
38777
40627
38754
38778
40628
38755
38779
40629
38756
38780
40630
38757
38781
40631
38758
38782
40632
38759
38783
40633
38760
38784
40634
38761
38785
40635
38762
38786
40636
38763
38787
40637
38764
38788
40638
38765
38789
40639
38766
38790
40640
38767
38791
40641
38768
38792
40642
38769
38793
40643
38770
38794
40644
38771
38795
40645
38772
38796
40646
38773
38797
40647
38774
38798
40648
38799
40649
38776
38800
40650
38777
38801
40651
38778
38802
40652
38779
38803
40653
38780
38804
40654
38781
38805
40655
38782
38806
40656
38783
38807
40657
38784
38808
40658
38785
38809
40659
38786
38810
40660
38787
38811
40661
38788
38812
40662
38789
38813
40663
38790
38814
40664
38791
38815
40665
38792
38816
40666
38793
38817
40667
38794
38818
40668
38795
38819
40669
38796
38820
40670
38797
38821
40671
38798
38822
40672
38799
38823
40673
38824
40674
38801
38825
40675
38802
38826
40676
38803
38827
40677
38804
38828
40678
38805
38829
40679
38806
38830
40680
38807
38831
40681
38808
38832
40682
38809
38833
40683
38810
38834
40684
38811
38835
40685
38812
38836
40686
38813
38837
40687
38814
38838
40688
38815
38839
40689
38816
38840
40690
38817
38841
40691
38818
38842
40692
38819
38843
40693
38820
38844
40694
38821
38845
40695
38822
38846
40696
38823
38847
40697
38824
38848
40698
38849
40699
38826
38850
40700
38827
38851
40701
38828
38852
40702
38829
38853
40703
38830
38854
40704
38831
38855
40705
38832
38856
40706
38833
38857
40707
38834
38858
40708
38835
38859
40709
38836
38860
40710
38837
38861
40711
38838
38862
40712
38839
38863
40713
38840
38864
40714
38841
38865
40715
38842
38866
40716
38843
38867
40717
38844
38868
40718
38845
38869
40719
38846
38870
40720
38847
38871
40721
38848
38872
40722
38849
38873
40723
38874
40724
38851
38875
40725
38852
38876
40726
38853
38877
40727
38854
38878
40728
38855
38879
40729
38856
38880
40730
38857
38881
40731
38858
38882
40732
38859
38883
40733
38860
38884
40734
38861
38885
40735
38862
38886
40736
38863
38887
40737
38864
38888
40738
38865
38889
40739
38866
38890
40740
38867
38891
40741
38868
38892
40742
38869
38893
40743
38870
38894
40744
38871
38895
40745
38872
38896
40746
38873
38897
40747
38874
38898
40748
38899
40749
38876
38900
40750
38877
38901
40751
38878
38902
40752
38879
38903
40753
38880
38904
40754
38881
38905
40755
38882
38906
40756
38883
38907
40757
38884
38908
40758
38885
38909
40759
38886
38910
40760
38887
38911
40761
38888
38912
40762
38889
38913
40763
38890
38914
40764
38891
38915
40765
38892
38916
40766
38893
38917
40767
38894
38918
40768
38895
38919
40769
38896
38920
40770
38897
38921
40771
38898
38922
40772
38899
38923
40773
38924
40774
38901
38925
40775
38902
38926
40776
38903
38927
40777
38904
38928
40778
38905
38929
40779
38906
38930
40780
38907
38931
40781
38908
38932
40782
38909
38933
40783
38910
38934
40784
38911
38935
40785
38912
38936
40786
38913
38937
40787
38914
38938
40788
38915
38939
40789
38916
38940
40790
38917
38941
40791
38918
38942
40792
38919
38943
40793
38920
38944
40794
38921
38945
40795
38922
38946
40796
38923
38947
40797
38924
38948
40798
38949
40799
38926
38950
40800
38927
38951
40801
38928
38952
40802
38929
38953
40803
38930
38954
40804
38931
38955
40805
38932
38956
40806
38933
38957
40807
38934
38958
40808
38935
38959
40809
38936
38960
40810
38937
38961
40811
38938
38962
40812
38939
38963
40813
38940
38964
40814
38941
38965
40815
38942
38966
40816
38943
38967
40817
38944
38968
40818
38945
38969
40819
38946
38970
40820
38947
38971
40821
38948
38972
40822
38949
38973
40823
38974
40824
38951
38975
40825
38952
38976
40826
38953
38977
40827
38954
38978
40828
38955
38979
40829
38956
38980
40830
38957
38981
40831
38958
38982
40832
38959
38983
40833
38960
38984
40834
38961
38985
40835
38962
38986
40836
38963
38987
40837
38964
38988
40838
38965
38989
40839
38966
38990
40840
38967
38991
40841
38968
38992
40842
38969
38993
40843
38970
38994
40844
38971
38995
40845
38972
38996
40846
38973
38997
40847
38974
38998
40848
38999
40849
38976
39000
40850
38977
39001
40851
38978
39002
40852
38979
39003
40853
38980
39004
40854
38981
39005
40855
38982
39006
40856
38983
39007
40857
38984
39008
40858
38985
39009
40859
38986
39010
40860
38987
39011
40861
38988
39012
40862
38989
39013
40863
38990
39014
40864
38991
39015
40865
38992
39016
40866
38993
39017
40867
38994
39018
40868
38995
39019
40869
38996
39020
40870
38997
39021
40871
38998
39022
40872
38999
39023
40873
39024
40874
39001
39025
40875
39002
39026
40876
39003
39027
40877
39004
39028
40878
39005
39029
40879
39006
39030
40880
39007
39031
40881
39008
39032
40882
39009
39033
40883
39010
39034
40884
39011
39035
40885
39012
39036
40886
39013
39037
40887
39014
39038
40888
39015
39039
40889
39016
39040
40890
39017
39041
40891
39018
39042
40892
39019
39043
40893
39020
39044
40894
39021
39045
40895
39022
39046
40896
39023
39047
40897
39024
39048
40898
39049
40899
39026
39050
40900
39027
39051
40901
39028
39052
40902
39029
39053
40903
39030
39054
40904
39031
39055
40905
39032
39056
40906
39033
39057
40907
39034
39058
40908
39035
39059
40909
39036
39060
40910
39037
39061
40911
39038
39062
40912
39039
39063
40913
39040
39064
40914
39041
39065
40915
39042
39066
40916
39043
39067
40917
39044
39068
40918
39045
39069
40919
39046
39070
40920
39047
39071
40921
39048
39072
40922
39049
39073
40923
39074
40924
39051
39075
40925
39052
39076
40926
39053
39077
40927
39054
39078
40928
39055
39079
40929
39056
39080
40930
39057
39081
40931
39058
39082
40932
39059
39083
40933
39060
39084
40934
39061
39085
40935
39062
39086
40936
39063
39087
40937
39064
39088
40938
39065
39089
40939
39066
39090
40940
39067
39091
40941
39068
39092
40942
39069
39093
40943
39070
39094
40944
39071
39095
40945
39072
39096
40946
39073
39097
40947
39074
39098
40948
39099
40949
39076
39100
40950
39077
39101
40951
39078
39102
40952
39079
39103
40953
39080
39104
40954
39081
39105
40955
39082
39106
40956
39083
39107
40957
39084
39108
40958
39085
39109
40959
39086
39110
40960
39087
39111
40961
39088
39112
40962
39089
39113
40963
39090
39114
40964
39091
39115
40965
39092
39116
40966
39093
39117
40967
39094
39118
40968
39095
39119
40969
39096
39120
40970
39097
39121
40971
39098
39122
40972
39099
39123
40973
39124
40974
39101
39125
40975
39102
39126
40976
39103
39127
40977
39104
39128
40978
39105
39129
40979
39106
39130
40980
39107
39131
40981
39108
39132
40982
39109
39133
40983
39110
39134
40984
39111
39135
40985
39112
39136
40986
39113
39137
40987
39114
39138
40988
39115
39139
40989
39116
39140
40990
39117
39141
40991
39118
39142
40992
39119
39143
40993
39120
39144
40994
39121
39145
40995
39122
39146
40996
39123
39147
40997
39124
39148
40998
39149
40999
39126
39150
41000
39127
39151
41001
39128
39152
41002
39129
39153
41003
39130
39154
41004
39131
39155
41005
39132
39156
41006
39133
39157
41007
39134
39158
41008
39135
39159
41009
39136
39160
41010
39137
39161
41011
39138
39162
41012
39139
39163
41013
39140
39164
41014
39141
39165
41015
39142
39166
41016
39143
39167
41017
39144
39168
41018
39145
39169
41019
39146
39170
41020
39147
39171
41021
39148
39172
41022
39149
39173
41023
39174
41024
39151
39175
41025
39152
39176
41026
39153
39177
41027
39154
39178
41028
39155
39179
41029
39156
39180
41030
39157
39181
41031
39158
39182
41032
39159
39183
41033
39160
39184
41034
39161
39185
41035
39162
39186
41036
39163
39187
41037
39164
39188
41038
39165
39189
41039
39166
39190
41040
39167
39191
41041
39168
39192
41042
39169
39193
41043
39170
39194
41044
39171
39195
41045
39172
39196
41046
39173
39197
41047
39174
39198
41048
39199
41049
39176
39200
41050
39177
39201
41051
39178
39202
41052
39179
39203
41053
39180
39204
41054
39181
39205
41055
39182
39206
41056
39183
39207
41057
39184
39208
41058
39185
39209
41059
39186
39210
41060
39187
39211
41061
39188
39212
41062
39189
39213
41063
39190
39214
41064
39191
39215
41065
39192
39216
41066
39193
39217
41067
39194
39218
41068
39195
39219
41069
39196
39220
41070
39197
39221
41071
39198
39222
41072
39199
39223
41073
39224
41074
39201
39225
41075
39202
39226
41076
39203
39227
41077
39204
39228
41078
39205
39229
41079
39206
39230
41080
39207
39231
41081
39208
39232
41082
39209
39233
41083
39210
39234
41084
39211
39235
41085
39212
39236
41086
39213
39237
41087
39214
39238
41088
39215
39239
41089
39216
39240
41090
39217
39241
41091
39218
39242
41092
39219
39243
41093
39220
39244
41094
39221
39245
41095
39222
39246
41096
39223
39247
41097
39224
39248
41098
39249
41099
39226
39250
41100
39227
39251
41101
39228
39252
41102
39229
39253
41103
39230
39254
41104
39231
39255
41105
39232
39256
41106
39233
39257
41107
39234
39258
41108
39235
39259
41109
39236
39260
41110
39237
39261
41111
39238
39262
41112
39239
39263
41113
39240
39264
41114
39241
39265
41115
39242
39266
41116
39243
39267
41117
39244
39268
41118
39245
39269
41119
39246
39270
41120
39247
39271
41121
39248
39272
41122
39249
39273
41123
39274
41124
39251
39275
41125
39252
39276
41126
39253
39277
41127
39254
39278
41128
39255
39279
41129
39256
39280
41130
39257
39281
41131
39258
39282
41132
39259
39283
41133
39260
39284
41134
39261
39285
41135
39262
39286
41136
39263
39287
41137
39264
39288
41138
39265
39289
41139
39266
39290
41140
39267
39291
41141
39268
39292
41142
39269
39293
41143
39270
39294
41144
39271
39295
41145
39272
39296
41146
39273
39297
41147
39274
39298
41148
39299
41149
39276
39300
41150
39277
39301
41151
39278
39302
41152
39279
39303
41153
39280
39304
41154
39281
39305
41155
39282
39306
41156
39283
39307
41157
39284
39308
41158
39285
39309
41159
39286
39310
41160
39287
39311
41161
39288
39312
41162
39289
39313
41163
39290
39314
41164
39291
39315
41165
39292
39316
41166
39293
39317
41167
39294
39318
41168
39295
39319
41169
39296
39320
41170
39297
39321
41171
39298
39322
41172
39299
39323
41173
39324
41174
39301
39325
41175
39302
39326
41176
39303
39327
41177
39304
39328
41178
39305
39329
41179
39306
39330
41180
39307
39331
41181
39308
39332
41182
39309
39333
41183
39310
39334
41184
39311
39335
41185
39312
39336
41186
39313
39337
41187
39314
39338
41188
39315
39339
41189
39316
39340
41190
39317
39341
41191
39318
39342
41192
39319
39343
41193
39320
39344
41194
39321
39345
41195
39322
39346
41196
39323
39347
41197
39324
39348
41198
39349
41199
39326
39350
41200
39327
39351
41201
39328
39352
41202
39329
39353
41203
39330
39354
41204
39331
39355
41205
39332
39356
41206
39333
39357
41207
39334
39358
41208
39335
39359
41209
39336
39360
41210
39337
39361
41211
39338
39362
41212
39339
39363
41213
39340
39364
41214
39341
39365
41215
39342
39366
41216
39343
39367
41217
39344
39368
41218
39345
39369
41219
39346
39370
41220
39347
39371
41221
39348
39372
41222
39349
39373
41223
39374
41224
39351
41225
39352
41226
39353
41227
39354
41228
39355
41229
39356
41230
39357
41231
39358
41232
39359
41233
39360
41234
39361
41235
39362
41236
39363
41237
39364
41238
39365
41239
39366
41240
39367
41241
39368
41242
39369
41243
39370
41244
39371
41245
39372
41246
39373
41247
39374
41248
41249
39376
39400
41250
39377
39401
41251
39378
39402
41252
39379
39403
41253
39380
39404
41254
39381
39405
41255
39382
39406
41256
39383
39407
41257
39384
39408
41258
39385
39409
41259
39386
39410
41260
39387
39411
41261
39388
39412
41262
39389
39413
41263
39390
39414
41264
39391
39415
41265
39392
39416
41266
39393
39417
41267
39394
39418
41268
39395
39419
41269
39396
39420
41270
39397
39421
41271
39398
39422
41272
39399
39423
41273
39424
41274
39401
39425
41275
39402
39426
41276
39403
39427
41277
39404
39428
41278
39405
39429
41279
39406
39430
41280
39407
39431
41281
39408
39432
41282
39409
39433
41283
39410
39434
41284
39411
39435
41285
39412
39436
41286
39413
39437
41287
39414
39438
41288
39415
39439
41289
39416
39440
41290
39417
39441
41291
39418
39442
41292
39419
39443
41293
39420
39444
41294
39421
39445
41295
39422
39446
41296
39423
39447
41297
39424
39448
41298
39449
41299
39426
39450
41300
39427
39451
41301
39428
39452
41302
39429
39453
41303
39430
39454
41304
39431
39455
41305
39432
39456
41306
39433
39457
41307
39434
39458
41308
39435
39459
41309
39436
39460
41310
39437
39461
41311
39438
39462
41312
39439
39463
41313
39440
39464
41314
39441
39465
41315
39442
39466
41316
39443
39467
41317
39444
39468
41318
39445
39469
41319
39446
39470
41320
39447
39471
41321
39448
39472
41322
39449
39473
41323
39474
41324
39451
39475
41325
39452
39476
41326
39453
39477
41327
39454
39478
41328
39455
39479
41329
39456
39480
41330
39457
39481
41331
39458
39482
41332
39459
39483
41333
39460
39484
41334
39461
39485
41335
39462
39486
41336
39463
39487
41337
39464
39488
41338
39465
39489
41339
39466
39490
41340
39467
39491
41341
39468
39492
41342
39469
39493
41343
39470
39494
41344
39471
39495
41345
39472
39496
41346
39473
39497
41347
39474
39498
41348
39499
41349
39476
39500
41350
39477
39501
41351
39478
39502
41352
39479
39503
41353
39480
39504
41354
39481
39505
41355
39482
39506
41356
39483
39507
41357
39484
39508
41358
39485
39509
41359
39486
39510
41360
39487
39511
41361
39488
39512
41362
39489
39513
41363
39490
39514
41364
39491
39515
41365
39492
39516
41366
39493
39517
41367
39494
39518
41368
39495
39519
41369
39496
39520
41370
39497
39521
41371
39498
39522
41372
39499
39523
41373
39524
41374
39501
39525
41375
39502
39526
41376
39503
39527
41377
39504
39528
41378
39505
39529
41379
39506
39530
41380
39507
39531
41381
39508
39532
41382
39509
39533
41383
39510
39534
41384
39511
39535
41385
39512
39536
41386
39513
39537
41387
39514
39538
41388
39515
39539
41389
39516
39540
41390
39517
39541
41391
39518
39542
41392
39519
39543
41393
39520
39544
41394
39521
39545
41395
39522
39546
41396
39523
39547
41397
39524
39548
41398
39549
41399
39526
39550
41400
39527
39551
41401
39528
39552
41402
39529
39553
41403
39530
39554
41404
39531
39555
41405
39532
39556
41406
39533
39557
41407
39534
39558
41408
39535
39559
41409
39536
39560
41410
39537
39561
41411
39538
39562
41412
39539
39563
41413
39540
39564
41414
39541
39565
41415
39542
39566
41416
39543
39567
41417
39544
39568
41418
39545
39569
41419
39546
39570
41420
39547
39571
41421
39548
39572
41422
39549
39573
41423
39574
41424
39551
39575
41425
39552
39576
41426
39553
39577
41427
39554
39578
41428
39555
39579
41429
39556
39580
41430
39557
39581
41431
39558
39582
41432
39559
39583
41433
39560
39584
41434
39561
39585
41435
39562
39586
41436
39563
39587
41437
39564
39588
41438
39565
39589
41439
39566
39590
41440
39567
39591
41441
39568
39592
41442
39569
39593
41443
39570
39594
41444
39571
39595
41445
39572
39596
41446
39573
39597
41447
39574
39598
41448
39599
41449
39576
39600
41450
39577
39601
41451
39578
39602
41452
39579
39603
41453
39580
39604
41454
39581
39605
41455
39582
39606
41456
39583
39607
41457
39584
39608
41458
39585
39609
41459
39586
39610
41460
39587
39611
41461
39588
39612
41462
39589
39613
41463
39590
39614
41464
39591
39615
41465
39592
39616
41466
39593
39617
41467
39594
39618
41468
39595
39619
41469
39596
39620
41470
39597
39621
41471
39598
39622
41472
39599
39623
41473
39624
41474
39601
39625
41475
39602
39626
41476
39603
39627
41477
39604
39628
41478
39605
39629
41479
39606
39630
41480
39607
39631
41481
39608
39632
41482
39609
39633
41483
39610
39634
41484
39611
39635
41485
39612
39636
41486
39613
39637
41487
39614
39638
41488
39615
39639
41489
39616
39640
41490
39617
39641
41491
39618
39642
41492
39619
39643
41493
39620
39644
41494
39621
39645
41495
39622
39646
41496
39623
39647
41497
39624
39648
41498
39649
41499
39626
39650
41500
39627
39651
41501
39628
39652
41502
39629
39653
41503
39630
39654
41504
39631
39655
41505
39632
39656
41506
39633
39657
41507
39634
39658
41508
39635
39659
41509
39636
39660
41510
39637
39661
41511
39638
39662
41512
39639
39663
41513
39640
39664
41514
39641
39665
41515
39642
39666
41516
39643
39667
41517
39644
39668
41518
39645
39669
41519
39646
39670
41520
39647
39671
41521
39648
39672
41522
39649
39673
41523
39674
41524
39651
39675
41525
39652
39676
41526
39653
39677
41527
39654
39678
41528
39655
39679
41529
39656
39680
41530
39657
39681
41531
39658
39682
41532
39659
39683
41533
39660
39684
41534
39661
39685
41535
39662
39686
41536
39663
39687
41537
39664
39688
41538
39665
39689
41539
39666
39690
41540
39667
39691
41541
39668
39692
41542
39669
39693
41543
39670
39694
41544
39671
39695
41545
39672
39696
41546
39673
39697
41547
39674
39698
41548
39699
41549
39676
39700
41550
39677
39701
41551
39678
39702
41552
39679
39703
41553
39680
39704
41554
39681
39705
41555
39682
39706
41556
39683
39707
41557
39684
39708
41558
39685
39709
41559
39686
39710
41560
39687
39711
41561
39688
39712
41562
39689
39713
41563
39690
39714
41564
39691
39715
41565
39692
39716
41566
39693
39717
41567
39694
39718
41568
39695
39719
41569
39696
39720
41570
39697
39721
41571
39698
39722
41572
39699
39723
41573
39724
41574
39701
39725
41575
39702
39726
41576
39703
39727
41577
39704
39728
41578
39705
39729
41579
39706
39730
41580
39707
39731
41581
39708
39732
41582
39709
39733
41583
39710
39734
41584
39711
39735
41585
39712
39736
41586
39713
39737
41587
39714
39738
41588
39715
39739
41589
39716
39740
41590
39717
39741
41591
39718
39742
41592
39719
39743
41593
39720
39744
41594
39721
39745
41595
39722
39746
41596
39723
39747
41597
39724
39748
41598
39749
41599
39726
39750
41600
39727
39751
41601
39728
39752
41602
39729
39753
41603
39730
39754
41604
39731
39755
41605
39732
39756
41606
39733
39757
41607
39734
39758
41608
39735
39759
41609
39736
39760
41610
39737
39761
41611
39738
39762
41612
39739
39763
41613
39740
39764
41614
39741
39765
41615
39742
39766
41616
39743
39767
41617
39744
39768
41618
39745
39769
41619
39746
39770
41620
39747
39771
41621
39748
39772
41622
39749
39773
41623
39774
41624
39751
39775
41625
39752
39776
41626
39753
39777
41627
39754
39778
41628
39755
39779
41629
39756
39780
41630
39757
39781
41631
39758
39782
41632
39759
39783
41633
39760
39784
41634
39761
39785
41635
39762
39786
41636
39763
39787
41637
39764
39788
41638
39765
39789
41639
39766
39790
41640
39767
39791
41641
39768
39792
41642
39769
39793
41643
39770
39794
41644
39771
39795
41645
39772
39796
41646
39773
39797
41647
39774
39798
41648
39799
41649
39776
39800
41650
39777
39801
41651
39778
39802
41652
39779
39803
41653
39780
39804
41654
39781
39805
41655
39782
39806
41656
39783
39807
41657
39784
39808
41658
39785
39809
41659
39786
39810
41660
39787
39811
41661
39788
39812
41662
39789
39813
41663
39790
39814
41664
39791
39815
41665
39792
39816
41666
39793
39817
41667
39794
39818
41668
39795
39819
41669
39796
39820
41670
39797
39821
41671
39798
39822
41672
39799
39823
41673
39824
41674
39801
39825
41675
39802
39826
41676
39803
39827
41677
39804
39828
41678
39805
39829
41679
39806
39830
41680
39807
39831
41681
39808
39832
41682
39809
39833
41683
39810
39834
41684
39811
39835
41685
39812
39836
41686
39813
39837
41687
39814
39838
41688
39815
39839
41689
39816
39840
41690
39817
39841
41691
39818
39842
41692
39819
39843
41693
39820
39844
41694
39821
39845
41695
39822
39846
41696
39823
39847
41697
39824
39848
41698
39849
41699
39826
39850
41700
39827
39851
41701
39828
39852
41702
39829
39853
41703
39830
39854
41704
39831
39855
41705
39832
39856
41706
39833
39857
41707
39834
39858
41708
39835
39859
41709
39836
39860
41710
39837
39861
41711
39838
39862
41712
39839
39863
41713
39840
39864
41714
39841
39865
41715
39842
39866
41716
39843
39867
41717
39844
39868
41718
39845
39869
41719
39846
39870
41720
39847
39871
41721
39848
39872
41722
39849
39873
41723
39874
41724
39851
39875
41725
39852
39876
41726
39853
39877
41727
39854
39878
41728
39855
39879
41729
39856
39880
41730
39857
39881
41731
39858
39882
41732
39859
39883
41733
39860
39884
41734
39861
39885
41735
39862
39886
41736
39863
39887
41737
39864
39888
41738
39865
39889
41739
39866
39890
41740
39867
39891
41741
39868
39892
41742
39869
39893
41743
39870
39894
41744
39871
39895
41745
39872
39896
41746
39873
39897
41747
39874
39898
41748
39899
41749
39876
39900
41750
39877
39901
41751
39878
39902
41752
39879
39903
41753
39880
39904
41754
39881
39905
41755
39882
39906
41756
39883
39907
41757
39884
39908
41758
39885
39909
41759
39886
39910
41760
39887
39911
41761
39888
39912
41762
39889
39913
41763
39890
39914
41764
39891
39915
41765
39892
39916
41766
39893
39917
41767
39894
39918
41768
39895
39919
41769
39896
39920
41770
39897
39921
41771
39898
39922
41772
39899
39923
41773
39924
41774
39901
39925
41775
39902
39926
41776
39903
39927
41777
39904
39928
41778
39905
39929
41779
39906
39930
41780
39907
39931
41781
39908
39932
41782
39909
39933
41783
39910
39934
41784
39911
39935
41785
39912
39936
41786
39913
39937
41787
39914
39938
41788
39915
39939
41789
39916
39940
41790
39917
39941
41791
39918
39942
41792
39919
39943
41793
39920
39944
41794
39921
39945
41795
39922
39946
41796
39923
39947
41797
39924
39948
41798
39949
41799
39926
39950
41800
39927
39951
41801
39928
39952
41802
39929
39953
41803
39930
39954
41804
39931
39955
41805
39932
39956
41806
39933
39957
41807
39934
39958
41808
39935
39959
41809
39936
39960
41810
39937
39961
41811
39938
39962
41812
39939
39963
41813
39940
39964
41814
39941
39965
41815
39942
39966
41816
39943
39967
41817
39944
39968
41818
39945
39969
41819
39946
39970
41820
39947
39971
41821
39948
39972
41822
39949
39973
41823
39974
41824
39951
39975
41825
39952
39976
41826
39953
39977
41827
39954
39978
41828
39955
39979
41829
39956
39980
41830
39957
39981
41831
39958
39982
41832
39959
39983
41833
39960
39984
41834
39961
39985
41835
39962
39986
41836
39963
39987
41837
39964
39988
41838
39965
39989
41839
39966
39990
41840
39967
39991
41841
39968
39992
41842
39969
39993
41843
39970
39994
41844
39971
39995
41845
39972
39996
41846
39973
39997
41847
39974
39998
41848
39999
41849
39976
40000
41850
39977
40001
41851
39978
40002
41852
39979
40003
41853
39980
40004
41854
39981
40005
41855
39982
40006
41856
39983
40007
41857
39984
40008
41858
39985
40009
41859
39986
40010
41860
39987
40011
41861
39988
40012
41862
39989
40013
41863
39990
40014
41864
39991
40015
41865
39992
40016
41866
39993
40017
41867
39994
40018
41868
39995
40019
41869
39996
40020
41870
39997
40021
41871
39998
40022
41872
39999
40023
41873
40024
41874
40001
40025
41875
40002
40026
41876
40003
40027
41877
40004
40028
41878
40005
40029
41879
40006
40030
41880
40007
40031
41881
40008
40032
41882
40009
40033
41883
40010
40034
41884
40011
40035
41885
40012
40036
41886
40013
40037
41887
40014
40038
41888
40015
40039
41889
40016
40040
41890
40017
40041
41891
40018
40042
41892
40019
40043
41893
40020
40044
41894
40021
40045
41895
40022
40046
41896
40023
40047
41897
40024
40048
41898
40049
41899
40026
40050
41900
40027
40051
41901
40028
40052
41902
40029
40053
41903
40030
40054
41904
40031
40055
41905
40032
40056
41906
40033
40057
41907
40034
40058
41908
40035
40059
41909
40036
40060
41910
40037
40061
41911
40038
40062
41912
40039
40063
41913
40040
40064
41914
40041
40065
41915
40042
40066
41916
40043
40067
41917
40044
40068
41918
40045
40069
41919
40046
40070
41920
40047
40071
41921
40048
40072
41922
40049
40073
41923
40074
41924
40051
40075
41925
40052
40076
41926
40053
40077
41927
40054
40078
41928
40055
40079
41929
40056
40080
41930
40057
40081
41931
40058
40082
41932
40059
40083
41933
40060
40084
41934
40061
40085
41935
40062
40086
41936
40063
40087
41937
40064
40088
41938
40065
40089
41939
40066
40090
41940
40067
40091
41941
40068
40092
41942
40069
40093
41943
40070
40094
41944
40071
40095
41945
40072
40096
41946
40073
40097
41947
40074
40098
41948
40099
41949
40076
40100
41950
40077
40101
41951
40078
40102
41952
40079
40103
41953
40080
40104
41954
40081
40105
41955
40082
40106
41956
40083
40107
41957
40084
40108
41958
40085
40109
41959
40086
40110
41960
40087
40111
41961
40088
40112
41962
40089
40113
41963
40090
40114
41964
40091
40115
41965
40092
40116
41966
40093
40117
41967
40094
40118
41968
40095
40119
41969
40096
40120
41970
40097
40121
41971
40098
40122
41972
40099
40123
41973
40124
41974
40101
40125
41975
40102
40126
41976
40103
40127
41977
40104
40128
41978
40105
40129
41979
40106
40130
41980
40107
40131
41981
40108
40132
41982
40109
40133
41983
40110
40134
41984
40111
40135
41985
40112
40136
41986
40113
40137
41987
40114
40138
41988
40115
40139
41989
40116
40140
41990
40117
40141
41991
40118
40142
41992
40119
40143
41993
40120
40144
41994
40121
40145
41995
40122
40146
41996
40123
40147
41997
40124
40148
41998
40149
41999
40126
40150
42000
40127
40151
42001
40128
40152
42002
40129
40153
42003
40130
40154
42004
40131
40155
42005
40132
40156
42006
40133
40157
42007
40134
40158
42008
40135
40159
42009
40136
40160
42010
40137
40161
42011
40138
40162
42012
40139
40163
42013
40140
40164
42014
40141
40165
42015
40142
40166
42016
40143
40167
42017
40144
40168
42018
40145
40169
42019
40146
40170
42020
40147
40171
42021
40148
40172
42022
40149
40173
42023
40174
42024
40151
40175
42025
40152
40176
42026
40153
40177
42027
40154
40178
42028
40155
40179
42029
40156
40180
42030
40157
40181
42031
40158
40182
42032
40159
40183
42033
40160
40184
42034
40161
40185
42035
40162
40186
42036
40163
40187
42037
40164
40188
42038
40165
40189
42039
40166
40190
42040
40167
40191
42041
40168
40192
42042
40169
40193
42043
40170
40194
42044
40171
40195
42045
40172
40196
42046
40173
40197
42047
40174
40198
42048
40199
42049
40176
40200
42050
40177
40201
42051
40178
40202
42052
40179
40203
42053
40180
40204
42054
40181
40205
42055
40182
40206
42056
40183
40207
42057
40184
40208
42058
40185
40209
42059
40186
40210
42060
40187
40211
42061
40188
40212
42062
40189
40213
42063
40190
40214
42064
40191
40215
42065
40192
40216
42066
40193
40217
42067
40194
40218
42068
40195
40219
42069
40196
40220
42070
40197
40221
42071
40198
40222
42072
40199
40223
42073
40224
42074
40201
40225
42075
40202
40226
42076
40203
40227
42077
40204
40228
42078
40205
40229
42079
40206
40230
42080
40207
40231
42081
40208
40232
42082
40209
40233
42083
40210
40234
42084
40211
40235
42085
40212
40236
42086
40213
40237
42087
40214
40238
42088
40215
40239
42089
40216
40240
42090
40217
40241
42091
40218
40242
42092
40219
40243
42093
40220
40244
42094
40221
40245
42095
40222
40246
42096
40223
40247
42097
40224
40248
42098
40249
42099
40226
40250
42100
40227
40251
42101
40228
40252
42102
40229
40253
42103
40230
40254
42104
40231
40255
42105
40232
40256
42106
40233
40257
42107
40234
40258
42108
40235
40259
42109
40236
40260
42110
40237
40261
42111
40238
40262
42112
40239
40263
42113
40240
40264
42114
40241
40265
42115
40242
40266
42116
40243
40267
42117
40244
40268
42118
40245
40269
42119
40246
40270
42120
40247
40271
42121
40248
40272
42122
40249
40273
42123
40274
42124
40251
40275
42125
40252
40276
42126
40253
40277
42127
40254
40278
42128
40255
40279
42129
40256
40280
42130
40257
40281
42131
40258
40282
42132
40259
40283
42133
40260
40284
42134
40261
40285
42135
40262
40286
42136
40263
40287
42137
40264
40288
42138
40265
40289
42139
40266
40290
42140
40267
40291
42141
40268
40292
42142
40269
40293
42143
40270
40294
42144
40271
40295
42145
40272
40296
42146
40273
40297
42147
40274
40298
42148
40299
42149
40276
40300
42150
40277
40301
42151
40278
40302
42152
40279
40303
42153
40280
40304
42154
40281
40305
42155
40282
40306
42156
40283
40307
42157
40284
40308
42158
40285
40309
42159
40286
40310
42160
40287
40311
42161
40288
40312
42162
40289
40313
42163
40290
40314
42164
40291
40315
42165
40292
40316
42166
40293
40317
42167
40294
40318
42168
40295
40319
42169
40296
40320
42170
40297
40321
42171
40298
40322
42172
40299
40323
42173
40324
42174
40301
40325
42175
40302
40326
42176
40303
40327
42177
40304
40328
42178
40305
40329
42179
40306
40330
42180
40307
40331
42181
40308
40332
42182
40309
40333
42183
40310
40334
42184
40311
40335
42185
40312
40336
42186
40313
40337
42187
40314
40338
42188
40315
40339
42189
40316
40340
42190
40317
40341
42191
40318
40342
42192
40319
40343
42193
40320
40344
42194
40321
40345
42195
40322
40346
42196
40323
40347
42197
40324
40348
42198
40349
42199
40326
40350
42200
40327
40351
42201
40328
40352
42202
40329
40353
42203
40330
40354
42204
40331
40355
42205
40332
40356
42206
40333
40357
42207
40334
40358
42208
40335
40359
42209
40336
40360
42210
40337
40361
42211
40338
40362
42212
40339
40363
42213
40340
40364
42214
40341
40365
42215
40342
40366
42216
40343
40367
42217
40344
40368
42218
40345
40369
42219
40346
40370
42220
40347
40371
42221
40348
40372
42222
40349
40373
42223
40374
42224
40351
40375
42225
40352
40376
42226
40353
40377
42227
40354
40378
42228
40355
40379
42229
40356
40380
42230
40357
40381
42231
40358
40382
42232
40359
40383
42233
40360
40384
42234
40361
40385
42235
40362
40386
42236
40363
40387
42237
40364
40388
42238
40365
40389
42239
40366
40390
42240
40367
40391
42241
40368
40392
42242
40369
40393
42243
40370
40394
42244
40371
40395
42245
40372
40396
42246
40373
40397
42247
40374
40398
42248
40399
42249
40376
40400
42250
40377
40401
42251
40378
40402
42252
40379
40403
42253
40380
40404
42254
40381
40405
42255
40382
40406
42256
40383
40407
42257
40384
40408
42258
40385
40409
42259
40386
40410
42260
40387
40411
42261
40388
40412
42262
40389
40413
42263
40390
40414
42264
40391
40415
42265
40392
40416
42266
40393
40417
42267
40394
40418
42268
40395
40419
42269
40396
40420
42270
40397
40421
42271
40398
40422
42272
40399
40423
42273
40424
42274
40401
40425
42275
40402
40426
42276
40403
40427
42277
40404
40428
42278
40405
40429
42279
40406
40430
42280
40407
40431
42281
40408
40432
42282
40409
40433
42283
40410
40434
42284
40411
40435
42285
40412
40436
42286
40413
40437
42287
40414
40438
42288
40415
40439
42289
40416
40440
42290
40417
40441
42291
40418
40442
42292
40419
40443
42293
40420
40444
42294
40421
40445
42295
40422
40446
42296
40423
40447
42297
40424
40448
42298
40449
42299
40426
40450
42300
40427
40451
42301
40428
40452
42302
40429
40453
42303
40430
40454
42304
40431
40455
42305
40432
40456
42306
40433
40457
42307
40434
40458
42308
40435
40459
42309
40436
40460
42310
40437
40461
42311
40438
40462
42312
40439
40463
42313
40440
40464
42314
40441
40465
42315
40442
40466
42316
40443
40467
42317
40444
40468
42318
40445
40469
42319
40446
40470
42320
40447
40471
42321
40448
40472
42322
40449
40473
42323
40474
42324
40451
40475
42325
40452
40476
42326
40453
40477
42327
40454
40478
42328
40455
40479
42329
40456
40480
42330
40457
40481
42331
40458
40482
42332
40459
40483
42333
40460
40484
42334
40461
40485
42335
40462
40486
42336
40463
40487
42337
40464
40488
42338
40465
40489
42339
40466
40490
42340
40467
40491
42341
40468
40492
42342
40469
40493
42343
40470
40494
42344
40471
40495
42345
40472
40496
42346
40473
40497
42347
40474
40498
42348
40499
42349
40476
40500
42350
40477
40501
42351
40478
40502
42352
40479
40503
42353
40480
40504
42354
40481
40505
42355
40482
40506
42356
40483
40507
42357
40484
40508
42358
40485
40509
42359
40486
40510
42360
40487
40511
42361
40488
40512
42362
40489
40513
42363
40490
40514
42364
40491
40515
42365
40492
40516
42366
40493
40517
42367
40494
40518
42368
40495
40519
42369
40496
40520
42370
40497
40521
42371
40498
40522
42372
40499
40523
42373
40524
42374
40501
40525
42375
40502
40526
42376
40503
40527
42377
40504
40528
42378
40505
40529
42379
40506
40530
42380
40507
40531
42381
40508
40532
42382
40509
40533
42383
40510
40534
42384
40511
40535
42385
40512
40536
42386
40513
40537
42387
40514
40538
42388
40515
40539
42389
40516
40540
42390
40517
40541
42391
40518
40542
42392
40519
40543
42393
40520
40544
42394
40521
40545
42395
40522
40546
42396
40523
40547
42397
40524
40548
42398
40549
42399
40526
40550
42400
40527
40551
42401
40528
40552
42402
40529
40553
42403
40530
40554
42404
40531
40555
42405
40532
40556
42406
40533
40557
42407
40534
40558
42408
40535
40559
42409
40536
40560
42410
40537
40561
42411
40538
40562
42412
40539
40563
42413
40540
40564
42414
40541
40565
42415
40542
40566
42416
40543
40567
42417
40544
40568
42418
40545
40569
42419
40546
40570
42420
40547
40571
42421
40548
40572
42422
40549
40573
42423
40574
42424
40551
40575
42425
40552
40576
42426
40553
40577
42427
40554
40578
42428
40555
40579
42429
40556
40580
42430
40557
40581
42431
40558
40582
42432
40559
40583
42433
40560
40584
42434
40561
40585
42435
40562
40586
42436
40563
40587
42437
40564
40588
42438
40565
40589
42439
40566
40590
42440
40567
40591
42441
40568
40592
42442
40569
40593
42443
40570
40594
42444
40571
40595
42445
40572
40596
42446
40573
40597
42447
40574
40598
42448
40599
42449
40576
40600
42450
40577
40601
42451
40578
40602
42452
40579
40603
42453
40580
40604
42454
40581
40605
42455
40582
40606
42456
40583
40607
42457
40584
40608
42458
40585
40609
42459
40586
40610
42460
40587
40611
42461
40588
40612
42462
40589
40613
42463
40590
40614
42464
40591
40615
42465
40592
40616
42466
40593
40617
42467
40594
40618
42468
40595
40619
42469
40596
40620
42470
40597
40621
42471
40598
40622
42472
40599
40623
42473
40624
42474
40601
40625
42475
40602
40626
42476
40603
40627
42477
40604
40628
42478
40605
40629
42479
40606
40630
42480
40607
40631
42481
40608
40632
42482
40609
40633
42483
40610
40634
42484
40611
40635
42485
40612
40636
42486
40613
40637
42487
40614
40638
42488
40615
40639
42489
40616
40640
42490
40617
40641
42491
40618
40642
42492
40619
40643
42493
40620
40644
42494
40621
40645
42495
40622
40646
42496
40623
40647
42497
40624
40648
42498
40649
42499
40626
40650
42500
40627
40651
42501
40628
40652
42502
40629
40653
42503
40630
40654
42504
40631
40655
42505
40632
40656
42506
40633
40657
42507
40634
40658
42508
40635
40659
42509
40636
40660
42510
40637
40661
42511
40638
40662
42512
40639
40663
42513
40640
40664
42514
40641
40665
42515
40642
40666
42516
40643
40667
42517
40644
40668
42518
40645
40669
42519
40646
40670
42520
40647
40671
42521
40648
40672
42522
40649
40673
42523
40674
42524
40651
40675
42525
40652
40676
42526
40653
40677
42527
40654
40678
42528
40655
40679
42529
40656
40680
42530
40657
40681
42531
40658
40682
42532
40659
40683
42533
40660
40684
42534
40661
40685
42535
40662
40686
42536
40663
40687
42537
40664
40688
42538
40665
40689
42539
40666
40690
42540
40667
40691
42541
40668
40692
42542
40669
40693
42543
40670
40694
42544
40671
40695
42545
40672
40696
42546
40673
40697
42547
40674
40698
42548
40699
42549
40676
40700
42550
40677
40701
42551
40678
40702
42552
40679
40703
42553
40680
40704
42554
40681
40705
42555
40682
40706
42556
40683
40707
42557
40684
40708
42558
40685
40709
42559
40686
40710
42560
40687
40711
42561
40688
40712
42562
40689
40713
42563
40690
40714
42564
40691
40715
42565
40692
40716
42566
40693
40717
42567
40694
40718
42568
40695
40719
42569
40696
40720
42570
40697
40721
42571
40698
40722
42572
40699
40723
42573
40724
42574
40701
40725
42575
40702
40726
42576
40703
40727
42577
40704
40728
42578
40705
40729
42579
40706
40730
42580
40707
40731
42581
40708
40732
42582
40709
40733
42583
40710
40734
42584
40711
40735
42585
40712
40736
42586
40713
40737
42587
40714
40738
42588
40715
40739
42589
40716
40740
42590
40717
40741
42591
40718
40742
42592
40719
40743
42593
40720
40744
42594
40721
40745
42595
40722
40746
42596
40723
40747
42597
40724
40748
42598
40749
42599
40726
40750
42600
40727
40751
42601
40728
40752
42602
40729
40753
42603
40730
40754
42604
40731
40755
42605
40732
40756
42606
40733
40757
42607
40734
40758
42608
40735
40759
42609
40736
40760
42610
40737
40761
42611
40738
40762
42612
40739
40763
42613
40740
40764
42614
40741
40765
42615
40742
40766
42616
40743
40767
42617
40744
40768
42618
40745
40769
42619
40746
40770
42620
40747
40771
42621
40748
40772
42622
40749
40773
42623
40774
42624
40751
40775
42625
40752
40776
42626
40753
40777
42627
40754
40778
42628
40755
40779
42629
40756
40780
42630
40757
40781
42631
40758
40782
42632
40759
40783
42633
40760
40784
42634
40761
40785
42635
40762
40786
42636
40763
40787
42637
40764
40788
42638
40765
40789
42639
40766
40790
42640
40767
40791
42641
40768
40792
42642
40769
40793
42643
40770
40794
42644
40771
40795
42645
40772
40796
42646
40773
40797
42647
40774
40798
42648
40799
42649
40776
40800
42650
40777
40801
42651
40778
40802
42652
40779
40803
42653
40780
40804
42654
40781
40805
42655
40782
40806
42656
40783
40807
42657
40784
40808
42658
40785
40809
42659
40786
40810
42660
40787
40811
42661
40788
40812
42662
40789
40813
42663
40790
40814
42664
40791
40815
42665
40792
40816
42666
40793
40817
42667
40794
40818
42668
40795
40819
42669
40796
40820
42670
40797
40821
42671
40798
40822
42672
40799
40823
42673
40824
42674
40801
40825
42675
40802
40826
42676
40803
40827
42677
40804
40828
42678
40805
40829
42679
40806
40830
42680
40807
40831
42681
40808
40832
42682
40809
40833
42683
40810
40834
42684
40811
40835
42685
40812
40836
42686
40813
40837
42687
40814
40838
42688
40815
40839
42689
40816
40840
42690
40817
40841
42691
40818
40842
42692
40819
40843
42693
40820
40844
42694
40821
40845
42695
40822
40846
42696
40823
40847
42697
40824
40848
42698
40849
42699
40826
40850
42700
40827
40851
42701
40828
40852
42702
40829
40853
42703
40830
40854
42704
40831
40855
42705
40832
40856
42706
40833
40857
42707
40834
40858
42708
40835
40859
42709
40836
40860
42710
40837
40861
42711
40838
40862
42712
40839
40863
42713
40840
40864
42714
40841
40865
42715
40842
40866
42716
40843
40867
42717
40844
40868
42718
40845
40869
42719
40846
40870
42720
40847
40871
42721
40848
40872
42722
40849
40873
42723
40874
42724
40851
40875
42725
40852
40876
42726
40853
40877
42727
40854
40878
42728
40855
40879
42729
40856
40880
42730
40857
40881
42731
40858
40882
42732
40859
40883
42733
40860
40884
42734
40861
40885
42735
40862
40886
42736
40863
40887
42737
40864
40888
42738
40865
40889
42739
40866
40890
42740
40867
40891
42741
40868
40892
42742
40869
40893
42743
40870
40894
42744
40871
40895
42745
40872
40896
42746
40873
40897
42747
40874
40898
42748
40899
42749
40876
40900
42750
40877
40901
42751
40878
40902
42752
40879
40903
42753
40880
40904
42754
40881
40905
42755
40882
40906
42756
40883
40907
42757
40884
40908
42758
40885
40909
42759
40886
40910
42760
40887
40911
42761
40888
40912
42762
40889
40913
42763
40890
40914
42764
40891
40915
42765
40892
40916
42766
40893
40917
42767
40894
40918
42768
40895
40919
42769
40896
40920
42770
40897
40921
42771
40898
40922
42772
40899
40923
42773
40924
42774
40901
40925
42775
40902
40926
42776
40903
40927
42777
40904
40928
42778
40905
40929
42779
40906
40930
42780
40907
40931
42781
40908
40932
42782
40909
40933
42783
40910
40934
42784
40911
40935
42785
40912
40936
42786
40913
40937
42787
40914
40938
42788
40915
40939
42789
40916
40940
42790
40917
40941
42791
40918
40942
42792
40919
40943
42793
40920
40944
42794
40921
40945
42795
40922
40946
42796
40923
40947
42797
40924
40948
42798
40949
42799
40926
40950
42800
40927
40951
42801
40928
40952
42802
40929
40953
42803
40930
40954
42804
40931
40955
42805
40932
40956
42806
40933
40957
42807
40934
40958
42808
40935
40959
42809
40936
40960
42810
40937
40961
42811
40938
40962
42812
40939
40963
42813
40940
40964
42814
40941
40965
42815
40942
40966
42816
40943
40967
42817
40944
40968
42818
40945
40969
42819
40946
40970
42820
40947
40971
42821
40948
40972
42822
40949
40973
42823
40974
42824
40951
40975
42825
40952
40976
42826
40953
40977
42827
40954
40978
42828
40955
40979
42829
40956
40980
42830
40957
40981
42831
40958
40982
42832
40959
40983
42833
40960
40984
42834
40961
40985
42835
40962
40986
42836
40963
40987
42837
40964
40988
42838
40965
40989
42839
40966
40990
42840
40967
40991
42841
40968
40992
42842
40969
40993
42843
40970
40994
42844
40971
40995
42845
40972
40996
42846
40973
40997
42847
40974
40998
42848
40999
42849
40976
41000
42850
40977
41001
42851
40978
41002
42852
40979
41003
42853
40980
41004
42854
40981
41005
42855
40982
41006
42856
40983
41007
42857
40984
41008
42858
40985
41009
42859
40986
41010
42860
40987
41011
42861
40988
41012
42862
40989
41013
42863
40990
41014
42864
40991
41015
42865
40992
41016
42866
40993
41017
42867
40994
41018
42868
40995
41019
42869
40996
41020
42870
40997
41021
42871
40998
41022
42872
40999
41023
42873
41024
42874
41001
41025
42875
41002
41026
42876
41003
41027
42877
41004
41028
42878
41005
41029
42879
41006
41030
42880
41007
41031
42881
41008
41032
42882
41009
41033
42883
41010
41034
42884
41011
41035
42885
41012
41036
42886
41013
41037
42887
41014
41038
42888
41015
41039
42889
41016
41040
42890
41017
41041
42891
41018
41042
42892
41019
41043
42893
41020
41044
42894
41021
41045
42895
41022
41046
42896
41023
41047
42897
41024
41048
42898
41049
42899
41026
41050
42900
41027
41051
42901
41028
41052
42902
41029
41053
42903
41030
41054
42904
41031
41055
42905
41032
41056
42906
41033
41057
42907
41034
41058
42908
41035
41059
42909
41036
41060
42910
41037
41061
42911
41038
41062
42912
41039
41063
42913
41040
41064
42914
41041
41065
42915
41042
41066
42916
41043
41067
42917
41044
41068
42918
41045
41069
42919
41046
41070
42920
41047
41071
42921
41048
41072
42922
41049
41073
42923
41074
42924
41051
41075
42925
41052
41076
42926
41053
41077
42927
41054
41078
42928
41055
41079
42929
41056
41080
42930
41057
41081
42931
41058
41082
42932
41059
41083
42933
41060
41084
42934
41061
41085
42935
41062
41086
42936
41063
41087
42937
41064
41088
42938
41065
41089
42939
41066
41090
42940
41067
41091
42941
41068
41092
42942
41069
41093
42943
41070
41094
42944
41071
41095
42945
41072
41096
42946
41073
41097
42947
41074
41098
42948
41099
42949
41076
41100
42950
41077
41101
42951
41078
41102
42952
41079
41103
42953
41080
41104
42954
41081
41105
42955
41082
41106
42956
41083
41107
42957
41084
41108
42958
41085
41109
42959
41086
41110
42960
41087
41111
42961
41088
41112
42962
41089
41113
42963
41090
41114
42964
41091
41115
42965
41092
41116
42966
41093
41117
42967
41094
41118
42968
41095
41119
42969
41096
41120
42970
41097
41121
42971
41098
41122
42972
41099
41123
42973
41124
42974
41101
41125
42975
41102
41126
42976
41103
41127
42977
41104
41128
42978
41105
41129
42979
41106
41130
42980
41107
41131
42981
41108
41132
42982
41109
41133
42983
41110
41134
42984
41111
41135
42985
41112
41136
42986
41113
41137
42987
41114
41138
42988
41115
41139
42989
41116
41140
42990
41117
41141
42991
41118
41142
42992
41119
41143
42993
41120
41144
42994
41121
41145
42995
41122
41146
42996
41123
41147
42997
41124
41148
42998
41149
42999
41126
41150
43000
41127
41151
43001
41128
41152
43002
41129
41153
43003
41130
41154
43004
41131
41155
43005
41132
41156
43006
41133
41157
43007
41134
41158
43008
41135
41159
43009
41136
41160
43010
41137
41161
43011
41138
41162
43012
41139
41163
43013
41140
41164
43014
41141
41165
43015
41142
41166
43016
41143
41167
43017
41144
41168
43018
41145
41169
43019
41146
41170
43020
41147
41171
43021
41148
41172
43022
41149
41173
43023
41174
43024
41151
41175
43025
41152
41176
43026
41153
41177
43027
41154
41178
43028
41155
41179
43029
41156
41180
43030
41157
41181
43031
41158
41182
43032
41159
41183
43033
41160
41184
43034
41161
41185
43035
41162
41186
43036
41163
41187
43037
41164
41188
43038
41165
41189
43039
41166
41190
43040
41167
41191
43041
41168
41192
43042
41169
41193
43043
41170
41194
43044
41171
41195
43045
41172
41196
43046
41173
41197
43047
41174
41198
43048
41199
43049
41176
41200
43050
41177
41201
43051
41178
41202
43052
41179
41203
43053
41180
41204
43054
41181
41205
43055
41182
41206
43056
41183
41207
43057
41184
41208
43058
41185
41209
43059
41186
41210
43060
41187
41211
43061
41188
41212
43062
41189
41213
43063
41190
41214
43064
41191
41215
43065
41192
41216
43066
41193
41217
43067
41194
41218
43068
41195
41219
43069
41196
41220
43070
41197
41221
43071
41198
41222
43072
41199
41223
43073
41224
43074
41201
41225
43075
41202
41226
43076
41203
41227
43077
41204
41228
43078
41205
41229
43079
41206
41230
43080
41207
41231
43081
41208
41232
43082
41209
41233
43083
41210
41234
43084
41211
41235
43085
41212
41236
43086
41213
41237
43087
41214
41238
43088
41215
41239
43089
41216
41240
43090
41217
41241
43091
41218
41242
43092
41219
41243
43093
41220
41244
43094
41221
41245
43095
41222
41246
43096
41223
41247
43097
41224
41248
43098
41249
43099
41226
43100
41227
43101
41228
43102
41229
43103
41230
43104
41231
43105
41232
43106
41233
43107
41234
43108
41235
43109
41236
43110
41237
43111
41238
43112
41239
43113
41240
43114
41241
43115
41242
43116
41243
43117
41244
43118
41245
43119
41246
43120
41247
43121
41248
43122
41249
43123
43124
41251
41275
43125
41252
41276
43126
41253
41277
43127
41254
41278
43128
41255
41279
43129
41256
41280
43130
41257
41281
43131
41258
41282
43132
41259
41283
43133
41260
41284
43134
41261
41285
43135
41262
41286
43136
41263
41287
43137
41264
41288
43138
41265
41289
43139
41266
41290
43140
41267
41291
43141
41268
41292
43142
41269
41293
43143
41270
41294
43144
41271
41295
43145
41272
41296
43146
41273
41297
43147
41274
41298
43148
41299
43149
41276
41300
43150
41277
41301
43151
41278
41302
43152
41279
41303
43153
41280
41304
43154
41281
41305
43155
41282
41306
43156
41283
41307
43157
41284
41308
43158
41285
41309
43159
41286
41310
43160
41287
41311
43161
41288
41312
43162
41289
41313
43163
41290
41314
43164
41291
41315
43165
41292
41316
43166
41293
41317
43167
41294
41318
43168
41295
41319
43169
41296
41320
43170
41297
41321
43171
41298
41322
43172
41299
41323
43173
41324
43174
41301
41325
43175
41302
41326
43176
41303
41327
43177
41304
41328
43178
41305
41329
43179
41306
41330
43180
41307
41331
43181
41308
41332
43182
41309
41333
43183
41310
41334
43184
41311
41335
43185
41312
41336
43186
41313
41337
43187
41314
41338
43188
41315
41339
43189
41316
41340
43190
41317
41341
43191
41318
41342
43192
41319
41343
43193
41320
41344
43194
41321
41345
43195
41322
41346
43196
41323
41347
43197
41324
41348
43198
41349
43199
41326
41350
43200
41327
41351
43201
41328
41352
43202
41329
41353
43203
41330
41354
43204
41331
41355
43205
41332
41356
43206
41333
41357
43207
41334
41358
43208
41335
41359
43209
41336
41360
43210
41337
41361
43211
41338
41362
43212
41339
41363
43213
41340
41364
43214
41341
41365
43215
41342
41366
43216
41343
41367
43217
41344
41368
43218
41345
41369
43219
41346
41370
43220
41347
41371
43221
41348
41372
43222
41349
41373
43223
41374
43224
41351
41375
43225
41352
41376
43226
41353
41377
43227
41354
41378
43228
41355
41379
43229
41356
41380
43230
41357
41381
43231
41358
41382
43232
41359
41383
43233
41360
41384
43234
41361
41385
43235
41362
41386
43236
41363
41387
43237
41364
41388
43238
41365
41389
43239
41366
41390
43240
41367
41391
43241
41368
41392
43242
41369
41393
43243
41370
41394
43244
41371
41395
43245
41372
41396
43246
41373
41397
43247
41374
41398
43248
41399
43249
41376
41400
43250
41377
41401
43251
41378
41402
43252
41379
41403
43253
41380
41404
43254
41381
41405
43255
41382
41406
43256
41383
41407
43257
41384
41408
43258
41385
41409
43259
41386
41410
43260
41387
41411
43261
41388
41412
43262
41389
41413
43263
41390
41414
43264
41391
41415
43265
41392
41416
43266
41393
41417
43267
41394
41418
43268
41395
41419
43269
41396
41420
43270
41397
41421
43271
41398
41422
43272
41399
41423
43273
41424
43274
41401
41425
43275
41402
41426
43276
41403
41427
43277
41404
41428
43278
41405
41429
43279
41406
41430
43280
41407
41431
43281
41408
41432
43282
41409
41433
43283
41410
41434
43284
41411
41435
43285
41412
41436
43286
41413
41437
43287
41414
41438
43288
41415
41439
43289
41416
41440
43290
41417
41441
43291
41418
41442
43292
41419
41443
43293
41420
41444
43294
41421
41445
43295
41422
41446
43296
41423
41447
43297
41424
41448
43298
41449
43299
41426
41450
43300
41427
41451
43301
41428
41452
43302
41429
41453
43303
41430
41454
43304
41431
41455
43305
41432
41456
43306
41433
41457
43307
41434
41458
43308
41435
41459
43309
41436
41460
43310
41437
41461
43311
41438
41462
43312
41439
41463
43313
41440
41464
43314
41441
41465
43315
41442
41466
43316
41443
41467
43317
41444
41468
43318
41445
41469
43319
41446
41470
43320
41447
41471
43321
41448
41472
43322
41449
41473
43323
41474
43324
41451
41475
43325
41452
41476
43326
41453
41477
43327
41454
41478
43328
41455
41479
43329
41456
41480
43330
41457
41481
43331
41458
41482
43332
41459
41483
43333
41460
41484
43334
41461
41485
43335
41462
41486
43336
41463
41487
43337
41464
41488
43338
41465
41489
43339
41466
41490
43340
41467
41491
43341
41468
41492
43342
41469
41493
43343
41470
41494
43344
41471
41495
43345
41472
41496
43346
41473
41497
43347
41474
41498
43348
41499
43349
41476
41500
43350
41477
41501
43351
41478
41502
43352
41479
41503
43353
41480
41504
43354
41481
41505
43355
41482
41506
43356
41483
41507
43357
41484
41508
43358
41485
41509
43359
41486
41510
43360
41487
41511
43361
41488
41512
43362
41489
41513
43363
41490
41514
43364
41491
41515
43365
41492
41516
43366
41493
41517
43367
41494
41518
43368
41495
41519
43369
41496
41520
43370
41497
41521
43371
41498
41522
43372
41499
41523
43373
41524
43374
41501
41525
43375
41502
41526
43376
41503
41527
43377
41504
41528
43378
41505
41529
43379
41506
41530
43380
41507
41531
43381
41508
41532
43382
41509
41533
43383
41510
41534
43384
41511
41535
43385
41512
41536
43386
41513
41537
43387
41514
41538
43388
41515
41539
43389
41516
41540
43390
41517
41541
43391
41518
41542
43392
41519
41543
43393
41520
41544
43394
41521
41545
43395
41522
41546
43396
41523
41547
43397
41524
41548
43398
41549
43399
41526
41550
43400
41527
41551
43401
41528
41552
43402
41529
41553
43403
41530
41554
43404
41531
41555
43405
41532
41556
43406
41533
41557
43407
41534
41558
43408
41535
41559
43409
41536
41560
43410
41537
41561
43411
41538
41562
43412
41539
41563
43413
41540
41564
43414
41541
41565
43415
41542
41566
43416
41543
41567
43417
41544
41568
43418
41545
41569
43419
41546
41570
43420
41547
41571
43421
41548
41572
43422
41549
41573
43423
41574
43424
41551
41575
43425
41552
41576
43426
41553
41577
43427
41554
41578
43428
41555
41579
43429
41556
41580
43430
41557
41581
43431
41558
41582
43432
41559
41583
43433
41560
41584
43434
41561
41585
43435
41562
41586
43436
41563
41587
43437
41564
41588
43438
41565
41589
43439
41566
41590
43440
41567
41591
43441
41568
41592
43442
41569
41593
43443
41570
41594
43444
41571
41595
43445
41572
41596
43446
41573
41597
43447
41574
41598
43448
41599
43449
41576
41600
43450
41577
41601
43451
41578
41602
43452
41579
41603
43453
41580
41604
43454
41581
41605
43455
41582
41606
43456
41583
41607
43457
41584
41608
43458
41585
41609
43459
41586
41610
43460
41587
41611
43461
41588
41612
43462
41589
41613
43463
41590
41614
43464
41591
41615
43465
41592
41616
43466
41593
41617
43467
41594
41618
43468
41595
41619
43469
41596
41620
43470
41597
41621
43471
41598
41622
43472
41599
41623
43473
41624
43474
41601
41625
43475
41602
41626
43476
41603
41627
43477
41604
41628
43478
41605
41629
43479
41606
41630
43480
41607
41631
43481
41608
41632
43482
41609
41633
43483
41610
41634
43484
41611
41635
43485
41612
41636
43486
41613
41637
43487
41614
41638
43488
41615
41639
43489
41616
41640
43490
41617
41641
43491
41618
41642
43492
41619
41643
43493
41620
41644
43494
41621
41645
43495
41622
41646
43496
41623
41647
43497
41624
41648
43498
41649
43499
41626
41650
43500
41627
41651
43501
41628
41652
43502
41629
41653
43503
41630
41654
43504
41631
41655
43505
41632
41656
43506
41633
41657
43507
41634
41658
43508
41635
41659
43509
41636
41660
43510
41637
41661
43511
41638
41662
43512
41639
41663
43513
41640
41664
43514
41641
41665
43515
41642
41666
43516
41643
41667
43517
41644
41668
43518
41645
41669
43519
41646
41670
43520
41647
41671
43521
41648
41672
43522
41649
41673
43523
41674
43524
41651
41675
43525
41652
41676
43526
41653
41677
43527
41654
41678
43528
41655
41679
43529
41656
41680
43530
41657
41681
43531
41658
41682
43532
41659
41683
43533
41660
41684
43534
41661
41685
43535
41662
41686
43536
41663
41687
43537
41664
41688
43538
41665
41689
43539
41666
41690
43540
41667
41691
43541
41668
41692
43542
41669
41693
43543
41670
41694
43544
41671
41695
43545
41672
41696
43546
41673
41697
43547
41674
41698
43548
41699
43549
41676
41700
43550
41677
41701
43551
41678
41702
43552
41679
41703
43553
41680
41704
43554
41681
41705
43555
41682
41706
43556
41683
41707
43557
41684
41708
43558
41685
41709
43559
41686
41710
43560
41687
41711
43561
41688
41712
43562
41689
41713
43563
41690
41714
43564
41691
41715
43565
41692
41716
43566
41693
41717
43567
41694
41718
43568
41695
41719
43569
41696
41720
43570
41697
41721
43571
41698
41722
43572
41699
41723
43573
41724
43574
41701
41725
43575
41702
41726
43576
41703
41727
43577
41704
41728
43578
41705
41729
43579
41706
41730
43580
41707
41731
43581
41708
41732
43582
41709
41733
43583
41710
41734
43584
41711
41735
43585
41712
41736
43586
41713
41737
43587
41714
41738
43588
41715
41739
43589
41716
41740
43590
41717
41741
43591
41718
41742
43592
41719
41743
43593
41720
41744
43594
41721
41745
43595
41722
41746
43596
41723
41747
43597
41724
41748
43598
41749
43599
41726
41750
43600
41727
41751
43601
41728
41752
43602
41729
41753
43603
41730
41754
43604
41731
41755
43605
41732
41756
43606
41733
41757
43607
41734
41758
43608
41735
41759
43609
41736
41760
43610
41737
41761
43611
41738
41762
43612
41739
41763
43613
41740
41764
43614
41741
41765
43615
41742
41766
43616
41743
41767
43617
41744
41768
43618
41745
41769
43619
41746
41770
43620
41747
41771
43621
41748
41772
43622
41749
41773
43623
41774
43624
41751
41775
43625
41752
41776
43626
41753
41777
43627
41754
41778
43628
41755
41779
43629
41756
41780
43630
41757
41781
43631
41758
41782
43632
41759
41783
43633
41760
41784
43634
41761
41785
43635
41762
41786
43636
41763
41787
43637
41764
41788
43638
41765
41789
43639
41766
41790
43640
41767
41791
43641
41768
41792
43642
41769
41793
43643
41770
41794
43644
41771
41795
43645
41772
41796
43646
41773
41797
43647
41774
41798
43648
41799
43649
41776
41800
43650
41777
41801
43651
41778
41802
43652
41779
41803
43653
41780
41804
43654
41781
41805
43655
41782
41806
43656
41783
41807
43657
41784
41808
43658
41785
41809
43659
41786
41810
43660
41787
41811
43661
41788
41812
43662
41789
41813
43663
41790
41814
43664
41791
41815
43665
41792
41816
43666
41793
41817
43667
41794
41818
43668
41795
41819
43669
41796
41820
43670
41797
41821
43671
41798
41822
43672
41799
41823
43673
41824
43674
41801
41825
43675
41802
41826
43676
41803
41827
43677
41804
41828
43678
41805
41829
43679
41806
41830
43680
41807
41831
43681
41808
41832
43682
41809
41833
43683
41810
41834
43684
41811
41835
43685
41812
41836
43686
41813
41837
43687
41814
41838
43688
41815
41839
43689
41816
41840
43690
41817
41841
43691
41818
41842
43692
41819
41843
43693
41820
41844
43694
41821
41845
43695
41822
41846
43696
41823
41847
43697
41824
41848
43698
41849
43699
41826
41850
43700
41827
41851
43701
41828
41852
43702
41829
41853
43703
41830
41854
43704
41831
41855
43705
41832
41856
43706
41833
41857
43707
41834
41858
43708
41835
41859
43709
41836
41860
43710
41837
41861
43711
41838
41862
43712
41839
41863
43713
41840
41864
43714
41841
41865
43715
41842
41866
43716
41843
41867
43717
41844
41868
43718
41845
41869
43719
41846
41870
43720
41847
41871
43721
41848
41872
43722
41849
41873
43723
41874
43724
41851
41875
43725
41852
41876
43726
41853
41877
43727
41854
41878
43728
41855
41879
43729
41856
41880
43730
41857
41881
43731
41858
41882
43732
41859
41883
43733
41860
41884
43734
41861
41885
43735
41862
41886
43736
41863
41887
43737
41864
41888
43738
41865
41889
43739
41866
41890
43740
41867
41891
43741
41868
41892
43742
41869
41893
43743
41870
41894
43744
41871
41895
43745
41872
41896
43746
41873
41897
43747
41874
41898
43748
41899
43749
41876
41900
43750
41877
41901
43751
41878
41902
43752
41879
41903
43753
41880
41904
43754
41881
41905
43755
41882
41906
43756
41883
41907
43757
41884
41908
43758
41885
41909
43759
41886
41910
43760
41887
41911
43761
41888
41912
43762
41889
41913
43763
41890
41914
43764
41891
41915
43765
41892
41916
43766
41893
41917
43767
41894
41918
43768
41895
41919
43769
41896
41920
43770
41897
41921
43771
41898
41922
43772
41899
41923
43773
41924
43774
41901
41925
43775
41902
41926
43776
41903
41927
43777
41904
41928
43778
41905
41929
43779
41906
41930
43780
41907
41931
43781
41908
41932
43782
41909
41933
43783
41910
41934
43784
41911
41935
43785
41912
41936
43786
41913
41937
43787
41914
41938
43788
41915
41939
43789
41916
41940
43790
41917
41941
43791
41918
41942
43792
41919
41943
43793
41920
41944
43794
41921
41945
43795
41922
41946
43796
41923
41947
43797
41924
41948
43798
41949
43799
41926
41950
43800
41927
41951
43801
41928
41952
43802
41929
41953
43803
41930
41954
43804
41931
41955
43805
41932
41956
43806
41933
41957
43807
41934
41958
43808
41935
41959
43809
41936
41960
43810
41937
41961
43811
41938
41962
43812
41939
41963
43813
41940
41964
43814
41941
41965
43815
41942
41966
43816
41943
41967
43817
41944
41968
43818
41945
41969
43819
41946
41970
43820
41947
41971
43821
41948
41972
43822
41949
41973
43823
41974
43824
41951
41975
43825
41952
41976
43826
41953
41977
43827
41954
41978
43828
41955
41979
43829
41956
41980
43830
41957
41981
43831
41958
41982
43832
41959
41983
43833
41960
41984
43834
41961
41985
43835
41962
41986
43836
41963
41987
43837
41964
41988
43838
41965
41989
43839
41966
41990
43840
41967
41991
43841
41968
41992
43842
41969
41993
43843
41970
41994
43844
41971
41995
43845
41972
41996
43846
41973
41997
43847
41974
41998
43848
41999
43849
41976
42000
43850
41977
42001
43851
41978
42002
43852
41979
42003
43853
41980
42004
43854
41981
42005
43855
41982
42006
43856
41983
42007
43857
41984
42008
43858
41985
42009
43859
41986
42010
43860
41987
42011
43861
41988
42012
43862
41989
42013
43863
41990
42014
43864
41991
42015
43865
41992
42016
43866
41993
42017
43867
41994
42018
43868
41995
42019
43869
41996
42020
43870
41997
42021
43871
41998
42022
43872
41999
42023
43873
42024
43874
42001
42025
43875
42002
42026
43876
42003
42027
43877
42004
42028
43878
42005
42029
43879
42006
42030
43880
42007
42031
43881
42008
42032
43882
42009
42033
43883
42010
42034
43884
42011
42035
43885
42012
42036
43886
42013
42037
43887
42014
42038
43888
42015
42039
43889
42016
42040
43890
42017
42041
43891
42018
42042
43892
42019
42043
43893
42020
42044
43894
42021
42045
43895
42022
42046
43896
42023
42047
43897
42024
42048
43898
42049
43899
42026
42050
43900
42027
42051
43901
42028
42052
43902
42029
42053
43903
42030
42054
43904
42031
42055
43905
42032
42056
43906
42033
42057
43907
42034
42058
43908
42035
42059
43909
42036
42060
43910
42037
42061
43911
42038
42062
43912
42039
42063
43913
42040
42064
43914
42041
42065
43915
42042
42066
43916
42043
42067
43917
42044
42068
43918
42045
42069
43919
42046
42070
43920
42047
42071
43921
42048
42072
43922
42049
42073
43923
42074
43924
42051
42075
43925
42052
42076
43926
42053
42077
43927
42054
42078
43928
42055
42079
43929
42056
42080
43930
42057
42081
43931
42058
42082
43932
42059
42083
43933
42060
42084
43934
42061
42085
43935
42062
42086
43936
42063
42087
43937
42064
42088
43938
42065
42089
43939
42066
42090
43940
42067
42091
43941
42068
42092
43942
42069
42093
43943
42070
42094
43944
42071
42095
43945
42072
42096
43946
42073
42097
43947
42074
42098
43948
42099
43949
42076
42100
43950
42077
42101
43951
42078
42102
43952
42079
42103
43953
42080
42104
43954
42081
42105
43955
42082
42106
43956
42083
42107
43957
42084
42108
43958
42085
42109
43959
42086
42110
43960
42087
42111
43961
42088
42112
43962
42089
42113
43963
42090
42114
43964
42091
42115
43965
42092
42116
43966
42093
42117
43967
42094
42118
43968
42095
42119
43969
42096
42120
43970
42097
42121
43971
42098
42122
43972
42099
42123
43973
42124
43974
42101
42125
43975
42102
42126
43976
42103
42127
43977
42104
42128
43978
42105
42129
43979
42106
42130
43980
42107
42131
43981
42108
42132
43982
42109
42133
43983
42110
42134
43984
42111
42135
43985
42112
42136
43986
42113
42137
43987
42114
42138
43988
42115
42139
43989
42116
42140
43990
42117
42141
43991
42118
42142
43992
42119
42143
43993
42120
42144
43994
42121
42145
43995
42122
42146
43996
42123
42147
43997
42124
42148
43998
42149
43999
42126
42150
44000
42127
42151
44001
42128
42152
44002
42129
42153
44003
42130
42154
44004
42131
42155
44005
42132
42156
44006
42133
42157
44007
42134
42158
44008
42135
42159
44009
42136
42160
44010
42137
42161
44011
42138
42162
44012
42139
42163
44013
42140
42164
44014
42141
42165
44015
42142
42166
44016
42143
42167
44017
42144
42168
44018
42145
42169
44019
42146
42170
44020
42147
42171
44021
42148
42172
44022
42149
42173
44023
42174
44024
42151
42175
44025
42152
42176
44026
42153
42177
44027
42154
42178
44028
42155
42179
44029
42156
42180
44030
42157
42181
44031
42158
42182
44032
42159
42183
44033
42160
42184
44034
42161
42185
44035
42162
42186
44036
42163
42187
44037
42164
42188
44038
42165
42189
44039
42166
42190
44040
42167
42191
44041
42168
42192
44042
42169
42193
44043
42170
42194
44044
42171
42195
44045
42172
42196
44046
42173
42197
44047
42174
42198
44048
42199
44049
42176
42200
44050
42177
42201
44051
42178
42202
44052
42179
42203
44053
42180
42204
44054
42181
42205
44055
42182
42206
44056
42183
42207
44057
42184
42208
44058
42185
42209
44059
42186
42210
44060
42187
42211
44061
42188
42212
44062
42189
42213
44063
42190
42214
44064
42191
42215
44065
42192
42216
44066
42193
42217
44067
42194
42218
44068
42195
42219
44069
42196
42220
44070
42197
42221
44071
42198
42222
44072
42199
42223
44073
42224
44074
42201
42225
44075
42202
42226
44076
42203
42227
44077
42204
42228
44078
42205
42229
44079
42206
42230
44080
42207
42231
44081
42208
42232
44082
42209
42233
44083
42210
42234
44084
42211
42235
44085
42212
42236
44086
42213
42237
44087
42214
42238
44088
42215
42239
44089
42216
42240
44090
42217
42241
44091
42218
42242
44092
42219
42243
44093
42220
42244
44094
42221
42245
44095
42222
42246
44096
42223
42247
44097
42224
42248
44098
42249
44099
42226
42250
44100
42227
42251
44101
42228
42252
44102
42229
42253
44103
42230
42254
44104
42231
42255
44105
42232
42256
44106
42233
42257
44107
42234
42258
44108
42235
42259
44109
42236
42260
44110
42237
42261
44111
42238
42262
44112
42239
42263
44113
42240
42264
44114
42241
42265
44115
42242
42266
44116
42243
42267
44117
42244
42268
44118
42245
42269
44119
42246
42270
44120
42247
42271
44121
42248
42272
44122
42249
42273
44123
42274
44124
42251
42275
44125
42252
42276
44126
42253
42277
44127
42254
42278
44128
42255
42279
44129
42256
42280
44130
42257
42281
44131
42258
42282
44132
42259
42283
44133
42260
42284
44134
42261
42285
44135
42262
42286
44136
42263
42287
44137
42264
42288
44138
42265
42289
44139
42266
42290
44140
42267
42291
44141
42268
42292
44142
42269
42293
44143
42270
42294
44144
42271
42295
44145
42272
42296
44146
42273
42297
44147
42274
42298
44148
42299
44149
42276
42300
44150
42277
42301
44151
42278
42302
44152
42279
42303
44153
42280
42304
44154
42281
42305
44155
42282
42306
44156
42283
42307
44157
42284
42308
44158
42285
42309
44159
42286
42310
44160
42287
42311
44161
42288
42312
44162
42289
42313
44163
42290
42314
44164
42291
42315
44165
42292
42316
44166
42293
42317
44167
42294
42318
44168
42295
42319
44169
42296
42320
44170
42297
42321
44171
42298
42322
44172
42299
42323
44173
42324
44174
42301
42325
44175
42302
42326
44176
42303
42327
44177
42304
42328
44178
42305
42329
44179
42306
42330
44180
42307
42331
44181
42308
42332
44182
42309
42333
44183
42310
42334
44184
42311
42335
44185
42312
42336
44186
42313
42337
44187
42314
42338
44188
42315
42339
44189
42316
42340
44190
42317
42341
44191
42318
42342
44192
42319
42343
44193
42320
42344
44194
42321
42345
44195
42322
42346
44196
42323
42347
44197
42324
42348
44198
42349
44199
42326
42350
44200
42327
42351
44201
42328
42352
44202
42329
42353
44203
42330
42354
44204
42331
42355
44205
42332
42356
44206
42333
42357
44207
42334
42358
44208
42335
42359
44209
42336
42360
44210
42337
42361
44211
42338
42362
44212
42339
42363
44213
42340
42364
44214
42341
42365
44215
42342
42366
44216
42343
42367
44217
42344
42368
44218
42345
42369
44219
42346
42370
44220
42347
42371
44221
42348
42372
44222
42349
42373
44223
42374
44224
42351
42375
44225
42352
42376
44226
42353
42377
44227
42354
42378
44228
42355
42379
44229
42356
42380
44230
42357
42381
44231
42358
42382
44232
42359
42383
44233
42360
42384
44234
42361
42385
44235
42362
42386
44236
42363
42387
44237
42364
42388
44238
42365
42389
44239
42366
42390
44240
42367
42391
44241
42368
42392
44242
42369
42393
44243
42370
42394
44244
42371
42395
44245
42372
42396
44246
42373
42397
44247
42374
42398
44248
42399
44249
42376
42400
44250
42377
42401
44251
42378
42402
44252
42379
42403
44253
42380
42404
44254
42381
42405
44255
42382
42406
44256
42383
42407
44257
42384
42408
44258
42385
42409
44259
42386
42410
44260
42387
42411
44261
42388
42412
44262
42389
42413
44263
42390
42414
44264
42391
42415
44265
42392
42416
44266
42393
42417
44267
42394
42418
44268
42395
42419
44269
42396
42420
44270
42397
42421
44271
42398
42422
44272
42399
42423
44273
42424
44274
42401
42425
44275
42402
42426
44276
42403
42427
44277
42404
42428
44278
42405
42429
44279
42406
42430
44280
42407
42431
44281
42408
42432
44282
42409
42433
44283
42410
42434
44284
42411
42435
44285
42412
42436
44286
42413
42437
44287
42414
42438
44288
42415
42439
44289
42416
42440
44290
42417
42441
44291
42418
42442
44292
42419
42443
44293
42420
42444
44294
42421
42445
44295
42422
42446
44296
42423
42447
44297
42424
42448
44298
42449
44299
42426
42450
44300
42427
42451
44301
42428
42452
44302
42429
42453
44303
42430
42454
44304
42431
42455
44305
42432
42456
44306
42433
42457
44307
42434
42458
44308
42435
42459
44309
42436
42460
44310
42437
42461
44311
42438
42462
44312
42439
42463
44313
42440
42464
44314
42441
42465
44315
42442
42466
44316
42443
42467
44317
42444
42468
44318
42445
42469
44319
42446
42470
44320
42447
42471
44321
42448
42472
44322
42449
42473
44323
42474
44324
42451
42475
44325
42452
42476
44326
42453
42477
44327
42454
42478
44328
42455
42479
44329
42456
42480
44330
42457
42481
44331
42458
42482
44332
42459
42483
44333
42460
42484
44334
42461
42485
44335
42462
42486
44336
42463
42487
44337
42464
42488
44338
42465
42489
44339
42466
42490
44340
42467
42491
44341
42468
42492
44342
42469
42493
44343
42470
42494
44344
42471
42495
44345
42472
42496
44346
42473
42497
44347
42474
42498
44348
42499
44349
42476
42500
44350
42477
42501
44351
42478
42502
44352
42479
42503
44353
42480
42504
44354
42481
42505
44355
42482
42506
44356
42483
42507
44357
42484
42508
44358
42485
42509
44359
42486
42510
44360
42487
42511
44361
42488
42512
44362
42489
42513
44363
42490
42514
44364
42491
42515
44365
42492
42516
44366
42493
42517
44367
42494
42518
44368
42495
42519
44369
42496
42520
44370
42497
42521
44371
42498
42522
44372
42499
42523
44373
42524
44374
42501
42525
44375
42502
42526
44376
42503
42527
44377
42504
42528
44378
42505
42529
44379
42506
42530
44380
42507
42531
44381
42508
42532
44382
42509
42533
44383
42510
42534
44384
42511
42535
44385
42512
42536
44386
42513
42537
44387
42514
42538
44388
42515
42539
44389
42516
42540
44390
42517
42541
44391
42518
42542
44392
42519
42543
44393
42520
42544
44394
42521
42545
44395
42522
42546
44396
42523
42547
44397
42524
42548
44398
42549
44399
42526
42550
44400
42527
42551
44401
42528
42552
44402
42529
42553
44403
42530
42554
44404
42531
42555
44405
42532
42556
44406
42533
42557
44407
42534
42558
44408
42535
42559
44409
42536
42560
44410
42537
42561
44411
42538
42562
44412
42539
42563
44413
42540
42564
44414
42541
42565
44415
42542
42566
44416
42543
42567
44417
42544
42568
44418
42545
42569
44419
42546
42570
44420
42547
42571
44421
42548
42572
44422
42549
42573
44423
42574
44424
42551
42575
44425
42552
42576
44426
42553
42577
44427
42554
42578
44428
42555
42579
44429
42556
42580
44430
42557
42581
44431
42558
42582
44432
42559
42583
44433
42560
42584
44434
42561
42585
44435
42562
42586
44436
42563
42587
44437
42564
42588
44438
42565
42589
44439
42566
42590
44440
42567
42591
44441
42568
42592
44442
42569
42593
44443
42570
42594
44444
42571
42595
44445
42572
42596
44446
42573
42597
44447
42574
42598
44448
42599
44449
42576
42600
44450
42577
42601
44451
42578
42602
44452
42579
42603
44453
42580
42604
44454
42581
42605
44455
42582
42606
44456
42583
42607
44457
42584
42608
44458
42585
42609
44459
42586
42610
44460
42587
42611
44461
42588
42612
44462
42589
42613
44463
42590
42614
44464
42591
42615
44465
42592
42616
44466
42593
42617
44467
42594
42618
44468
42595
42619
44469
42596
42620
44470
42597
42621
44471
42598
42622
44472
42599
42623
44473
42624
44474
42601
42625
44475
42602
42626
44476
42603
42627
44477
42604
42628
44478
42605
42629
44479
42606
42630
44480
42607
42631
44481
42608
42632
44482
42609
42633
44483
42610
42634
44484
42611
42635
44485
42612
42636
44486
42613
42637
44487
42614
42638
44488
42615
42639
44489
42616
42640
44490
42617
42641
44491
42618
42642
44492
42619
42643
44493
42620
42644
44494
42621
42645
44495
42622
42646
44496
42623
42647
44497
42624
42648
44498
42649
44499
42626
42650
44500
42627
42651
44501
42628
42652
44502
42629
42653
44503
42630
42654
44504
42631
42655
44505
42632
42656
44506
42633
42657
44507
42634
42658
44508
42635
42659
44509
42636
42660
44510
42637
42661
44511
42638
42662
44512
42639
42663
44513
42640
42664
44514
42641
42665
44515
42642
42666
44516
42643
42667
44517
42644
42668
44518
42645
42669
44519
42646
42670
44520
42647
42671
44521
42648
42672
44522
42649
42673
44523
42674
44524
42651
42675
44525
42652
42676
44526
42653
42677
44527
42654
42678
44528
42655
42679
44529
42656
42680
44530
42657
42681
44531
42658
42682
44532
42659
42683
44533
42660
42684
44534
42661
42685
44535
42662
42686
44536
42663
42687
44537
42664
42688
44538
42665
42689
44539
42666
42690
44540
42667
42691
44541
42668
42692
44542
42669
42693
44543
42670
42694
44544
42671
42695
44545
42672
42696
44546
42673
42697
44547
42674
42698
44548
42699
44549
42676
42700
44550
42677
42701
44551
42678
42702
44552
42679
42703
44553
42680
42704
44554
42681
42705
44555
42682
42706
44556
42683
42707
44557
42684
42708
44558
42685
42709
44559
42686
42710
44560
42687
42711
44561
42688
42712
44562
42689
42713
44563
42690
42714
44564
42691
42715
44565
42692
42716
44566
42693
42717
44567
42694
42718
44568
42695
42719
44569
42696
42720
44570
42697
42721
44571
42698
42722
44572
42699
42723
44573
42724
44574
42701
42725
44575
42702
42726
44576
42703
42727
44577
42704
42728
44578
42705
42729
44579
42706
42730
44580
42707
42731
44581
42708
42732
44582
42709
42733
44583
42710
42734
44584
42711
42735
44585
42712
42736
44586
42713
42737
44587
42714
42738
44588
42715
42739
44589
42716
42740
44590
42717
42741
44591
42718
42742
44592
42719
42743
44593
42720
42744
44594
42721
42745
44595
42722
42746
44596
42723
42747
44597
42724
42748
44598
42749
44599
42726
42750
44600
42727
42751
44601
42728
42752
44602
42729
42753
44603
42730
42754
44604
42731
42755
44605
42732
42756
44606
42733
42757
44607
42734
42758
44608
42735
42759
44609
42736
42760
44610
42737
42761
44611
42738
42762
44612
42739
42763
44613
42740
42764
44614
42741
42765
44615
42742
42766
44616
42743
42767
44617
42744
42768
44618
42745
42769
44619
42746
42770
44620
42747
42771
44621
42748
42772
44622
42749
42773
44623
42774
44624
42751
42775
44625
42752
42776
44626
42753
42777
44627
42754
42778
44628
42755
42779
44629
42756
42780
44630
42757
42781
44631
42758
42782
44632
42759
42783
44633
42760
42784
44634
42761
42785
44635
42762
42786
44636
42763
42787
44637
42764
42788
44638
42765
42789
44639
42766
42790
44640
42767
42791
44641
42768
42792
44642
42769
42793
44643
42770
42794
44644
42771
42795
44645
42772
42796
44646
42773
42797
44647
42774
42798
44648
42799
44649
42776
42800
44650
42777
42801
44651
42778
42802
44652
42779
42803
44653
42780
42804
44654
42781
42805
44655
42782
42806
44656
42783
42807
44657
42784
42808
44658
42785
42809
44659
42786
42810
44660
42787
42811
44661
42788
42812
44662
42789
42813
44663
42790
42814
44664
42791
42815
44665
42792
42816
44666
42793
42817
44667
42794
42818
44668
42795
42819
44669
42796
42820
44670
42797
42821
44671
42798
42822
44672
42799
42823
44673
42824
44674
42801
42825
44675
42802
42826
44676
42803
42827
44677
42804
42828
44678
42805
42829
44679
42806
42830
44680
42807
42831
44681
42808
42832
44682
42809
42833
44683
42810
42834
44684
42811
42835
44685
42812
42836
44686
42813
42837
44687
42814
42838
44688
42815
42839
44689
42816
42840
44690
42817
42841
44691
42818
42842
44692
42819
42843
44693
42820
42844
44694
42821
42845
44695
42822
42846
44696
42823
42847
44697
42824
42848
44698
42849
44699
42826
42850
44700
42827
42851
44701
42828
42852
44702
42829
42853
44703
42830
42854
44704
42831
42855
44705
42832
42856
44706
42833
42857
44707
42834
42858
44708
42835
42859
44709
42836
42860
44710
42837
42861
44711
42838
42862
44712
42839
42863
44713
42840
42864
44714
42841
42865
44715
42842
42866
44716
42843
42867
44717
42844
42868
44718
42845
42869
44719
42846
42870
44720
42847
42871
44721
42848
42872
44722
42849
42873
44723
42874
44724
42851
42875
44725
42852
42876
44726
42853
42877
44727
42854
42878
44728
42855
42879
44729
42856
42880
44730
42857
42881
44731
42858
42882
44732
42859
42883
44733
42860
42884
44734
42861
42885
44735
42862
42886
44736
42863
42887
44737
42864
42888
44738
42865
42889
44739
42866
42890
44740
42867
42891
44741
42868
42892
44742
42869
42893
44743
42870
42894
44744
42871
42895
44745
42872
42896
44746
42873
42897
44747
42874
42898
44748
42899
44749
42876
42900
44750
42877
42901
44751
42878
42902
44752
42879
42903
44753
42880
42904
44754
42881
42905
44755
42882
42906
44756
42883
42907
44757
42884
42908
44758
42885
42909
44759
42886
42910
44760
42887
42911
44761
42888
42912
44762
42889
42913
44763
42890
42914
44764
42891
42915
44765
42892
42916
44766
42893
42917
44767
42894
42918
44768
42895
42919
44769
42896
42920
44770
42897
42921
44771
42898
42922
44772
42899
42923
44773
42924
44774
42901
42925
44775
42902
42926
44776
42903
42927
44777
42904
42928
44778
42905
42929
44779
42906
42930
44780
42907
42931
44781
42908
42932
44782
42909
42933
44783
42910
42934
44784
42911
42935
44785
42912
42936
44786
42913
42937
44787
42914
42938
44788
42915
42939
44789
42916
42940
44790
42917
42941
44791
42918
42942
44792
42919
42943
44793
42920
42944
44794
42921
42945
44795
42922
42946
44796
42923
42947
44797
42924
42948
44798
42949
44799
42926
42950
44800
42927
42951
44801
42928
42952
44802
42929
42953
44803
42930
42954
44804
42931
42955
44805
42932
42956
44806
42933
42957
44807
42934
42958
44808
42935
42959
44809
42936
42960
44810
42937
42961
44811
42938
42962
44812
42939
42963
44813
42940
42964
44814
42941
42965
44815
42942
42966
44816
42943
42967
44817
42944
42968
44818
42945
42969
44819
42946
42970
44820
42947
42971
44821
42948
42972
44822
42949
42973
44823
42974
44824
42951
42975
44825
42952
42976
44826
42953
42977
44827
42954
42978
44828
42955
42979
44829
42956
42980
44830
42957
42981
44831
42958
42982
44832
42959
42983
44833
42960
42984
44834
42961
42985
44835
42962
42986
44836
42963
42987
44837
42964
42988
44838
42965
42989
44839
42966
42990
44840
42967
42991
44841
42968
42992
44842
42969
42993
44843
42970
42994
44844
42971
42995
44845
42972
42996
44846
42973
42997
44847
42974
42998
44848
42999
44849
42976
43000
44850
42977
43001
44851
42978
43002
44852
42979
43003
44853
42980
43004
44854
42981
43005
44855
42982
43006
44856
42983
43007
44857
42984
43008
44858
42985
43009
44859
42986
43010
44860
42987
43011
44861
42988
43012
44862
42989
43013
44863
42990
43014
44864
42991
43015
44865
42992
43016
44866
42993
43017
44867
42994
43018
44868
42995
43019
44869
42996
43020
44870
42997
43021
44871
42998
43022
44872
42999
43023
44873
43024
44874
43001
43025
44875
43002
43026
44876
43003
43027
44877
43004
43028
44878
43005
43029
44879
43006
43030
44880
43007
43031
44881
43008
43032
44882
43009
43033
44883
43010
43034
44884
43011
43035
44885
43012
43036
44886
43013
43037
44887
43014
43038
44888
43015
43039
44889
43016
43040
44890
43017
43041
44891
43018
43042
44892
43019
43043
44893
43020
43044
44894
43021
43045
44895
43022
43046
44896
43023
43047
44897
43024
43048
44898
43049
44899
43026
43050
44900
43027
43051
44901
43028
43052
44902
43029
43053
44903
43030
43054
44904
43031
43055
44905
43032
43056
44906
43033
43057
44907
43034
43058
44908
43035
43059
44909
43036
43060
44910
43037
43061
44911
43038
43062
44912
43039
43063
44913
43040
43064
44914
43041
43065
44915
43042
43066
44916
43043
43067
44917
43044
43068
44918
43045
43069
44919
43046
43070
44920
43047
43071
44921
43048
43072
44922
43049
43073
44923
43074
44924
43051
43075
44925
43052
43076
44926
43053
43077
44927
43054
43078
44928
43055
43079
44929
43056
43080
44930
43057
43081
44931
43058
43082
44932
43059
43083
44933
43060
43084
44934
43061
43085
44935
43062
43086
44936
43063
43087
44937
43064
43088
44938
43065
43089
44939
43066
43090
44940
43067
43091
44941
43068
43092
44942
43069
43093
44943
43070
43094
44944
43071
43095
44945
43072
43096
44946
43073
43097
44947
43074
43098
44948
43099
44949
43076
43100
44950
43077
43101
44951
43078
43102
44952
43079
43103
44953
43080
43104
44954
43081
43105
44955
43082
43106
44956
43083
43107
44957
43084
43108
44958
43085
43109
44959
43086
43110
44960
43087
43111
44961
43088
43112
44962
43089
43113
44963
43090
43114
44964
43091
43115
44965
43092
43116
44966
43093
43117
44967
43094
43118
44968
43095
43119
44969
43096
43120
44970
43097
43121
44971
43098
43122
44972
43099
43123
44973
43124
44974
43101
44975
43102
44976
43103
44977
43104
44978
43105
44979
43106
44980
43107
44981
43108
44982
43109
44983
43110
44984
43111
44985
43112
44986
43113
44987
43114
44988
43115
44989
43116
44990
43117
44991
43118
44992
43119
44993
43120
44994
43121
44995
43122
44996
43123
44997
43124
44998
44999
43126
43150
45000
43127
43151
45001
43128
43152
45002
43129
43153
45003
43130
43154
45004
43131
43155
45005
43132
43156
45006
43133
43157
45007
43134
43158
45008
43135
43159
45009
43136
43160
45010
43137
43161
45011
43138
43162
45012
43139
43163
45013
43140
43164
45014
43141
43165
45015
43142
43166
45016
43143
43167
45017
43144
43168
45018
43145
43169
45019
43146
43170
45020
43147
43171
45021
43148
43172
45022
43149
43173
45023
43174
45024
43151
43175
45025
43152
43176
45026
43153
43177
45027
43154
43178
45028
43155
43179
45029
43156
43180
45030
43157
43181
45031
43158
43182
45032
43159
43183
45033
43160
43184
45034
43161
43185
45035
43162
43186
45036
43163
43187
45037
43164
43188
45038
43165
43189
45039
43166
43190
45040
43167
43191
45041
43168
43192
45042
43169
43193
45043
43170
43194
45044
43171
43195
45045
43172
43196
45046
43173
43197
45047
43174
43198
45048
43199
45049
43176
43200
45050
43177
43201
45051
43178
43202
45052
43179
43203
45053
43180
43204
45054
43181
43205
45055
43182
43206
45056
43183
43207
45057
43184
43208
45058
43185
43209
45059
43186
43210
45060
43187
43211
45061
43188
43212
45062
43189
43213
45063
43190
43214
45064
43191
43215
45065
43192
43216
45066
43193
43217
45067
43194
43218
45068
43195
43219
45069
43196
43220
45070
43197
43221
45071
43198
43222
45072
43199
43223
45073
43224
45074
43201
43225
45075
43202
43226
45076
43203
43227
45077
43204
43228
45078
43205
43229
45079
43206
43230
45080
43207
43231
45081
43208
43232
45082
43209
43233
45083
43210
43234
45084
43211
43235
45085
43212
43236
45086
43213
43237
45087
43214
43238
45088
43215
43239
45089
43216
43240
45090
43217
43241
45091
43218
43242
45092
43219
43243
45093
43220
43244
45094
43221
43245
45095
43222
43246
45096
43223
43247
45097
43224
43248
45098
43249
45099
43226
43250
45100
43227
43251
45101
43228
43252
45102
43229
43253
45103
43230
43254
45104
43231
43255
45105
43232
43256
45106
43233
43257
45107
43234
43258
45108
43235
43259
45109
43236
43260
45110
43237
43261
45111
43238
43262
45112
43239
43263
45113
43240
43264
45114
43241
43265
45115
43242
43266
45116
43243
43267
45117
43244
43268
45118
43245
43269
45119
43246
43270
45120
43247
43271
45121
43248
43272
45122
43249
43273
45123
43274
45124
43251
43275
45125
43252
43276
45126
43253
43277
45127
43254
43278
45128
43255
43279
45129
43256
43280
45130
43257
43281
45131
43258
43282
45132
43259
43283
45133
43260
43284
45134
43261
43285
45135
43262
43286
45136
43263
43287
45137
43264
43288
45138
43265
43289
45139
43266
43290
45140
43267
43291
45141
43268
43292
45142
43269
43293
45143
43270
43294
45144
43271
43295
45145
43272
43296
45146
43273
43297
45147
43274
43298
45148
43299
45149
43276
43300
45150
43277
43301
45151
43278
43302
45152
43279
43303
45153
43280
43304
45154
43281
43305
45155
43282
43306
45156
43283
43307
45157
43284
43308
45158
43285
43309
45159
43286
43310
45160
43287
43311
45161
43288
43312
45162
43289
43313
45163
43290
43314
45164
43291
43315
45165
43292
43316
45166
43293
43317
45167
43294
43318
45168
43295
43319
45169
43296
43320
45170
43297
43321
45171
43298
43322
45172
43299
43323
45173
43324
45174
43301
43325
45175
43302
43326
45176
43303
43327
45177
43304
43328
45178
43305
43329
45179
43306
43330
45180
43307
43331
45181
43308
43332
45182
43309
43333
45183
43310
43334
45184
43311
43335
45185
43312
43336
45186
43313
43337
45187
43314
43338
45188
43315
43339
45189
43316
43340
45190
43317
43341
45191
43318
43342
45192
43319
43343
45193
43320
43344
45194
43321
43345
45195
43322
43346
45196
43323
43347
45197
43324
43348
45198
43349
45199
43326
43350
45200
43327
43351
45201
43328
43352
45202
43329
43353
45203
43330
43354
45204
43331
43355
45205
43332
43356
45206
43333
43357
45207
43334
43358
45208
43335
43359
45209
43336
43360
45210
43337
43361
45211
43338
43362
45212
43339
43363
45213
43340
43364
45214
43341
43365
45215
43342
43366
45216
43343
43367
45217
43344
43368
45218
43345
43369
45219
43346
43370
45220
43347
43371
45221
43348
43372
45222
43349
43373
45223
43374
45224
43351
43375
45225
43352
43376
45226
43353
43377
45227
43354
43378
45228
43355
43379
45229
43356
43380
45230
43357
43381
45231
43358
43382
45232
43359
43383
45233
43360
43384
45234
43361
43385
45235
43362
43386
45236
43363
43387
45237
43364
43388
45238
43365
43389
45239
43366
43390
45240
43367
43391
45241
43368
43392
45242
43369
43393
45243
43370
43394
45244
43371
43395
45245
43372
43396
45246
43373
43397
45247
43374
43398
45248
43399
45249
43376
43400
45250
43377
43401
45251
43378
43402
45252
43379
43403
45253
43380
43404
45254
43381
43405
45255
43382
43406
45256
43383
43407
45257
43384
43408
45258
43385
43409
45259
43386
43410
45260
43387
43411
45261
43388
43412
45262
43389
43413
45263
43390
43414
45264
43391
43415
45265
43392
43416
45266
43393
43417
45267
43394
43418
45268
43395
43419
45269
43396
43420
45270
43397
43421
45271
43398
43422
45272
43399
43423
45273
43424
45274
43401
43425
45275
43402
43426
45276
43403
43427
45277
43404
43428
45278
43405
43429
45279
43406
43430
45280
43407
43431
45281
43408
43432
45282
43409
43433
45283
43410
43434
45284
43411
43435
45285
43412
43436
45286
43413
43437
45287
43414
43438
45288
43415
43439
45289
43416
43440
45290
43417
43441
45291
43418
43442
45292
43419
43443
45293
43420
43444
45294
43421
43445
45295
43422
43446
45296
43423
43447
45297
43424
43448
45298
43449
45299
43426
43450
45300
43427
43451
45301
43428
43452
45302
43429
43453
45303
43430
43454
45304
43431
43455
45305
43432
43456
45306
43433
43457
45307
43434
43458
45308
43435
43459
45309
43436
43460
45310
43437
43461
45311
43438
43462
45312
43439
43463
45313
43440
43464
45314
43441
43465
45315
43442
43466
45316
43443
43467
45317
43444
43468
45318
43445
43469
45319
43446
43470
45320
43447
43471
45321
43448
43472
45322
43449
43473
45323
43474
45324
43451
43475
45325
43452
43476
45326
43453
43477
45327
43454
43478
45328
43455
43479
45329
43456
43480
45330
43457
43481
45331
43458
43482
45332
43459
43483
45333
43460
43484
45334
43461
43485
45335
43462
43486
45336
43463
43487
45337
43464
43488
45338
43465
43489
45339
43466
43490
45340
43467
43491
45341
43468
43492
45342
43469
43493
45343
43470
43494
45344
43471
43495
45345
43472
43496
45346
43473
43497
45347
43474
43498
45348
43499
45349
43476
43500
45350
43477
43501
45351
43478
43502
45352
43479
43503
45353
43480
43504
45354
43481
43505
45355
43482
43506
45356
43483
43507
45357
43484
43508
45358
43485
43509
45359
43486
43510
45360
43487
43511
45361
43488
43512
45362
43489
43513
45363
43490
43514
45364
43491
43515
45365
43492
43516
45366
43493
43517
45367
43494
43518
45368
43495
43519
45369
43496
43520
45370
43497
43521
45371
43498
43522
45372
43499
43523
45373
43524
45374
43501
43525
45375
43502
43526
45376
43503
43527
45377
43504
43528
45378
43505
43529
45379
43506
43530
45380
43507
43531
45381
43508
43532
45382
43509
43533
45383
43510
43534
45384
43511
43535
45385
43512
43536
45386
43513
43537
45387
43514
43538
45388
43515
43539
45389
43516
43540
45390
43517
43541
45391
43518
43542
45392
43519
43543
45393
43520
43544
45394
43521
43545
45395
43522
43546
45396
43523
43547
45397
43524
43548
45398
43549
45399
43526
43550
45400
43527
43551
45401
43528
43552
45402
43529
43553
45403
43530
43554
45404
43531
43555
45405
43532
43556
45406
43533
43557
45407
43534
43558
45408
43535
43559
45409
43536
43560
45410
43537
43561
45411
43538
43562
45412
43539
43563
45413
43540
43564
45414
43541
43565
45415
43542
43566
45416
43543
43567
45417
43544
43568
45418
43545
43569
45419
43546
43570
45420
43547
43571
45421
43548
43572
45422
43549
43573
45423
43574
45424
43551
43575
45425
43552
43576
45426
43553
43577
45427
43554
43578
45428
43555
43579
45429
43556
43580
45430
43557
43581
45431
43558
43582
45432
43559
43583
45433
43560
43584
45434
43561
43585
45435
43562
43586
45436
43563
43587
45437
43564
43588
45438
43565
43589
45439
43566
43590
45440
43567
43591
45441
43568
43592
45442
43569
43593
45443
43570
43594
45444
43571
43595
45445
43572
43596
45446
43573
43597
45447
43574
43598
45448
43599
45449
43576
43600
45450
43577
43601
45451
43578
43602
45452
43579
43603
45453
43580
43604
45454
43581
43605
45455
43582
43606
45456
43583
43607
45457
43584
43608
45458
43585
43609
45459
43586
43610
45460
43587
43611
45461
43588
43612
45462
43589
43613
45463
43590
43614
45464
43591
43615
45465
43592
43616
45466
43593
43617
45467
43594
43618
45468
43595
43619
45469
43596
43620
45470
43597
43621
45471
43598
43622
45472
43599
43623
45473
43624
45474
43601
43625
45475
43602
43626
45476
43603
43627
45477
43604
43628
45478
43605
43629
45479
43606
43630
45480
43607
43631
45481
43608
43632
45482
43609
43633
45483
43610
43634
45484
43611
43635
45485
43612
43636
45486
43613
43637
45487
43614
43638
45488
43615
43639
45489
43616
43640
45490
43617
43641
45491
43618
43642
45492
43619
43643
45493
43620
43644
45494
43621
43645
45495
43622
43646
45496
43623
43647
45497
43624
43648
45498
43649
45499
43626
43650
45500
43627
43651
45501
43628
43652
45502
43629
43653
45503
43630
43654
45504
43631
43655
45505
43632
43656
45506
43633
43657
45507
43634
43658
45508
43635
43659
45509
43636
43660
45510
43637
43661
45511
43638
43662
45512
43639
43663
45513
43640
43664
45514
43641
43665
45515
43642
43666
45516
43643
43667
45517
43644
43668
45518
43645
43669
45519
43646
43670
45520
43647
43671
45521
43648
43672
45522
43649
43673
45523
43674
45524
43651
43675
45525
43652
43676
45526
43653
43677
45527
43654
43678
45528
43655
43679
45529
43656
43680
45530
43657
43681
45531
43658
43682
45532
43659
43683
45533
43660
43684
45534
43661
43685
45535
43662
43686
45536
43663
43687
45537
43664
43688
45538
43665
43689
45539
43666
43690
45540
43667
43691
45541
43668
43692
45542
43669
43693
45543
43670
43694
45544
43671
43695
45545
43672
43696
45546
43673
43697
45547
43674
43698
45548
43699
45549
43676
43700
45550
43677
43701
45551
43678
43702
45552
43679
43703
45553
43680
43704
45554
43681
43705
45555
43682
43706
45556
43683
43707
45557
43684
43708
45558
43685
43709
45559
43686
43710
45560
43687
43711
45561
43688
43712
45562
43689
43713
45563
43690
43714
45564
43691
43715
45565
43692
43716
45566
43693
43717
45567
43694
43718
45568
43695
43719
45569
43696
43720
45570
43697
43721
45571
43698
43722
45572
43699
43723
45573
43724
45574
43701
43725
45575
43702
43726
45576
43703
43727
45577
43704
43728
45578
43705
43729
45579
43706
43730
45580
43707
43731
45581
43708
43732
45582
43709
43733
45583
43710
43734
45584
43711
43735
45585
43712
43736
45586
43713
43737
45587
43714
43738
45588
43715
43739
45589
43716
43740
45590
43717
43741
45591
43718
43742
45592
43719
43743
45593
43720
43744
45594
43721
43745
45595
43722
43746
45596
43723
43747
45597
43724
43748
45598
43749
45599
43726
43750
45600
43727
43751
45601
43728
43752
45602
43729
43753
45603
43730
43754
45604
43731
43755
45605
43732
43756
45606
43733
43757
45607
43734
43758
45608
43735
43759
45609
43736
43760
45610
43737
43761
45611
43738
43762
45612
43739
43763
45613
43740
43764
45614
43741
43765
45615
43742
43766
45616
43743
43767
45617
43744
43768
45618
43745
43769
45619
43746
43770
45620
43747
43771
45621
43748
43772
45622
43749
43773
45623
43774
45624
43751
43775
45625
43752
43776
45626
43753
43777
45627
43754
43778
45628
43755
43779
45629
43756
43780
45630
43757
43781
45631
43758
43782
45632
43759
43783
45633
43760
43784
45634
43761
43785
45635
43762
43786
45636
43763
43787
45637
43764
43788
45638
43765
43789
45639
43766
43790
45640
43767
43791
45641
43768
43792
45642
43769
43793
45643
43770
43794
45644
43771
43795
45645
43772
43796
45646
43773
43797
45647
43774
43798
45648
43799
45649
43776
43800
45650
43777
43801
45651
43778
43802
45652
43779
43803
45653
43780
43804
45654
43781
43805
45655
43782
43806
45656
43783
43807
45657
43784
43808
45658
43785
43809
45659
43786
43810
45660
43787
43811
45661
43788
43812
45662
43789
43813
45663
43790
43814
45664
43791
43815
45665
43792
43816
45666
43793
43817
45667
43794
43818
45668
43795
43819
45669
43796
43820
45670
43797
43821
45671
43798
43822
45672
43799
43823
45673
43824
45674
43801
43825
45675
43802
43826
45676
43803
43827
45677
43804
43828
45678
43805
43829
45679
43806
43830
45680
43807
43831
45681
43808
43832
45682
43809
43833
45683
43810
43834
45684
43811
43835
45685
43812
43836
45686
43813
43837
45687
43814
43838
45688
43815
43839
45689
43816
43840
45690
43817
43841
45691
43818
43842
45692
43819
43843
45693
43820
43844
45694
43821
43845
45695
43822
43846
45696
43823
43847
45697
43824
43848
45698
43849
45699
43826
43850
45700
43827
43851
45701
43828
43852
45702
43829
43853
45703
43830
43854
45704
43831
43855
45705
43832
43856
45706
43833
43857
45707
43834
43858
45708
43835
43859
45709
43836
43860
45710
43837
43861
45711
43838
43862
45712
43839
43863
45713
43840
43864
45714
43841
43865
45715
43842
43866
45716
43843
43867
45717
43844
43868
45718
43845
43869
45719
43846
43870
45720
43847
43871
45721
43848
43872
45722
43849
43873
45723
43874
45724
43851
43875
45725
43852
43876
45726
43853
43877
45727
43854
43878
45728
43855
43879
45729
43856
43880
45730
43857
43881
45731
43858
43882
45732
43859
43883
45733
43860
43884
45734
43861
43885
45735
43862
43886
45736
43863
43887
45737
43864
43888
45738
43865
43889
45739
43866
43890
45740
43867
43891
45741
43868
43892
45742
43869
43893
45743
43870
43894
45744
43871
43895
45745
43872
43896
45746
43873
43897
45747
43874
43898
45748
43899
45749
43876
43900
45750
43877
43901
45751
43878
43902
45752
43879
43903
45753
43880
43904
45754
43881
43905
45755
43882
43906
45756
43883
43907
45757
43884
43908
45758
43885
43909
45759
43886
43910
45760
43887
43911
45761
43888
43912
45762
43889
43913
45763
43890
43914
45764
43891
43915
45765
43892
43916
45766
43893
43917
45767
43894
43918
45768
43895
43919
45769
43896
43920
45770
43897
43921
45771
43898
43922
45772
43899
43923
45773
43924
45774
43901
43925
45775
43902
43926
45776
43903
43927
45777
43904
43928
45778
43905
43929
45779
43906
43930
45780
43907
43931
45781
43908
43932
45782
43909
43933
45783
43910
43934
45784
43911
43935
45785
43912
43936
45786
43913
43937
45787
43914
43938
45788
43915
43939
45789
43916
43940
45790
43917
43941
45791
43918
43942
45792
43919
43943
45793
43920
43944
45794
43921
43945
45795
43922
43946
45796
43923
43947
45797
43924
43948
45798
43949
45799
43926
43950
45800
43927
43951
45801
43928
43952
45802
43929
43953
45803
43930
43954
45804
43931
43955
45805
43932
43956
45806
43933
43957
45807
43934
43958
45808
43935
43959
45809
43936
43960
45810
43937
43961
45811
43938
43962
45812
43939
43963
45813
43940
43964
45814
43941
43965
45815
43942
43966
45816
43943
43967
45817
43944
43968
45818
43945
43969
45819
43946
43970
45820
43947
43971
45821
43948
43972
45822
43949
43973
45823
43974
45824
43951
43975
45825
43952
43976
45826
43953
43977
45827
43954
43978
45828
43955
43979
45829
43956
43980
45830
43957
43981
45831
43958
43982
45832
43959
43983
45833
43960
43984
45834
43961
43985
45835
43962
43986
45836
43963
43987
45837
43964
43988
45838
43965
43989
45839
43966
43990
45840
43967
43991
45841
43968
43992
45842
43969
43993
45843
43970
43994
45844
43971
43995
45845
43972
43996
45846
43973
43997
45847
43974
43998
45848
43999
45849
43976
44000
45850
43977
44001
45851
43978
44002
45852
43979
44003
45853
43980
44004
45854
43981
44005
45855
43982
44006
45856
43983
44007
45857
43984
44008
45858
43985
44009
45859
43986
44010
45860
43987
44011
45861
43988
44012
45862
43989
44013
45863
43990
44014
45864
43991
44015
45865
43992
44016
45866
43993
44017
45867
43994
44018
45868
43995
44019
45869
43996
44020
45870
43997
44021
45871
43998
44022
45872
43999
44023
45873
44024
45874
44001
44025
45875
44002
44026
45876
44003
44027
45877
44004
44028
45878
44005
44029
45879
44006
44030
45880
44007
44031
45881
44008
44032
45882
44009
44033
45883
44010
44034
45884
44011
44035
45885
44012
44036
45886
44013
44037
45887
44014
44038
45888
44015
44039
45889
44016
44040
45890
44017
44041
45891
44018
44042
45892
44019
44043
45893
44020
44044
45894
44021
44045
45895
44022
44046
45896
44023
44047
45897
44024
44048
45898
44049
45899
44026
44050
45900
44027
44051
45901
44028
44052
45902
44029
44053
45903
44030
44054
45904
44031
44055
45905
44032
44056
45906
44033
44057
45907
44034
44058
45908
44035
44059
45909
44036
44060
45910
44037
44061
45911
44038
44062
45912
44039
44063
45913
44040
44064
45914
44041
44065
45915
44042
44066
45916
44043
44067
45917
44044
44068
45918
44045
44069
45919
44046
44070
45920
44047
44071
45921
44048
44072
45922
44049
44073
45923
44074
45924
44051
44075
45925
44052
44076
45926
44053
44077
45927
44054
44078
45928
44055
44079
45929
44056
44080
45930
44057
44081
45931
44058
44082
45932
44059
44083
45933
44060
44084
45934
44061
44085
45935
44062
44086
45936
44063
44087
45937
44064
44088
45938
44065
44089
45939
44066
44090
45940
44067
44091
45941
44068
44092
45942
44069
44093
45943
44070
44094
45944
44071
44095
45945
44072
44096
45946
44073
44097
45947
44074
44098
45948
44099
45949
44076
44100
45950
44077
44101
45951
44078
44102
45952
44079
44103
45953
44080
44104
45954
44081
44105
45955
44082
44106
45956
44083
44107
45957
44084
44108
45958
44085
44109
45959
44086
44110
45960
44087
44111
45961
44088
44112
45962
44089
44113
45963
44090
44114
45964
44091
44115
45965
44092
44116
45966
44093
44117
45967
44094
44118
45968
44095
44119
45969
44096
44120
45970
44097
44121
45971
44098
44122
45972
44099
44123
45973
44124
45974
44101
44125
45975
44102
44126
45976
44103
44127
45977
44104
44128
45978
44105
44129
45979
44106
44130
45980
44107
44131
45981
44108
44132
45982
44109
44133
45983
44110
44134
45984
44111
44135
45985
44112
44136
45986
44113
44137
45987
44114
44138
45988
44115
44139
45989
44116
44140
45990
44117
44141
45991
44118
44142
45992
44119
44143
45993
44120
44144
45994
44121
44145
45995
44122
44146
45996
44123
44147
45997
44124
44148
45998
44149
45999
44126
44150
46000
44127
44151
46001
44128
44152
46002
44129
44153
46003
44130
44154
46004
44131
44155
46005
44132
44156
46006
44133
44157
46007
44134
44158
46008
44135
44159
46009
44136
44160
46010
44137
44161
46011
44138
44162
46012
44139
44163
46013
44140
44164
46014
44141
44165
46015
44142
44166
46016
44143
44167
46017
44144
44168
46018
44145
44169
46019
44146
44170
46020
44147
44171
46021
44148
44172
46022
44149
44173
46023
44174
46024
44151
44175
46025
44152
44176
46026
44153
44177
46027
44154
44178
46028
44155
44179
46029
44156
44180
46030
44157
44181
46031
44158
44182
46032
44159
44183
46033
44160
44184
46034
44161
44185
46035
44162
44186
46036
44163
44187
46037
44164
44188
46038
44165
44189
46039
44166
44190
46040
44167
44191
46041
44168
44192
46042
44169
44193
46043
44170
44194
46044
44171
44195
46045
44172
44196
46046
44173
44197
46047
44174
44198
46048
44199
46049
44176
44200
46050
44177
44201
46051
44178
44202
46052
44179
44203
46053
44180
44204
46054
44181
44205
46055
44182
44206
46056
44183
44207
46057
44184
44208
46058
44185
44209
46059
44186
44210
46060
44187
44211
46061
44188
44212
46062
44189
44213
46063
44190
44214
46064
44191
44215
46065
44192
44216
46066
44193
44217
46067
44194
44218
46068
44195
44219
46069
44196
44220
46070
44197
44221
46071
44198
44222
46072
44199
44223
46073
44224
46074
44201
44225
46075
44202
44226
46076
44203
44227
46077
44204
44228
46078
44205
44229
46079
44206
44230
46080
44207
44231
46081
44208
44232
46082
44209
44233
46083
44210
44234
46084
44211
44235
46085
44212
44236
46086
44213
44237
46087
44214
44238
46088
44215
44239
46089
44216
44240
46090
44217
44241
46091
44218
44242
46092
44219
44243
46093
44220
44244
46094
44221
44245
46095
44222
44246
46096
44223
44247
46097
44224
44248
46098
44249
46099
44226
44250
46100
44227
44251
46101
44228
44252
46102
44229
44253
46103
44230
44254
46104
44231
44255
46105
44232
44256
46106
44233
44257
46107
44234
44258
46108
44235
44259
46109
44236
44260
46110
44237
44261
46111
44238
44262
46112
44239
44263
46113
44240
44264
46114
44241
44265
46115
44242
44266
46116
44243
44267
46117
44244
44268
46118
44245
44269
46119
44246
44270
46120
44247
44271
46121
44248
44272
46122
44249
44273
46123
44274
46124
44251
44275
46125
44252
44276
46126
44253
44277
46127
44254
44278
46128
44255
44279
46129
44256
44280
46130
44257
44281
46131
44258
44282
46132
44259
44283
46133
44260
44284
46134
44261
44285
46135
44262
44286
46136
44263
44287
46137
44264
44288
46138
44265
44289
46139
44266
44290
46140
44267
44291
46141
44268
44292
46142
44269
44293
46143
44270
44294
46144
44271
44295
46145
44272
44296
46146
44273
44297
46147
44274
44298
46148
44299
46149
44276
44300
46150
44277
44301
46151
44278
44302
46152
44279
44303
46153
44280
44304
46154
44281
44305
46155
44282
44306
46156
44283
44307
46157
44284
44308
46158
44285
44309
46159
44286
44310
46160
44287
44311
46161
44288
44312
46162
44289
44313
46163
44290
44314
46164
44291
44315
46165
44292
44316
46166
44293
44317
46167
44294
44318
46168
44295
44319
46169
44296
44320
46170
44297
44321
46171
44298
44322
46172
44299
44323
46173
44324
46174
44301
44325
46175
44302
44326
46176
44303
44327
46177
44304
44328
46178
44305
44329
46179
44306
44330
46180
44307
44331
46181
44308
44332
46182
44309
44333
46183
44310
44334
46184
44311
44335
46185
44312
44336
46186
44313
44337
46187
44314
44338
46188
44315
44339
46189
44316
44340
46190
44317
44341
46191
44318
44342
46192
44319
44343
46193
44320
44344
46194
44321
44345
46195
44322
44346
46196
44323
44347
46197
44324
44348
46198
44349
46199
44326
44350
46200
44327
44351
46201
44328
44352
46202
44329
44353
46203
44330
44354
46204
44331
44355
46205
44332
44356
46206
44333
44357
46207
44334
44358
46208
44335
44359
46209
44336
44360
46210
44337
44361
46211
44338
44362
46212
44339
44363
46213
44340
44364
46214
44341
44365
46215
44342
44366
46216
44343
44367
46217
44344
44368
46218
44345
44369
46219
44346
44370
46220
44347
44371
46221
44348
44372
46222
44349
44373
46223
44374
46224
44351
44375
46225
44352
44376
46226
44353
44377
46227
44354
44378
46228
44355
44379
46229
44356
44380
46230
44357
44381
46231
44358
44382
46232
44359
44383
46233
44360
44384
46234
44361
44385
46235
44362
44386
46236
44363
44387
46237
44364
44388
46238
44365
44389
46239
44366
44390
46240
44367
44391
46241
44368
44392
46242
44369
44393
46243
44370
44394
46244
44371
44395
46245
44372
44396
46246
44373
44397
46247
44374
44398
46248
44399
46249
44376
44400
46250
44377
44401
46251
44378
44402
46252
44379
44403
46253
44380
44404
46254
44381
44405
46255
44382
44406
46256
44383
44407
46257
44384
44408
46258
44385
44409
46259
44386
44410
46260
44387
44411
46261
44388
44412
46262
44389
44413
46263
44390
44414
46264
44391
44415
46265
44392
44416
46266
44393
44417
46267
44394
44418
46268
44395
44419
46269
44396
44420
46270
44397
44421
46271
44398
44422
46272
44399
44423
46273
44424
46274
44401
44425
46275
44402
44426
46276
44403
44427
46277
44404
44428
46278
44405
44429
46279
44406
44430
46280
44407
44431
46281
44408
44432
46282
44409
44433
46283
44410
44434
46284
44411
44435
46285
44412
44436
46286
44413
44437
46287
44414
44438
46288
44415
44439
46289
44416
44440
46290
44417
44441
46291
44418
44442
46292
44419
44443
46293
44420
44444
46294
44421
44445
46295
44422
44446
46296
44423
44447
46297
44424
44448
46298
44449
46299
44426
44450
46300
44427
44451
46301
44428
44452
46302
44429
44453
46303
44430
44454
46304
44431
44455
46305
44432
44456
46306
44433
44457
46307
44434
44458
46308
44435
44459
46309
44436
44460
46310
44437
44461
46311
44438
44462
46312
44439
44463
46313
44440
44464
46314
44441
44465
46315
44442
44466
46316
44443
44467
46317
44444
44468
46318
44445
44469
46319
44446
44470
46320
44447
44471
46321
44448
44472
46322
44449
44473
46323
44474
46324
44451
44475
46325
44452
44476
46326
44453
44477
46327
44454
44478
46328
44455
44479
46329
44456
44480
46330
44457
44481
46331
44458
44482
46332
44459
44483
46333
44460
44484
46334
44461
44485
46335
44462
44486
46336
44463
44487
46337
44464
44488
46338
44465
44489
46339
44466
44490
46340
44467
44491
46341
44468
44492
46342
44469
44493
46343
44470
44494
46344
44471
44495
46345
44472
44496
46346
44473
44497
46347
44474
44498
46348
44499
46349
44476
44500
46350
44477
44501
46351
44478
44502
46352
44479
44503
46353
44480
44504
46354
44481
44505
46355
44482
44506
46356
44483
44507
46357
44484
44508
46358
44485
44509
46359
44486
44510
46360
44487
44511
46361
44488
44512
46362
44489
44513
46363
44490
44514
46364
44491
44515
46365
44492
44516
46366
44493
44517
46367
44494
44518
46368
44495
44519
46369
44496
44520
46370
44497
44521
46371
44498
44522
46372
44499
44523
46373
44524
46374
44501
44525
46375
44502
44526
46376
44503
44527
46377
44504
44528
46378
44505
44529
46379
44506
44530
46380
44507
44531
46381
44508
44532
46382
44509
44533
46383
44510
44534
46384
44511
44535
46385
44512
44536
46386
44513
44537
46387
44514
44538
46388
44515
44539
46389
44516
44540
46390
44517
44541
46391
44518
44542
46392
44519
44543
46393
44520
44544
46394
44521
44545
46395
44522
44546
46396
44523
44547
46397
44524
44548
46398
44549
46399
44526
44550
46400
44527
44551
46401
44528
44552
46402
44529
44553
46403
44530
44554
46404
44531
44555
46405
44532
44556
46406
44533
44557
46407
44534
44558
46408
44535
44559
46409
44536
44560
46410
44537
44561
46411
44538
44562
46412
44539
44563
46413
44540
44564
46414
44541
44565
46415
44542
44566
46416
44543
44567
46417
44544
44568
46418
44545
44569
46419
44546
44570
46420
44547
44571
46421
44548
44572
46422
44549
44573
46423
44574
46424
44551
44575
46425
44552
44576
46426
44553
44577
46427
44554
44578
46428
44555
44579
46429
44556
44580
46430
44557
44581
46431
44558
44582
46432
44559
44583
46433
44560
44584
46434
44561
44585
46435
44562
44586
46436
44563
44587
46437
44564
44588
46438
44565
44589
46439
44566
44590
46440
44567
44591
46441
44568
44592
46442
44569
44593
46443
44570
44594
46444
44571
44595
46445
44572
44596
46446
44573
44597
46447
44574
44598
46448
44599
46449
44576
44600
46450
44577
44601
46451
44578
44602
46452
44579
44603
46453
44580
44604
46454
44581
44605
46455
44582
44606
46456
44583
44607
46457
44584
44608
46458
44585
44609
46459
44586
44610
46460
44587
44611
46461
44588
44612
46462
44589
44613
46463
44590
44614
46464
44591
44615
46465
44592
44616
46466
44593
44617
46467
44594
44618
46468
44595
44619
46469
44596
44620
46470
44597
44621
46471
44598
44622
46472
44599
44623
46473
44624
46474
44601
44625
46475
44602
44626
46476
44603
44627
46477
44604
44628
46478
44605
44629
46479
44606
44630
46480
44607
44631
46481
44608
44632
46482
44609
44633
46483
44610
44634
46484
44611
44635
46485
44612
44636
46486
44613
44637
46487
44614
44638
46488
44615
44639
46489
44616
44640
46490
44617
44641
46491
44618
44642
46492
44619
44643
46493
44620
44644
46494
44621
44645
46495
44622
44646
46496
44623
44647
46497
44624
44648
46498
44649
46499
44626
44650
46500
44627
44651
46501
44628
44652
46502
44629
44653
46503
44630
44654
46504
44631
44655
46505
44632
44656
46506
44633
44657
46507
44634
44658
46508
44635
44659
46509
44636
44660
46510
44637
44661
46511
44638
44662
46512
44639
44663
46513
44640
44664
46514
44641
44665
46515
44642
44666
46516
44643
44667
46517
44644
44668
46518
44645
44669
46519
44646
44670
46520
44647
44671
46521
44648
44672
46522
44649
44673
46523
44674
46524
44651
44675
46525
44652
44676
46526
44653
44677
46527
44654
44678
46528
44655
44679
46529
44656
44680
46530
44657
44681
46531
44658
44682
46532
44659
44683
46533
44660
44684
46534
44661
44685
46535
44662
44686
46536
44663
44687
46537
44664
44688
46538
44665
44689
46539
44666
44690
46540
44667
44691
46541
44668
44692
46542
44669
44693
46543
44670
44694
46544
44671
44695
46545
44672
44696
46546
44673
44697
46547
44674
44698
46548
44699
46549
44676
44700
46550
44677
44701
46551
44678
44702
46552
44679
44703
46553
44680
44704
46554
44681
44705
46555
44682
44706
46556
44683
44707
46557
44684
44708
46558
44685
44709
46559
44686
44710
46560
44687
44711
46561
44688
44712
46562
44689
44713
46563
44690
44714
46564
44691
44715
46565
44692
44716
46566
44693
44717
46567
44694
44718
46568
44695
44719
46569
44696
44720
46570
44697
44721
46571
44698
44722
46572
44699
44723
46573
44724
46574
44701
44725
46575
44702
44726
46576
44703
44727
46577
44704
44728
46578
44705
44729
46579
44706
44730
46580
44707
44731
46581
44708
44732
46582
44709
44733
46583
44710
44734
46584
44711
44735
46585
44712
44736
46586
44713
44737
46587
44714
44738
46588
44715
44739
46589
44716
44740
46590
44717
44741
46591
44718
44742
46592
44719
44743
46593
44720
44744
46594
44721
44745
46595
44722
44746
46596
44723
44747
46597
44724
44748
46598
44749
46599
44726
44750
46600
44727
44751
46601
44728
44752
46602
44729
44753
46603
44730
44754
46604
44731
44755
46605
44732
44756
46606
44733
44757
46607
44734
44758
46608
44735
44759
46609
44736
44760
46610
44737
44761
46611
44738
44762
46612
44739
44763
46613
44740
44764
46614
44741
44765
46615
44742
44766
46616
44743
44767
46617
44744
44768
46618
44745
44769
46619
44746
44770
46620
44747
44771
46621
44748
44772
46622
44749
44773
46623
44774
46624
44751
44775
46625
44752
44776
46626
44753
44777
46627
44754
44778
46628
44755
44779
46629
44756
44780
46630
44757
44781
46631
44758
44782
46632
44759
44783
46633
44760
44784
46634
44761
44785
46635
44762
44786
46636
44763
44787
46637
44764
44788
46638
44765
44789
46639
44766
44790
46640
44767
44791
46641
44768
44792
46642
44769
44793
46643
44770
44794
46644
44771
44795
46645
44772
44796
46646
44773
44797
46647
44774
44798
46648
44799
46649
44776
44800
46650
44777
44801
46651
44778
44802
46652
44779
44803
46653
44780
44804
46654
44781
44805
46655
44782
44806
46656
44783
44807
46657
44784
44808
46658
44785
44809
46659
44786
44810
46660
44787
44811
46661
44788
44812
46662
44789
44813
46663
44790
44814
46664
44791
44815
46665
44792
44816
46666
44793
44817
46667
44794
44818
46668
44795
44819
46669
44796
44820
46670
44797
44821
46671
44798
44822
46672
44799
44823
46673
44824
46674
44801
44825
46675
44802
44826
46676
44803
44827
46677
44804
44828
46678
44805
44829
46679
44806
44830
46680
44807
44831
46681
44808
44832
46682
44809
44833
46683
44810
44834
46684
44811
44835
46685
44812
44836
46686
44813
44837
46687
44814
44838
46688
44815
44839
46689
44816
44840
46690
44817
44841
46691
44818
44842
46692
44819
44843
46693
44820
44844
46694
44821
44845
46695
44822
44846
46696
44823
44847
46697
44824
44848
46698
44849
46699
44826
44850
46700
44827
44851
46701
44828
44852
46702
44829
44853
46703
44830
44854
46704
44831
44855
46705
44832
44856
46706
44833
44857
46707
44834
44858
46708
44835
44859
46709
44836
44860
46710
44837
44861
46711
44838
44862
46712
44839
44863
46713
44840
44864
46714
44841
44865
46715
44842
44866
46716
44843
44867
46717
44844
44868
46718
44845
44869
46719
44846
44870
46720
44847
44871
46721
44848
44872
46722
44849
44873
46723
44874
46724
44851
44875
46725
44852
44876
46726
44853
44877
46727
44854
44878
46728
44855
44879
46729
44856
44880
46730
44857
44881
46731
44858
44882
46732
44859
44883
46733
44860
44884
46734
44861
44885
46735
44862
44886
46736
44863
44887
46737
44864
44888
46738
44865
44889
46739
44866
44890
46740
44867
44891
46741
44868
44892
46742
44869
44893
46743
44870
44894
46744
44871
44895
46745
44872
44896
46746
44873
44897
46747
44874
44898
46748
44899
46749
44876
44900
46750
44877
44901
46751
44878
44902
46752
44879
44903
46753
44880
44904
46754
44881
44905
46755
44882
44906
46756
44883
44907
46757
44884
44908
46758
44885
44909
46759
44886
44910
46760
44887
44911
46761
44888
44912
46762
44889
44913
46763
44890
44914
46764
44891
44915
46765
44892
44916
46766
44893
44917
46767
44894
44918
46768
44895
44919
46769
44896
44920
46770
44897
44921
46771
44898
44922
46772
44899
44923
46773
44924
46774
44901
44925
46775
44902
44926
46776
44903
44927
46777
44904
44928
46778
44905
44929
46779
44906
44930
46780
44907
44931
46781
44908
44932
46782
44909
44933
46783
44910
44934
46784
44911
44935
46785
44912
44936
46786
44913
44937
46787
44914
44938
46788
44915
44939
46789
44916
44940
46790
44917
44941
46791
44918
44942
46792
44919
44943
46793
44920
44944
46794
44921
44945
46795
44922
44946
46796
44923
44947
46797
44924
44948
46798
44949
46799
44926
44950
46800
44927
44951
46801
44928
44952
46802
44929
44953
46803
44930
44954
46804
44931
44955
46805
44932
44956
46806
44933
44957
46807
44934
44958
46808
44935
44959
46809
44936
44960
46810
44937
44961
46811
44938
44962
46812
44939
44963
46813
44940
44964
46814
44941
44965
46815
44942
44966
46816
44943
44967
46817
44944
44968
46818
44945
44969
46819
44946
44970
46820
44947
44971
46821
44948
44972
46822
44949
44973
46823
44974
46824
44951
44975
46825
44952
44976
46826
44953
44977
46827
44954
44978
46828
44955
44979
46829
44956
44980
46830
44957
44981
46831
44958
44982
46832
44959
44983
46833
44960
44984
46834
44961
44985
46835
44962
44986
46836
44963
44987
46837
44964
44988
46838
44965
44989
46839
44966
44990
46840
44967
44991
46841
44968
44992
46842
44969
44993
46843
44970
44994
46844
44971
44995
46845
44972
44996
46846
44973
44997
46847
44974
44998
46848
44999
46849
44976
46850
44977
46851
44978
46852
44979
46853
44980
46854
44981
46855
44982
46856
44983
46857
44984
46858
44985
46859
44986
46860
44987
46861
44988
46862
44989
46863
44990
46864
44991
46865
44992
46866
44993
46867
44994
46868
44995
46869
44996
46870
44997
46871
44998
46872
44999
46873
46874
45001
45025
45002
45026
45003
45027
45004
45028
45005
45029
45006
45030
45007
45031
45008
45032
45009
45033
45010
45034
45011
45035
45012
45036
45013
45037
45014
45038
45015
45039
45016
45040
45017
45041
45018
45042
45019
45043
45020
45044
45021
45045
45022
45046
45023
45047
45024
45048
45049
45026
45050
45027
45051
45028
45052
45029
45053
45030
45054
45031
45055
45032
45056
45033
45057
45034
45058
45035
45059
45036
45060
45037
45061
45038
45062
45039
45063
45040
45064
45041
45065
45042
45066
45043
45067
45044
45068
45045
45069
45046
45070
45047
45071
45048
45072
45049
45073
45074
45051
45075
45052
45076
45053
45077
45054
45078
45055
45079
45056
45080
45057
45081
45058
45082
45059
45083
45060
45084
45061
45085
45062
45086
45063
45087
45064
45088
45065
45089
45066
45090
45067
45091
45068
45092
45069
45093
45070
45094
45071
45095
45072
45096
45073
45097
45074
45098
45099
45076
45100
45077
45101
45078
45102
45079
45103
45080
45104
45081
45105
45082
45106
45083
45107
45084
45108
45085
45109
45086
45110
45087
45111
45088
45112
45089
45113
45090
45114
45091
45115
45092
45116
45093
45117
45094
45118
45095
45119
45096
45120
45097
45121
45098
45122
45099
45123
45124
45101
45125
45102
45126
45103
45127
45104
45128
45105
45129
45106
45130
45107
45131
45108
45132
45109
45133
45110
45134
45111
45135
45112
45136
45113
45137
45114
45138
45115
45139
45116
45140
45117
45141
45118
45142
45119
45143
45120
45144
45121
45145
45122
45146
45123
45147
45124
45148
45149
45126
45150
45127
45151
45128
45152
45129
45153
45130
45154
45131
45155
45132
45156
45133
45157
45134
45158
45135
45159
45136
45160
45137
45161
45138
45162
45139
45163
45140
45164
45141
45165
45142
45166
45143
45167
45144
45168
45145
45169
45146
45170
45147
45171
45148
45172
45149
45173
45174
45151
45175
45152
45176
45153
45177
45154
45178
45155
45179
45156
45180
45157
45181
45158
45182
45159
45183
45160
45184
45161
45185
45162
45186
45163
45187
45164
45188
45165
45189
45166
45190
45167
45191
45168
45192
45169
45193
45170
45194
45171
45195
45172
45196
45173
45197
45174
45198
45199
45176
45200
45177
45201
45178
45202
45179
45203
45180
45204
45181
45205
45182
45206
45183
45207
45184
45208
45185
45209
45186
45210
45187
45211
45188
45212
45189
45213
45190
45214
45191
45215
45192
45216
45193
45217
45194
45218
45195
45219
45196
45220
45197
45221
45198
45222
45199
45223
45224
45201
45225
45202
45226
45203
45227
45204
45228
45205
45229
45206
45230
45207
45231
45208
45232
45209
45233
45210
45234
45211
45235
45212
45236
45213
45237
45214
45238
45215
45239
45216
45240
45217
45241
45218
45242
45219
45243
45220
45244
45221
45245
45222
45246
45223
45247
45224
45248
45249
45226
45250
45227
45251
45228
45252
45229
45253
45230
45254
45231
45255
45232
45256
45233
45257
45234
45258
45235
45259
45236
45260
45237
45261
45238
45262
45239
45263
45240
45264
45241
45265
45242
45266
45243
45267
45244
45268
45245
45269
45246
45270
45247
45271
45248
45272
45249
45273
45274
45251
45275
45252
45276
45253
45277
45254
45278
45255
45279
45256
45280
45257
45281
45258
45282
45259
45283
45260
45284
45261
45285
45262
45286
45263
45287
45264
45288
45265
45289
45266
45290
45267
45291
45268
45292
45269
45293
45270
45294
45271
45295
45272
45296
45273
45297
45274
45298
45299
45276
45300
45277
45301
45278
45302
45279
45303
45280
45304
45281
45305
45282
45306
45283
45307
45284
45308
45285
45309
45286
45310
45287
45311
45288
45312
45289
45313
45290
45314
45291
45315
45292
45316
45293
45317
45294
45318
45295
45319
45296
45320
45297
45321
45298
45322
45299
45323
45324
45301
45325
45302
45326
45303
45327
45304
45328
45305
45329
45306
45330
45307
45331
45308
45332
45309
45333
45310
45334
45311
45335
45312
45336
45313
45337
45314
45338
45315
45339
45316
45340
45317
45341
45318
45342
45319
45343
45320
45344
45321
45345
45322
45346
45323
45347
45324
45348
45349
45326
45350
45327
45351
45328
45352
45329
45353
45330
45354
45331
45355
45332
45356
45333
45357
45334
45358
45335
45359
45336
45360
45337
45361
45338
45362
45339
45363
45340
45364
45341
45365
45342
45366
45343
45367
45344
45368
45345
45369
45346
45370
45347
45371
45348
45372
45349
45373
45374
45351
45375
45352
45376
45353
45377
45354
45378
45355
45379
45356
45380
45357
45381
45358
45382
45359
45383
45360
45384
45361
45385
45362
45386
45363
45387
45364
45388
45365
45389
45366
45390
45367
45391
45368
45392
45369
45393
45370
45394
45371
45395
45372
45396
45373
45397
45374
45398
45399
45376
45400
45377
45401
45378
45402
45379
45403
45380
45404
45381
45405
45382
45406
45383
45407
45384
45408
45385
45409
45386
45410
45387
45411
45388
45412
45389
45413
45390
45414
45391
45415
45392
45416
45393
45417
45394
45418
45395
45419
45396
45420
45397
45421
45398
45422
45399
45423
45424
45401
45425
45402
45426
45403
45427
45404
45428
45405
45429
45406
45430
45407
45431
45408
45432
45409
45433
45410
45434
45411
45435
45412
45436
45413
45437
45414
45438
45415
45439
45416
45440
45417
45441
45418
45442
45419
45443
45420
45444
45421
45445
45422
45446
45423
45447
45424
45448
45449
45426
45450
45427
45451
45428
45452
45429
45453
45430
45454
45431
45455
45432
45456
45433
45457
45434
45458
45435
45459
45436
45460
45437
45461
45438
45462
45439
45463
45440
45464
45441
45465
45442
45466
45443
45467
45444
45468
45445
45469
45446
45470
45447
45471
45448
45472
45449
45473
45474
45451
45475
45452
45476
45453
45477
45454
45478
45455
45479
45456
45480
45457
45481
45458
45482
45459
45483
45460
45484
45461
45485
45462
45486
45463
45487
45464
45488
45465
45489
45466
45490
45467
45491
45468
45492
45469
45493
45470
45494
45471
45495
45472
45496
45473
45497
45474
45498
45499
45476
45500
45477
45501
45478
45502
45479
45503
45480
45504
45481
45505
45482
45506
45483
45507
45484
45508
45485
45509
45486
45510
45487
45511
45488
45512
45489
45513
45490
45514
45491
45515
45492
45516
45493
45517
45494
45518
45495
45519
45496
45520
45497
45521
45498
45522
45499
45523
45524
45501
45525
45502
45526
45503
45527
45504
45528
45505
45529
45506
45530
45507
45531
45508
45532
45509
45533
45510
45534
45511
45535
45512
45536
45513
45537
45514
45538
45515
45539
45516
45540
45517
45541
45518
45542
45519
45543
45520
45544
45521
45545
45522
45546
45523
45547
45524
45548
45549
45526
45550
45527
45551
45528
45552
45529
45553
45530
45554
45531
45555
45532
45556
45533
45557
45534
45558
45535
45559
45536
45560
45537
45561
45538
45562
45539
45563
45540
45564
45541
45565
45542
45566
45543
45567
45544
45568
45545
45569
45546
45570
45547
45571
45548
45572
45549
45573
45574
45551
45575
45552
45576
45553
45577
45554
45578
45555
45579
45556
45580
45557
45581
45558
45582
45559
45583
45560
45584
45561
45585
45562
45586
45563
45587
45564
45588
45565
45589
45566
45590
45567
45591
45568
45592
45569
45593
45570
45594
45571
45595
45572
45596
45573
45597
45574
45598
45599
45576
45600
45577
45601
45578
45602
45579
45603
45580
45604
45581
45605
45582
45606
45583
45607
45584
45608
45585
45609
45586
45610
45587
45611
45588
45612
45589
45613
45590
45614
45591
45615
45592
45616
45593
45617
45594
45618
45595
45619
45596
45620
45597
45621
45598
45622
45599
45623
45624
45601
45625
45602
45626
45603
45627
45604
45628
45605
45629
45606
45630
45607
45631
45608
45632
45609
45633
45610
45634
45611
45635
45612
45636
45613
45637
45614
45638
45615
45639
45616
45640
45617
45641
45618
45642
45619
45643
45620
45644
45621
45645
45622
45646
45623
45647
45624
45648
45649
45626
45650
45627
45651
45628
45652
45629
45653
45630
45654
45631
45655
45632
45656
45633
45657
45634
45658
45635
45659
45636
45660
45637
45661
45638
45662
45639
45663
45640
45664
45641
45665
45642
45666
45643
45667
45644
45668
45645
45669
45646
45670
45647
45671
45648
45672
45649
45673
45674
45651
45675
45652
45676
45653
45677
45654
45678
45655
45679
45656
45680
45657
45681
45658
45682
45659
45683
45660
45684
45661
45685
45662
45686
45663
45687
45664
45688
45665
45689
45666
45690
45667
45691
45668
45692
45669
45693
45670
45694
45671
45695
45672
45696
45673
45697
45674
45698
45699
45676
45700
45677
45701
45678
45702
45679
45703
45680
45704
45681
45705
45682
45706
45683
45707
45684
45708
45685
45709
45686
45710
45687
45711
45688
45712
45689
45713
45690
45714
45691
45715
45692
45716
45693
45717
45694
45718
45695
45719
45696
45720
45697
45721
45698
45722
45699
45723
45724
45701
45725
45702
45726
45703
45727
45704
45728
45705
45729
45706
45730
45707
45731
45708
45732
45709
45733
45710
45734
45711
45735
45712
45736
45713
45737
45714
45738
45715
45739
45716
45740
45717
45741
45718
45742
45719
45743
45720
45744
45721
45745
45722
45746
45723
45747
45724
45748
45749
45726
45750
45727
45751
45728
45752
45729
45753
45730
45754
45731
45755
45732
45756
45733
45757
45734
45758
45735
45759
45736
45760
45737
45761
45738
45762
45739
45763
45740
45764
45741
45765
45742
45766
45743
45767
45744
45768
45745
45769
45746
45770
45747
45771
45748
45772
45749
45773
45774
45751
45775
45752
45776
45753
45777
45754
45778
45755
45779
45756
45780
45757
45781
45758
45782
45759
45783
45760
45784
45761
45785
45762
45786
45763
45787
45764
45788
45765
45789
45766
45790
45767
45791
45768
45792
45769
45793
45770
45794
45771
45795
45772
45796
45773
45797
45774
45798
45799
45776
45800
45777
45801
45778
45802
45779
45803
45780
45804
45781
45805
45782
45806
45783
45807
45784
45808
45785
45809
45786
45810
45787
45811
45788
45812
45789
45813
45790
45814
45791
45815
45792
45816
45793
45817
45794
45818
45795
45819
45796
45820
45797
45821
45798
45822
45799
45823
45824
45801
45825
45802
45826
45803
45827
45804
45828
45805
45829
45806
45830
45807
45831
45808
45832
45809
45833
45810
45834
45811
45835
45812
45836
45813
45837
45814
45838
45815
45839
45816
45840
45817
45841
45818
45842
45819
45843
45820
45844
45821
45845
45822
45846
45823
45847
45824
45848
45849
45826
45850
45827
45851
45828
45852
45829
45853
45830
45854
45831
45855
45832
45856
45833
45857
45834
45858
45835
45859
45836
45860
45837
45861
45838
45862
45839
45863
45840
45864
45841
45865
45842
45866
45843
45867
45844
45868
45845
45869
45846
45870
45847
45871
45848
45872
45849
45873
45874
45851
45875
45852
45876
45853
45877
45854
45878
45855
45879
45856
45880
45857
45881
45858
45882
45859
45883
45860
45884
45861
45885
45862
45886
45863
45887
45864
45888
45865
45889
45866
45890
45867
45891
45868
45892
45869
45893
45870
45894
45871
45895
45872
45896
45873
45897
45874
45898
45899
45876
45900
45877
45901
45878
45902
45879
45903
45880
45904
45881
45905
45882
45906
45883
45907
45884
45908
45885
45909
45886
45910
45887
45911
45888
45912
45889
45913
45890
45914
45891
45915
45892
45916
45893
45917
45894
45918
45895
45919
45896
45920
45897
45921
45898
45922
45899
45923
45924
45901
45925
45902
45926
45903
45927
45904
45928
45905
45929
45906
45930
45907
45931
45908
45932
45909
45933
45910
45934
45911
45935
45912
45936
45913
45937
45914
45938
45915
45939
45916
45940
45917
45941
45918
45942
45919
45943
45920
45944
45921
45945
45922
45946
45923
45947
45924
45948
45949
45926
45950
45927
45951
45928
45952
45929
45953
45930
45954
45931
45955
45932
45956
45933
45957
45934
45958
45935
45959
45936
45960
45937
45961
45938
45962
45939
45963
45940
45964
45941
45965
45942
45966
45943
45967
45944
45968
45945
45969
45946
45970
45947
45971
45948
45972
45949
45973
45974
45951
45975
45952
45976
45953
45977
45954
45978
45955
45979
45956
45980
45957
45981
45958
45982
45959
45983
45960
45984
45961
45985
45962
45986
45963
45987
45964
45988
45965
45989
45966
45990
45967
45991
45968
45992
45969
45993
45970
45994
45971
45995
45972
45996
45973
45997
45974
45998
45999
45976
46000
45977
46001
45978
46002
45979
46003
45980
46004
45981
46005
45982
46006
45983
46007
45984
46008
45985
46009
45986
46010
45987
46011
45988
46012
45989
46013
45990
46014
45991
46015
45992
46016
45993
46017
45994
46018
45995
46019
45996
46020
45997
46021
45998
46022
45999
46023
46024
46001
46025
46002
46026
46003
46027
46004
46028
46005
46029
46006
46030
46007
46031
46008
46032
46009
46033
46010
46034
46011
46035
46012
46036
46013
46037
46014
46038
46015
46039
46016
46040
46017
46041
46018
46042
46019
46043
46020
46044
46021
46045
46022
46046
46023
46047
46024
46048
46049
46026
46050
46027
46051
46028
46052
46029
46053
46030
46054
46031
46055
46032
46056
46033
46057
46034
46058
46035
46059
46036
46060
46037
46061
46038
46062
46039
46063
46040
46064
46041
46065
46042
46066
46043
46067
46044
46068
46045
46069
46046
46070
46047
46071
46048
46072
46049
46073
46074
46051
46075
46052
46076
46053
46077
46054
46078
46055
46079
46056
46080
46057
46081
46058
46082
46059
46083
46060
46084
46061
46085
46062
46086
46063
46087
46064
46088
46065
46089
46066
46090
46067
46091
46068
46092
46069
46093
46070
46094
46071
46095
46072
46096
46073
46097
46074
46098
46099
46076
46100
46077
46101
46078
46102
46079
46103
46080
46104
46081
46105
46082
46106
46083
46107
46084
46108
46085
46109
46086
46110
46087
46111
46088
46112
46089
46113
46090
46114
46091
46115
46092
46116
46093
46117
46094
46118
46095
46119
46096
46120
46097
46121
46098
46122
46099
46123
46124
46101
46125
46102
46126
46103
46127
46104
46128
46105
46129
46106
46130
46107
46131
46108
46132
46109
46133
46110
46134
46111
46135
46112
46136
46113
46137
46114
46138
46115
46139
46116
46140
46117
46141
46118
46142
46119
46143
46120
46144
46121
46145
46122
46146
46123
46147
46124
46148
46149
46126
46150
46127
46151
46128
46152
46129
46153
46130
46154
46131
46155
46132
46156
46133
46157
46134
46158
46135
46159
46136
46160
46137
46161
46138
46162
46139
46163
46140
46164
46141
46165
46142
46166
46143
46167
46144
46168
46145
46169
46146
46170
46147
46171
46148
46172
46149
46173
46174
46151
46175
46152
46176
46153
46177
46154
46178
46155
46179
46156
46180
46157
46181
46158
46182
46159
46183
46160
46184
46161
46185
46162
46186
46163
46187
46164
46188
46165
46189
46166
46190
46167
46191
46168
46192
46169
46193
46170
46194
46171
46195
46172
46196
46173
46197
46174
46198
46199
46176
46200
46177
46201
46178
46202
46179
46203
46180
46204
46181
46205
46182
46206
46183
46207
46184
46208
46185
46209
46186
46210
46187
46211
46188
46212
46189
46213
46190
46214
46191
46215
46192
46216
46193
46217
46194
46218
46195
46219
46196
46220
46197
46221
46198
46222
46199
46223
46224
46201
46225
46202
46226
46203
46227
46204
46228
46205
46229
46206
46230
46207
46231
46208
46232
46209
46233
46210
46234
46211
46235
46212
46236
46213
46237
46214
46238
46215
46239
46216
46240
46217
46241
46218
46242
46219
46243
46220
46244
46221
46245
46222
46246
46223
46247
46224
46248
46249
46226
46250
46227
46251
46228
46252
46229
46253
46230
46254
46231
46255
46232
46256
46233
46257
46234
46258
46235
46259
46236
46260
46237
46261
46238
46262
46239
46263
46240
46264
46241
46265
46242
46266
46243
46267
46244
46268
46245
46269
46246
46270
46247
46271
46248
46272
46249
46273
46274
46251
46275
46252
46276
46253
46277
46254
46278
46255
46279
46256
46280
46257
46281
46258
46282
46259
46283
46260
46284
46261
46285
46262
46286
46263
46287
46264
46288
46265
46289
46266
46290
46267
46291
46268
46292
46269
46293
46270
46294
46271
46295
46272
46296
46273
46297
46274
46298
46299
46276
46300
46277
46301
46278
46302
46279
46303
46280
46304
46281
46305
46282
46306
46283
46307
46284
46308
46285
46309
46286
46310
46287
46311
46288
46312
46289
46313
46290
46314
46291
46315
46292
46316
46293
46317
46294
46318
46295
46319
46296
46320
46297
46321
46298
46322
46299
46323
46324
46301
46325
46302
46326
46303
46327
46304
46328
46305
46329
46306
46330
46307
46331
46308
46332
46309
46333
46310
46334
46311
46335
46312
46336
46313
46337
46314
46338
46315
46339
46316
46340
46317
46341
46318
46342
46319
46343
46320
46344
46321
46345
46322
46346
46323
46347
46324
46348
46349
46326
46350
46327
46351
46328
46352
46329
46353
46330
46354
46331
46355
46332
46356
46333
46357
46334
46358
46335
46359
46336
46360
46337
46361
46338
46362
46339
46363
46340
46364
46341
46365
46342
46366
46343
46367
46344
46368
46345
46369
46346
46370
46347
46371
46348
46372
46349
46373
46374
46351
46375
46352
46376
46353
46377
46354
46378
46355
46379
46356
46380
46357
46381
46358
46382
46359
46383
46360
46384
46361
46385
46362
46386
46363
46387
46364
46388
46365
46389
46366
46390
46367
46391
46368
46392
46369
46393
46370
46394
46371
46395
46372
46396
46373
46397
46374
46398
46399
46376
46400
46377
46401
46378
46402
46379
46403
46380
46404
46381
46405
46382
46406
46383
46407
46384
46408
46385
46409
46386
46410
46387
46411
46388
46412
46389
46413
46390
46414
46391
46415
46392
46416
46393
46417
46394
46418
46395
46419
46396
46420
46397
46421
46398
46422
46399
46423
46424
46401
46425
46402
46426
46403
46427
46404
46428
46405
46429
46406
46430
46407
46431
46408
46432
46409
46433
46410
46434
46411
46435
46412
46436
46413
46437
46414
46438
46415
46439
46416
46440
46417
46441
46418
46442
46419
46443
46420
46444
46421
46445
46422
46446
46423
46447
46424
46448
46449
46426
46450
46427
46451
46428
46452
46429
46453
46430
46454
46431
46455
46432
46456
46433
46457
46434
46458
46435
46459
46436
46460
46437
46461
46438
46462
46439
46463
46440
46464
46441
46465
46442
46466
46443
46467
46444
46468
46445
46469
46446
46470
46447
46471
46448
46472
46449
46473
46474
46451
46475
46452
46476
46453
46477
46454
46478
46455
46479
46456
46480
46457
46481
46458
46482
46459
46483
46460
46484
46461
46485
46462
46486
46463
46487
46464
46488
46465
46489
46466
46490
46467
46491
46468
46492
46469
46493
46470
46494
46471
46495
46472
46496
46473
46497
46474
46498
46499
46476
46500
46477
46501
46478
46502
46479
46503
46480
46504
46481
46505
46482
46506
46483
46507
46484
46508
46485
46509
46486
46510
46487
46511
46488
46512
46489
46513
46490
46514
46491
46515
46492
46516
46493
46517
46494
46518
46495
46519
46496
46520
46497
46521
46498
46522
46499
46523
46524
46501
46525
46502
46526
46503
46527
46504
46528
46505
46529
46506
46530
46507
46531
46508
46532
46509
46533
46510
46534
46511
46535
46512
46536
46513
46537
46514
46538
46515
46539
46516
46540
46517
46541
46518
46542
46519
46543
46520
46544
46521
46545
46522
46546
46523
46547
46524
46548
46549
46526
46550
46527
46551
46528
46552
46529
46553
46530
46554
46531
46555
46532
46556
46533
46557
46534
46558
46535
46559
46536
46560
46537
46561
46538
46562
46539
46563
46540
46564
46541
46565
46542
46566
46543
46567
46544
46568
46545
46569
46546
46570
46547
46571
46548
46572
46549
46573
46574
46551
46575
46552
46576
46553
46577
46554
46578
46555
46579
46556
46580
46557
46581
46558
46582
46559
46583
46560
46584
46561
46585
46562
46586
46563
46587
46564
46588
46565
46589
46566
46590
46567
46591
46568
46592
46569
46593
46570
46594
46571
46595
46572
46596
46573
46597
46574
46598
46599
46576
46600
46577
46601
46578
46602
46579
46603
46580
46604
46581
46605
46582
46606
46583
46607
46584
46608
46585
46609
46586
46610
46587
46611
46588
46612
46589
46613
46590
46614
46591
46615
46592
46616
46593
46617
46594
46618
46595
46619
46596
46620
46597
46621
46598
46622
46599
46623
46624
46601
46625
46602
46626
46603
46627
46604
46628
46605
46629
46606
46630
46607
46631
46608
46632
46609
46633
46610
46634
46611
46635
46612
46636
46613
46637
46614
46638
46615
46639
46616
46640
46617
46641
46618
46642
46619
46643
46620
46644
46621
46645
46622
46646
46623
46647
46624
46648
46649
46626
46650
46627
46651
46628
46652
46629
46653
46630
46654
46631
46655
46632
46656
46633
46657
46634
46658
46635
46659
46636
46660
46637
46661
46638
46662
46639
46663
46640
46664
46641
46665
46642
46666
46643
46667
46644
46668
46645
46669
46646
46670
46647
46671
46648
46672
46649
46673
46674
46651
46675
46652
46676
46653
46677
46654
46678
46655
46679
46656
46680
46657
46681
46658
46682
46659
46683
46660
46684
46661
46685
46662
46686
46663
46687
46664
46688
46665
46689
46666
46690
46667
46691
46668
46692
46669
46693
46670
46694
46671
46695
46672
46696
46673
46697
46674
46698
46699
46676
46700
46677
46701
46678
46702
46679
46703
46680
46704
46681
46705
46682
46706
46683
46707
46684
46708
46685
46709
46686
46710
46687
46711
46688
46712
46689
46713
46690
46714
46691
46715
46692
46716
46693
46717
46694
46718
46695
46719
46696
46720
46697
46721
46698
46722
46699
46723
46724
46701
46725
46702
46726
46703
46727
46704
46728
46705
46729
46706
46730
46707
46731
46708
46732
46709
46733
46710
46734
46711
46735
46712
46736
46713
46737
46714
46738
46715
46739
46716
46740
46717
46741
46718
46742
46719
46743
46720
46744
46721
46745
46722
46746
46723
46747
46724
46748
46749
46726
46750
46727
46751
46728
46752
46729
46753
46730
46754
46731
46755
46732
46756
46733
46757
46734
46758
46735
46759
46736
46760
46737
46761
46738
46762
46739
46763
46740
46764
46741
46765
46742
46766
46743
46767
46744
46768
46745
46769
46746
46770
46747
46771
46748
46772
46749
46773
46774
46751
46775
46752
46776
46753
46777
46754
46778
46755
46779
46756
46780
46757
46781
46758
46782
46759
46783
46760
46784
46761
46785
46762
46786
46763
46787
46764
46788
46765
46789
46766
46790
46767
46791
46768
46792
46769
46793
46770
46794
46771
46795
46772
46796
46773
46797
46774
46798
46799
46776
46800
46777
46801
46778
46802
46779
46803
46780
46804
46781
46805
46782
46806
46783
46807
46784
46808
46785
46809
46786
46810
46787
46811
46788
46812
46789
46813
46790
46814
46791
46815
46792
46816
46793
46817
46794
46818
46795
46819
46796
46820
46797
46821
46798
46822
46799
46823
46824
46801
46825
46802
46826
46803
46827
46804
46828
46805
46829
46806
46830
46807
46831
46808
46832
46809
46833
46810
46834
46811
46835
46812
46836
46813
46837
46814
46838
46815
46839
46816
46840
46817
46841
46818
46842
46819
46843
46820
46844
46821
46845
46822
46846
46823
46847
46824
46848
46849
46826
46850
46827
46851
46828
46852
46829
46853
46830
46854
46831
46855
46832
46856
46833
46857
46834
46858
46835
46859
46836
46860
46837
46861
46838
46862
46839
46863
46840
46864
46841
46865
46842
46866
46843
46867
46844
46868
46845
46869
46846
46870
46847
46871
46848
46872
46849
46873
46874
46851
46852
46853
46854
46855
46856
46857
46858
46859
46860
46861
46862
46863
46864
46865
46866
46867
46868
46869
46870
46871
46872
46873
46874
)


// ************************************************************************* //
