/*--------------------------------*- C++ -*----------------------------------*\
  =========                 |
  \\      /  F ield         | OpenFOAM: The Open Source CFD Toolbox
   \\    /   O peration     | Website:  https://openfoam.org
    \\  /    A nd           | Version:  7
     \\/     M anipulation  |
\*---------------------------------------------------------------------------*/
FoamFile
{
    version     2.0;
    format      binary;
    class       pointSet;
    location    "constant/polyMesh/sets";
    object      duplicatedPoints;
}
// * * * * * * * * * * * * * * * * * * * * * * * * * * * * * * * * * * * * * //


44946
(
131367 
131369 
131370 
131371 
131372 
131373 
131375 
131376 
131377 
131424 
131426 
131427 
131429 
131430 
131432 
131435 
131436 
131490 
131496 
131501 
131506 
131509 
131511 
131512 
131514 
131516 
131518 
131520 
131521 
131523 
131576 
131578 
131579 
131581 
131582 
131584 
131587 
131588 
131593 
131618 
131719 
131720 
131722 
131724 
131725 
131727 
131730 
131731 
131733 
131734 
131736 
131737 
131739 
131741 
131744 
131745 
131828 
131830 
131831 
131832 
131833 
131835 
131837 
131838 
132013 
132014 
132016 
132017 
132018 
132020 
132022 
132023 
132024 
132025 
132027 
132028 
132029 
132031 
132033 
132034 
132138 
132140 
132141 
132142 
132144 
132146 
132149 
132150 
132187 
132219 
132230 
132289 
132295 
132300 
132305 
132338 
132359 
132429 
132447 
132449 
132451 
132452 
132453 
132456 
132457 
132459 
132515 
132521 
132526 
132531 
132612 
132614 
132615 
132616 
132617 
132619 
132620 
132621 
132624 
132626 
132627 
132629 
132630 
132631 
132634 
132635 
132637 
132740 
132741 
132742 
132744 
132746 
132747 
132748 
132749 
132799 
132821 
132826 
132889 
132890 
132891 
132892 
132894 
132896 
132897 
132898 
132899 
132901 
132903 
132904 
132907 
132909 
132910 
132912 
132914 
132919 
132950 
132956 
132961 
132966 
133852 
133854 
133856 
133858 
133860 
133867 
133869 
133870 
133873 
133879 
133880 
133881 
133887 
133888 
133894 
133895 
133903 
133905 
133907 
133909 
133912 
133913 
133915 
133916 
133918 
133919 
133922 
133923 
133926 
133927 
134036 
134038 
134041 
134043 
134044 
134046 
134052 
134053 
134068 
134069 
134070 
134071 
134077 
134081 
134084 
134085 
134086 
134130 
134131 
134132 
134135 
134140 
134141 
134142 
134143 
134145 
134147 
134149 
134151 
134154 
134155 
134157 
134160 
134161 
134164 
134166 
134167 
134170 
134172 
134173 
134176 
134178 
134182 
134183 
134188 
134192 
134296 
134298 
134314 
134315 
134339 
134340 
134341 
134351 
134353 
134357 
134358 
134360 
134365 
134366 
134382 
134383 
134384 
134386 
134387 
134388 
134390 
134391 
134394 
134395 
134398 
134400 
134402 
134409 
134413 
134422 
134424 
134426 
134428 
134431 
134437 
134439 
134444 
134446 
134447 
134449 
134455 
134456 
134470 
134472 
134492 
134493 
134508 
134509 
134513 
134516 
134556 
134559 
134560 
134561 
134562 
134563 
134564 
134565 
134570 
134572 
134573 
134574 
134575 
134581 
134587 
134591 
134594 
134601 
134611 
134617 
134619 
134621 
134622 
134624 
134625 
134626 
134636 
134646 
134648 
134649 
134657 
134664 
134665 
134667 
134673 
134678 
134680 
134681 
134682 
134684 
134686 
134687 
134689 
134690 
134691 
134693 
134694 
134696 
134701 
134702 
134703 
134704 
134706 
134707 
134714 
134715 
134724 
134726 
134727 
134728 
134730 
134731 
134732 
134733 
134740 
134741 
134746 
134748 
134749 
134750 
134751 
134756 
134758 
134760 
134768 
134769 
134770 
134772 
134775 
134776 
134777 
134779 
134780 
134786 
134787 
134790 
134791 
134793 
134795 
134806 
134810 
134812 
134813 
134814 
134819 
134820 
134822 
134823 
134824 
134825 
134827 
134828 
134845 
134848 
134850 
134851 
134854 
134855 
134857 
134874 
134878 
134879 
134880 
134884 
134886 
134887 
134888 
134890 
134894 
134896 
134900 
134901 
134903 
134904 
134906 
134907 
134916 
134918 
134920 
134923 
134926 
134929 
134939 
134944 
134945 
134947 
134949 
134953 
134955 
134957 
134958 
134959 
134960 
135033 
135038 
135039 
135040 
135041 
135043 
135046 
135048 
135049 
135050 
135051 
135052 
135053 
135066 
135072 
135111 
135113 
135114 
135116 
135117 
135121 
135123 
135128 
135130 
4058 
135131 
4066 
4080 
4090 
4141 
4158 
4165 
4175 
135301 
135303 
135304 
135306 
135307 
135308 
135310 
135312 
135314 
135315 
135316 
135317 
135329 
135333 
135334 
135336 
135338 
135339 
135348 
135352 
135353 
135355 
135357 
135358 
4325 
4342 
4349 
4359 
4425 
4436 
4449 
4459 
135560 
135563 
135564 
135566 
135571 
135572 
135574 
135575 
135578 
135579 
135581 
135582 
135584 
135586 
135588 
135589 
135590 
135591 
135594 
135595 
135596 
135598 
135599 
135601 
135604 
135605 
135626 
135630 
135632 
135633 
135634 
135635 
135636 
135637 
135640 
135646 
135651 
135652 
135653 
135655 
135656 
135657 
135658 
135882 
135885 
135890 
135892 
135894 
135895 
135896 
135897 
135899 
135901 
135903 
135904 
135905 
4836 
135908 
135910 
135911 
135912 
135914 
135917 
135918 
135919 
135921 
4851 
135923 
135924 
135926 
135927 
135928 
135930 
4862 
135934 
135938 
135940 
135941 
135942 
135944 
135945 
135946 
135948 
135949 
4877 
4895 
4945 
4956 
136028 
136031 
136035 
136036 
136037 
136038 
136040 
4969 
136041 
136042 
4975 
136064 
136065 
136067 
136068 
5001 
136074 
136076 
136078 
136079 
136084 
136086 
136091 
136092 
136097 
136103 
136134 
136138 
136159 
136160 
136161 
136162 
136164 
136166 
136169 
136176 
136177 
136180 
5200 
5216 
136292 
5222 
136294 
136296 
136297 
136298 
136299 
136306 
5235 
136312 
136315 
136316 
136317 
136318 
136320 
136321 
136322 
136323 
136324 
136335 
5264 
136339 
136340 
136342 
136343 
136344 
136358 
136362 
136364 
136365 
136366 
136367 
136368 
136369 
136372 
136382 
136387 
136389 
136390 
136391 
136393 
5322 
136395 
136396 
136397 
136407 
136408 
136410 
5341 
136415 
136416 
136417 
136418 
136419 
136421 
5352 
136426 
136427 
136428 
136432 
136433 
5363 
5373 
136464 
136465 
136470 
136473 
136476 
136477 
136478 
136479 
136480 
136488 
136492 
136494 
136497 
136498 
136499 
136501 
136502 
136503 
136510 
136511 
136512 
136514 
136515 
136516 
136517 
136518 
136519 
136520 
136521 
5450 
136523 
136531 
136532 
136537 
5466 
136538 
136539 
136540 
5469 
136542 
136545 
5474 
136546 
136548 
5477 
136549 
136550 
136559 
136567 
136568 
136569 
136571 
136574 
136575 
136576 
136578 
136579 
136585 
136586 
136598 
136599 
136603 
136607 
136608 
136609 
136614 
136615 
5545 
136620 
5549 
136622 
136623 
136624 
136628 
136630 
5574 
136661 
136663 
136664 
136665 
136667 
136668 
136669 
136670 
136678 
136679 
136680 
136682 
136684 
136685 
136686 
136692 
136694 
5641 
5659 
136750 
5680 
136752 
136755 
136757 
136758 
136760 
136766 
136767 
136778 
136780 
136795 
136796 
5775 
136852 
136854 
136866 
136867 
5798 
136876 
136878 
136881 
136883 
136884 
136886 
136891 
136892 
136902 
136904 
136911 
136912 
136913 
136914 
136915 
136916 
136930 
136931 
136936 
136937 
136938 
136939 
136941 
136944 
136945 
136947 
136948 
136949 
136958 
5890 
136973 
136974 
136975 
5904 
136977 
136979 
136983 
136984 
136985 
136989 
136990 
136991 
136992 
136994 
136997 
136998 
136999 
5927 
137005 
137006 
137008 
137009 
137011 
137013 
137014 
137020 
137021 
137022 
137025 
137027 
137028 
137030 
137032 
137039 
137040 
137041 
137042 
137045 
5987 
6012 
6018 
6021 
6029 
6033 
6057 
137134 
137135 
6063 
137136 
137138 
137140 
137141 
137142 
137144 
137150 
137152 
137153 
137155 
137156 
137158 
137159 
137162 
137163 
137167 
137170 
137177 
137180 
137188 
137190 
137191 
137193 
137194 
137196 
137197 
137203 
137207 
137216 
137219 
137223 
137229 
6159 
137231 
137237 
137239 
137240 
137243 
137250 
137252 
137255 
137257 
137258 
137260 
137266 
137267 
137305 
137307 
137324 
137325 
6255 
6258 
137380 
137382 
137396 
137397 
137460 
137461 
137468 
137473 
137475 
137478 
137480 
137481 
137483 
137485 
6418 
137499 
137500 
137502 
137504 
137505 
137506 
137508 
137509 
137511 
137512 
137514 
137516 
137531 
137533 
137534 
137536 
137537 
137538 
6500 
6513 
6517 
6566 
6570 
137656 
137658 
137663 
137665 
137666 
137667 
6595 
6599 
137673 
137675 
137699 
137700 
137707 
137713 
137718 
137719 
137720 
137722 
137724 
137725 
137728 
6659 
6664 
137738 
137743 
137746 
137748 
6677 
137751 
6679 
6681 
6683 
137763 
137764 
137766 
137767 
137769 
137770 
137773 
137782 
6712 
6713 
6714 
137787 
137789 
137790 
137791 
137793 
137794 
6723 
137796 
137797 
6734 
6735 
6736 
6739 
6746 
6747 
6760 
6775 
6776 
6777 
6779 
6783 
6786 
137859 
137861 
6793 
6798 
6799 
6800 
137872 
6801 
137873 
6805 
6817 
6825 
137910 
137912 
137915 
137917 
137918 
137920 
137925 
137926 
6863 
6864 
6865 
6866 
137986 
6915 
6916 
137988 
137991 
137993 
137994 
137996 
138001 
138002 
138033 
138034 
138036 
138037 
138038 
138039 
6972 
138046 
138047 
138048 
138049 
138050 
138058 
138062 
138064 
138067 
138068 
138069 
138071 
138072 
138073 
138092 
138093 
7022 
138094 
7024 
138096 
138097 
7025 
138098 
138099 
138100 
138101 
138102 
138103 
138105 
138116 
138117 
138118 
138123 
138127 
138129 
138130 
138131 
138157 
138158 
138163 
138165 
138166 
138167 
138177 
138179 
7110 
7121 
138198 
138199 
138200 
138203 
138208 
138209 
138210 
138211 
7180 
7195 
138340 
138342 
138343 
138345 
138346 
138347 
138358 
138365 
138371 
138376 
138377 
138379 
138380 
138382 
138383 
138386 
138389 
138390 
138392 
138395 
138397 
138400 
7346 
138430 
138431 
138432 
7361 
138434 
138436 
138437 
138443 
138446 
138447 
138452 
138457 
138458 
138460 
138461 
138463 
138464 
7418 
7428 
138521 
138522 
138527 
138528 
138529 
138530 
138534 
138535 
138540 
138542 
138556 
138557 
7538 
7544 
138616 
138618 
138623 
138625 
138626 
138628 
138633 
138634 
7587 
7593 
138693 
138695 
138697 
138698 
138699 
138700 
138701 
138702 
7631 
138708 
7637 
138722 
138723 
138724 
138726 
138729 
138734 
138735 
138736 
138741 
138750 
138752 
138753 
138754 
138755 
138756 
138757 
138759 
138765 
7707 
7713 
138794 
138795 
138796 
138799 
7762 
138867 
138869 
138870 
138873 
138877 
138886 
138891 
138893 
138894 
138896 
7824 
138897 
138899 
138900 
138902 
138903 
138904 
7833 
138906 
138907 
7835 
7837 
138909 
138910 
7838 
138913 
138916 
138917 
138919 
138921 
7849 
138922 
138923 
7851 
138925 
138927 
138928 
138930 
138931 
7859 
138933 
7861 
138934 
138936 
138937 
138938 
138939 
7867 
138941 
138942 
7870 
138943 
138944 
7875 
7877 
138951 
138952 
138958 
138959 
7888 
7892 
138969 
138970 
138971 
138972 
7901 
138974 
7902 
138977 
138978 
138980 
138981 
138982 
138991 
138996 
138997 
139001 
7930 
139005 
139006 
139007 
139013 
139014 
139016 
139018 
139019 
139020 
139022 
139024 
139026 
139028 
139063 
139064 
139065 
139067 
139069 
139070 
139071 
139076 
139078 
139124 
139125 
139129 
139133 
139134 
139135 
139156 
139158 
139159 
139160 
139161 
139162 
139169 
139170 
139171 
139172 
139174 
139175 
139176 
139182 
139187 
139189 
8123 
139196 
139197 
139198 
139199 
139200 
139201 
139206 
139207 
139212 
139213 
139214 
139215 
139219 
139220 
139225 
139226 
8155 
139231 
139232 
139233 
139234 
139238 
139239 
139240 
139243 
139244 
139249 
139250 
139255 
139259 
139261 
139262 
139263 
139266 
139267 
139268 
139271 
139274 
139275 
139276 
139280 
8241 
8248 
8250 
8272 
8273 
8285 
8288 
8304 
8306 
139413 
8341 
139416 
139417 
139422 
139423 
139427 
139432 
139434 
139435 
139436 
139439 
8367 
139440 
8368 
139441 
139445 
139450 
139451 
139452 
8382 
139455 
8383 
8392 
8393 
8408 
8414 
8416 
139510 
139511 
139516 
139517 
8455 
8458 
8462 
8469 
8471 
8484 
8489 
8499 
8502 
8509 
8513 
139588 
139590 
139591 
139597 
139598 
139599 
139602 
139604 
139605 
139606 
139608 
139613 
139614 
139615 
139617 
139620 
8566 
8571 
139644 
139645 
139650 
139651 
139654 
139655 
139657 
139660 
139664 
139665 
139667 
139670 
139674 
8602 
139676 
139677 
139680 
139682 
139684 
139685 
139686 
139687 
139688 
139695 
139696 
139697 
139698 
139700 
139701 
139702 
139708 
8640 
8687 
8718 
8733 
8734 
8738 
8742 
8746 
8748 
8751 
8754 
8806 
8814 
8819 
8852 
8853 
139946 
139948 
139949 
8879 
139960 
139962 
139963 
140001 
140002 
140004 
140011 
140012 
140014 
140015 
140016 
140022 
8984 
9028 
9040 
9095 
9096 
9115 
9116 
9144 
9146 
9175 
140276 
140277 
140279 
140288 
140289 
140291 
140299 
140300 
140302 
140312 
140313 
140318 
140319 
140320 
140321 
140325 
140326 
140331 
140332 
140337 
140338 
140339 
140340 
140344 
140345 
140350 
140351 
9283 
140356 
140357 
140358 
140359 
9289 
140363 
140364 
140401 
140403 
140404 
140410 
140411 
140414 
140418 
140419 
140421 
140423 
140425 
140427 
140428 
140430 
140434 
140435 
140436 
140440 
9415 
9416 
9436 
9437 
9439 
9441 
9472 
9473 
140573 
140575 
140576 
9508 
140582 
140583 
140586 
140591 
140593 
140594 
140595 
140597 
140599 
140600 
140603 
140609 
140610 
9538 
140611 
140614 
140617 
140618 
140619 
9547 
140626 
140627 
140628 
140630 
140632 
9560 
140633 
140634 
140636 
140640 
140642 
140643 
140644 
9573 
140646 
9597 
9615 
9629 
9646 
140756 
140757 
140763 
140764 
140768 
140769 
140770 
140777 
140778 
140779 
140781 
140783 
140784 
140785 
140787 
9716 
140791 
140793 
140794 
140795 
140797 
140802 
140804 
140805 
9734 
140808 
9738 
140812 
140814 
140816 
140818 
140822 
140824 
140826 
9755 
140828 
140830 
140831 
140833 
140834 
140835 
140841 
9782 
140858 
140859 
140868 
140869 
9800 
140873 
140874 
140878 
140879 
140887 
9815 
140891 
140892 
9828 
140903 
140904 
140908 
140909 
140910 
9843 
140916 
140917 
140920 
140921 
9851 
140931 
140932 
140938 
140939 
9868 
9872 
140946 
140947 
140948 
140949 
9877 
140951 
140952 
9880 
140959 
140960 
140961 
140964 
140965 
140967 
140972 
140973 
140977 
140978 
140979 
140981 
140982 
140987 
140988 
140990 
140997 
140998 
141000 
141002 
141006 
141009 
141011 
9939 
141013 
141014 
141017 
141020 
9949 
141022 
141024 
141027 
141030 
141031 
141039 
141040 
141047 
141048 
141049 
141050 
141052 
141053 
141060 
141061 
141064 
141065 
141067 
141071 
141075 
141076 
141077 
141078 
141080 
141081 
141087 
141088 
141089 
141091 
141098 
141099 
141101 
141104 
10032 
10042 
10138 
10140 
10146 
10149 
141242 
141250 
141251 
141252 
141259 
141264 
141267 
141268 
10207 
141281 
141282 
141283 
141284 
10215 
141296 
141297 
141303 
141309 
141310 
10238 
141311 
10240 
141324 
141325 
141330 
141334 
10263 
141336 
10265 
141339 
141341 
141343 
141346 
10276 
141349 
141351 
10281 
141353 
141354 
141357 
141360 
141363 
10292 
10299 
10300 
10301 
10305 
10309 
10310 
10320 
10321 
10325 
10328 
10335 
10336 
10338 
10347 
10352 
10373 
10374 
10386 
10390 
10396 
10399 
10408 
10417 
141556 
141557 
141562 
141566 
141568 
141573 
141587 
141591 
141592 
141604 
141606 
141607 
141616 
141617 
10573 
10578 
10619 
141691 
141696 
10624 
141697 
141698 
141703 
141708 
141711 
141712 
141714 
10663 
10666 
10679 
10680 
10692 
10702 
10703 
10707 
10734 
10738 
10740 
10741 
10750 
141832 
10760 
141834 
141835 
141836 
141837 
141838 
141839 
141843 
141845 
141846 
141847 
10777 
10782 
141865 
141866 
10798 
141871 
10803 
141878 
141879 
141881 
141884 
141886 
141887 
10815 
10818 
10821 
10822 
10828 
141902 
141904 
141905 
141906 
10836 
10838 
10839 
141912 
10840 
141913 
141919 
141921 
10859 
10861 
10867 
141953 
141954 
141956 
141957 
141958 
141959 
141960 
141962 
141974 
141975 
141977 
141978 
141979 
141980 
141981 
141982 
141988 
141989 
141990 
141991 
141995 
142001 
142003 
142004 
142006 
10935 
142007 
142008 
10936 
142013 
142024 
142025 
142026 
142027 
142028 
142033 
142035 
142039 
142040 
142045 
142050 
142053 
142057 
142059 
142060 
142062 
142063 
142064 
142067 
142068 
142069 
142075 
142077 
142082 
142089 
142092 
142093 
142096 
142100 
142103 
142123 
142124 
142129 
142130 
142131 
142132 
142133 
142134 
142140 
11076 
142149 
11079 
142155 
142161 
11093 
11095 
142170 
142175 
11110 
11112 
142188 
142195 
142198 
142203 
142207 
142209 
142212 
142218 
142222 
142228 
142235 
142238 
142243 
142247 
142260 
142267 
142268 
142273 
142276 
142278 
11207 
11209 
142282 
142283 
142285 
142286 
142288 
142289 
142292 
142293 
142294 
142299 
142305 
142310 
142313 
142314 
142315 
142318 
142322 
142326 
142327 
11271 
142345 
142347 
142351 
142352 
142359 
142360 
142361 
142362 
142367 
142369 
142372 
142377 
142381 
11310 
142384 
142388 
11317 
142392 
142396 
142397 
142398 
142399 
142402 
142403 
142406 
142410 
142413 
142415 
142418 
11347 
11349 
142422 
11353 
142427 
142428 
142429 
142432 
142433 
11361 
142434 
142439 
142441 
142444 
142447 
142448 
142451 
142452 
142457 
142459 
11388 
142462 
142465 
142466 
142469 
142470 
142473 
142474 
142479 
142481 
142484 
142485 
142490 
142492 
142495 
11432 
11434 
142509 
142510 
142511 
11444 
142523 
11452 
142524 
11453 
142531 
142532 
142533 
11463 
11464 
142546 
142547 
11478 
11480 
142556 
142557 
142558 
11489 
142573 
142574 
142581 
142582 
142583 
142586 
11514 
142587 
142588 
142592 
142595 
142598 
142600 
142601 
11530 
142603 
142605 
11533 
142606 
142610 
142612 
142616 
142617 
142620 
142623 
142624 
142625 
142629 
11559 
142631 
142632 
142633 
142637 
142639 
11569 
11572 
142645 
142654 
142656 
11585 
142657 
142658 
142665 
142675 
142678 
142679 
142681 
11614 
142688 
142689 
142690 
142692 
142693 
11622 
142696 
142700 
142702 
142703 
11640 
142714 
142715 
142716 
142717 
142725 
11654 
142735 
142738 
142739 
142741 
11692 
11705 
142785 
11714 
142786 
142792 
142793 
11724 
11743 
11744 
11765 
11766 
142850 
142851 
142857 
142858 
142865 
142869 
142870 
142871 
142876 
142886 
142889 
142890 
142892 
142961 
142962 
142963 
142966 
142967 
142970 
142971 
142975 
11904 
11905 
142977 
142981 
142982 
11914 
142986 
142988 
11926 
11927 
143009 
143012 
143013 
143015 
143070 
143073 
143074 
143076 
12083 
12085 
12105 
12111 
12117 
12128 
12146 
12179 
143254 
143257 
143258 
143262 
143267 
143268 
143269 
12197 
143272 
143273 
143276 
143277 
143280 
143282 
12212 
143284 
143285 
143289 
143291 
12246 
12251 
12258 
143344 
143347 
143348 
143350 
143352 
143353 
143355 
143356 
143357 
12285 
143360 
143361 
143363 
143369 
12297 
143370 
12298 
143372 
143373 
143376 
143380 
143383 
12313 
12314 
143388 
12318 
143393 
12339 
12341 
143417 
143419 
143424 
143425 
143426 
143427 
143431 
143438 
143442 
143454 
12383 
12385 
12387 
143461 
143466 
12398 
12406 
143478 
12407 
143479 
143483 
12413 
143485 
12418 
12419 
143492 
143495 
12426 
143501 
12430 
143502 
143504 
12432 
143505 
143506 
143509 
143510 
12439 
143512 
12440 
143518 
143519 
12449 
143521 
143522 
12450 
143525 
143529 
143532 
12460 
143537 
12467 
143543 
12473 
12474 
12475 
12494 
143569 
143571 
143576 
143577 
143578 
143579 
143580 
143581 
143585 
143592 
143596 
12526 
12528 
143607 
12538 
143616 
143620 
12549 
12550 
143631 
143633 
143638 
143639 
143646 
143649 
12584 
12585 
12620 
12623 
12626 
12628 
12630 
12641 
12642 
12643 
12673 
12674 
12676 
12723 
12724 
12739 
12745 
12786 
12788 
12794 
12795 
12798 
12805 
12808 
12812 
12818 
12821 
12834 
12835 
12836 
12839 
12840 
12871 
12875 
12877 
12880 
12884 
12886 
12888 
12895 
143989 
143995 
143999 
144005 
12935 
144012 
144014 
12943 
12945 
144020 
12951 
144025 
12956 
12962 
12963 
12964 
144037 
144044 
144045 
144049 
144053 
144056 
144059 
144060 
144061 
144062 
144065 
12995 
144067 
12996 
144068 
12997 
144071 
144072 
144077 
144091 
144092 
144093 
144096 
144100 
13030 
13031 
144103 
144104 
144108 
144116 
144123 
144125 
144128 
144129 
144130 
13059 
144132 
13061 
13065 
13068 
144140 
13071 
144146 
144150 
144156 
144163 
144166 
144171 
144175 
144188 
144195 
144196 
144201 
144204 
144206 
144210 
144211 
144212 
144213 
144216 
144218 
144219 
144222 
144223 
144228 
144241 
144242 
144243 
144246 
144250 
144253 
144254 
144258 
144264 
144271 
144272 
144276 
144277 
13236 
13239 
13247 
13255 
13415 
13416 
13422 
13427 
13432 
13437 
13439 
13440 
13451 
13454 
13455 
13481 
13486 
13487 
13490 
13491 
13492 
13524 
144596 
144597 
144598 
144599 
13531 
13532 
144604 
144606 
144609 
144614 
144619 
144622 
144626 
144635 
13564 
144636 
144637 
13571 
144652 
144653 
144660 
144661 
144662 
144665 
144666 
144667 
144671 
144674 
144677 
13607 
144679 
144680 
13610 
144682 
144684 
144685 
144688 
144691 
144692 
144695 
144700 
144702 
144703 
13632 
144704 
144708 
144710 
144713 
13643 
144716 
144717 
144721 
144723 
13658 
13659 
144738 
144741 
144742 
13671 
144743 
144747 
13678 
144752 
144755 
144756 
144758 
144770 
144771 
144772 
144773 
144782 
144788 
144791 
144792 
144796 
13726 
144809 
13740 
144814 
144815 
144816 
144822 
13751 
13752 
144828 
13758 
144831 
144832 
13761 
144836 
13768 
144841 
144842 
144843 
144846 
144847 
144848 
144851 
144855 
144857 
144860 
144861 
13791 
144863 
144865 
13794 
144866 
144869 
144872 
144873 
144875 
144879 
144880 
144881 
144882 
13811 
13813 
144885 
144887 
144891 
144894 
144895 
144898 
144900 
144903 
144904 
144905 
144906 
144910 
144912 
144914 
13847 
13859 
13864 
13873 
13894 
13900 
13907 
13910 
144996 
144997 
13930 
145003 
145004 
13932 
13935 
13940 
13945 
145056 
145057 
145063 
145064 
145071 
145075 
145076 
145077 
145080 
145092 
14022 
145095 
14024 
145096 
145098 
14026 
14080 
14084 
14091 
145180 
145183 
145184 
145188 
145194 
145195 
145196 
145199 
145200 
145203 
145204 
145207 
145209 
145211 
145212 
145216 
145218 
14166 
145239 
14170 
145242 
145243 
145245 
14175 
14245 
14247 
14249 
14273 
14274 
145350 
145353 
145354 
145358 
14291 
14292 
14293 
14294 
14295 
14296 
14299 
14300 
14303 
14304 
145377 
14305 
14306 
14307 
14308 
145380 
145381 
145385 
145390 
145391 
145392 
145395 
145396 
145399 
145400 
145403 
145405 
145407 
145408 
145411 
145413 
145415 
145416 
145417 
14345 
14346 
14347 
145419 
145420 
14348 
145423 
145427 
145429 
145430 
145440 
145441 
145443 
145445 
145447 
145448 
145451 
145452 
145458 
145459 
14387 
14388 
145462 
145463 
145466 
145470 
145472 
145487 
145492 
14423 
14424 
14427 
14428 
145506 
145507 
145512 
145513 
145514 
145516 
145520 
145527 
145531 
14465 
14466 
14471 
145543 
14472 
14475 
14476 
14479 
145551 
145555 
14485 
14486 
14487 
14488 
14492 
145565 
14494 
14496 
14497 
14498 
14499 
145572 
14501 
145575 
145582 
145583 
145587 
14517 
14519 
145592 
14521 
145593 
14522 
14523 
14524 
14525 
14526 
14527 
145600 
14532 
145604 
14533 
145610 
14543 
14544 
14545 
14547 
145619 
14548 
14549 
14551 
145624 
14555 
14556 
145628 
145637 
14569 
14570 
145644 
14573 
145645 
14574 
14575 
14578 
14579 
145651 
14580 
145652 
14581 
14582 
14583 
14584 
145657 
14585 
145658 
14587 
145660 
145661 
145662 
14592 
14593 
145665 
145667 
14595 
14596 
145668 
14597 
14598 
145671 
145672 
14600 
14601 
145677 
14605 
14606 
14607 
145680 
145681 
14610 
145682 
145685 
14615 
14616 
14617 
145689 
14618 
145692 
145693 
14623 
14624 
14626 
14628 
14630 
14631 
14632 
14634 
14635 
14636 
145709 
14637 
14639 
14641 
145716 
14644 
14646 
14649 
14650 
14651 
14652 
14654 
14655 
14656 
145730 
14660 
145732 
14661 
145735 
14664 
145736 
145737 
14665 
145739 
14668 
145740 
14669 
145741 
145742 
14671 
14672 
145744 
14674 
14675 
145747 
14676 
14678 
14679 
145751 
145752 
14680 
14681 
14682 
14683 
14684 
14686 
14688 
14689 
14690 
14691 
14692 
14693 
14694 
145794 
145795 
145796 
145797 
145798 
145799 
145800 
145805 
145806 
145807 
145812 
145819 
14748 
14749 
14750 
14751 
14752 
14754 
14756 
14757 
14758 
145831 
14760 
145832 
14761 
145833 
14762 
145834 
145835 
14763 
14765 
14766 
145839 
145840 
145841 
145842 
14770 
145843 
14771 
145844 
145849 
145852 
145853 
145854 
145855 
145858 
145867 
145870 
145872 
145873 
145875 
145876 
145882 
145883 
145884 
145890 
145891 
145893 
145894 
145895 
145897 
145899 
145915 
145921 
14851 
145923 
14852 
14854 
14856 
14857 
14860 
145932 
14861 
14862 
145936 
14869 
14870 
14871 
145943 
14877 
14879 
145964 
14892 
14894 
145966 
145967 
145968 
145969 
14897 
14898 
145971 
14899 
14900 
145973 
145974 
14902 
14903 
14904 
14905 
145986 
145987 
145988 
145989 
145990 
145991 
145992 
145993 
145999 
146000 
146001 
146002 
146006 
146012 
146014 
146016 
146017 
146018 
146019 
146024 
146038 
146043 
146047 
146050 
14981 
14982 
146056 
14984 
14985 
14986 
146058 
14987 
146060 
14992 
14995 
146067 
15000 
15004 
146077 
15005 
146081 
146082 
146083 
146085 
146086 
146087 
15018 
15019 
15020 
15022 
15024 
15026 
15027 
146099 
15028 
146100 
146101 
15029 
15030 
15031 
15032 
146104 
15033 
146105 
15034 
146107 
15035 
15036 
15038 
15040 
146122 
146123 
146124 
146125 
146126 
146127 
146128 
146132 
146134 
146142 
146143 
146144 
146145 
146150 
146151 
146153 
146163 
146164 
146171 
146172 
146173 
146174 
146176 
146177 
15105 
15107 
15109 
15110 
15111 
15112 
146184 
15113 
146185 
146186 
15114 
15115 
15116 
146189 
15118 
146190 
146192 
15120 
15121 
15122 
15123 
146197 
15125 
146198 
15126 
15130 
146202 
15131 
146203 
15132 
146204 
15133 
146206 
146207 
15137 
15139 
146212 
15141 
146213 
15142 
146215 
146222 
146223 
146225 
146227 
146245 
146247 
146248 
146249 
146250 
146251 
146252 
146257 
146258 
146259 
146262 
146268 
146269 
146270 
146271 
146276 
146279 
146280 
146281 
146283 
146297 
146298 
146299 
146300 
146301 
15233 
146306 
146309 
146310 
15238 
146311 
146312 
146315 
146322 
146325 
146326 
146327 
146328 
146330 
146332 
146334 
146335 
146338 
146339 
146340 
146346 
146347 
146354 
146355 
15284 
146356 
146357 
146359 
146360 
146367 
146368 
146371 
146372 
15301 
146374 
146378 
146382 
146383 
146384 
146385 
146387 
146388 
146394 
146395 
146396 
146398 
146405 
146406 
146408 
146411 
146433 
146435 
146436 
146437 
146438 
146439 
146440 
146445 
146446 
146447 
146452 
146458 
15389 
146470 
146472 
146473 
146474 
146475 
15406 
146479 
146486 
146487 
146489 
146490 
146491 
146493 
146516 
146517 
146518 
146519 
146520 
146521 
146522 
146523 
146529 
146530 
146531 
146532 
15464 
146537 
15469 
146542 
146553 
146555 
146556 
146557 
146558 
146563 
146569 
146571 
146573 
146574 
146576 
146587 
146589 
146590 
146591 
146592 
146593 
146598 
146599 
146613 
146618 
146620 
146628 
146635 
146638 
146701 
146705 
146706 
146707 
146709 
146712 
146715 
146717 
146718 
146724 
146725 
146727 
146728 
146729 
146731 
146733 
146751 
146754 
146759 
146767 
146773 
146776 
146782 
146786 
146787 
146789 
146792 
146795 
146797 
146799 
146800 
146804 
146806 
146809 
146927 
146928 
146935 
146936 
15864 
146937 
146938 
146940 
146941 
146944 
146945 
146946 
146949 
146950 
146952 
146957 
146958 
146960 
146961 
146964 
146965 
146967 
146971 
146973 
146974 
146982 
146983 
146985 
146987 
146997 
146998 
147005 
147006 
147007 
147008 
147010 
147011 
147014 
147015 
147016 
147019 
147020 
147022 
15952 
147027 
147028 
15957 
147030 
147031 
15962 
147034 
147035 
147037 
147041 
147043 
147044 
147052 
147053 
147055 
147057 
147080 
147081 
147083 
147084 
147085 
147086 
147087 
147092 
147093 
147094 
147098 
147106 
147110 
147112 
147113 
147114 
147115 
147119 
147132 
147137 
147139 
147145 
147150 
147153 
147156 
147159 
147169 
147174 
147175 
147176 
147177 
147179 
147181 
147182 
147183 
147184 
147187 
147190 
147191 
147193 
147197 
147198 
16220 
147292 
16221 
147297 
147300 
16229 
147302 
16231 
147309 
147312 
147316 
147319 
16266 
16268 
147341 
147342 
147344 
147345 
147346 
16275 
147348 
16277 
147360 
147362 
147363 
147364 
147365 
147366 
147367 
147368 
147374 
147375 
147376 
147377 
147381 
147387 
147389 
147390 
147392 
147393 
147394 
147399 
147415 
147419 
147420 
147421 
147423 
147424 
147425 
147435 
147436 
147438 
147439 
147440 
147444 
147453 
147457 
147458 
147459 
147461 
147464 
147467 
147469 
147471 
147475 
147476 
147478 
147483 
147485 
147487 
147488 
147489 
147491 
147493 
147495 
147496 
147498 
147500 
147501 
16508 
16509 
147581 
147582 
147589 
147590 
147591 
147592 
147594 
147595 
147598 
147599 
16530 
147602 
16531 
147603 
147605 
147609 
147611 
16540 
147612 
147613 
16542 
147616 
147617 
16546 
147619 
16547 
147624 
147625 
147627 
147628 
147636 
147637 
147639 
147642 
147651 
147652 
147659 
147660 
147661 
147662 
147664 
147665 
147668 
147669 
147672 
147673 
147675 
147679 
147681 
147682 
147683 
147686 
147687 
147689 
147694 
147695 
147697 
147698 
147706 
147707 
147709 
147712 
147718 
147719 
147720 
16648 
147721 
147722 
147727 
147728 
147730 
147731 
147745 
147746 
147747 
16675 
147749 
147753 
147755 
147757 
147763 
147766 
147767 
147768 
147770 
147772 
147774 
147775 
147776 
147779 
147780 
147782 
147784 
147787 
147789 
147791 
147794 
147797 
147799 
147801 
147802 
16732 
147805 
147808 
16737 
147811 
16759 
147834 
147835 
16764 
147837 
147838 
147839 
147840 
147841 
16769 
147846 
16774 
147847 
147848 
147853 
147862 
147875 
147877 
147878 
147879 
147880 
147884 
147897 
147898 
147899 
147900 
147901 
147902 
147903 
147907 
147909 
16845 
147917 
147918 
147919 
147920 
16851 
147925 
16856 
147928 
147929 
147930 
147932 
147942 
147945 
147946 
147948 
147949 
147960 
147961 
147963 
147964 
147965 
147966 
147971 
147972 
16902 
16908 
147986 
16915 
147991 
147993 
148001 
148008 
148011 
148020 
148023 
148029 
148030 
148036 
148040 
148043 
148046 
148054 
148059 
148060 
148061 
148062 
148064 
148066 
148067 
148070 
148071 
148074 
148077 
148078 
148080 
148083 
148084 
148101 
148102 
148103 
148104 
148106 
148110 
17039 
148112 
148113 
148116 
17045 
17095 
17113 
17135 
17137 
17138 
17145 
17158 
17160 
17164 
17165 
17166 
17168 
17178 
17179 
17185 
17186 
17187 
17189 
17212 
17224 
17232 
17240 
17242 
17243 
17259 
17260 
17262 
17263 
17264 
17266 
17276 
17277 
17279 
17280 
17283 
17285 
17358 
17373 
17392 
17394 
17395 
17405 
17409 
17410 
17418 
17419 
17421 
17422 
17428 
17429 
17435 
17436 
17437 
17439 
17467 
17482 
17505 
17517 
17519 
17520 
17542 
17543 
17545 
17546 
17549 
17551 
17563 
17564 
17565 
17567 
17569 
17570 
18042 
18043 
18050 
18051 
18074 
18075 
18096 
18097 
18101 
18107 
18110 
18113 
18120 
18123 
18131 
18139 
149273 
149274 
149275 
149279 
149280 
149281 
149283 
149284 
149289 
149290 
149293 
149294 
149297 
149301 
149302 
149304 
149308 
149309 
149311 
18241 
149314 
149316 
18244 
149322 
149327 
149329 
149335 
149336 
149337 
149338 
149340 
149341 
149343 
149345 
149346 
18275 
149348 
149349 
149351 
18279 
149353 
149354 
149356 
18290 
149363 
18293 
149366 
149374 
149375 
149376 
149380 
149383 
149384 
149385 
149397 
149398 
149399 
149401 
149402 
149406 
149416 
149417 
149419 
149420 
149422 
149423 
149468 
149469 
149470 
149474 
149477 
149479 
149480 
149492 
149493 
149495 
149496 
149499 
149500 
149501 
149506 
149512 
149516 
149526 
149527 
149529 
149531 
149540 
149541 
149544 
149547 
149550 
149551 
149554 
149557 
18488 
149560 
18491 
149563 
18500 
18508 
149587 
149588 
149589 
18520 
149593 
149594 
149595 
149597 
149598 
18528 
149603 
149604 
18538 
149613 
18542 
149614 
149615 
149619 
149620 
149622 
149626 
149627 
149629 
149631 
149633 
149638 
18566 
18569 
149645 
149646 
149653 
149654 
149655 
149656 
149667 
149670 
149677 
149683 
149689 
149693 
149701 
149705 
149706 
149710 
149713 
149716 
149718 
149719 
149721 
149723 
149724 
149726 
149728 
149729 
149731 
18660 
149733 
18662 
149735 
18701 
18702 
18717 
149798 
149799 
149804 
149805 
149807 
149809 
149811 
149813 
18745 
149821 
149822 
149823 
149824 
149825 
149826 
149835 
149836 
149843 
149844 
149845 
149847 
149852 
149853 
149854 
149856 
149860 
149861 
149863 
149865 
149867 
149868 
149870 
149872 
149874 
149876 
149883 
18812 
149884 
18813 
149885 
149887 
149890 
149891 
149892 
149893 
149898 
18833 
18835 
149909 
18839 
149911 
149912 
149913 
149914 
149915 
18845 
149917 
149918 
18848 
149923 
149928 
18857 
149929 
18860 
149937 
149939 
149940 
149942 
149945 
149946 
18878 
149958 
149959 
149960 
149961 
149962 
149963 
18893 
18894 
18900 
149972 
149973 
18901 
18902 
18904 
149976 
149977 
149978 
18907 
149980 
18911 
149985 
18914 
149986 
18915 
149987 
18916 
149989 
18918 
149992 
149993 
18924 
18928 
150001 
150003 
150004 
150006 
18934 
150009 
18937 
150010 
18945 
18947 
150021 
150023 
150024 
150025 
150026 
150027 
150034 
150037 
150040 
150041 
150042 
150044 
18975 
18976 
150049 
150050 
150051 
150052 
18985 
18991 
18992 
18993 
18995 
18998 
150077 
150078 
150080 
150082 
150084 
150085 
150087 
19016 
150089 
19017 
19018 
150091 
19020 
150093 
19023 
150096 
150097 
150099 
150101 
150103 
150104 
150107 
150108 
150110 
19039 
150112 
19050 
19053 
19054 
19056 
19058 
19071 
19074 
19075 
19077 
19079 
19085 
19089 
19098 
19103 
19104 
19121 
19125 
19136 
150214 
150215 
150217 
150219 
19148 
150221 
19149 
150222 
19151 
19152 
150225 
19154 
150226 
150228 
19156 
150230 
19158 
19162 
19165 
19166 
19168 
19170 
19181 
19190 
19194 
19204 
19211 
19217 
19255 
19256 
19261 
19384 
150482 
150483 
150485 
150487 
150489 
150490 
150493 
150494 
150496 
150498 
150501 
150502 
150504 
150506 
150508 
150509 
150511 
150513 
150515 
150517 
19497 
19503 
19506 
19510 
150592 
150593 
150598 
150599 
150601 
150603 
150605 
150607 
150614 
150616 
150617 
150618 
150619 
150620 
19549 
19550 
150627 
150630 
150637 
150638 
150639 
150641 
19573 
150646 
19574 
150647 
150648 
150649 
19600 
150673 
150674 
150676 
150678 
150680 
150681 
150684 
150685 
150687 
150689 
19622 
150696 
150697 
19626 
150698 
150700 
150703 
19631 
150704 
150705 
150706 
19639 
150711 
19646 
150720 
19650 
150723 
19655 
150740 
150741 
150745 
150748 
150749 
150751 
150752 
150753 
19681 
19682 
150755 
150756 
150760 
150770 
150771 
150773 
150774 
150776 
150777 
19707 
19708 
19715 
150788 
150789 
150790 
150791 
150792 
19720 
150793 
150799 
150819 
150821 
150822 
150823 
150824 
150825 
150827 
150828 
150833 
19763 
150850 
150851 
150855 
150858 
150860 
150862 
150863 
150865 
150866 
150869 
150870 
150871 
150876 
19808 
150882 
150885 
19815 
150889 
150890 
150892 
150894 
19846 
150919 
19847 
150922 
150929 
150934 
150942 
19871 
19872 
150945 
19877 
150953 
150956 
150959 
19888 
150962 
150965 
19895 
150968 
150973 
150974 
19905 
150978 
19906 
19907 
150979 
150980 
150982 
19911 
150983 
150987 
19915 
150990 
150991 
19919 
150994 
19924 
150998 
150999 
19929 
151001 
19931 
151005 
151006 
19934 
19935 
151008 
19938 
151011 
19940 
151013 
19942 
19943 
151019 
151024 
151026 
151031 
151032 
151039 
151040 
151041 
151042 
151043 
151044 
151050 
19985 
19989 
151064 
151065 
151066 
19995 
151068 
19997 
151070 
151071 
151072 
20004 
20005 
20006 
20008 
20012 
20032 
20037 
20040 
20051 
20052 
20054 
20056 
20057 
20058 
20059 
20060 
20061 
20063 
20068 
20088 
20093 
20096 
20100 
20104 
151180 
20108 
151181 
151182 
151183 
151184 
151185 
20114 
151187 
20115 
20116 
20117 
20119 
20120 
151197 
151199 
151200 
151202 
151204 
151206 
151208 
151209 
151211 
20139 
151213 
20146 
151219 
151220 
20150 
151224 
151225 
151226 
151228 
151229 
20159 
20160 
20161 
151233 
20163 
151236 
20164 
151237 
20165 
20166 
20167 
151240 
20170 
151244 
151245 
20174 
151247 
20175 
20176 
151251 
151252 
151254 
151256 
20185 
151259 
20189 
151264 
20193 
20197 
151270 
151271 
151277 
151278 
20209 
151283 
151284 
20213 
151285 
151289 
151290 
151292 
20220 
151293 
20222 
151294 
20223 
151301 
20230 
151302 
151303 
151304 
20232 
151307 
151311 
20240 
151312 
20241 
20242 
151314 
20245 
151318 
20246 
151319 
20247 
151321 
20249 
20250 
151323 
20252 
20254 
151326 
20255 
20256 
151331 
20260 
20261 
151337 
151339 
20268 
20270 
20272 
151345 
151346 
151347 
151348 
151359 
20287 
151362 
20291 
20296 
151369 
20300 
151374 
151382 
151385 
20314 
20315 
20318 
151393 
20322 
20323 
151396 
20325 
151399 
20327 
20328 
151402 
20330 
151405 
20333 
20335 
151408 
20336 
20339 
20342 
20343 
20345 
20347 
20348 
20349 
20351 
20364 
20365 
20401 
20402 
151523 
151525 
151526 
151528 
151529 
151531 
20461 
151533 
151535 
151537 
151538 
20466 
151542 
151544 
151545 
151547 
151548 
151550 
20479 
151552 
20482 
151554 
151555 
151557 
151559 
151561 
151562 
20492 
151566 
20494 
151567 
151568 
151570 
151571 
20502 
20503 
151575 
20505 
20507 
20508 
20509 
20511 
151584 
20512 
151585 
151586 
20514 
20516 
20517 
151590 
20518 
151591 
151593 
151597 
151598 
151600 
151602 
151604 
151609 
151616 
151617 
151623 
151624 
151639 
151642 
151650 
151651 
151652 
151656 
151659 
151660 
151661 
151662 
151663 
151665 
151666 
151668 
151672 
151682 
151683 
151685 
151686 
151687 
151689 
151713 
151714 
151715 
151718 
151722 
151723 
151724 
151725 
151726 
151729 
151731 
151732 
151734 
151736 
151740 
20674 
151746 
151749 
20678 
151753 
151754 
20683 
151756 
151757 
20691 
20694 
20713 
20717 
20731 
20735 
151811 
151813 
151815 
151817 
20746 
151819 
20747 
151820 
20749 
151822 
20751 
20752 
151824 
151825 
20753 
151827 
20756 
20758 
151834 
151835 
151836 
20767 
151840 
20769 
151841 
151843 
151844 
151845 
151852 
151853 
151854 
151855 
151858 
151862 
151863 
151865 
151869 
151870 
151872 
151874 
151877 
151882 
151888 
151890 
151896 
151897 
151898 
151899 
151904 
151905 
151909 
151910 
151911 
151913 
151914 
151918 
151921 
151922 
151925 
151929 
151930 
151932 
151936 
151937 
151939 
151941 
151944 
151949 
151955 
151956 
151962 
151963 
151964 
151965 
151966 
151968 
151970 
151971 
151972 
151987 
151988 
151989 
151990 
151991 
151992 
20924 
151998 
20928 
20940 
152013 
152014 
152015 
152016 
152017 
152018 
152020 
20953 
20963 
20975 
20995 
20997 
20999 
152072 
152074 
152075 
21003 
152077 
21006 
21007 
152079 
152081 
152082 
21010 
152084 
21013 
21014 
152086 
152087 
21016 
152089 
21018 
21019 
152092 
21022 
21023 
152096 
21024 
152097 
21026 
152098 
152100 
21028 
21029 
152102 
152103 
21032 
21033 
152105 
152107 
21036 
21037 
152110 
152112 
152113 
152114 
152115 
152116 
21044 
152117 
21048 
152123 
152150 
152151 
152155 
21084 
152158 
21087 
152159 
152164 
152167 
152180 
152181 
152183 
152184 
152186 
152190 
152191 
152192 
152194 
152195 
152196 
152198 
152218 
152221 
152228 
152234 
152241 
152243 
21173 
21176 
152252 
21181 
152255 
152258 
21186 
152261 
152265 
152266 
21199 
21202 
21203 
21205 
152281 
152282 
21211 
21213 
21214 
152286 
21216 
21217 
152289 
21218 
152290 
152291 
152292 
21220 
152295 
21223 
152297 
152298 
152301 
152302 
21234 
152307 
21238 
152312 
152315 
152324 
152325 
21254 
152327 
152328 
21263 
21264 
21266 
21273 
21275 
21276 
21282 
21293 
21295 
21296 
21303 
21305 
21307 
21322 
21333 
21335 
21338 
21343 
21344 
21348 
21352 
21361 
21365 
21367 
21371 
21375 
21376 
21546 
21547 
21548 
21557 
21570 
21571 
21572 
21573 
21574 
21577 
21578 
21579 
21580 
21583 
21585 
21587 
21589 
21592 
21593 
21594 
21595 
21597 
21599 
21601 
21602 
21603 
21604 
21609 
21610 
21613 
21615 
21618 
21619 
21620 
21621 
21623 
21625 
21627 
21628 
21629 
21630 
21649 
21672 
21678 
21680 
21745 
21746 
21747 
21756 
21762 
21766 
21774 
21776 
21779 
21786 
21790 
21795 
21796 
21803 
21804 
21805 
21814 
21834 
21840 
21841 
21842 
21843 
21857 
21858 
21861 
21863 
21864 
21865 
21866 
21873 
21874 
21877 
21879 
21880 
21881 
21882 
21893 
21895 
21896 
21897 
21898 
21901 
21903 
21905 
21907 
21908 
21909 
21910 
21915 
21916 
21917 
21926 
21928 
21929 
21932 
21934 
21935 
21936 
21937 
21958 
21962 
21963 
21966 
21969 
21971 
153092 
153094 
153096 
153097 
22037 
22040 
153112 
22041 
153113 
153114 
153115 
153121 
153122 
153123 
22053 
22055 
153132 
153133 
153134 
22064 
22067 
153141 
153142 
22078 
22081 
22082 
153173 
153174 
22107 
22111 
22113 
153193 
153194 
153195 
22123 
22126 
22128 
22130 
22132 
22136 
22138 
153217 
153218 
153219 
153235 
153236 
153237 
153238 
153239 
153240 
22172 
22176 
22177 
22180 
153254 
22183 
153256 
22185 
22192 
22195 
22196 
22200 
22203 
22204 
153290 
153292 
153295 
153297 
22226 
22229 
22233 
22235 
22238 
22261 
22267 
22273 
22275 
22283 
22285 
22287 
22290 
22292 
22296 
153371 
153372 
153373 
22301 
153374 
153375 
153376 
153377 
153378 
153379 
153380 
153381 
153382 
22323 
22326 
22328 
22329 
22331 
22334 
22337 
22341 
22344 
22348 
22353 
22354 
22356 
22360 
153435 
153436 
153437 
153438 
153439 
153440 
153441 
153442 
153443 
22383 
22386 
22387 
22390 
22391 
22398 
22399 
22403 
22405 
22408 
153508 
153509 
153510 
153511 
153512 
153513 
153514 
153515 
153516 
22485 
22488 
22489 
153563 
22491 
153564 
153565 
153566 
22494 
153567 
153568 
22496 
22498 
22503 
22505 
22587 
22593 
22595 
22597 
22602 
22604 
22607 
22609 
22611 
22614 
22619 
22621 
22723 
22730 
22732 
22733 
22736 
22739 
22740 
22742 
22745 
22746 
22749 
22752 
22754 
22755 
153871 
153872 
153873 
153874 
153875 
153876 
153877 
153878 
153882 
153883 
153888 
153889 
153890 
153891 
153892 
153893 
153896 
153899 
22853 
153928 
153929 
22858 
22861 
153933 
22862 
153934 
22865 
153939 
22868 
153940 
22870 
153944 
153945 
153953 
22882 
153954 
153955 
22884 
153956 
153957 
22886 
153958 
153959 
153960 
22889 
153961 
153962 
153963 
153964 
153970 
153971 
153972 
153973 
22902 
153974 
153975 
153976 
153977 
153978 
153986 
153987 
153988 
153989 
153990 
153991 
153992 
153993 
22922 
153994 
22927 
154004 
154005 
154006 
22935 
154007 
154008 
22937 
154009 
154010 
22939 
154011 
154015 
154016 
22947 
22948 
22955 
154033 
22962 
154036 
22965 
154037 
154039 
22968 
22970 
154047 
154050 
154051 
154053 
22982 
154063 
154066 
154067 
22996 
154069 
23000 
154077 
154079 
23008 
23014 
23015 
23019 
23027 
23033 
23035 
23038 
23041 
23043 
154121 
154122 
154124 
154126 
154128 
23056 
154132 
154133 
154136 
154138 
154139 
154140 
23070 
154144 
23072 
154147 
23079 
154152 
23082 
154155 
154156 
154159 
154160 
23089 
154162 
23091 
154164 
154166 
154167 
154169 
23098 
154171 
154173 
154175 
154176 
23106 
154179 
154180 
23109 
154182 
154183 
23111 
154184 
23113 
154187 
154188 
23116 
154190 
154191 
154194 
154195 
154197 
154199 
154201 
154203 
154204 
154207 
154208 
154210 
23138 
154211 
154213 
154214 
154217 
154218 
23146 
154220 
154222 
23150 
154223 
154226 
154227 
154228 
23156 
154231 
154232 
23160 
154235 
154237 
154238 
23166 
154239 
23167 
154240 
154241 
154242 
154243 
154244 
154245 
154246 
154247 
23175 
154248 
154249 
23177 
154252 
154253 
154255 
154257 
154259 
154261 
154262 
23191 
154265 
154266 
154268 
154269 
23197 
154272 
154273 
154274 
23202 
154276 
154278 
154280 
23208 
154282 
154283 
154284 
154287 
154288 
154290 
154292 
154294 
154295 
154297 
154300 
154301 
154303 
154304 
154306 
154307 
154310 
154311 
154312 
154315 
154317 
154319 
154320 
154321 
154323 
154325 
154328 
154330 
154331 
23264 
23269 
23275 
23280 
154360 
154361 
154362 
154363 
154364 
154365 
154366 
154367 
154368 
154369 
154371 
154372 
154375 
154376 
154378 
154380 
154381 
154384 
154385 
154386 
154388 
154390 
154393 
154394 
154396 
154397 
154399 
154400 
154402 
154404 
154405 
154408 
154410 
154411 
154413 
154415 
154417 
154419 
154420 
154421 
154423 
154425 
154426 
154430 
154431 
23376 
154450 
154451 
23379 
154452 
154453 
154454 
154455 
154456 
154457 
154458 
154459 
23387 
154460 
154461 
154462 
23390 
154463 
154464 
154465 
154466 
154467 
154470 
154472 
154478 
154479 
154480 
154482 
154489 
154491 
154492 
154493 
154552 
154557 
154573 
154574 
154575 
154579 
154580 
154583 
154585 
154589 
154590 
154591 
154592 
154595 
23531 
23534 
23542 
23545 
23557 
23562 
23563 
23564 
23568 
23569 
23570 
23578 
23581 
23584 
154658 
154659 
23587 
154660 
154662 
23590 
23591 
23592 
154665 
23594 
154669 
23597 
154670 
154671 
154672 
23600 
23602 
154675 
23603 
154677 
23607 
23608 
154681 
23610 
154684 
23613 
154689 
23617 
23618 
23619 
23621 
154704 
23632 
154709 
154715 
154716 
154717 
23647 
154721 
154722 
154725 
23653 
23654 
154727 
154728 
154729 
23659 
154733 
23661 
154734 
154737 
23668 
23670 
23675 
23676 
23678 
23683 
23684 
23685 
23687 
23692 
23693 
23694 
23699 
23703 
23705 
23706 
23708 
23710 
23714 
23716 
23719 
23720 
23723 
23724 
23725 
23726 
154804 
154805 
154809 
154810 
154841 
154843 
154844 
154846 
154848 
154850 
154852 
154853 
23782 
23783 
154856 
154857 
23785 
154858 
154860 
154862 
154865 
154866 
154867 
154869 
154871 
154872 
23801 
154874 
154876 
154877 
23807 
154881 
154882 
154884 
154885 
154886 
154889 
154890 
154892 
23821 
154894 
23822 
154896 
23824 
154897 
154899 
154900 
154902 
154904 
154905 
154908 
154909 
154912 
154913 
154914 
154916 
154918 
154920 
154922 
154923 
154925 
154927 
23855 
154928 
23858 
154931 
154932 
154934 
154936 
154937 
154940 
154941 
154942 
154944 
154946 
154949 
154950 
154952 
154955 
154956 
154960 
154961 
154973 
154974 
154975 
154976 
154977 
154978 
154979 
154980 
154981 
154982 
154983 
154984 
154985 
154986 
154987 
154988 
154989 
154990 
154991 
154992 
154993 
154994 
154995 
154996 
154997 
154998 
154999 
155000 
155001 
155002 
155003 
155004 
155005 
155006 
155007 
155008 
155009 
155011 
155012 
155014 
155016 
155018 
155020 
155021 
155024 
155025 
155026 
155029 
155030 
155033 
155034 
155036 
155037 
23965 
23966 
155039 
23967 
155040 
155042 
23971 
155044 
23972 
155045 
23973 
155049 
155050 
23978 
155051 
23979 
23980 
155053 
155055 
155057 
155059 
155060 
155061 
23989 
155064 
155065 
155067 
155068 
155070 
155072 
155073 
24002 
155076 
155078 
155079 
155081 
155083 
155085 
155087 
155088 
155089 
155091 
24019 
24041 
24055 
24070 
24071 
24072 
24073 
24077 
24078 
24079 
24084 
24085 
24086 
155186 
155187 
155188 
155189 
155190 
155191 
155192 
155193 
155194 
155195 
155196 
155197 
155198 
155199 
155200 
155201 
155202 
155203 
155204 
155205 
155206 
155207 
155208 
155209 
155210 
155211 
155212 
24156 
24157 
24161 
24162 
24164 
24167 
24170 
24171 
24172 
24174 
24177 
24180 
155253 
155255 
155256 
155259 
155260 
155261 
155264 
155265 
24195 
155268 
24196 
155269 
155270 
155272 
155274 
155277 
155278 
24207 
155280 
155281 
24209 
155283 
155284 
155287 
155288 
155290 
155292 
155293 
155296 
155297 
155298 
155300 
155302 
155305 
155306 
155308 
155309 
155311 
155312 
24241 
155315 
155316 
155318 
155320 
155321 
24249 
155324 
155325 
24253 
155326 
24255 
155328 
155330 
24260 
155333 
24261 
155334 
24263 
155336 
24268 
24271 
24275 
24276 
24277 
24278 
24281 
24288 
24291 
24293 
24295 
24298 
24299 
24303 
24320 
24322 
24326 
24327 
24328 
24330 
24332 
24336 
24337 
24339 
24347 
24348 
24349 
24353 
24354 
24355 
155430 
155431 
24359 
155432 
24360 
155433 
24361 
155434 
155435 
155436 
155437 
155438 
24366 
155439 
24367 
155440 
155441 
24369 
155442 
155443 
155444 
155445 
155446 
155447 
155448 
155449 
155450 
155451 
155452 
155453 
155454 
155455 
155456 
155497 
155499 
155500 
155502 
155504 
155505 
155508 
155510 
155511 
155513 
155515 
155517 
155519 
155520 
155521 
155523 
155525 
155527 
155528 
155531 
155532 
155534 
155536 
155537 
155540 
155541 
155542 
155544 
155546 
155549 
155550 
155552 
155562 
155563 
155564 
155565 
155566 
155567 
155568 
155569 
155570 
155571 
155572 
155573 
155574 
155575 
155576 
24504 
155577 
155578 
155579 
24509 
155582 
24510 
155583 
155587 
155588 
24570 
24571 
24694 
24698 
24699 
24711 
24712 
24714 
24716 
24750 
155829 
155831 
155833 
155834 
155835 
155837 
24769 
155844 
24773 
155846 
155847 
155848 
24782 
24783 
24785 
24786 
24788 
24790 
155877 
155878 
155891 
155892 
155893 
155895 
155898 
155900 
155901 
155902 
155903 
155904 
155907 
155908 
155910 
155911 
155914 
155915 
155917 
155919 
155921 
155923 
155924 
155927 
155928 
155930 
155931 
155932 
155935 
155936 
155938 
24866 
155939 
24867 
24869 
155942 
24870 
155943 
155945 
24873 
155947 
24876 
155949 
24877 
155950 
24879 
155952 
24880 
155955 
155956 
155957 
155959 
155960 
155963 
155964 
155966 
155967 
155971 
155972 
155973 
155975 
155977 
155979 
155980 
155982 
155984 
155986 
155996 
155997 
156000 
156001 
156003 
156005 
156007 
156008 
156010 
156012 
156014 
156016 
156017 
156020 
156021 
156023 
156024 
156025 
156028 
156029 
156031 
156032 
156035 
156036 
156038 
156040 
156042 
156043 
156045 
156047 
156049 
156050 
156052 
156053 
156056 
24984 
24985 
156058 
156059 
24987 
156060 
24988 
156063 
156064 
24992 
24993 
156066 
156068 
24996 
24997 
156070 
156071 
156073 
156076 
156077 
156079 
25010 
25014 
25015 
25018 
25019 
156093 
156095 
156099 
156100 
156101 
156103 
156110 
156112 
156113 
156114 
156115 
156116 
156131 
156132 
156133 
156135 
156136 
156137 
156139 
156140 
25093 
156197 
156199 
156201 
156203 
156204 
156205 
156208 
156209 
156211 
156213 
156215 
156216 
156218 
156221 
156222 
156224 
156234 
156235 
156238 
156239 
156241 
156243 
156245 
156246 
156248 
156250 
156252 
156253 
156255 
156258 
156259 
156260 
156262 
156263 
156266 
156268 
156269 
156270 
156273 
156274 
156276 
156278 
156280 
156281 
156283 
156286 
156287 
25215 
25216 
156289 
156290 
156291 
156294 
156295 
156297 
156299 
156301 
156303 
156304 
156307 
156308 
25237 
156310 
156311 
156314 
156315 
156316 
156327 
156328 
156331 
156332 
156334 
156335 
156338 
156339 
156341 
156343 
156345 
156346 
156348 
156351 
156352 
156353 
156355 
156356 
156359 
156360 
156362 
156364 
156366 
156367 
156369 
156371 
156373 
156374 
156376 
156379 
156380 
156381 
25335 
25337 
156417 
25346 
156419 
156421 
156422 
25350 
156423 
25351 
156425 
25355 
25356 
156432 
25360 
25361 
156434 
156435 
156436 
156439 
156440 
156449 
156450 
156451 
156453 
156458 
156459 
156461 
156462 
25404 
25406 
25413 
156533 
25461 
156534 
25466 
25470 
156549 
156550 
156551 
25479 
156553 
156554 
156555 
25484 
156557 
156558 
25493 
25498 
25499 
25501 
25516 
25518 
25535 
25537 
25544 
25545 
25547 
25616 
25626 
25627 
25628 
25629 
25636 
25647 
25648 
25654 
25663 
25664 
25666 
25671 
25682 
25730 
25732 
25744 
25747 
25748 
25750 
25754 
25756 
25763 
25764 
25766 
25769 
25815 
25816 
25817 
25828 
25832 
25835 
25911 
25914 
25932 
25933 
25934 
25935 
25938 
25939 
25947 
25950 
25951 
25995 
25996 
26006 
26028 
26032 
26060 
26064 
26069 
26071 
26072 
26074 
26078 
26079 
26081 
26082 
26083 
26084 
157159 
26090 
157163 
26096 
26097 
26099 
157181 
157195 
157196 
157198 
157215 
157216 
26145 
26149 
26150 
26151 
26159 
157241 
157249 
26179 
26180 
157253 
157254 
26184 
157263 
157268 
157271 
26202 
157275 
26205 
26207 
26208 
26209 
26219 
26237 
26238 
26239 
26252 
26253 
26254 
26257 
157375 
157376 
26309 
26310 
26311 
26326 
26327 
157402 
157404 
157414 
157415 
157416 
26348 
157424 
157425 
26356 
26361 
157441 
26372 
157444 
26373 
26374 
26381 
157453 
26385 
26400 
26404 
26418 
26419 
26420 
26428 
26431 
26432 
26437 
26438 
157513 
26442 
26445 
157523 
157527 
157529 
157538 
26475 
26476 
26477 
157553 
157558 
157564 
26492 
26493 
26509 
26510 
26522 
26523 
26524 
26542 
26544 
26545 
26550 
26555 
26556 
26558 
26561 
26567 
26568 
26570 
26572 
26575 
26576 
26596 
26604 
26605 
26606 
157678 
26607 
157679 
26611 
157688 
157690 
26619 
157691 
26620 
26621 
26622 
157699 
157706 
157707 
157713 
26642 
157716 
157721 
26651 
26652 
157724 
26653 
26654 
157737 
157738 
26666 
26667 
157747 
26675 
26676 
26678 
157752 
157756 
157766 
157771 
157775 
157788 
157793 
26729 
157804 
26734 
157806 
157808 
157809 
26742 
26743 
26746 
157824 
157825 
157840 
157843 
26771 
157850 
157851 
26805 
157886 
157889 
26824 
26825 
26827 
26830 
26832 
26833 
157906 
26834 
157910 
26838 
26839 
26841 
26844 
26845 
26846 
26850 
157930 
157939 
26868 
26869 
26870 
157955 
26884 
26885 
26899 
26900 
157987 
157997 
158012 
158042 
158057 
158156 
158157 
158159 
158161 
158167 
158169 
158170 
158171 
158176 
27115 
27117 
27118 
158192 
27122 
158195 
27123 
27127 
27130 
27134 
27135 
27136 
158209 
27138 
27139 
158225 
27156 
158229 
27157 
27158 
27160 
27161 
27164 
27165 
158239 
158240 
158242 
158243 
158250 
158251 
158252 
158253 
27194 
27195 
27196 
158270 
27199 
27200 
27201 
27203 
27204 
158284 
158288 
27223 
27224 
27227 
27230 
158303 
158317 
158322 
158340 
158342 
158344 
158345 
158351 
158352 
158354 
158355 
27290 
27291 
27303 
27304 
27305 
158379 
158381 
158382 
158384 
27316 
27317 
27318 
158476 
158534 
158539 
158544 
158549 
158564 
158566 
158567 
158625 
27568 
158645 
27574 
27575 
27577 
27579 
27582 
27583 
158658 
27586 
158659 
27587 
27588 
158671 
158673 
27606 
27607 
27608 
27611 
27612 
158697 
27626 
27628 
27631 
27632 
27650 
27651 
27654 
27655 
27668 
27671 
27672 
158773 
158775 
158777 
158785 
158799 
27742 
27751 
27752 
27753 
27754 
158828 
27758 
27762 
27763 
27764 
158837 
158842 
158843 
27771 
158846 
27775 
27784 
27785 
27786 
27788 
27805 
27806 
27807 
27809 
27819 
158924 
158926 
27872 
27873 
27876 
27878 
27882 
158961 
158964 
158966 
27901 
158978 
158979 
27921 
158995 
159010 
159013 
159015 
159025 
159027 
159034 
159043 
159056 
27989 
27990 
27994 
28013 
28015 
159088 
159090 
28019 
28020 
28021 
28024 
28028 
28029 
28030 
28033 
159109 
28037 
28038 
159111 
28039 
159112 
159114 
28042 
28043 
28044 
159119 
159127 
28061 
28062 
159138 
28075 
28076 
28077 
28088 
28089 
28092 
28095 
28098 
28101 
28102 
159187 
159221 
28157 
28159 
28160 
28161 
28162 
159255 
28233 
28234 
28236 
28238 
28239 
159312 
159313 
28241 
28242 
28243 
28244 
159318 
28246 
28249 
159323 
159328 
28260 
28261 
28263 
28271 
28273 
28274 
28275 
28277 
28279 
28280 
28281 
28282 
159357 
28285 
28287 
159397 
159399 
159424 
28355 
28356 
28357 
28360 
28361 
28362 
28366 
28369 
159453 
28383 
159468 
159469 
159483 
159484 
159489 
159491 
159493 
159495 
28423 
159496 
28424 
159501 
28430 
28431 
28434 
28435 
28436 
28439 
28442 
28445 
28447 
28450 
28451 
28453 
159563 
159565 
159578 
159579 
159584 
159586 
159588 
159590 
159592 
159594 
159596 
159598 
28604 
28606 
28607 
28608 
159717 
159730 
159733 
159762 
159781 
159792 
159800 
28742 
159815 
28743 
28745 
28746 
28747 
28756 
28757 
28759 
28760 
159851 
159854 
159865 
159875 
159884 
28820 
28821 
159896 
28837 
28838 
28840 
159913 
28842 
28843 
159916 
28846 
28849 
28896 
28897 
28903 
28904 
159980 
28910 
28911 
28913 
28915 
28917 
28920 
28922 
159997 
28942 
28944 
160024 
28956 
28957 
28959 
28960 
160041 
28974 
28975 
28977 
28989 
28990 
28991 
28992 
28993 
28994 
28997 
29001 
29002 
29005 
29006 
29016 
29017 
29021 
29022 
29023 
29024 
29025 
29026 
29027 
29029 
29031 
29032 
29034 
29037 
29038 
29039 
29041 
29042 
29043 
160116 
29045 
29046 
29050 
29051 
160124 
160126 
29054 
160127 
29055 
160134 
160138 
160140 
160171 
160172 
160173 
160178 
29112 
29114 
29115 
29116 
29119 
29121 
29122 
29123 
29125 
29126 
29128 
29129 
29130 
160203 
29132 
29134 
29135 
29136 
29138 
29139 
29140 
29141 
29143 
29144 
29145 
29146 
29147 
160220 
29148 
160221 
160222 
160223 
160225 
29153 
29161 
29162 
29163 
29165 
29166 
29167 
29169 
160260 
160262 
160263 
160264 
160270 
160277 
160279 
160280 
160281 
29210 
160283 
29211 
160284 
29212 
160286 
29214 
29215 
29216 
29218 
160293 
29222 
160296 
29225 
160298 
29229 
29232 
29234 
160307 
29235 
29237 
160310 
29238 
29241 
29244 
29245 
29247 
29251 
29255 
29256 
160331 
29259 
160332 
29260 
160333 
160334 
160335 
160338 
160339 
29270 
29271 
160354 
160355 
160366 
160368 
160370 
160371 
160373 
160374 
160379 
29307 
29308 
29311 
29312 
160386 
160387 
160389 
160390 
160393 
29322 
29323 
160396 
29324 
29327 
29328 
29329 
29330 
29331 
29332 
160405 
160406 
160407 
29335 
160409 
29338 
29341 
29343 
29345 
29347 
29348 
29349 
29352 
29353 
29356 
29357 
29359 
29360 
29361 
29362 
29363 
29364 
29365 
29366 
29371 
160448 
160449 
29377 
29378 
160460 
29389 
160463 
29391 
29392 
29394 
29397 
29398 
29399 
160472 
160473 
29401 
29402 
29404 
29405 
29406 
29408 
29409 
29410 
29411 
160484 
29412 
29413 
160487 
29417 
29419 
29420 
29422 
29425 
29427 
29429 
29432 
29434 
29435 
29436 
29437 
29438 
29439 
29440 
29445 
29447 
29456 
29457 
29467 
29468 
29469 
29471 
29472 
29473 
29475 
29480 
29481 
29483 
29484 
29494 
29495 
29502 
160576 
29504 
29506 
160580 
29508 
160581 
160583 
29511 
29513 
29515 
29516 
29520 
29522 
29523 
29524 
29525 
29526 
29527 
160600 
29528 
160601 
29529 
160603 
29534 
160608 
29536 
29537 
29538 
29540 
29541 
160614 
29542 
29543 
160617 
29545 
29546 
29547 
29548 
29552 
160625 
29553 
29555 
160629 
29557 
160631 
29561 
160635 
29564 
160637 
160638 
29566 
29567 
29569 
29571 
29575 
29576 
29579 
160652 
29581 
29582 
29583 
160657 
29585 
29586 
160659 
29588 
29589 
29590 
160663 
29591 
160664 
29592 
160665 
29593 
160666 
29594 
160667 
160668 
29598 
29600 
160673 
29601 
29602 
29603 
160676 
29604 
160679 
160680 
160681 
29610 
29614 
29617 
29619 
29620 
160694 
160695 
29623 
160696 
160697 
29625 
29627 
29629 
29632 
160706 
29634 
160707 
29636 
29638 
29642 
29645 
29649 
29651 
29652 
29653 
29654 
29655 
29656 
29657 
29662 
29663 
29664 
29666 
29667 
29669 
29670 
29672 
29673 
29675 
29676 
160749 
29677 
160750 
29678 
29679 
29680 
29681 
29682 
160756 
160757 
29685 
29686 
160759 
160761 
29689 
29690 
29691 
29693 
29694 
160767 
29695 
29697 
29698 
160772 
29701 
29703 
29704 
160777 
29705 
29706 
29707 
29708 
160787 
160793 
29724 
160797 
160802 
160812 
160822 
160827 
29778 
160858 
160867 
160872 
160876 
160887 
160893 
160897 
160901 
160912 
160918 
29852 
29854 
160927 
29856 
29857 
160932 
29860 
29864 
29865 
29866 
29869 
29871 
29872 
29873 
29875 
29876 
29877 
29879 
29880 
29885 
29886 
160959 
29887 
160961 
29889 
160962 
29890 
29891 
29892 
29894 
29895 
29896 
160969 
29897 
160972 
160973 
29901 
160974 
29902 
29904 
29905 
160980 
29910 
29913 
29915 
29916 
160990 
29918 
29919 
29924 
29926 
161000 
161004 
161015 
161018 
161019 
161020 
161021 
161024 
161029 
161030 
161033 
161064 
161069 
161070 
161071 
161074 
161076 
161077 
161078 
161090 
161092 
161097 
161100 
161101 
161102 
161104 
161123 
161124 
161125 
161126 
161138 
161139 
161140 
161141 
161142 
161143 
161145 
161148 
161149 
161150 
161152 
161154 
161189 
161190 
161229 
161230 
30172 
30175 
30177 
30178 
30181 
30183 
30185 
30187 
30189 
161263 
161264 
30197 
30199 
30200 
30201 
30202 
30204 
30227 
30228 
30229 
30231 
30232 
30234 
30251 
30254 
161327 
30256 
30258 
161347 
161348 
161352 
161353 
161355 
161357 
30295 
30297 
30298 
30301 
30304 
30305 
30308 
30309 
30311 
30312 
30314 
30315 
30317 
30318 
30319 
30320 
30321 
161394 
30322 
161395 
30323 
30327 
30329 
161402 
30330 
161404 
30332 
30333 
30334 
30336 
30337 
30338 
30339 
161425 
161426 
161427 
161428 
161439 
161440 
161445 
161446 
161449 
161458 
161459 
161460 
161461 
161462 
161463 
161468 
161488 
161493 
161499 
161516 
161527 
161528 
161531 
161539 
161545 
161553 
161554 
161555 
161559 
161560 
161561 
161566 
161567 
161568 
161579 
161594 
161599 
161611 
161624 
161625 
161626 
161627 
161643 
161644 
30579 
161652 
30582 
30584 
161658 
30586 
161659 
161660 
30588 
161661 
161662 
161663 
30592 
30594 
161668 
161669 
30597 
161670 
30598 
30599 
161672 
161673 
30601 
161674 
30602 
161678 
161679 
161680 
30620 
30628 
30646 
30654 
161727 
30656 
161739 
161753 
30692 
30694 
30695 
30696 
161769 
30697 
161770 
30698 
161771 
161772 
30702 
30703 
30704 
30705 
30706 
30707 
30708 
30709 
30712 
30713 
30715 
161788 
161789 
30717 
161790 
30718 
161791 
161792 
30720 
161793 
30721 
161794 
30722 
161795 
161796 
30724 
30725 
30728 
30729 
30730 
161802 
30733 
30734 
30736 
30737 
30738 
161812 
30740 
161813 
30741 
161814 
30744 
30745 
30746 
30747 
30748 
30749 
161822 
30750 
161823 
30751 
161824 
30752 
30755 
30756 
30757 
30760 
30761 
30770 
161871 
161882 
161896 
30828 
161903 
161904 
161905 
161913 
161926 
161927 
30941 
30942 
30943 
30946 
30948 
30949 
30950 
30952 
30953 
30954 
30956 
30957 
30960 
30961 
30963 
30965 
30966 
30968 
30971 
30973 
30974 
30977 
30979 
30980 
30982 
30983 
30985 
30986 
30987 
30988 
30989 
30990 
30994 
30996 
30997 
30999 
31003 
31005 
31007 
31008 
31010 
31011 
31013 
31014 
31016 
31017 
31018 
31019 
31025 
31028 
31030 
31032 
31037 
31039 
162124 
162131 
162132 
162134 
162135 
162136 
162137 
31067 
162145 
162147 
162148 
31087 
162163 
162168 
162184 
162189 
31118 
31120 
31125 
31127 
31130 
31131 
162212 
31140 
162217 
31147 
31149 
31152 
31154 
162232 
31167 
162243 
162244 
162245 
162246 
162251 
162260 
31201 
31202 
162277 
31205 
162278 
162284 
162285 
162294 
31229 
162307 
162322 
162332 
31260 
31266 
162339 
31267 
31279 
162363 
162364 
162365 
162367 
162368 
162369 
162371 
31315 
31316 
31317 
31319 
31325 
31328 
31331 
31341 
31344 
31356 
162434 
162435 
162440 
162452 
31380 
162453 
31386 
31389 
31392 
31405 
31408 
31409 
31414 
31422 
31473 
31478 
31535 
31537 
31541 
31554 
162633 
162640 
162642 
31570 
162643 
31576 
31579 
31584 
31596 
31615 
31626 
162703 
162705 
162706 
162708 
162709 
162711 
31640 
31641 
162720 
31663 
31664 
31666 
31668 
31673 
31680 
162756 
31689 
31698 
31699 
162772 
162775 
162777 
162778 
31718 
31719 
31722 
31727 
31730 
31743 
31749 
31751 
31754 
31756 
31830 
31831 
31834 
31840 
31843 
162917 
162921 
162923 
31851 
162924 
31853 
31858 
162932 
162935 
162939 
162940 
162944 
162945 
162946 
162953 
162959 
162966 
162970 
162976 
162983 
162990 
162994 
162999 
163004 
163010 
31941 
31943 
31945 
163018 
163021 
31950 
163025 
163027 
31957 
163034 
31962 
31967 
163041 
163047 
163052 
163057 
31985 
31991 
163064 
31997 
163071 
32002 
163076 
32004 
163080 
163087 
163093 
32022 
32025 
163098 
163099 
163100 
163102 
163104 
163106 
163107 
163109 
32037 
163110 
32039 
163112 
163113 
163114 
163117 
163118 
32049 
32050 
32052 
163128 
163134 
32063 
32065 
163139 
32067 
32069 
163144 
32072 
163149 
163153 
32083 
32085 
163160 
32091 
32093 
163167 
163170 
163171 
163174 
32144 
32146 
32158 
163241 
163256 
32187 
32189 
163262 
163263 
163265 
163267 
163268 
163271 
163272 
163273 
163276 
163277 
163278 
163280 
163282 
163283 
163286 
163287 
163288 
163291 
163292 
163293 
163296 
32224 
163297 
163300 
32230 
163303 
163304 
163308 
32244 
32247 
32257 
32258 
32260 
32261 
32264 
32265 
32267 
32268 
163342 
163344 
163347 
163350 
32278 
163351 
32283 
32284 
163358 
32289 
32320 
32330 
32349 
32371 
32385 
32413 
32427 
32442 
32444 
163517 
32446 
32447 
163522 
163524 
163528 
32456 
32458 
32460 
163533 
32461 
163536 
163538 
163541 
163542 
163546 
163569 
163572 
163573 
163577 
163590 
163591 
163594 
163601 
163602 
32530 
32531 
32532 
163605 
32534 
32536 
32545 
32546 
32548 
163622 
32550 
163623 
163624 
163626 
163628 
163630 
163632 
163633 
163635 
163637 
163638 
163639 
163641 
163643 
163644 
163647 
163648 
163649 
163650 
163652 
163654 
163655 
163656 
163659 
163660 
163661 
163665 
163667 
163669 
163674 
163675 
163678 
163680 
163681 
163682 
163685 
163686 
163689 
163690 
163691 
32621 
32622 
32623 
163696 
163701 
163708 
163712 
163716 
163723 
32655 
163729 
163733 
163738 
32667 
163746 
163751 
163755 
32684 
163760 
163766 
163772 
32701 
163778 
163780 
163782 
32718 
163797 
163800 
163803 
32744 
32749 
163833 
32761 
163838 
32771 
163843 
32773 
32775 
32776 
32778 
163850 
32780 
32782 
163854 
32783 
163858 
32793 
163866 
32797 
163871 
163876 
163880 
32810 
163888 
32821 
32822 
163894 
163898 
163899 
163900 
163903 
163904 
163906 
32835 
163908 
32836 
163910 
163911 
163912 
163914 
163916 
32844 
163917 
163919 
32847 
163920 
32850 
163923 
163924 
32852 
32853 
163926 
32854 
163927 
32855 
163929 
163930 
32858 
163932 
163933 
163935 
163936 
163938 
32868 
163949 
32878 
163951 
32880 
163954 
163955 
32883 
163956 
32885 
163958 
163960 
163961 
32891 
163964 
163965 
32903 
32906 
32907 
32911 
32919 
32920 
32921 
32922 
32924 
32953 
32954 
164046 
164050 
164058 
32987 
32989 
32990 
32992 
164064 
164067 
164072 
164078 
164084 
164087 
164092 
33026 
164098 
33029 
164104 
164109 
164110 
164111 
33041 
164113 
33042 
164115 
164117 
164119 
164120 
164122 
164124 
164125 
164126 
164127 
164130 
164131 
164134 
164135 
164136 
164137 
164138 
164141 
164142 
164143 
164146 
164147 
164148 
164150 
164151 
33083 
164155 
33084 
164156 
164157 
164160 
164161 
164163 
164165 
164166 
33101 
33103 
33110 
33111 
164187 
164191 
33120 
164193 
33139 
33140 
33148 
33153 
33156 
33163 
33164 
33165 
33167 
33168 
33177 
33180 
33183 
33184 
164259 
164262 
164270 
33198 
33200 
164277 
164279 
164285 
33213 
33214 
33218 
164291 
33220 
164296 
33227 
33231 
33232 
33234 
33235 
33238 
33239 
33240 
33241 
33243 
164320 
164323 
33252 
164326 
33256 
164332 
164333 
33261 
164335 
33264 
33266 
33267 
164340 
33268 
33269 
164342 
164343 
33271 
164346 
164347 
164348 
33277 
164350 
33278 
164351 
164353 
164354 
33282 
33283 
164356 
33284 
164357 
33285 
164359 
164360 
33288 
33289 
33292 
33296 
33301 
33303 
33304 
33305 
33306 
33309 
33312 
33317 
33318 
33321 
33323 
33327 
33355 
33358 
33359 
33372 
33413 
33416 
33419 
33420 
33421 
33422 
33423 
33424 
33425 
33426 
33427 
33429 
33438 
33442 
33447 
33450 
164644 
164645 
164646 
164648 
164650 
164651 
164653 
164654 
164656 
164657 
164659 
164660 
164662 
164663 
164679 
33614 
33615 
33616 
33618 
33621 
164694 
33623 
164697 
164699 
164700 
164701 
164703 
33633 
164705 
164706 
33635 
164709 
164710 
164711 
33640 
33641 
164713 
164714 
164715 
164717 
33646 
33649 
33651 
33652 
33653 
33655 
33656 
33661 
33662 
164734 
33663 
33665 
33666 
164746 
164747 
164755 
164761 
164768 
164771 
164779 
164785 
164792 
164797 
164801 
164809 
164815 
164832 
164841 
164846 
164853 
164857 
164862 
164871 
164876 
164880 
164888 
164895 
33826 
33827 
164901 
33834 
33836 
33839 
33842 
33846 
33849 
33853 
33854 
33857 
164931 
33860 
33861 
33862 
33863 
33866 
33869 
33873 
164946 
33877 
33881 
33884 
33885 
33886 
33887 
33890 
33895 
164968 
33902 
164975 
33905 
164979 
164981 
164982 
164983 
164986 
164987 
164988 
164990 
164992 
164993 
164994 
164996 
164998 
164999 
33929 
165001 
165003 
165004 
165005 
33936 
165008 
165009 
165010 
33939 
165011 
33940 
33942 
165014 
165015 
165016 
165017 
33946 
165020 
165021 
165024 
165028 
165037 
165043 
165059 
33996 
165068 
165073 
34004 
34006 
34008 
165080 
34009 
34010 
34011 
165083 
34012 
34013 
34014 
34016 
34017 
165091 
34024 
165098 
34027 
34029 
34030 
34031 
165104 
34033 
34034 
165107 
34039 
34040 
165115 
165122 
34053 
34054 
34055 
165129 
165144 
165151 
165158 
34090 
34091 
34092 
34093 
165166 
165168 
165177 
34111 
165183 
34112 
34113 
34118 
165190 
165193 
34122 
165194 
165195 
165197 
165198 
165200 
165201 
165204 
165205 
165207 
165208 
165209 
165211 
165213 
34153 
34154 
165227 
34155 
34156 
34157 
34158 
34165 
34166 
34167 
165242 
165261 
165271 
34257 
34258 
34259 
34260 
34261 
34262 
34263 
34264 
34265 
34271 
34275 
165348 
34276 
165349 
165350 
34278 
34279 
165352 
165354 
165355 
165357 
165359 
165360 
165361 
34289 
34290 
165363 
165364 
34292 
165366 
165367 
34299 
34302 
34303 
34307 
34308 
165387 
34320 
165393 
34324 
165399 
165400 
165401 
165403 
34331 
165404 
34332 
34333 
165406 
34334 
165407 
34335 
165409 
165411 
34339 
165412 
34341 
165414 
34342 
165415 
165417 
165418 
34346 
34347 
34356 
34358 
34360 
34362 
34363 
34364 
34367 
34368 
34371 
34377 
34379 
34381 
34383 
34385 
34388 
34389 
34393 
34394 
34397 
34399 
34401 
34404 
34428 
34436 
34438 
34439 
34443 
34444 
34448 
34449 
34450 
34465 
34468 
34469 
34471 
34473 
34475 
34477 
34481 
34484 
34485 
34486 
34487 
34533 
34537 
34545 
34546 
34547 
34551 
34552 
34553 
34561 
34564 
34565 
34567 
34576 
34578 
34591 
34594 
34612 
34615 
34617 
34618 
34619 
34623 
34624 
34625 
34626 
34628 
34630 
34632 
34633 
34634 
34637 
34638 
34654 
34658 
34659 
34661 
34662 
34665 
34670 
34673 
34674 
34678 
34679 
34684 
34694 
34695 
34699 
34700 
34703 
34704 
34705 
34712 
34714 
34716 
34717 
34719 
34721 
34723 
34724 
34726 
34739 
34740 
34743 
34744 
34746 
34748 
34751 
34752 
34756 
34757 
34760 
34761 
34762 
34763 
34765 
34768 
34781 
34784 
34790 
34791 
34795 
34796 
34798 
34799 
34800 
34801 
34802 
34803 
34804 
34806 
34808 
34809 
34811 
34813 
34815 
34816 
34818 
34820 
34822 
34823 
34825 
34827 
34829 
34830 
34832 
34833 
34834 
34835 
34836 
34837 
34838 
34839 
34840 
34841 
34842 
34843 
34844 
34846 
34848 
34850 
34851 
34852 
34855 
34856 
34858 
34859 
34862 
34863 
34865 
34866 
34869 
34870 
34872 
34873 
34876 
34877 
34879 
34880 
34883 
34885 
34888 
34890 
34893 
34924 
34925 
34928 
34933 
34945 
34971 
34972 
34975 
34978 
34985 
34989 
34990 
34991 
34992 
34993 
34994 
34995 
34996 
34997 
34998 
35001 
35002 
35004 
35005 
35007 
35009 
35010 
35012 
35014 
35016 
35017 
35141 
35142 
35143 
35144 
35145 
35146 
35147 
35148 
35149 
35153 
35154 
35155 
166235 
166236 
166237 
166238 
35166 
35167 
35168 
35176 
35177 
35178 
35199 
35202 
35203 
35205 
35206 
35208 
35210 
35211 
35213 
35215 
166289 
35217 
166290 
35218 
166337 
166338 
166339 
166340 
166356 
166357 
166358 
166359 
35371 
35372 
35373 
35374 
35375 
35376 
35384 
35385 
166458 
35386 
166459 
166460 
166461 
35390 
35391 
35392 
35400 
35401 
35402 
35406 
35407 
35408 
166485 
166486 
35429 
35430 
35433 
166506 
35434 
166507 
35436 
35437 
166512 
35440 
166513 
35442 
35443 
35445 
35447 
35449 
35450 
35451 
35454 
35455 
166528 
166529 
35457 
35458 
166531 
35461 
35462 
35464 
35465 
35468 
35469 
35473 
35478 
35479 
166571 
166572 
166573 
35509 
35513 
35515 
35518 
35520 
35523 
35526 
35540 
166618 
166619 
166620 
166637 
166639 
166640 
35578 
35583 
35588 
35591 
35593 
35596 
166671 
35601 
166673 
35602 
35603 
35604 
35605 
166677 
35606 
166678 
35607 
35608 
35609 
166681 
35610 
166682 
166683 
35612 
166685 
35614 
35615 
35617 
35619 
35621 
35622 
35624 
35625 
35626 
35627 
35628 
35629 
35680 
166765 
35694 
166767 
166770 
166772 
35709 
35713 
35714 
35718 
35721 
35722 
35726 
166807 
166808 
166809 
166810 
35743 
166829 
35760 
35763 
166836 
166837 
35767 
35768 
35772 
35775 
35776 
166849 
35780 
166854 
166857 
166858 
166864 
166867 
166880 
166897 
166903 
166912 
166914 
166926 
166934 
166939 
166943 
166944 
166959 
35896 
35905 
35923 
35937 
35941 
35942 
35946 
35949 
35950 
35954 
167027 
167030 
167033 
167036 
35979 
35985 
35988 
167061 
35992 
167064 
35993 
35997 
36000 
36001 
36003 
36004 
36006 
36008 
36012 
36013 
167089 
167092 
36021 
36022 
36023 
36025 
36058 
36059 
36060 
36062 
36068 
36069 
36071 
36073 
36103 
36105 
36110 
36111 
36112 
36114 
167215 
167217 
167220 
167222 
167228 
167232 
167233 
167234 
167236 
36165 
167237 
36166 
36167 
167239 
36169 
36185 
36187 
36206 
36207 
36208 
36210 
167298 
167300 
167302 
167312 
167314 
36267 
36268 
36269 
36271 
36273 
36274 
167347 
36276 
36277 
167349 
167355 
167357 
36287 
36289 
36291 
167363 
36292 
36294 
167366 
167367 
36296 
167368 
36305 
36306 
36307 
36309 
167399 
167401 
167403 
167405 
36342 
36343 
36344 
36346 
167428 
167429 
167447 
167448 
167449 
167506 
167507 
167510 
167511 
167529 
167530 
167531 
167550 
167559 
167562 
167571 
167592 
167595 
167598 
167601 
167607 
167611 
167614 
167621 
167638 
167641 
167644 
167647 
167650 
167657 
167661 
167668 
167677 
167679 
167680 
167683 
167701 
167703 
167704 
167707 
167715 
167720 
167739 
167781 
167783 
167784 
167787 
167803 
167804 
167805 
167808 
167811 
167867 
167870 
167873 
167888 
167993 
167997 
168004 
168007 
168017 
168020 
168024 
168026 
168049 
168052 
168055 
168070 
168077 
168078 
168090 
168095 
168096 
168105 
168108 
168134 
168137 
168138 
168143 
168144 
168197 
168198 
168199 
168213 
168216 
168219 
168226 
168230 
168232 
168235 
168242 
168249 
168252 
168265 
168268 
168270 
168278 
168282 
168284 
168286 
168294 
168298 
168304 
168307 
168312 
168313 
168314 
168315 
168322 
168330 
168333 
168335 
168344 
168345 
168375 
168376 
168380 
168383 
168385 
168393 
168394 
168395 
168396 
168403 
168404 
168405 
168406 
168430 
168432 
168433 
168561 
168562 
168563 
168597 
168598 
168599 
168615 
168616 
168617 
168618 
168625 
168626 
168627 
168628 
168639 
168648 
168649 
168650 
168651 
168653 
168656 
168663 
168671 
168674 
168677 
168680 
168682 
168689 
168696 
168699 
168714 
168721 
168724 
168732 
168735 
168737 
168741 
168748 
168752 
168753 
168754 
168755 
168762 
168763 
168764 
168765 
168779 
168780 
168781 
168782 
37718 
168800 
168804 
168810 
168813 
168820 
168823 
168830 
168832 
168833 
168834 
168835 
37772 
168845 
168846 
168847 
37776 
168848 
37780 
37783 
168855 
168856 
168857 
168858 
37803 
37807 
168886 
168890 
37819 
37821 
168898 
168899 
168907 
168921 
168930 
168931 
168932 
168933 
37886 
37898 
169073 
169074 
169075 
169076 
169086 
169089 
169100 
169102 
169104 
169109 
169110 
169111 
169112 
169123 
169125 
169129 
169132 
169135 
169139 
169145 
169148 
169151 
38082 
169155 
169157 
169164 
169167 
169175 
169178 
169188 
169191 
38120 
169194 
169201 
169204 
169208 
169211 
169213 
169221 
169223 
169226 
38156 
169233 
169251 
169254 
169255 
169257 
169261 
38191 
169263 
169265 
169274 
169281 
169282 
169283 
169284 
169297 
169298 
169299 
169300 
169301 
169305 
169309 
169315 
169326 
169329 
38260 
169332 
169335 
169343 
169345 
169348 
169355 
169357 
169361 
38290 
169364 
169371 
169382 
169386 
169388 
169391 
169398 
169401 
169404 
169407 
169419 
169420 
169421 
169422 
169428 
169430 
169433 
169443 
169445 
38373 
169449 
38377 
169451 
169453 
38403 
38406 
169503 
169504 
169505 
169506 
169508 
169510 
169514 
169528 
169529 
169530 
169531 
38560 
38561 
38588 
38593 
38595 
38645 
38651 
169728 
169733 
169736 
169739 
169742 
38674 
169747 
38687 
38708 
38711 
38713 
38716 
169808 
169811 
169814 
169817 
169820 
169823 
169826 
169829 
169832 
169835 
169838 
169841 
169856 
38785 
169859 
38788 
169862 
169865 
169870 
38821 
38840 
38843 
38846 
169931 
38863 
169942 
169943 
169944 
169945 
169949 
169950 
169951 
169952 
38881 
169956 
169957 
169958 
169972 
169973 
169974 
169975 
169976 
169977 
169978 
38947 
38956 
39019 
170114 
170115 
170116 
170117 
39045 
170142 
170143 
170144 
170145 
39080 
39096 
170245 
170246 
170247 
170248 
170249 
170250 
170251 
39206 
39209 
39221 
39224 
39235 
39236 
39242 
170323 
170324 
170325 
170326 
170327 
170328 
170329 
39268 
39274 
39276 
170349 
170350 
170351 
170352 
39289 
170362 
170363 
170364 
39294 
170370 
170371 
170372 
39311 
170391 
170392 
170393 
39321 
39324 
170411 
170412 
170413 
39342 
39352 
39353 
170426 
170427 
170428 
170429 
39372 
39376 
39393 
170473 
170474 
170475 
170476 
39419 
39426 
170503 
170504 
170505 
170506 
39435 
39449 
170530 
170531 
170532 
170533 
39483 
39489 
39495 
39515 
39520 
39524 
39534 
170607 
39535 
170608 
170609 
170610 
170617 
170618 
170619 
170620 
170625 
39555 
170628 
39556 
170631 
170634 
170637 
170640 
170643 
170646 
39575 
170649 
39577 
170652 
170655 
170658 
170701 
170704 
170707 
170710 
39681 
39686 
39692 
39699 
39700 
39721 
39722 
39726 
39728 
39747 
39748 
170823 
170826 
170829 
170832 
39781 
170875 
170878 
170881 
170884 
170889 
170890 
170891 
170892 
170902 
170903 
170904 
39832 
170905 
39833 
170909 
170910 
170911 
170912 
170919 
39847 
170920 
39848 
170921 
170922 
39851 
170927 
170930 
170933 
170936 
170939 
170942 
170945 
170948 
39876 
39879 
39886 
39891 
39896 
39902 
39911 
39915 
39919 
39971 
39972 
39975 
171063 
171064 
171065 
171066 
171070 
171071 
171072 
171073 
40025 
40026 
40041 
40047 
40051 
40068 
40071 
40075 
40081 
40140 
171226 
171227 
171228 
171229 
171240 
171241 
171242 
40170 
171245 
171252 
40182 
171255 
40186 
40195 
40202 
40220 
171303 
40232 
171306 
171309 
40237 
171318 
171319 
40247 
171320 
171327 
171328 
171329 
171330 
171337 
171338 
171339 
171340 
40305 
40306 
171388 
171391 
171395 
171400 
171401 
171402 
171412 
171416 
171422 
171428 
171429 
40357 
171430 
40358 
171431 
40361 
171439 
40367 
171440 
171441 
40376 
171449 
40378 
171452 
171455 
40383 
171458 
40397 
40404 
40408 
171481 
171484 
171487 
171490 
171523 
40452 
40453 
171526 
40456 
171529 
171532 
40466 
40481 
40482 
171555 
171558 
171561 
171564 
40501 
40503 
40505 
40515 
40519 
40529 
40534 
40537 
40542 
40580 
40596 
171669 
171672 
171675 
171678 
40612 
40639 
40662 
171737 
40667 
171740 
171743 
171746 
171749 
171752 
171755 
171758 
40686 
40689 
40698 
40705 
40726 
40736 
171813 
171816 
40745 
171819 
171822 
40761 
171914 
171916 
171926 
171928 
171929 
171932 
171939 
171941 
171942 
171943 
171945 
40958 
172033 
40974 
172053 
172074 
172075 
172077 
172078 
172080 
172081 
172083 
172084 
172085 
172121 
172123 
172124 
172125 
172127 
172128 
172130 
172185 
172186 
172187 
172188 
172190 
172191 
172235 
172237 
172238 
41167 
172240 
172242 
41194 
41221 
41226 
41246 
41248 
41259 
41262 
41287 
41294 
41298 
41314 
41345 
41349 
41353 
41356 
41357 
41358 
41360 
172435 
172445 
172448 
41380 
172453 
172463 
172464 
172465 
172470 
172471 
172472 
41400 
41402 
41413 
41414 
41416 
41417 
41440 
41442 
41443 
41444 
41485 
41487 
172571 
172572 
172574 
172576 
172577 
172579 
172580 
172582 
41529 
41531 
41533 
41586 
172669 
41601 
172682 
172688 
41618 
41619 
41620 
41622 
172695 
41623 
41627 
172710 
172711 
172712 
41641 
172714 
172715 
172717 
172718 
172719 
172720 
41653 
41655 
41656 
41657 
41663 
41666 
41676 
41700 
41702 
41703 
41704 
172777 
41725 
41727 
41729 
172816 
172818 
172819 
172821 
172822 
172823 
172824 
172825 
172827 
172828 
172830 
172831 
172832 
172833 
172835 
172837 
172838 
172862 
172866 
172871 
172877 
172885 
41816 
172890 
41818 
172895 
172899 
41830 
172908 
172909 
172910 
172917 
172918 
172919 
41847 
41853 
41866 
172941 
172949 
172952 
41880 
172955 
41893 
41934 
41954 
173068 
173073 
173082 
173087 
173096 
173097 
173098 
173103 
173104 
173105 
173124 
173125 
173126 
173130 
173131 
173132 
173140 
173144 
173153 
173157 
42121 
173207 
173217 
42146 
173220 
173226 
173233 
173238 
173242 
173246 
173260 
42213 
42215 
173288 
173290 
173293 
173296 
42225 
42226 
42228 
42229 
42263 
42267 
42270 
42271 
42272 
42274 
42279 
42281 
42282 
42283 
42318 
42320 
173474 
42420 
42423 
42424 
173498 
173499 
173500 
173502 
173503 
173504 
173505 
173507 
173508 
173509 
173510 
173512 
173514 
173516 
173517 
173518 
173519 
42447 
173521 
173522 
173524 
173525 
173526 
173527 
42455 
173530 
173531 
173533 
173534 
173535 
173536 
42464 
42473 
42489 
42494 
42513 
42523 
42525 
42526 
42527 
42534 
42537 
42541 
42573 
42574 
42575 
42577 
42578 
42582 
42595 
42597 
42598 
42599 
173687 
173696 
173701 
42629 
42631 
42633 
173707 
173725 
42656 
173731 
42659 
173736 
173741 
42693 
42694 
173768 
42696 
173772 
173776 
42706 
173780 
173793 
173794 
42722 
173795 
42724 
173797 
173798 
42726 
173799 
173800 
173801 
173803 
173805 
173806 
173807 
173808 
42736 
173810 
173811 
173813 
173815 
173816 
173817 
173820 
42748 
173821 
42755 
42757 
42758 
42783 
42784 
42796 
42801 
42805 
42809 
42814 
42818 
42830 
42846 
42847 
42855 
42857 
42858 
42865 
42866 
42916 
42918 
42932 
42962 
42966 
42971 
42976 
174055 
42985 
42989 
42992 
174065 
42993 
42994 
174068 
42996 
43001 
174074 
43007 
43017 
174094 
43024 
174099 
174103 
174107 
174115 
174117 
174120 
174123 
174139 
174141 
174142 
174143 
174145 
174146 
174148 
174149 
174151 
174152 
174154 
43082 
174155 
43083 
174156 
174158 
174160 
174161 
174163 
174164 
174165 
174166 
43097 
43146 
43149 
43154 
43161 
43166 
43171 
43175 
43183 
43203 
43223 
43284 
43288 
174402 
174404 
174405 
174406 
174408 
174409 
43337 
174412 
174413 
174415 
174416 
174417 
174419 
174422 
43353 
43358 
43362 
43366 
43370 
174446 
43374 
43378 
174451 
43383 
174456 
174460 
43390 
43391 
43401 
43402 
43452 
43453 
43454 
43456 
43476 
43477 
43479 
43481 
43485 
43506 
43515 
43520 
43521 
43530 
43532 
43533 
43538 
43544 
43560 
43567 
43569 
43581 
43582 
43583 
43585 
43596 
43605 
43606 
43607 
43609 
43636 
174710 
43640 
174721 
43649 
43650 
174725 
43657 
174731 
174746 
174749 
174753 
174759 
43730 
43731 
43753 
43765 
43794 
43804 
43805 
43806 
43808 
43820 
43920 
43929 
43948 
43987 
43988 
43990 
43992 
43995 
43996 
43998 
44000 
175114 
175123 
175128 
175132 
175151 
175154 
175157 
175160 
44094 
44110 
44116 
44162 
44166 
44167 
44192 
44193 
44215 
44216 
44264 
44265 
44284 
44311 
44323 
44345 
44346 
44348 
44350 
175467 
175471 
175476 
175482 
44437 
44438 
44440 
44449 
44452 
44454 
44463 
44466 
44469 
44488 
44489 
44506 
44507 
175598 
175602 
175607 
175613 
44555 
44556 
175633 
175637 
175641 
175645 
44588 
44589 
44599 
44600 
44606 
44611 
44612 
44617 
44657 
44665 
44667 
44670 
44675 
44678 
44727 
44728 
44746 
44747 
44799 
44800 
44823 
44824 
44833 
44834 
44840 
44848 
44852 
44854 
44872 
44873 
44874 
44880 
44881 
44882 
44883 
44892 
44895 
44896 
44903 
44904 
44906 
44908 
176008 
176010 
176012 
176014 
176017 
176018 
44952 
44953 
176032 
176033 
176034 
176036 
176037 
176039 
176040 
176050 
176051 
176052 
176053 
176055 
176058 
44988 
44989 
44990 
44991 
176063 
44993 
44994 
176068 
44996 
176069 
44997 
176070 
176071 
44999 
45000 
176095 
176096 
176097 
176099 
45028 
176101 
45029 
176102 
45030 
45032 
176104 
176105 
176106 
176108 
176109 
176111 
176112 
176121 
176122 
176123 
176126 
176131 
176134 
176135 
45063 
176136 
45064 
45069 
45070 
45071 
45080 
45081 
45083 
45085 
45112 
45114 
45116 
45117 
45118 
45121 
45122 
45151 
45185 
45186 
45188 
45193 
45194 
45195 
45210 
45211 
45213 
45215 
176292 
176293 
176294 
176295 
176296 
176299 
45228 
45229 
45232 
176304 
45233 
176307 
176308 
176309 
176310 
45241 
45249 
45250 
45252 
45253 
45261 
45267 
176339 
176340 
176341 
176343 
176344 
176347 
45279 
176352 
176355 
176356 
176357 
176358 
176391 
176392 
176394 
176395 
176397 
176398 
176400 
176401 
176402 
176404 
176405 
45333 
45334 
176407 
176408 
176410 
176411 
176412 
176414 
176416 
176417 
176418 
176420 
176421 
176423 
176425 
176426 
45379 
45380 
45382 
45383 
176458 
176459 
176461 
176462 
176464 
176465 
176467 
176468 
176469 
176471 
176472 
176474 
176475 
176477 
176478 
176479 
176481 
176483 
176484 
176529 
176530 
176531 
176533 
176535 
176536 
176538 
176539 
176541 
176542 
176544 
176545 
176546 
176548 
176550 
176551 
176553 
176554 
45500 
45501 
176601 
176602 
176603 
176605 
176607 
176608 
176610 
176611 
176613 
176614 
176616 
176617 
176618 
176619 
176620 
176622 
176626 
176629 
176632 
176633 
176634 
45629 
176732 
176733 
176736 
176740 
176744 
176745 
176749 
176750 
176753 
176756 
176757 
176760 
45699 
45700 
45738 
45739 
176813 
176814 
176817 
176821 
176825 
176826 
45755 
45757 
45758 
176830 
176831 
176835 
176837 
176838 
176841 
45775 
45781 
45784 
45802 
45812 
45820 
45823 
176898 
176899 
176902 
176906 
45834 
176909 
176910 
176914 
176915 
176919 
176921 
176922 
176925 
45854 
45873 
45884 
176959 
176960 
176963 
45891 
176966 
176967 
176970 
45899 
45902 
45910 
45924 
45955 
45956 
45975 
45991 
46054 
46065 
46066 
46077 
46081 
177154 
46083 
177155 
46084 
177156 
177160 
177161 
177162 
177165 
177168 
177169 
177172 
177173 
177174 
177178 
177180 
177181 
177185 
177186 
177188 
46117 
177190 
177195 
177197 
177198 
177201 
177203 
46133 
177207 
177210 
177211 
177215 
177217 
46148 
177223 
177229 
177230 
177231 
177237 
46166 
46170 
177248 
177251 
177252 
177256 
177257 
177258 
177259 
177260 
177261 
46190 
177262 
177264 
177265 
46193 
46200 
177274 
177275 
177276 
177277 
46209 
177288 
177289 
177291 
46220 
46223 
177295 
177296 
177297 
177298 
177303 
177304 
177305 
177307 
177309 
177310 
46239 
177314 
177315 
177316 
177317 
177322 
177324 
177325 
177326 
177328 
46257 
177336 
177337 
177339 
177340 
177342 
46271 
177344 
177349 
177350 
46280 
177352 
46281 
177353 
177354 
177355 
177356 
177357 
46285 
46293 
177366 
46295 
177367 
177368 
177369 
177372 
177373 
177375 
177376 
177377 
177378 
177379 
177387 
177388 
177389 
177391 
177393 
177395 
177399 
177400 
177402 
177403 
177409 
177412 
177413 
177418 
177420 
177427 
177428 
177429 
177430 
177431 
177432 
46365 
177437 
177438 
177439 
177443 
177444 
46373 
46374 
177446 
177447 
177448 
46379 
177455 
177456 
177457 
177458 
46387 
46388 
177462 
177463 
177466 
177468 
177472 
177473 
177475 
177476 
177479 
177481 
177488 
177489 
177495 
177496 
177503 
177504 
177505 
177506 
177507 
177508 
177516 
177517 
177520 
177523 
177526 
177528 
177530 
177532 
177534 
177537 
46466 
177539 
177542 
46473 
177545 
177546 
46475 
177548 
177549 
177550 
177551 
177552 
46480 
177553 
46487 
46489 
177562 
177563 
177564 
177565 
177572 
177574 
177575 
177579 
177580 
177581 
177582 
177587 
177589 
177590 
177591 
177593 
177594 
177603 
177604 
177606 
177607 
177608 
177610 
177613 
177618 
177619 
177627 
177628 
177629 
177630 
177631 
177632 
177633 
177635 
177636 
177638 
177643 
177644 
177646 
177647 
177652 
177654 
177658 
177659 
177664 
177665 
177667 
177668 
177669 
177670 
177671 
177672 
177683 
177684 
177685 
177686 
177694 
177695 
177700 
177701 
177702 
177703 
46632 
177707 
177708 
46637 
177709 
46638 
177711 
46646 
177718 
177719 
177720 
177721 
46650 
177722 
177723 
46652 
177724 
177725 
177727 
177731 
177732 
177735 
177736 
177738 
46667 
46671 
46673 
177746 
177747 
177752 
177754 
177755 
177756 
177757 
177758 
177759 
46688 
177760 
177769 
177770 
177773 
177774 
46705 
177781 
177782 
177783 
177784 
177785 
177790 
177792 
46721 
177793 
177800 
177801 
177802 
177803 
177804 
177805 
46735 
46736 
46737 
46738 
46740 
177815 
46746 
46747 
46750 
177822 
177825 
46766 
177839 
46769 
177843 
177845 
177849 
177854 
46782 
46784 
177856 
46787 
177859 
46789 
46793 
46795 
177868 
46798 
46804 
46805 
46807 
177881 
46812 
46813 
177885 
46816 
177888 
46817 
46818 
46819 
46820 
46821 
177893 
46822 
177895 
177902 
177904 
177905 
177907 
177909 
46837 
177911 
177912 
177914 
177915 
177917 
177918 
177920 
177922 
46851 
46852 
177924 
46853 
177925 
177926 
46857 
46858 
177930 
46859 
177931 
46860 
177933 
177934 
177935 
177942 
177943 
46873 
177948 
177949 
46881 
177953 
177954 
177957 
46886 
46887 
177959 
177963 
177964 
177966 
177967 
46897 
177969 
46899 
177971 
177977 
46907 
177979 
46908 
177985 
177987 
177994 
177995 
177996 
177997 
177998 
177999 
178000 
178001 
178003 
178007 
178009 
178010 
178012 
46942 
178014 
46947 
178019 
178021 
178028 
178030 
178031 
178032 
178033 
178034 
46963 
178035 
46964 
178036 
46973 
178045 
178046 
178049 
178050 
178055 
178057 
46988 
178061 
178062 
178063 
178064 
178068 
178069 
178072 
47001 
178073 
178074 
178075 
178076 
178081 
178082 
178083 
178084 
178087 
178088 
178091 
178095 
178098 
178100 
178103 
47034 
47035 
178108 
178111 
178115 
47064 
47114 
178188 
178190 
178191 
178193 
178195 
178197 
178198 
178199 
178202 
178203 
178205 
178207 
178210 
178211 
178213 
178214 
178216 
178217 
178219 
178220 
178222 
178224 
178225 
178227 
178228 
178242 
178244 
178245 
178246 
178251 
178254 
178255 
178257 
178263 
178266 
47195 
178270 
47199 
178271 
178272 
178274 
47203 
178275 
178277 
178282 
178283 
178300 
178303 
178305 
178306 
178311 
178312 
178313 
178314 
178316 
178317 
47247 
47250 
47253 
178325 
178331 
178336 
178351 
178354 
178359 
178365 
178369 
178371 
178379 
178386 
178389 
178403 
178409 
178415 
47344 
178424 
178431 
178434 
178447 
178451 
178452 
47386 
178458 
178462 
178466 
178470 
178475 
178476 
178477 
178481 
178491 
178494 
178495 
178497 
47441 
47457 
47472 
47473 
47478 
47480 
47487 
47488 
47489 
178568 
178569 
178570 
178574 
178575 
178576 
47504 
47506 
47507 
178579 
178580 
178583 
47512 
178584 
178587 
178588 
47518 
178591 
47522 
178594 
178595 
178597 
47527 
47528 
178601 
178602 
178604 
178606 
178608 
178609 
178612 
178614 
178618 
178621 
178622 
178625 
178627 
47577 
47579 
47580 
47581 
47582 
47583 
47584 
47585 
47607 
47611 
47652 
47656 
47668 
47682 
47685 
47687 
47689 
47702 
47719 
47722 
47725 
47730 
47732 
47733 
47736 
47737 
47745 
47747 
47755 
47756 
47757 
47758 
47759 
47760 
47761 
47781 
47795 
47797 
47798 
47808 
47818 
47819 
47841 
47853 
47857 
47870 
47871 
47872 
47877 
47878 
178954 
47883 
178955 
47884 
178956 
47885 
178960 
178961 
178962 
178965 
47894 
178966 
47895 
47896 
178968 
47899 
178971 
47900 
178973 
178975 
178977 
178980 
178981 
178985 
178987 
178988 
178991 
47922 
178995 
179000 
179002 
179003 
47933 
179006 
179008 
179010 
179011 
47941 
47942 
47943 
179016 
179018 
47948 
47949 
179023 
179028 
179029 
47958 
179030 
47959 
47960 
179034 
47964 
47966 
179044 
179047 
179048 
179050 
179105 
179106 
179107 
48042 
48046 
179119 
179120 
48071 
179143 
179144 
179145 
48075 
179149 
179150 
179151 
179154 
179155 
48085 
48086 
179158 
48087 
179159 
179161 
179163 
48095 
179167 
48096 
48097 
179169 
179170 
179172 
179176 
179177 
179179 
179181 
179185 
179188 
179189 
179192 
179194 
179196 
179197 
179200 
179202 
179249 
179254 
179259 
48188 
179270 
179275 
179280 
179290 
179293 
179297 
179303 
179307 
179314 
179328 
179333 
179338 
179347 
48281 
179353 
179357 
179366 
179373 
179375 
179381 
179384 
179387 
179395 
179396 
179397 
179399 
179400 
179403 
179407 
179409 
179410 
179425 
179434 
179440 
179448 
179454 
48384 
179457 
179465 
179469 
179470 
179474 
179477 
179480 
179485 
179486 
179490 
179491 
179492 
179494 
179495 
179499 
179502 
179503 
179507 
179508 
179511 
179513 
179517 
179518 
179520 
179521 
179523 
179526 
48458 
179532 
179533 
179539 
179540 
48473 
48474 
48475 
179547 
179548 
48477 
179549 
48478 
179550 
179551 
179552 
48484 
48485 
179557 
48486 
179559 
179560 
48490 
179563 
48492 
179564 
179569 
48501 
48502 
48503 
48504 
48506 
179581 
48510 
179582 
48511 
179583 
48512 
179584 
179585 
48514 
179586 
179587 
48516 
179588 
179599 
179600 
179601 
179602 
179605 
179606 
179607 
179608 
179610 
179614 
179615 
179617 
179620 
179621 
179622 
179626 
179627 
179628 
179630 
179634 
179636 
179637 
179640 
179641 
179647 
48576 
179648 
48580 
179659 
179660 
179662 
179663 
179664 
179665 
179672 
179673 
48603 
179678 
48607 
179679 
179680 
179681 
179685 
179686 
48619 
179691 
48620 
179692 
48621 
179693 
179696 
179701 
179702 
48631 
179703 
179707 
179708 
179710 
179711 
179712 
48642 
179719 
179720 
179721 
179722 
48652 
179726 
179727 
48657 
179730 
179732 
48664 
179736 
179737 
48667 
179739 
179741 
179744 
179749 
179755 
179757 
48687 
48688 
179763 
48692 
179764 
48693 
179765 
179766 
48695 
48696 
179772 
179773 
179774 
179776 
179777 
179780 
179784 
179786 
179787 
48734 
48739 
48741 
179821 
179822 
179824 
179826 
179828 
179829 
179831 
179832 
179834 
179836 
179837 
179839 
179841 
179843 
179844 
179846 
179848 
179850 
48779 
179851 
179853 
179855 
179856 
179858 
179861 
179863 
179865 
179867 
179869 
179870 
179872 
179873 
179875 
179876 
48805 
179878 
179880 
48809 
179883 
179884 
179885 
48814 
179888 
179889 
179891 
179892 
179895 
179897 
179898 
179905 
179906 
179910 
179911 
179912 
48841 
179914 
179915 
48845 
179919 
179922 
179923 
179927 
179928 
179931 
179933 
179937 
179938 
179940 
179941 
179944 
179946 
179953 
179954 
179959 
179961 
179967 
179968 
179969 
179970 
179971 
179972 
48903 
179977 
179979 
179980 
179983 
179984 
48913 
179989 
48917 
48923 
180001 
180002 
180003 
48931 
180004 
180005 
180006 
180007 
180008 
180019 
180020 
48949 
180021 
180022 
48951 
180023 
180025 
180028 
180029 
180030 
180034 
180037 
180038 
180039 
180040 
180042 
180046 
180047 
180048 
180053 
180055 
180056 
180059 
180060 
48989 
48990 
48993 
180065 
48994 
48996 
180076 
180078 
180079 
180080 
180081 
180082 
180083 
180091 
180094 
180095 
180096 
180098 
180101 
180102 
180103 
180107 
180110 
180111 
180112 
180113 
49042 
49044 
49045 
49046 
49047 
180123 
180130 
180133 
180143 
180146 
180151 
180161 
180164 
180168 
180175 
180177 
180184 
49118 
49119 
49120 
49121 
49125 
49126 
180199 
180205 
180208 
180218 
180224 
49154 
49157 
180229 
180243 
180246 
180249 
180253 
180258 
180262 
180293 
180299 
180305 
180313 
180320 
180323 
180333 
180337 
180338 
180342 
180346 
180350 
180353 
180354 
180356 
180358 
180359 
180361 
180362 
180364 
180366 
180368 
180369 
180371 
180374 
180375 
180377 
49306 
180379 
180380 
180382 
180383 
180385 
180387 
180388 
180390 
180394 
180395 
180397 
180399 
180400 
180402 
180404 
180406 
180407 
180409 
180542 
180543 
180545 
180549 
180550 
180553 
180554 
180556 
180564 
180565 
49497 
49498 
180570 
180571 
49500 
49501 
180573 
49502 
180574 
180575 
180576 
180583 
180584 
180593 
180594 
180595 
180596 
180600 
180602 
180608 
180609 
180610 
180611 
180616 
180617 
180618 
49549 
180622 
49551 
180623 
49552 
49553 
180625 
49554 
180626 
180627 
49557 
49558 
49559 
49560 
180634 
180635 
49564 
180636 
49565 
180637 
180641 
180642 
180645 
180647 
180651 
180652 
180654 
180656 
180659 
180664 
180670 
180672 
180678 
180679 
180680 
180681 
180686 
180687 
180688 
180692 
180693 
180695 
180696 
180697 
180704 
180705 
180706 
180707 
180711 
180712 
49641 
49642 
180715 
180717 
49646 
49647 
49649 
180721 
49650 
180722 
180724 
180726 
180729 
180734 
49668 
180740 
180742 
180748 
180749 
180750 
180751 
180755 
180760 
49692 
180765 
49696 
49704 
180776 
180781 
180786 
49715 
180796 
180799 
180803 
180809 
49739 
180813 
180820 
49749 
49752 
49758 
180840 
49771 
180846 
49775 
180849 
49785 
180859 
180865 
180869 
180879 
180884 
180887 
49819 
180893 
180896 
180899 
180906 
49838 
180915 
49845 
180921 
49855 
180929 
49861 
180934 
180939 
180946 
180949 
180952 
49881 
180955 
49884 
180958 
180961 
49893 
49897 
49903 
49912 
49914 
49917 
180991 
180994 
180995 
180997 
180999 
181000 
49930 
181002 
181003 
49933 
181005 
181007 
181008 
181010 
181013 
181014 
181016 
181018 
181020 
181021 
181023 
181025 
181027 
49956 
181028 
181031 
181033 
181034 
181037 
181039 
181040 
181042 
181044 
181045 
181048 
49988 
49997 
50007 
50010 
50020 
50030 
50033 
50050 
50085 
50098 
50100 
50103 
181176 
181177 
181182 
181184 
181185 
181187 
50117 
181189 
181193 
50125 
50126 
50127 
50129 
181201 
181203 
181204 
181205 
181206 
50135 
181207 
50136 
181208 
50137 
181216 
50145 
181219 
181220 
50150 
50151 
181225 
181227 
50156 
181230 
50159 
181231 
181232 
50162 
50163 
181236 
181239 
181240 
181241 
181242 
50173 
50174 
181246 
50175 
181247 
181248 
50179 
181252 
181253 
50182 
50183 
181255 
181256 
181257 
181264 
181265 
181270 
181271 
181275 
181276 
181279 
181281 
181285 
181286 
181288 
181290 
181292 
181297 
181304 
181306 
181312 
181313 
181314 
181315 
181346 
181347 
181349 
50278 
181351 
181352 
181354 
181356 
50285 
50286 
181358 
50287 
181359 
181361 
50291 
181365 
181367 
181368 
50298 
181370 
50299 
50300 
181372 
181373 
181375 
181377 
181379 
181381 
181388 
181389 
181390 
181392 
181396 
181398 
181400 
181415 
181421 
181424 
181434 
181439 
181443 
181454 
181459 
181463 
181470 
181474 
181475 
50498 
50499 
50500 
50505 
50511 
50512 
50513 
50518 
50721 
50725 
50732 
50733 
50736 
50737 
50741 
50744 
50752 
50753 
50759 
50760 
50849 
50858 
50859 
50860 
50865 
50868 
50869 
50870 
50879 
50880 
50895 
50896 
50919 
50932 
50943 
50944 
50956 
50958 
50959 
50960 
50961 
50962 
50969 
50970 
50977 
50978 
50979 
50980 
50981 
50982 
50983 
50992 
50993 
50994 
50995 
50996 
50997 
50998 
51005 
51006 
51014 
51028 
51030 
51031 
51032 
51033 
51034 
51041 
51045 
51062 
51063 
51069 
51080 
182159 
51092 
182164 
182169 
51098 
182178 
182182 
182184 
182188 
182193 
182194 
51126 
51127 
182199 
182204 
182214 
182218 
51148 
182221 
182225 
182227 
182233 
182236 
182251 
182253 
182254 
182258 
182261 
182262 
182266 
182267 
182268 
182270 
182271 
182275 
182282 
182285 
182298 
182299 
182303 
182304 
182305 
182306 
182313 
182319 
182322 
182329 
182334 
182337 
182343 
182344 
182347 
182351 
182356 
182361 
182365 
182367 
182371 
182372 
182376 
182378 
182380 
182382 
182384 
182400 
182406 
182413 
182415 
182416 
182417 
182419 
182421 
182422 
182426 
182437 
182438 
182442 
182443 
182448 
182449 
182451 
182452 
182453 
182454 
182461 
182462 
182465 
182466 
182468 
182469 
182470 
182476 
182478 
182480 
182482 
182485 
182486 
182488 
182496 
182497 
182502 
182504 
182510 
182511 
182512 
182513 
182518 
182519 
182521 
182522 
182523 
182524 
182531 
182532 
182535 
182536 
182538 
182539 
182540 
182546 
182548 
182549 
182552 
182555 
182556 
51485 
51486 
182558 
182565 
182566 
182572 
182573 
182580 
182581 
182582 
182583 
182584 
182585 
182588 
182589 
182590 
182591 
182600 
182602 
51534 
51535 
182614 
182615 
182616 
182617 
182618 
182619 
182620 
182621 
182635 
182636 
182637 
182638 
182639 
182641 
182644 
182645 
182646 
182650 
182651 
182653 
182656 
182657 
182658 
51587 
182662 
51594 
51612 
51613 
182689 
182690 
182691 
182692 
182694 
182695 
182702 
182703 
51632 
51633 
182714 
182715 
182717 
182720 
182721 
182725 
182727 
182729 
182730 
51659 
51661 
182733 
51662 
182734 
51663 
182735 
51664 
182741 
182742 
51671 
182743 
182745 
182752 
182753 
182755 
182758 
182759 
182760 
182763 
182764 
182765 
182766 
182768 
182777 
182779 
182780 
182791 
182792 
182794 
182795 
182796 
182797 
51729 
182806 
182807 
51738 
51739 
182811 
182812 
51741 
51742 
51743 
51744 
182816 
51745 
182817 
51746 
51747 
182820 
182821 
51752 
182826 
182827 
51756 
182828 
182831 
182836 
182838 
51767 
182839 
182840 
182841 
182842 
182843 
51779 
182851 
182854 
182855 
182856 
182857 
182859 
182860 
182861 
182867 
182869 
182870 
51799 
182873 
182876 
182877 
51810 
182884 
182890 
182892 
182898 
182899 
51828 
182900 
51829 
182901 
51836 
51837 
51840 
51841 
51842 
51843 
51844 
51845 
51846 
51854 
182928 
182931 
182936 
182938 
182939 
51868 
51870 
182943 
51872 
51873 
182946 
51874 
182947 
51875 
51876 
182961 
182962 
182963 
51891 
182964 
51892 
182966 
182967 
51895 
182972 
182973 
182980 
182983 
182996 
182997 
183002 
183003 
183004 
51932 
183005 
51934 
183006 
183007 
51936 
51937 
183011 
183013 
183015 
183017 
183019 
51951 
51953 
51954 
51956 
183035 
183041 
183048 
183050 
183060 
183061 
183062 
183064 
183066 
183067 
183072 
183073 
183074 
183076 
183078 
183079 
183080 
183084 
52023 
183097 
183103 
183106 
52041 
183114 
52045 
183118 
183120 
52049 
52056 
183130 
183133 
183139 
183146 
183148 
52076 
52077 
183154 
183169 
183175 
52104 
52105 
183178 
183190 
183194 
183196 
183203 
183207 
183209 
52143 
183216 
52145 
183219 
52147 
183221 
183223 
183225 
183226 
183228 
183232 
183233 
52161 
183235 
52163 
52165 
183240 
183245 
183246 
183251 
183252 
183254 
183255 
183256 
183257 
183266 
183267 
52199 
52201 
183275 
52203 
183276 
183280 
183281 
183284 
183286 
52214 
52216 
52218 
183292 
183293 
183294 
183295 
52223 
52228 
183318 
183319 
183320 
183321 
183323 
183324 
183331 
183332 
183343 
183344 
183346 
183349 
183350 
183354 
183356 
183357 
183359 
183362 
183363 
183364 
183369 
183370 
183372 
183373 
183381 
183382 
183384 
183387 
183392 
183394 
183395 
183396 
183397 
183398 
183399 
183407 
183410 
183411 
183412 
183413 
52342 
183415 
183416 
183417 
183423 
183425 
183426 
183429 
183432 
183433 
183439 
183446 
183448 
183454 
183455 
183456 
183457 
183458 
183459 
183461 
183462 
183463 
183464 
183471 
183472 
183479 
183481 
183482 
183485 
183486 
183487 
183493 
183494 
183495 
183497 
183498 
183506 
183507 
183509 
183510 
183514 
183519 
183520 
183526 
183527 
52455 
52456 
183550 
183551 
52480 
183553 
52481 
183554 
183555 
183556 
183563 
183564 
183567 
183568 
183570 
183571 
183572 
183573 
52507 
183580 
183581 
52509 
183583 
52511 
183584 
183587 
183591 
183592 
183594 
183599 
183601 
183607 
183608 
52536 
52538 
52540 
183614 
183615 
183616 
183617 
183618 
183619 
183621 
183622 
183629 
183630 
183641 
183642 
183644 
183647 
183648 
52579 
183652 
52581 
183654 
183655 
52583 
183657 
183660 
183661 
52590 
52592 
183665 
52594 
183667 
183668 
52601 
183675 
183676 
52611 
52613 
183686 
183693 
183696 
52626 
52628 
183706 
52637 
183710 
52639 
52640 
183713 
52641 
52643 
52644 
52650 
52651 
183726 
183727 
183730 
52660 
183734 
52664 
183739 
183741 
183743 
52672 
52673 
183747 
183749 
183751 
52685 
52686 
52687 
52689 
52691 
183766 
183769 
183774 
183776 
183777 
183782 
183784 
183786 
52714 
183788 
52716 
183789 
183791 
183792 
183794 
52725 
183798 
52726 
52729 
52730 
52731 
183815 
183818 
183820 
183822 
183825 
183826 
183827 
52756 
183829 
52769 
52770 
183843 
183845 
183847 
183850 
183852 
183857 
52785 
183862 
52798 
52799 
183873 
183874 
183876 
183877 
183879 
183883 
183890 
183892 
183893 
183894 
183896 
183897 
52860 
52872 
52873 
52880 
52882 
52883 
52884 
52886 
52887 
52888 
52889 
52901 
52902 
52903 
52904 
52909 
52911 
52961 
52962 
52963 
52966 
52968 
184085 
53017 
53019 
184092 
53020 
53021 
53022 
184095 
53026 
53028 
53029 
184105 
53036 
184109 
53037 
184111 
53044 
184122 
184127 
53057 
184130 
53058 
53059 
53063 
184141 
53069 
184142 
53070 
53073 
184147 
53075 
184154 
184156 
184158 
184161 
184163 
53103 
53104 
184178 
184184 
184200 
184202 
184203 
184204 
184205 
184207 
184208 
184210 
184215 
184216 
184217 
184218 
184220 
184221 
184222 
184227 
53155 
53156 
184234 
184241 
184244 
184258 
184262 
184265 
184274 
53203 
53204 
184278 
184280 
184287 
184290 
184292 
53676 
53677 
53722 
53726 
53727 
53728 
53729 
53792 
53799 
53800 
53820 
53823 
53828 
53842 
53858 
53893 
53896 
53904 
53980 
53983 
53986 
53996 
53997 
53998 
53999 
54002 
54018 
54020 
54021 
54027 
54038 
54048 
54050 
54051 
54057 
54060 
54071 
54072 
54073 
54074 
54078 
54079 
54080 
54086 
54113 
54115 
54122 
54123 
54124 
54131 
54140 
54155 
54214 
54219 
54227 
54232 
54243 
54272 
54278 
54281 
54283 
54297 
54298 
54299 
54300 
54310 
54311 
54313 
54317 
54319 
54326 
54327 
54329 
54333 
54339 
54344 
54353 
54360 
54361 
54362 
54363 
54367 
54368 
54369 
54372 
54384 
54398 
54399 
54400 
54404 
54408 
54409 
54415 
54419 
54424 
54429 
54433 
54437 
54439 
54442 
54445 
54450 
54453 
54458 
54461 
54469 
54472 
54511 
54514 
54516 
54517 
54522 
54525 
54556 
54563 
54564 
54568 
54571 
54574 
54575 
54581 
54586 
54725 
54729 
54731 
54738 
54754 
54768 
54797 
54801 
54805 
54975 
54977 
54989 
54996 
55008 
55015 
55044 
55047 
55053 
55055 
55060 
55063 
55068 
55070 
55110 
55112 
55119 
55137 
55140 
55175 
55176 
55178 
55181 
55189 
55198 
55201 
55204 
55207 
55211 
55217 
55220 
55293 
55294 
55315 
55316 
55338 
55339 
55343 
55344 
55351 
55354 
55367 
55370 
55396 
55397 
55400 
55402 
55406 
55407 
55414 
55417 
55604 
55605 
55619 
55620 
55642 
55643 
55657 
55659 
55662 
55664 
55671 
55674 
55707 
55708 
55712 
55713 
55716 
55718 
55721 
55722 
55729 
55730 
55731 
55733 
55751 
55756 
55757 
55758 
55760 
55761 
55763 
55766 
55767 
55768 
55770 
55772 
55773 
55781 
55789 
55790 
55791 
55793 
55856 
55861 
55862 
55863 
55865 
55867 
55868 
55913 
55918 
55919 
55920 
55922 
55924 
55925 
55933 
55934 
55935 
55937 
55939 
55940 
55947 
56002 
56003 
56004 
56006 
56008 
56009 
56016 
56019 
56020 
56021 
56022 
56041 
56042 
56043 
56044 
56057 
56063 
56064 
56065 
56067 
56069 
56070 
56073 
56074 
56075 
56078 
56079 
56080 
56087 
57124 
57128 
57134 
57153 
57155 
57201 
57246 
57248 
57293 
57307 
57311 
57316 
57467 
57507 
57509 
57511 
57517 
57520 
57521 
57557 
57572 
57574 
57576 
57587 
57588 
57590 
57631 
57634 
57635 
57653 
57656 
57657 
57699 
57755 
57773 
57775 
57780 
57783 
57785 
57790 
57800 
57821 
57822 
57823 
57824 
57835 
57836 
57839 
57840 
57863 
57864 
57867 
57868 
57876 
57877 
57880 
57881 
57882 
57884 
57896 
57898 
57923 
57991 
57994 
58009 
58012 
58098 
58166 
58169 
58176 
58179 
58227 
58228 
58229 
58230 
58254 
58255 
58256 
58257 
58263 
58265 
58269 
58270 
58273 
58274 
58275 
58276 
58277 
58278 
58281 
58283 
58287 
58298 
58304 
58306 
58349 
58354 
58356 
58363 
58364 
58380 
58383 
58386 
58388 
58390 
58392 
58394 
58396 
58398 
58400 
58447 
58449 
58470 
58510 
58512 
58514 
58515 
58518 
58520 
58574 
58581 
58583 
58587 
58596 
58607 
58612 
58613 
58623 
58629 
58631 
58635 
58636 
58642 
58646 
58650 
58654 
58655 
58662 
58663 
58667 
58669 
58671 
58675 
58682 
58683 
58691 
58702 
58703 
58704 
58706 
58711 
58716 
58717 
58721 
58722 
58724 
58743 
58745 
58753 
58756 
58760 
58767 
58771 
58778 
58783 
58792 
58803 
58811 
58812 
58820 
58823 
58824 
58830 
58833 
58834 
58840 
58841 
58842 
58847 
58848 
58850 
58852 
58861 
58863 
58864 
58874 
58879 
58881 
58896 
58899 
58900 
58903 
58905 
58909 
58913 
58921 
58926 
58927 
58928 
58929 
58935 
58937 
58947 
58949 
59296 
59298 
59308 
59310 
59362 
59363 
59366 
59372 
59375 
59377 
59391 
59399 
59400 
59401 
59402 
59403 
59413 
59414 
59415 
59416 
59430 
59431 
59432 
59433 
59467 
59468 
59469 
59470 
59471 
59481 
59483 
59488 
59494 
59507 
59508 
59511 
59518 
59519 
59522 
59541 
583921 
583922 
583923 
583924 
583925 
583926 
583927 
583928 
583929 
583930 
583931 
583932 
583933 
583934 
583935 
583936 
583937 
583938 
583939 
583940 
583941 
59653 
583942 
583943 
583944 
583945 
583946 
59658 
583947 
583948 
583949 
583950 
583951 
583952 
583953 
583954 
59666 
583955 
583956 
583957 
583958 
583959 
583960 
583961 
59673 
583962 
59674 
583963 
583964 
583965 
583966 
583967 
583968 
583969 
59681 
583970 
583971 
583972 
583973 
583974 
583975 
583976 
583977 
59689 
583978 
583979 
583980 
583981 
59693 
583982 
583983 
583984 
583985 
583986 
583987 
583988 
583989 
583990 
583991 
59703 
583992 
583993 
583994 
59706 
583995 
583996 
59708 
583997 
583998 
583999 
584000 
584001 
584002 
584003 
584004 
584005 
584006 
59718 
584007 
584008 
584009 
59721 
584010 
584011 
59723 
584012 
584013 
584014 
584015 
584016 
584017 
584018 
584019 
584020 
584021 
584022 
584023 
584024 
584025 
584026 
584027 
584028 
584029 
584030 
584031 
584032 
584033 
584034 
584035 
584036 
584037 
584038 
584039 
584040 
584041 
584042 
584043 
584044 
584045 
584046 
584047 
584048 
584049 
584050 
584051 
584052 
584053 
584054 
584055 
584056 
584057 
584058 
584059 
584060 
584061 
584062 
584063 
584064 
584065 
584066 
584067 
584068 
584069 
584070 
584071 
584072 
584073 
584074 
584075 
584076 
584077 
584078 
584079 
584080 
584081 
584082 
584083 
584084 
584085 
584086 
584087 
584088 
584089 
584090 
584091 
584092 
584093 
584094 
584095 
584096 
584097 
584098 
584099 
584100 
584101 
584102 
584103 
584104 
584105 
584106 
584107 
584108 
584109 
584110 
584111 
584112 
584113 
584114 
584115 
584116 
584117 
584118 
584119 
584120 
584121 
584122 
584123 
584124 
584125 
584126 
584127 
584128 
584129 
584130 
584131 
584132 
584133 
584134 
584135 
584136 
584137 
584138 
584139 
584140 
584141 
584142 
584143 
584144 
584145 
584146 
584147 
584148 
584149 
584150 
584151 
584152 
584153 
584154 
584155 
584156 
584157 
584158 
584159 
584160 
584161 
584162 
584163 
584164 
584165 
584166 
584167 
584168 
584169 
584170 
584171 
584172 
584173 
584174 
584175 
584176 
584177 
584178 
584179 
584180 
584181 
584182 
584183 
584184 
584185 
584186 
584187 
584188 
584189 
584190 
584191 
584192 
584193 
584194 
584195 
584196 
584197 
584198 
584199 
584200 
584201 
584202 
584203 
584204 
584205 
584206 
584207 
584208 
584209 
584210 
584211 
584212 
584213 
584214 
584215 
584216 
584217 
584218 
584219 
584220 
584221 
584222 
584223 
584224 
584225 
584226 
584227 
584228 
59940 
584229 
584230 
59942 
584231 
584232 
584233 
584234 
584235 
584236 
584237 
584238 
584239 
584240 
584241 
59953 
584242 
584243 
584244 
584245 
584246 
584247 
584248 
584249 
584250 
584251 
59963 
584252 
584253 
584254 
584255 
584256 
584257 
584258 
584259 
584260 
584261 
584262 
584263 
59975 
584264 
584265 
584266 
584267 
584268 
584269 
584270 
584271 
584272 
584273 
584274 
584275 
584276 
584277 
584278 
584279 
584280 
584281 
584282 
584283 
584284 
584285 
584286 
584287 
584288 
584289 
584290 
584291 
584292 
584293 
584294 
584295 
584296 
584297 
584298 
584299 
60011 
584300 
60012 
584301 
584302 
584303 
60015 
584304 
60016 
584305 
60017 
584306 
584307 
584308 
584309 
584310 
584311 
584312 
584313 
584314 
584315 
584316 
584317 
584318 
584319 
584320 
584321 
584322 
584323 
584324 
584325 
584326 
584327 
584328 
584329 
584330 
584331 
584332 
584333 
584334 
584335 
584336 
584337 
584338 
584339 
584340 
584341 
584342 
584343 
584344 
584345 
584346 
584347 
584348 
584349 
584350 
584351 
584352 
584353 
584354 
584355 
584356 
584357 
584358 
584359 
584360 
584361 
584362 
584363 
584364 
584365 
584366 
584367 
584368 
584369 
60081 
584370 
60082 
584371 
60083 
584372 
60084 
584373 
584374 
584375 
584376 
584377 
584378 
60090 
584379 
584380 
584381 
584382 
584383 
584384 
584385 
584386 
584387 
584388 
584389 
584390 
60102 
584391 
584392 
584393 
60105 
584394 
584395 
584396 
584397 
584398 
584399 
584400 
584401 
60113 
584402 
584403 
584404 
584405 
584406 
60118 
584407 
584408 
584409 
584410 
60122 
584411 
584412 
584413 
584414 
584415 
584416 
584417 
60129 
584418 
60130 
584419 
584420 
584421 
60133 
584422 
584423 
584424 
584425 
584426 
584427 
60139 
584428 
584429 
584430 
60142 
584431 
584432 
60144 
584433 
584434 
584435 
584436 
584437 
584438 
584439 
584440 
584441 
584442 
584443 
584444 
584445 
584446 
584447 
584448 
60160 
584449 
584450 
584451 
584452 
584453 
60165 
584454 
60166 
584455 
60167 
584456 
60168 
584457 
584458 
584459 
584460 
584461 
584462 
584463 
584464 
584465 
584466 
584467 
584468 
584469 
584470 
584471 
584472 
60184 
584473 
60185 
584474 
584475 
584476 
60188 
584477 
60189 
584478 
60190 
584479 
584480 
584481 
584482 
584483 
584484 
60196 
584485 
584486 
584487 
60199 
584488 
584489 
584490 
584491 
584492 
584493 
584494 
584495 
584496 
584497 
584498 
584499 
60211 
584500 
584501 
584502 
584503 
584504 
584505 
584506 
584507 
584508 
60220 
584509 
584510 
60222 
584511 
584512 
584513 
584514 
584515 
584516 
584517 
584518 
60230 
584519 
584520 
60232 
584521 
584522 
584523 
584524 
584525 
60237 
584526 
584527 
584528 
584529 
584530 
584531 
584532 
584533 
584534 
584535 
584536 
584537 
584538 
584539 
584540 
584541 
584542 
584543 
584544 
584545 
584546 
584547 
584548 
584549 
584550 
584551 
584552 
584553 
584554 
584555 
584556 
584557 
584558 
584559 
584560 
584561 
584562 
60274 
584563 
60275 
584564 
584565 
584566 
584567 
584568 
584569 
60281 
584570 
584571 
60283 
584572 
584573 
584574 
584575 
584576 
584577 
584578 
584579 
584580 
584581 
584582 
584583 
584584 
584585 
584586 
584587 
584588 
584589 
584590 
584591 
584592 
584593 
584594 
584595 
584596 
584597 
584598 
584599 
584600 
584601 
60313 
584602 
584603 
60315 
584604 
584605 
584606 
584607 
584608 
584609 
584610 
584611 
584612 
584613 
584614 
584615 
584616 
584617 
584618 
584619 
584620 
584621 
584622 
584623 
584624 
584625 
584626 
584627 
584628 
584629 
584630 
584631 
584632 
584633 
584634 
584635 
60347 
584636 
584637 
60349 
584638 
584639 
584640 
584641 
584642 
584643 
584644 
584645 
584646 
584647 
584648 
584649 
584650 
584651 
584652 
584653 
584654 
584655 
584656 
584657 
584658 
584659 
584660 
584661 
584662 
584663 
584664 
584665 
584666 
584667 
584668 
584669 
60381 
584670 
584671 
60383 
584672 
60384 
584673 
584674 
584675 
584676 
584677 
584678 
584679 
584680 
584681 
584682 
584683 
584684 
584685 
584686 
584687 
584688 
584689 
584690 
584691 
584692 
584693 
584694 
584695 
60407 
584696 
584697 
584698 
584699 
584700 
584701 
584702 
60414 
584703 
584704 
60416 
584705 
584706 
584707 
584708 
584709 
584710 
584711 
584712 
60424 
584713 
584714 
60426 
584715 
584716 
584717 
584718 
584719 
584720 
584721 
584722 
584723 
584724 
584725 
584726 
584727 
584728 
584729 
584730 
584731 
584732 
584733 
584734 
584735 
584736 
584737 
584738 
584739 
584740 
584741 
584742 
584743 
584744 
584745 
584746 
584747 
584748 
584749 
584750 
584751 
584752 
584753 
584754 
584755 
584756 
584757 
584758 
584759 
584760 
584761 
584762 
584763 
584764 
584765 
584766 
584767 
584768 
60480 
584769 
60481 
584770 
584771 
584772 
584773 
584774 
584775 
584776 
584777 
584778 
584779 
584780 
584781 
584782 
584783 
584784 
584785 
584786 
584787 
584788 
584789 
584790 
584791 
584792 
584793 
584794 
584795 
584796 
584797 
584798 
584799 
584800 
584801 
584802 
584803 
584804 
584805 
584806 
584807 
584808 
584809 
584810 
584811 
584812 
584813 
584814 
584815 
584816 
584817 
584818 
584819 
584820 
584821 
584822 
584823 
584824 
584825 
584826 
584827 
584828 
584829 
584830 
584831 
584832 
584833 
584834 
584835 
584836 
584837 
584838 
584839 
584840 
584841 
584842 
584843 
584844 
584845 
584846 
584847 
584848 
584849 
584850 
584851 
584852 
584853 
584854 
584855 
584856 
584857 
584858 
584859 
584860 
584861 
584862 
584863 
584864 
584865 
584866 
584867 
584868 
584869 
584870 
584871 
584872 
584873 
584874 
584875 
584876 
584877 
584878 
584879 
584880 
584881 
584882 
584883 
584884 
584885 
584886 
584887 
584888 
584889 
584890 
584891 
584892 
584893 
584894 
584895 
584896 
584897 
584898 
584899 
584900 
584901 
584902 
584903 
584904 
584905 
584906 
584907 
584908 
584909 
584910 
584911 
584912 
584913 
584914 
584915 
584916 
584917 
584918 
584919 
584920 
584921 
584922 
584923 
584924 
584925 
584926 
584927 
584928 
584929 
584930 
584931 
584932 
584933 
584934 
584935 
584936 
584937 
584938 
584939 
584940 
584941 
60653 
584942 
60654 
584943 
584944 
584945 
584946 
584947 
584948 
584949 
584950 
584951 
584952 
584953 
584954 
584955 
584956 
584957 
584958 
584959 
584960 
584961 
584962 
584963 
584964 
584965 
584966 
584967 
584968 
584969 
584970 
584971 
584972 
584973 
584974 
584975 
60687 
584976 
60688 
584977 
584978 
584979 
584980 
584981 
584982 
584983 
584984 
584985 
584986 
584987 
584988 
584989 
584990 
584991 
584992 
584993 
584994 
584995 
584996 
584997 
584998 
584999 
585000 
585001 
585002 
585003 
585004 
585005 
585006 
585007 
585008 
585009 
585010 
585011 
585012 
585013 
585014 
585015 
585016 
585017 
585018 
60730 
585019 
60731 
585020 
585021 
60733 
585022 
60734 
585023 
585024 
585025 
585026 
585027 
585028 
585029 
585030 
585031 
585032 
585033 
585034 
585035 
585036 
585037 
585038 
585039 
585040 
585041 
585042 
585043 
585044 
585045 
585046 
585047 
585048 
585049 
585050 
585051 
585052 
585053 
585054 
60766 
585055 
60767 
585056 
585057 
60769 
585058 
60770 
585059 
585060 
585061 
585062 
585063 
585064 
585065 
585066 
585067 
585068 
585069 
585070 
585071 
585072 
585073 
585074 
585075 
585076 
585077 
585078 
585079 
585080 
585081 
585082 
585083 
585084 
585085 
585086 
585087 
585088 
585089 
585090 
585091 
585092 
585093 
585094 
585095 
585096 
585097 
585098 
585099 
585100 
585101 
585102 
585103 
585104 
585105 
585106 
585107 
585108 
585109 
585110 
585111 
585112 
585113 
585114 
585115 
585116 
585117 
585118 
585119 
585120 
585121 
585122 
60834 
585123 
60835 
585124 
585125 
60837 
585126 
60838 
585127 
585128 
585129 
585130 
585131 
585132 
585133 
585134 
585135 
585136 
585137 
585138 
585139 
585140 
585141 
585142 
585143 
585144 
585145 
585146 
585147 
585148 
585149 
585150 
585151 
585152 
585153 
585154 
585155 
585156 
60868 
585157 
60869 
585158 
585159 
60871 
585160 
60872 
585161 
585162 
585163 
585164 
585165 
585166 
585167 
585168 
585169 
585170 
585171 
585172 
585173 
60885 
585174 
60886 
585175 
585176 
60888 
585177 
585178 
60890 
585179 
60891 
585180 
585181 
585182 
585183 
585184 
60896 
585185 
585186 
585187 
585188 
585189 
585190 
585191 
60903 
585192 
585193 
585194 
60906 
585195 
60907 
585196 
60908 
585197 
585198 
585199 
585200 
585201 
585202 
585203 
60915 
585204 
60916 
585205 
60917 
585206 
585207 
585208 
585209 
585210 
585211 
585212 
585213 
585214 
60926 
585215 
60927 
585216 
585217 
585218 
60930 
585219 
585220 
585221 
585222 
585223 
585224 
585225 
585226 
585227 
585228 
585229 
585230 
585231 
60943 
585232 
585233 
585234 
585235 
585236 
585237 
585238 
585239 
585240 
585241 
585242 
585243 
585244 
585245 
585246 
585247 
585248 
585249 
585250 
585251 
585252 
585253 
585254 
585255 
585256 
585257 
585258 
585259 
585260 
585261 
60973 
585262 
585263 
585264 
585265 
585266 
60978 
585267 
585268 
60980 
585269 
585270 
60982 
585271 
60983 
585272 
585273 
585274 
585275 
60987 
585276 
585277 
585278 
585279 
585280 
585281 
60993 
585282 
585283 
585284 
60996 
585285 
60997 
585286 
60998 
585287 
585288 
585289 
585290 
585291 
585292 
585293 
585294 
585295 
585296 
585297 
585298 
585299 
585300 
585301 
585302 
585303 
585304 
585305 
585306 
585307 
585308 
585309 
585310 
585311 
585312 
585313 
585314 
585315 
585316 
585317 
585318 
585319 
585320 
585321 
585322 
61034 
585323 
585324 
585325 
585326 
585327 
585328 
585329 
585330 
61042 
585331 
585332 
585333 
61045 
585334 
61046 
585335 
61047 
585336 
585337 
585338 
585339 
61051 
585340 
585341 
61053 
585342 
585343 
61055 
585344 
61056 
585345 
585346 
585347 
61059 
585348 
61060 
585349 
61061 
585350 
585351 
585352 
585353 
61065 
585354 
585355 
585356 
585357 
585358 
585359 
585360 
61072 
585361 
585362 
585363 
585364 
585365 
585366 
585367 
585368 
585369 
585370 
585371 
585372 
585373 
585374 
585375 
585376 
585377 
585378 
585379 
585380 
585381 
585382 
585383 
585384 
585385 
585386 
585387 
585388 
585389 
585390 
585391 
585392 
585393 
585394 
585395 
585396 
585397 
61109 
585398 
61110 
585399 
61111 
585400 
585401 
585402 
585403 
585404 
585405 
61117 
585406 
585407 
585408 
585409 
585410 
61122 
585411 
585412 
585413 
585414 
585415 
585416 
585417 
585418 
585419 
61131 
585420 
585421 
585422 
585423 
585424 
61136 
585425 
585426 
585427 
585428 
585429 
585430 
61142 
585431 
585432 
61144 
585433 
61145 
585434 
585435 
61147 
585436 
585437 
585438 
585439 
585440 
585441 
585442 
585443 
61155 
585444 
585445 
585446 
585447 
585448 
585449 
585450 
585451 
61163 
585452 
585453 
585454 
61166 
585455 
585456 
585457 
585458 
585459 
585460 
61172 
585461 
61173 
585462 
61174 
585463 
585464 
585465 
585466 
585467 
585468 
585469 
61181 
585470 
61182 
585471 
61183 
585472 
585473 
585474 
585475 
61187 
585476 
585477 
585478 
585479 
585480 
61192 
585481 
585482 
61194 
585483 
585484 
585485 
585486 
585487 
585488 
585489 
585490 
585491 
585492 
585493 
585494 
585495 
585496 
585497 
585498 
585499 
585500 
585501 
585502 
585503 
585504 
585505 
585506 
585507 
585508 
585509 
585510 
585511 
585512 
585513 
585514 
585515 
585516 
585517 
585518 
585519 
585520 
585521 
585522 
585523 
585524 
585525 
585526 
585527 
585528 
585529 
585530 
585531 
585532 
585533 
585534 
585535 
585536 
585537 
585538 
585539 
585540 
585541 
585542 
585543 
585544 
585545 
585546 
585547 
585548 
585549 
585550 
585551 
585552 
585553 
585554 
585555 
585556 
585557 
585558 
585559 
585560 
585561 
585562 
585563 
585564 
585565 
585566 
585567 
585568 
585569 
585570 
585571 
585572 
585573 
585574 
585575 
585576 
585577 
585578 
585579 
585580 
585581 
585582 
585583 
585584 
585585 
585586 
585587 
585588 
585589 
585590 
585591 
585592 
585593 
585594 
585595 
585596 
585597 
585598 
585599 
585600 
585601 
585602 
585603 
585604 
585605 
585606 
585607 
585608 
585609 
585610 
585611 
585612 
585613 
585614 
585615 
585616 
585617 
585618 
585619 
585620 
585621 
585622 
585623 
585624 
585625 
585626 
585627 
585628 
585629 
585630 
585631 
585632 
585633 
585634 
585635 
585636 
585637 
585638 
585639 
585640 
585641 
585642 
585643 
585644 
585645 
585646 
585647 
585648 
585649 
585650 
585651 
585652 
585653 
585654 
585655 
585656 
585657 
585658 
585659 
585660 
585661 
585662 
585663 
585664 
585665 
585666 
585667 
585668 
585669 
585670 
585671 
585672 
585673 
585674 
585675 
585676 
585677 
585678 
585679 
585680 
585681 
585682 
585683 
585684 
585685 
585686 
585687 
585688 
585689 
585690 
585691 
585692 
585693 
585694 
585695 
585696 
585697 
585698 
585699 
585700 
585701 
585702 
585703 
585704 
585705 
585706 
585707 
585708 
585709 
585710 
585711 
585712 
585713 
585714 
585715 
585716 
585717 
585718 
585719 
585720 
585721 
585722 
585723 
585724 
585725 
585726 
585727 
585728 
585729 
585730 
585731 
585732 
585733 
585734 
585735 
585736 
585737 
585738 
585739 
585740 
585741 
585742 
585743 
585744 
585745 
585746 
585747 
585748 
585749 
585750 
585751 
585752 
585753 
585754 
585755 
585756 
585757 
585758 
585759 
585760 
585761 
585762 
585763 
585764 
585765 
585766 
585767 
585768 
585769 
585770 
585771 
585772 
585773 
585774 
585775 
585776 
585777 
585778 
585779 
585780 
585781 
585782 
585783 
585784 
585785 
585786 
585787 
585788 
585789 
585790 
585791 
585792 
585793 
585794 
585795 
585796 
585797 
585798 
585799 
585800 
585801 
585802 
585803 
585804 
585805 
585806 
585807 
585808 
585809 
585810 
585811 
585812 
585813 
585814 
585815 
585816 
585817 
585818 
585819 
585820 
585821 
585822 
585823 
585824 
585825 
585826 
585827 
585828 
585829 
585830 
585831 
585832 
585833 
585834 
585835 
585836 
585837 
585838 
585839 
585840 
585841 
585842 
585843 
585844 
585845 
585846 
585847 
585848 
585849 
585850 
585851 
585852 
585853 
585854 
585855 
585856 
585857 
585858 
585859 
585860 
585861 
585862 
585863 
585864 
585865 
585866 
585867 
585868 
585869 
585870 
585871 
585872 
585873 
585874 
585875 
585876 
585877 
585878 
585879 
585880 
585881 
585882 
585883 
585884 
585885 
585886 
585887 
585888 
585889 
585890 
585891 
585892 
585893 
585894 
585895 
585896 
585897 
585898 
585899 
585900 
585901 
585902 
585903 
585904 
585905 
585906 
585907 
585908 
585909 
585910 
585911 
585912 
585913 
585914 
585915 
585916 
585917 
585918 
585919 
585920 
585921 
585922 
585923 
585924 
585925 
585926 
585927 
585928 
585929 
585930 
585931 
585932 
585933 
585934 
585935 
585936 
585937 
585938 
585939 
585940 
585941 
585942 
585943 
585944 
585945 
585946 
585947 
585948 
585949 
585950 
585951 
585952 
585953 
585954 
585955 
585956 
585957 
585958 
585959 
585960 
585961 
585962 
585963 
585964 
585965 
585966 
585967 
585968 
585969 
585970 
585971 
585972 
585973 
585974 
585975 
585976 
585977 
585978 
585979 
585980 
585981 
585982 
585983 
585984 
585985 
585986 
585987 
585988 
585989 
585990 
585991 
585992 
585993 
585994 
585995 
585996 
585997 
585998 
585999 
586000 
586001 
586002 
586003 
586004 
586005 
586006 
586007 
586008 
586009 
586010 
586011 
586012 
586013 
586014 
586015 
586016 
586017 
586018 
586019 
586020 
586021 
586022 
586023 
586024 
586025 
586026 
586027 
586028 
586029 
586030 
586031 
586032 
586033 
586034 
586035 
586036 
586037 
586038 
586039 
586040 
586041 
586042 
586043 
586044 
586045 
586046 
586047 
586048 
586049 
586050 
586051 
586052 
586053 
586054 
586055 
586056 
586057 
586058 
586059 
586060 
586061 
586062 
586063 
586064 
586065 
586066 
586067 
586068 
586069 
586070 
586071 
586072 
586073 
586074 
586075 
586076 
586077 
586078 
586079 
586080 
586081 
586082 
586083 
586084 
586085 
586086 
586087 
586088 
586089 
586090 
586091 
586092 
586093 
586094 
586095 
586096 
586097 
586098 
586099 
586100 
586101 
586102 
586103 
586104 
586105 
586106 
586107 
586108 
586109 
586110 
586111 
586112 
586113 
586114 
586115 
586116 
586117 
586118 
586119 
586120 
586121 
586122 
586123 
586124 
586125 
586126 
586127 
586128 
586129 
586130 
586131 
586132 
586133 
586134 
586135 
586136 
586137 
586138 
586139 
586140 
586141 
586142 
586143 
586144 
586145 
586146 
586147 
586148 
586149 
586150 
586151 
586152 
586153 
586154 
586155 
586156 
586157 
586158 
586159 
586160 
586161 
586162 
586163 
586164 
586165 
586166 
586167 
586168 
586169 
586170 
586171 
586172 
586173 
586174 
586175 
586176 
586177 
586178 
586179 
586180 
586181 
586182 
586183 
586184 
586185 
61897 
586186 
586187 
61899 
586188 
586189 
586190 
586191 
61903 
586192 
586193 
586194 
586195 
586196 
586197 
61909 
586198 
586199 
586200 
586201 
586202 
586203 
61915 
586204 
586205 
61917 
586206 
586207 
586208 
61920 
586209 
586210 
61922 
586211 
586212 
586213 
586214 
586215 
586216 
61928 
586217 
586218 
586219 
586220 
586221 
61933 
586222 
586223 
586224 
61936 
586225 
61937 
586226 
61938 
586227 
586228 
586229 
586230 
586231 
586232 
586233 
586234 
586235 
586236 
61948 
586237 
586238 
586239 
586240 
586241 
61953 
586242 
586243 
586244 
61956 
586245 
61957 
586246 
586247 
586248 
61960 
586249 
586250 
586251 
586252 
586253 
586254 
61966 
586255 
586256 
586257 
586258 
586259 
586260 
61972 
586261 
586262 
586263 
586264 
586265 
586266 
586267 
586268 
586269 
586270 
586271 
586272 
586273 
586274 
586275 
586276 
586277 
586278 
586279 
586280 
586281 
586282 
586283 
586284 
586285 
586286 
586287 
586288 
586289 
586290 
586291 
586292 
586293 
586294 
586295 
586296 
586297 
586298 
586299 
586300 
586301 
586302 
586303 
586304 
586305 
586306 
586307 
586308 
586309 
586310 
586311 
586312 
586313 
586314 
586315 
586316 
586317 
586318 
586319 
586320 
586321 
586322 
586323 
586324 
586325 
586326 
586327 
586328 
586329 
586330 
586331 
586332 
586333 
586334 
586335 
586336 
586337 
586338 
586339 
586340 
586341 
586342 
586343 
586344 
586345 
586346 
586347 
586348 
586349 
586350 
586351 
586352 
586353 
586354 
586355 
586356 
586357 
586358 
586359 
586360 
586361 
586362 
586363 
586364 
586365 
586366 
586367 
586368 
586369 
586370 
586371 
586372 
586373 
586374 
586375 
586376 
586377 
586378 
586379 
586380 
586381 
586382 
586383 
586384 
586385 
586386 
586387 
586388 
586389 
586390 
586391 
586392 
586393 
586394 
586395 
586396 
586397 
586398 
586399 
586400 
586401 
586402 
586403 
586404 
586405 
586406 
586407 
586408 
586409 
586410 
586411 
586412 
586413 
586414 
586415 
586416 
586417 
586418 
586419 
586420 
586421 
62133 
586422 
62134 
586423 
62135 
586424 
586425 
586426 
586427 
586428 
586429 
586430 
586431 
62143 
586432 
62144 
586433 
586434 
62146 
586435 
62147 
586436 
62148 
586437 
62149 
586438 
586439 
586440 
62152 
586441 
62153 
586442 
586443 
62155 
586444 
62156 
586445 
62157 
586446 
586447 
586448 
62160 
586449 
62161 
586450 
586451 
62163 
586452 
62164 
586453 
62165 
586454 
62166 
586455 
62167 
586456 
586457 
586458 
586459 
62171 
586460 
62172 
586461 
62173 
586462 
586463 
586464 
62176 
586465 
62177 
586466 
586467 
586468 
586469 
586470 
586471 
586472 
62184 
586473 
586474 
586475 
586476 
62188 
586477 
62189 
586478 
586479 
586480 
586481 
586482 
586483 
586484 
586485 
586486 
586487 
586488 
586489 
586490 
586491 
586492 
586493 
586494 
586495 
586496 
586497 
586498 
586499 
586500 
586501 
586502 
586503 
586504 
586505 
586506 
586507 
586508 
586509 
586510 
586511 
586512 
586513 
586514 
586515 
586516 
586517 
586518 
586519 
586520 
586521 
586522 
586523 
586524 
586525 
586526 
586527 
586528 
586529 
586530 
586531 
586532 
586533 
586534 
586535 
586536 
586537 
586538 
586539 
586540 
586541 
586542 
586543 
586544 
586545 
586546 
586547 
586548 
586549 
586550 
586551 
586552 
586553 
586554 
586555 
586556 
586557 
586558 
586559 
586560 
586561 
586562 
586563 
586564 
586565 
586566 
62278 
586567 
62279 
586568 
62280 
586569 
586570 
586571 
586572 
586573 
62285 
586574 
62286 
586575 
62287 
586576 
586577 
586578 
586579 
62291 
586580 
62292 
586581 
62293 
586582 
586583 
586584 
586585 
586586 
586587 
586588 
586589 
586590 
586591 
586592 
586593 
586594 
586595 
586596 
586597 
586598 
586599 
586600 
586601 
62313 
586602 
62314 
586603 
62315 
586604 
62316 
586605 
62317 
586606 
586607 
586608 
586609 
586610 
586611 
62323 
586612 
62324 
586613 
62325 
586614 
62326 
586615 
62327 
586616 
586617 
586618 
586619 
586620 
586621 
586622 
62334 
586623 
62335 
586624 
62336 
586625 
586626 
62338 
586627 
62339 
586628 
62340 
586629 
586630 
586631 
62343 
586632 
62344 
586633 
586634 
586635 
586636 
586637 
586638 
62350 
586639 
62351 
586640 
62352 
586641 
586642 
586643 
62355 
586644 
62356 
586645 
62357 
586646 
62358 
586647 
62359 
586648 
586649 
586650 
586651 
586652 
586653 
586654 
586655 
586656 
586657 
586658 
62370 
586659 
62371 
586660 
586661 
586662 
586663 
586664 
62376 
586665 
62377 
586666 
586667 
586668 
586669 
586670 
586671 
586672 
586673 
586674 
586675 
586676 
586677 
586678 
586679 
586680 
586681 
586682 
586683 
586684 
586685 
586686 
586687 
586688 
586689 
586690 
586691 
586692 
586693 
586694 
586695 
586696 
586697 
586698 
586699 
586700 
586701 
586702 
586703 
586704 
586705 
586706 
586707 
586708 
586709 
586710 
586711 
586712 
586713 
586714 
586715 
586716 
586717 
586718 
586719 
586720 
586721 
586722 
586723 
586724 
586725 
586726 
586727 
586728 
586729 
586730 
586731 
586732 
586733 
586734 
586735 
586736 
586737 
586738 
586739 
586740 
586741 
586742 
586743 
586744 
586745 
586746 
586747 
586748 
586749 
586750 
586751 
586752 
586753 
586754 
586755 
586756 
586757 
586758 
586759 
586760 
586761 
586762 
586763 
586764 
586765 
586766 
586767 
586768 
586769 
586770 
586771 
586772 
586773 
586774 
586775 
586776 
586777 
586778 
586779 
586780 
586781 
586782 
586783 
586784 
586785 
586786 
586787 
586788 
586789 
586790 
586791 
586792 
586793 
586794 
586795 
586796 
586797 
586798 
586799 
586800 
586801 
586802 
586803 
586804 
586805 
586806 
586807 
586808 
586809 
586810 
586811 
586812 
586813 
62525 
586814 
62526 
586815 
586816 
586817 
586818 
586819 
586820 
586821 
586822 
586823 
586824 
586825 
586826 
586827 
586828 
586829 
586830 
586831 
586832 
586833 
586834 
586835 
586836 
586837 
586838 
586839 
586840 
586841 
586842 
586843 
586844 
586845 
586846 
586847 
586848 
586849 
586850 
586851 
586852 
586853 
586854 
586855 
586856 
586857 
586858 
586859 
586860 
586861 
586862 
586863 
586864 
586865 
62577 
586866 
62578 
586867 
586868 
586869 
586870 
586871 
586872 
586873 
586874 
586875 
586876 
586877 
586878 
586879 
586880 
586881 
586882 
586883 
586884 
586885 
586886 
586887 
586888 
586889 
586890 
586891 
586892 
586893 
586894 
586895 
586896 
586897 
586898 
586899 
586900 
586901 
586902 
586903 
586904 
586905 
586906 
586907 
586908 
586909 
586910 
586911 
586912 
586913 
586914 
586915 
586916 
586917 
586918 
586919 
586920 
586921 
586922 
586923 
586924 
586925 
586926 
586927 
586928 
62640 
586929 
62641 
586930 
586931 
586932 
586933 
586934 
586935 
586936 
586937 
586938 
586939 
586940 
586941 
586942 
586943 
586944 
586945 
586946 
586947 
586948 
586949 
586950 
62662 
586951 
62663 
586952 
586953 
586954 
586955 
586956 
586957 
586958 
586959 
586960 
586961 
586962 
586963 
586964 
586965 
586966 
586967 
586968 
586969 
586970 
586971 
586972 
586973 
586974 
586975 
586976 
586977 
586978 
586979 
586980 
586981 
586982 
586983 
586984 
586985 
586986 
586987 
586988 
586989 
586990 
586991 
586992 
586993 
586994 
586995 
586996 
586997 
586998 
586999 
587000 
587001 
587002 
587003 
587004 
587005 
587006 
587007 
587008 
587009 
587010 
62722 
587011 
62723 
587012 
587013 
587014 
587015 
587016 
62728 
587017 
62729 
587018 
587019 
587020 
587021 
587022 
587023 
587024 
587025 
587026 
587027 
587028 
587029 
587030 
587031 
587032 
587033 
587034 
587035 
587036 
587037 
587038 
587039 
587040 
587041 
587042 
587043 
587044 
587045 
587046 
587047 
587048 
587049 
587050 
587051 
587052 
587053 
587054 
587055 
587056 
587057 
587058 
587059 
587060 
587061 
587062 
587063 
587064 
587065 
587066 
587067 
587068 
587069 
587070 
587071 
587072 
587073 
587074 
587075 
587076 
587077 
587078 
587079 
587080 
587081 
587082 
587083 
587084 
587085 
587086 
587087 
587088 
587089 
587090 
587091 
587092 
587093 
587094 
587095 
587096 
587097 
587098 
587099 
587100 
587101 
587102 
587103 
587104 
587105 
587106 
587107 
587108 
587109 
587110 
587111 
587112 
587113 
587114 
587115 
587116 
587117 
587118 
587119 
587120 
587121 
587122 
587123 
587124 
587125 
587126 
587127 
587128 
587129 
587130 
587131 
587132 
587133 
587134 
587135 
587136 
587137 
587138 
587139 
587140 
587141 
587142 
587143 
587144 
587145 
587146 
587147 
587148 
587149 
587150 
587151 
587152 
587153 
587154 
587155 
587156 
587157 
587158 
587159 
587160 
587161 
587162 
587163 
587164 
587165 
587166 
587167 
587168 
587169 
587170 
587171 
587172 
587173 
587174 
587175 
587176 
587177 
587178 
587179 
587180 
587181 
587182 
587183 
587184 
587185 
587186 
587187 
587188 
587189 
587190 
587191 
587192 
587193 
587194 
587195 
587196 
587197 
587198 
587199 
587200 
587201 
587202 
587203 
587204 
587205 
587206 
587207 
587208 
587209 
587210 
587211 
587212 
587213 
587214 
587215 
587216 
587217 
587218 
587219 
587220 
587221 
587222 
587223 
587224 
587225 
587226 
587227 
587228 
587229 
587230 
587231 
587232 
587233 
587234 
587235 
587236 
587237 
587238 
587239 
587240 
587241 
587242 
587243 
587244 
587245 
587246 
587247 
587248 
587249 
587250 
587251 
587252 
587253 
587254 
587255 
587256 
587257 
587258 
587259 
587260 
587261 
587262 
587263 
587264 
587265 
587266 
587267 
587268 
587269 
587270 
587271 
587272 
587273 
587274 
587275 
587276 
587277 
587278 
587279 
587280 
587281 
587282 
587283 
587284 
587285 
587286 
587287 
587288 
587289 
587290 
587291 
587292 
587293 
587294 
587295 
587296 
587297 
587298 
587299 
587300 
587301 
587302 
587303 
587304 
587305 
587306 
587307 
587308 
587309 
587310 
587311 
587312 
587313 
587314 
587315 
587316 
587317 
587318 
587319 
587320 
587321 
587322 
587323 
587324 
587325 
587326 
587327 
587328 
587329 
587330 
587331 
587332 
587333 
587334 
587335 
587336 
587337 
587338 
587339 
587340 
587341 
587342 
587343 
587344 
587345 
587346 
587347 
587348 
587349 
587350 
587351 
587352 
587353 
587354 
587355 
587356 
587357 
587358 
587359 
587360 
587361 
587362 
587363 
587364 
587365 
587366 
587367 
587368 
587369 
587370 
587371 
587372 
587373 
587374 
587375 
587376 
587377 
587378 
587379 
587380 
587381 
587382 
587383 
587384 
587385 
587386 
587387 
587388 
587389 
587390 
587391 
587392 
587393 
587394 
587395 
587396 
587397 
587398 
587399 
587400 
587401 
587402 
587403 
587404 
587405 
587406 
587407 
587408 
587409 
587410 
587411 
587412 
587413 
587414 
587415 
587416 
587417 
587418 
587419 
587420 
587421 
587422 
587423 
587424 
587425 
587426 
587427 
587428 
587429 
587430 
587431 
587432 
587433 
587434 
587435 
587436 
587437 
587438 
587439 
587440 
587441 
587442 
587443 
587444 
587445 
587446 
587447 
587448 
587449 
587450 
587451 
587452 
587453 
587454 
587455 
587456 
587457 
587458 
587459 
587460 
587461 
587462 
587463 
587464 
587465 
587466 
587467 
587468 
587469 
587470 
587471 
587472 
587473 
587474 
587475 
587476 
587477 
587478 
587479 
587480 
587481 
587482 
587483 
587484 
587485 
587486 
587487 
587488 
587489 
587490 
587491 
587492 
587493 
587494 
587495 
587496 
587497 
587498 
587499 
587500 
587501 
587502 
587503 
587504 
587505 
587506 
587507 
587508 
587509 
587510 
587511 
587512 
587513 
587514 
587515 
587516 
587517 
587518 
587519 
587520 
587521 
587522 
587523 
587524 
587525 
587526 
587527 
587528 
587529 
587530 
587531 
587532 
587533 
587534 
587535 
587536 
587537 
587538 
587539 
587540 
587541 
587542 
587543 
587544 
587545 
587546 
587547 
587548 
587549 
587550 
587551 
587552 
587553 
587554 
587555 
587556 
587557 
587558 
587559 
587560 
587561 
587562 
587563 
587564 
587565 
587566 
587567 
587568 
587569 
587570 
587571 
587572 
587573 
587574 
587575 
587576 
587577 
587578 
587579 
587580 
587581 
587582 
587583 
587584 
587585 
587586 
587587 
587588 
587589 
587590 
587591 
587592 
587593 
587594 
587595 
587596 
587597 
587598 
587599 
587600 
587601 
587602 
587603 
587604 
587605 
587606 
587607 
587608 
587609 
587610 
587611 
587612 
587613 
587614 
587615 
587616 
587617 
587618 
587619 
587620 
587621 
587622 
587623 
587624 
587625 
587626 
587627 
587628 
587629 
587630 
587631 
587632 
587633 
587634 
587635 
587636 
587637 
587638 
587639 
587640 
587641 
587642 
587643 
587644 
587645 
587646 
587647 
587648 
587649 
587650 
587651 
587652 
587653 
587654 
587655 
587656 
587657 
587658 
587659 
587660 
587661 
587662 
587663 
587664 
587665 
587666 
587667 
587668 
587669 
587670 
587671 
587672 
587673 
587674 
587675 
587676 
587677 
587678 
587679 
587680 
587681 
587682 
587683 
587684 
587685 
587686 
587687 
587688 
587689 
587690 
587691 
587692 
587693 
587694 
587695 
587696 
587697 
587698 
587699 
587700 
587701 
587702 
587703 
587704 
587705 
587706 
587707 
587708 
587709 
587710 
587711 
587712 
587713 
587714 
587715 
587716 
587717 
587718 
587719 
587720 
587721 
587722 
587723 
587724 
587725 
587726 
587727 
587728 
587729 
587730 
587731 
587732 
587733 
587734 
587735 
587736 
587737 
587738 
587739 
587740 
587741 
587742 
587743 
587744 
587745 
587746 
587747 
587748 
587749 
587750 
587751 
587752 
587753 
587754 
587755 
587756 
587757 
587758 
587759 
587760 
587761 
587762 
587763 
587764 
587765 
587766 
587767 
587768 
587769 
587770 
587771 
587772 
587773 
587774 
587775 
587776 
587777 
587778 
587779 
587780 
587781 
587782 
587783 
587784 
587785 
587786 
587787 
587788 
587789 
587790 
587791 
587792 
587793 
587794 
587795 
587796 
587797 
587798 
587799 
587800 
587801 
587802 
587803 
587804 
587805 
587806 
587807 
587808 
587809 
587810 
587811 
587812 
587813 
587814 
587815 
587816 
587817 
587818 
587819 
587820 
587821 
587822 
587823 
587824 
587825 
587826 
587827 
587828 
587829 
587830 
587831 
587832 
587833 
587834 
587835 
587836 
587837 
587838 
587839 
587840 
587841 
587842 
587843 
587844 
587845 
587846 
587847 
587848 
587849 
587850 
587851 
587852 
587853 
587854 
587855 
587856 
587857 
587858 
587859 
587860 
587861 
587862 
587863 
587864 
587865 
587866 
587867 
587868 
587869 
587870 
587871 
587872 
587873 
587874 
587875 
587876 
587877 
587878 
587879 
587880 
587881 
587882 
587883 
587884 
587885 
587886 
587887 
587888 
587889 
587890 
587891 
587892 
587893 
587894 
587895 
587896 
587897 
587898 
587899 
587900 
587901 
587902 
587903 
587904 
587905 
587906 
587907 
587908 
587909 
587910 
587911 
587912 
587913 
587914 
587915 
587916 
587917 
587918 
587919 
587920 
587921 
587922 
587923 
587924 
587925 
587926 
587927 
587928 
587929 
587930 
587931 
587932 
587933 
587934 
587935 
587936 
587937 
587938 
587939 
587940 
587941 
587942 
587943 
587944 
587945 
587946 
587947 
587948 
587949 
587950 
587951 
587952 
587953 
587954 
587955 
587956 
587957 
587958 
587959 
587960 
587961 
587962 
587963 
587964 
587965 
587966 
587967 
587968 
587969 
587970 
587971 
587972 
587973 
587974 
587975 
587976 
587977 
587978 
587979 
587980 
587981 
587982 
587983 
587984 
587985 
587986 
587987 
587988 
587989 
587990 
587991 
587992 
587993 
587994 
587995 
587996 
587997 
587998 
587999 
588000 
588001 
588002 
588003 
588004 
588005 
588006 
588007 
588008 
588009 
588010 
588011 
588012 
588013 
588014 
588015 
588016 
588017 
588018 
588019 
588020 
588021 
588022 
588023 
588024 
588025 
588026 
588027 
588028 
588029 
588030 
588031 
588032 
588033 
588034 
588035 
588036 
588037 
588038 
588039 
588040 
588041 
588042 
588043 
588044 
588045 
588046 
588047 
588048 
588049 
588050 
588051 
588052 
588053 
588054 
588055 
588056 
588057 
588058 
588059 
588060 
588061 
588062 
588063 
588064 
588065 
588066 
588067 
588068 
588069 
588070 
588071 
588072 
588073 
588074 
588075 
588076 
588077 
588078 
588079 
588080 
588081 
588082 
588083 
588084 
588085 
588086 
588087 
588088 
588089 
588090 
588091 
588092 
588093 
588094 
588095 
588096 
588097 
588098 
588099 
588100 
588101 
588102 
588103 
588104 
588105 
588106 
588107 
588108 
588109 
588110 
588111 
588112 
588113 
588114 
588115 
588116 
588117 
588118 
588119 
588120 
588121 
588122 
588123 
588124 
588125 
588126 
588127 
588128 
588129 
588130 
588131 
588132 
588133 
588134 
588135 
588136 
588137 
588138 
588139 
588140 
588141 
588142 
588143 
588144 
588145 
588146 
588147 
588148 
588149 
588150 
588151 
588152 
588153 
588154 
588155 
588156 
588157 
588158 
588159 
588160 
588161 
588162 
588163 
588164 
588165 
588166 
588167 
588168 
588169 
588170 
588171 
588172 
588173 
588174 
588175 
588176 
588177 
588178 
588179 
588180 
588181 
588182 
588183 
588184 
588185 
588186 
588187 
588188 
588189 
588190 
588191 
588192 
588193 
588194 
588195 
588196 
588197 
588198 
588199 
588200 
588201 
588202 
588203 
588204 
588205 
588206 
588207 
588208 
588209 
588210 
588211 
588212 
588213 
588214 
588215 
588216 
588217 
588218 
588219 
588220 
588221 
588222 
588223 
588224 
588225 
588226 
588227 
588228 
588229 
588230 
588231 
588232 
588233 
588234 
588235 
588236 
588237 
588238 
588239 
588240 
588241 
588242 
588243 
588244 
588245 
588246 
588247 
588248 
588249 
588250 
588251 
588252 
588253 
588254 
588255 
588256 
588257 
588258 
588259 
588260 
588261 
588262 
588263 
588264 
588265 
588266 
588267 
588268 
588269 
588270 
588271 
588272 
588273 
588274 
588275 
588276 
588277 
588278 
588279 
588280 
588281 
588282 
588283 
588284 
588285 
588286 
588287 
588288 
588289 
588290 
588291 
588292 
588293 
588294 
588295 
588296 
588297 
588298 
588299 
588300 
588301 
588302 
588303 
588304 
588305 
588306 
588307 
588308 
588309 
588310 
588311 
588312 
588313 
588314 
588315 
588316 
588317 
588318 
588319 
588320 
588321 
588322 
588323 
588324 
588325 
588326 
588327 
588328 
588329 
588330 
588331 
588332 
588333 
588334 
588335 
588336 
588337 
588338 
588339 
588340 
588341 
588342 
588343 
588344 
588345 
588346 
588347 
588348 
588349 
588350 
588351 
588352 
588353 
588354 
588355 
588356 
588357 
588358 
588359 
588360 
588361 
588362 
588363 
588364 
588365 
588366 
588367 
588368 
588369 
588370 
588371 
588372 
588373 
588374 
588375 
588376 
588377 
588378 
588379 
588380 
588381 
588382 
588383 
588384 
588385 
588386 
588387 
588388 
588389 
588390 
588391 
588392 
588393 
588394 
588395 
588396 
588397 
588398 
588399 
588400 
588401 
588402 
588403 
588404 
588405 
588406 
588407 
588408 
588409 
588410 
588411 
588412 
588413 
588414 
588415 
588416 
588417 
588418 
588419 
588420 
588421 
588422 
588423 
588424 
588425 
588426 
588427 
588428 
588429 
588430 
588431 
588432 
588433 
588434 
588435 
588436 
588437 
588438 
588439 
588440 
588441 
588442 
588443 
588444 
588445 
588446 
588447 
588448 
588449 
588450 
588451 
588452 
588453 
588454 
588455 
588456 
588457 
588458 
588459 
588460 
588461 
588462 
588463 
588464 
588465 
588466 
588467 
588468 
588469 
588470 
588471 
588472 
588473 
64185 
588474 
64186 
588475 
588476 
588477 
588478 
588479 
588480 
588481 
588482 
588483 
588484 
588485 
64197 
588486 
588487 
588488 
588489 
588490 
588491 
588492 
588493 
588494 
588495 
588496 
588497 
588498 
588499 
588500 
588501 
588502 
588503 
588504 
588505 
588506 
588507 
588508 
588509 
588510 
588511 
588512 
588513 
588514 
588515 
588516 
588517 
588518 
588519 
588520 
588521 
588522 
588523 
588524 
588525 
588526 
64238 
588527 
64239 
588528 
588529 
588530 
588531 
588532 
64244 
588533 
64245 
588534 
588535 
588536 
588537 
588538 
588539 
588540 
588541 
64253 
588542 
64254 
588543 
588544 
64256 
588545 
588546 
588547 
588548 
588549 
588550 
588551 
588552 
588553 
588554 
588555 
588556 
588557 
588558 
588559 
588560 
588561 
588562 
588563 
588564 
588565 
588566 
588567 
588568 
588569 
588570 
588571 
588572 
588573 
588574 
588575 
588576 
588577 
588578 
588579 
588580 
588581 
588582 
588583 
588584 
588585 
588586 
588587 
588588 
588589 
588590 
588591 
588592 
588593 
588594 
588595 
588596 
588597 
588598 
588599 
588600 
588601 
588602 
588603 
588604 
64316 
588605 
588606 
588607 
588608 
588609 
588610 
588611 
588612 
588613 
588614 
588615 
588616 
588617 
588618 
588619 
588620 
588621 
588622 
588623 
588624 
588625 
588626 
588627 
588628 
588629 
588630 
588631 
588632 
588633 
588634 
588635 
588636 
588637 
588638 
588639 
588640 
588641 
588642 
588643 
588644 
588645 
588646 
588647 
588648 
588649 
64361 
588650 
64362 
588651 
588652 
588653 
64365 
588654 
588655 
64367 
588656 
588657 
588658 
588659 
64371 
588660 
64372 
588661 
588662 
588663 
588664 
588665 
588666 
588667 
588668 
588669 
588670 
588671 
588672 
64384 
588673 
64385 
588674 
588675 
588676 
588677 
588678 
588679 
588680 
588681 
588682 
588683 
588684 
64396 
588685 
588686 
64398 
588687 
588688 
588689 
588690 
588691 
588692 
588693 
588694 
588695 
588696 
588697 
588698 
588699 
588700 
588701 
588702 
588703 
588704 
588705 
588706 
588707 
588708 
588709 
588710 
588711 
588712 
588713 
588714 
588715 
588716 
588717 
588718 
588719 
588720 
588721 
588722 
588723 
588724 
588725 
588726 
588727 
588728 
588729 
588730 
588731 
588732 
588733 
588734 
588735 
588736 
588737 
588738 
588739 
588740 
588741 
588742 
588743 
588744 
588745 
588746 
588747 
588748 
588749 
588750 
588751 
64463 
588752 
588753 
64465 
588754 
588755 
588756 
588757 
588758 
588759 
588760 
588761 
588762 
588763 
588764 
588765 
588766 
588767 
588768 
588769 
588770 
588771 
588772 
588773 
588774 
588775 
588776 
588777 
588778 
588779 
588780 
588781 
588782 
588783 
588784 
588785 
588786 
588787 
588788 
588789 
588790 
64502 
588791 
64503 
588792 
588793 
588794 
588795 
588796 
588797 
588798 
588799 
588800 
588801 
588802 
588803 
588804 
588805 
588806 
588807 
64519 
588808 
64520 
588809 
64521 
588810 
64522 
588811 
588812 
588813 
588814 
588815 
588816 
588817 
588818 
588819 
588820 
588821 
588822 
588823 
588824 
588825 
588826 
588827 
588828 
588829 
588830 
588831 
588832 
588833 
588834 
588835 
588836 
588837 
588838 
588839 
588840 
588841 
588842 
588843 
588844 
588845 
588846 
588847 
588848 
588849 
588850 
588851 
588852 
588853 
588854 
588855 
588856 
588857 
588858 
588859 
588860 
588861 
588862 
588863 
588864 
588865 
588866 
588867 
588868 
588869 
588870 
64582 
588871 
64583 
588872 
588873 
588874 
588875 
588876 
64588 
588877 
588878 
588879 
588880 
588881 
588882 
588883 
588884 
588885 
588886 
588887 
588888 
588889 
588890 
588891 
588892 
588893 
588894 
588895 
588896 
588897 
588898 
588899 
588900 
588901 
588902 
588903 
588904 
588905 
588906 
588907 
588908 
64620 
588909 
64621 
588910 
588911 
588912 
588913 
588914 
588915 
588916 
588917 
588918 
588919 
64631 
588920 
64632 
588921 
588922 
64634 
588923 
588924 
588925 
588926 
588927 
588928 
588929 
588930 
588931 
588932 
588933 
588934 
588935 
588936 
588937 
588938 
588939 
588940 
588941 
588942 
588943 
588944 
588945 
588946 
588947 
588948 
588949 
588950 
588951 
588952 
588953 
588954 
588955 
588956 
588957 
588958 
588959 
588960 
588961 
588962 
588963 
588964 
588965 
64677 
588966 
588967 
588968 
588969 
588970 
588971 
588972 
588973 
588974 
64686 
588975 
64687 
588976 
588977 
588978 
64690 
588979 
64691 
588980 
588981 
64693 
588982 
588983 
588984 
64696 
588985 
588986 
588987 
588988 
588989 
588990 
588991 
588992 
588993 
64705 
588994 
588995 
588996 
588997 
64709 
588998 
588999 
64711 
589000 
64712 
589001 
64713 
589002 
589003 
64715 
589004 
589005 
64717 
589006 
589007 
589008 
589009 
589010 
64722 
589011 
589012 
589013 
589014 
589015 
64727 
589016 
64728 
589017 
589018 
589019 
64731 
589020 
589021 
64733 
589022 
589023 
589024 
589025 
589026 
589027 
64739 
589028 
64740 
589029 
64741 
589030 
64742 
589031 
589032 
589033 
589034 
589035 
589036 
589037 
589038 
589039 
589040 
589041 
589042 
589043 
589044 
589045 
589046 
589047 
589048 
589049 
589050 
589051 
589052 
589053 
589054 
589055 
589056 
589057 
589058 
589059 
589060 
589061 
589062 
589063 
589064 
589065 
589066 
589067 
589068 
589069 
589070 
589071 
64783 
589072 
589073 
64785 
589074 
589075 
589076 
589077 
589078 
589079 
589080 
589081 
589082 
589083 
589084 
589085 
589086 
589087 
589088 
589089 
64801 
589090 
589091 
589092 
589093 
589094 
589095 
589096 
589097 
589098 
589099 
589100 
589101 
589102 
589103 
589104 
589105 
589106 
589107 
589108 
589109 
589110 
589111 
64823 
589112 
589113 
589114 
589115 
589116 
64828 
589117 
589118 
64830 
589119 
589120 
589121 
589122 
589123 
589124 
589125 
589126 
589127 
589128 
589129 
64841 
589130 
589131 
589132 
589133 
589134 
589135 
64847 
589136 
64848 
589137 
64849 
589138 
64850 
589139 
589140 
589141 
64853 
589142 
64854 
589143 
64855 
589144 
64856 
589145 
589146 
64858 
589147 
64859 
589148 
589149 
589150 
589151 
589152 
589153 
589154 
589155 
589156 
589157 
589158 
589159 
589160 
589161 
64873 
589162 
589163 
64875 
589164 
589165 
589166 
589167 
589168 
589169 
589170 
589171 
589172 
589173 
589174 
589175 
589176 
589177 
589178 
589179 
589180 
589181 
589182 
589183 
589184 
589185 
589186 
589187 
589188 
589189 
589190 
589191 
589192 
589193 
589194 
589195 
589196 
589197 
589198 
589199 
589200 
589201 
589202 
589203 
589204 
589205 
589206 
589207 
589208 
589209 
589210 
589211 
589212 
589213 
589214 
589215 
589216 
589217 
589218 
589219 
589220 
589221 
589222 
589223 
589224 
589225 
589226 
589227 
589228 
589229 
589230 
589231 
589232 
589233 
589234 
589235 
589236 
589237 
589238 
589239 
589240 
589241 
589242 
589243 
589244 
589245 
64957 
589246 
589247 
64959 
589248 
589249 
589250 
589251 
589252 
589253 
589254 
589255 
589256 
589257 
589258 
589259 
589260 
589261 
589262 
589263 
589264 
589265 
589266 
589267 
64979 
589268 
589269 
589270 
589271 
589272 
589273 
589274 
589275 
589276 
589277 
589278 
589279 
589280 
589281 
589282 
589283 
589284 
589285 
589286 
589287 
589288 
589289 
589290 
589291 
589292 
589293 
589294 
589295 
589296 
589297 
589298 
589299 
589300 
589301 
589302 
589303 
589304 
65016 
589305 
589306 
65018 
589307 
589308 
589309 
589310 
589311 
589312 
589313 
589314 
589315 
589316 
589317 
589318 
589319 
589320 
589321 
589322 
589323 
589324 
589325 
589326 
589327 
589328 
589329 
589330 
589331 
589332 
589333 
589334 
589335 
589336 
589337 
589338 
589339 
589340 
589341 
589342 
589343 
589344 
589345 
589346 
589347 
589348 
589349 
589350 
589351 
589352 
589353 
589354 
589355 
589356 
589357 
589358 
589359 
589360 
589361 
589362 
589363 
589364 
589365 
589366 
589367 
589368 
589369 
589370 
589371 
589372 
589373 
589374 
589375 
589376 
589377 
589378 
589379 
589380 
589381 
589382 
589383 
589384 
589385 
589386 
589387 
589388 
589389 
589390 
589391 
589392 
589393 
589394 
589395 
589396 
589397 
589398 
589399 
589400 
589401 
589402 
589403 
589404 
589405 
589406 
589407 
589408 
589409 
589410 
589411 
589412 
589413 
589414 
589415 
589416 
589417 
589418 
589419 
589420 
589421 
589422 
589423 
589424 
589425 
589426 
589427 
589428 
589429 
589430 
589431 
589432 
589433 
589434 
589435 
589436 
589437 
589438 
589439 
589440 
589441 
589442 
589443 
589444 
589445 
589446 
589447 
589448 
589449 
589450 
589451 
589452 
589453 
589454 
589455 
589456 
589457 
589458 
589459 
589460 
589461 
589462 
589463 
589464 
589465 
589466 
589467 
589468 
589469 
589470 
589471 
589472 
589473 
589474 
589475 
589476 
589477 
589478 
589479 
589480 
589481 
589482 
589483 
589484 
589485 
589486 
589487 
589488 
589489 
589490 
589491 
589492 
589493 
589494 
589495 
65207 
589496 
589497 
65209 
589498 
65210 
589499 
65211 
589500 
589501 
589502 
589503 
589504 
589505 
589506 
589507 
589508 
589509 
589510 
65222 
589511 
65223 
589512 
65224 
589513 
589514 
589515 
589516 
589517 
589518 
589519 
589520 
589521 
589522 
589523 
65235 
589524 
589525 
589526 
589527 
589528 
589529 
589530 
589531 
589532 
589533 
589534 
589535 
65247 
589536 
589537 
589538 
589539 
589540 
589541 
589542 
589543 
589544 
589545 
589546 
589547 
589548 
589549 
589550 
589551 
589552 
589553 
589554 
589555 
589556 
589557 
589558 
589559 
589560 
589561 
589562 
589563 
589564 
589565 
589566 
589567 
589568 
589569 
589570 
589571 
589572 
589573 
589574 
589575 
589576 
589577 
589578 
589579 
589580 
589581 
589582 
589583 
589584 
589585 
589586 
589587 
589588 
589589 
589590 
589591 
589592 
589593 
589594 
589595 
589596 
589597 
589598 
589599 
589600 
589601 
589602 
589603 
589604 
589605 
589606 
589607 
589608 
589609 
589610 
589611 
589612 
589613 
589614 
589615 
589616 
589617 
589618 
589619 
589620 
589621 
589622 
589623 
589624 
589625 
589626 
589627 
589628 
589629 
589630 
589631 
589632 
589633 
589634 
589635 
589636 
589637 
589638 
589639 
589640 
589641 
589642 
589643 
589644 
589645 
589646 
589647 
589648 
589649 
589650 
589651 
589652 
65364 
589653 
589654 
589655 
589656 
589657 
65369 
589658 
65370 
589659 
65371 
589660 
65372 
589661 
589662 
589663 
589664 
65376 
589665 
65377 
589666 
589667 
589668 
589669 
65381 
589670 
65382 
589671 
589672 
589673 
589674 
589675 
589676 
589677 
589678 
589679 
65391 
589680 
65392 
589681 
589682 
589683 
589684 
65396 
589685 
65397 
589686 
65398 
589687 
65399 
589688 
589689 
589690 
589691 
589692 
589693 
589694 
589695 
589696 
589697 
589698 
589699 
589700 
589701 
589702 
589703 
589704 
589705 
589706 
589707 
589708 
589709 
589710 
65422 
589711 
589712 
589713 
589714 
589715 
589716 
589717 
589718 
589719 
65431 
589720 
589721 
589722 
589723 
589724 
589725 
589726 
589727 
589728 
589729 
589730 
589731 
589732 
589733 
589734 
589735 
589736 
589737 
589738 
589739 
589740 
589741 
589742 
589743 
589744 
589745 
589746 
589747 
589748 
589749 
589750 
589751 
589752 
589753 
589754 
589755 
589756 
589757 
589758 
589759 
589760 
589761 
589762 
589763 
589764 
589765 
589766 
589767 
589768 
589769 
589770 
589771 
589772 
589773 
589774 
589775 
589776 
589777 
589778 
589779 
589780 
589781 
589782 
589783 
589784 
589785 
589786 
589787 
589788 
589789 
589790 
589791 
589792 
589793 
589794 
589795 
589796 
589797 
589798 
589799 
589800 
589801 
589802 
589803 
589804 
589805 
589806 
589807 
589808 
589809 
589810 
589811 
589812 
589813 
589814 
589815 
589816 
589817 
589818 
589819 
589820 
589821 
589822 
589823 
589824 
589825 
589826 
589827 
589828 
589829 
589830 
589831 
589832 
589833 
589834 
589835 
589836 
589837 
589838 
589839 
589840 
589841 
65554 
589842 
65555 
589843 
65556 
589844 
65557 
589845 
589846 
65559 
589847 
65560 
589848 
589849 
589850 
589851 
589852 
589853 
589854 
589855 
589856 
589857 
65570 
589858 
65571 
589859 
589860 
589861 
65574 
589862 
65575 
589863 
589864 
589865 
65578 
589866 
65579 
589867 
589868 
589869 
589870 
589871 
589872 
589873 
65586 
589874 
65587 
589875 
589876 
589877 
589878 
589879 
589880 
65593 
589881 
65594 
589882 
589883 
589884 
589885 
589886 
589887 
589888 
589889 
589890 
589891 
589892 
589893 
589894 
589895 
589896 
589897 
589898 
589899 
589900 
589901 
589902 
589903 
589904 
589905 
589906 
589907 
589908 
589909 
589910 
589911 
589912 
589913 
589914 
589915 
589916 
589917 
589918 
589919 
589920 
589921 
589922 
589923 
589924 
589925 
589926 
589927 
589928 
589929 
589930 
589931 
589932 
589933 
589934 
589935 
589936 
589937 
589938 
589939 
589940 
589941 
589942 
589943 
589944 
589945 
589946 
589947 
589948 
589949 
589950 
589951 
589952 
589953 
589954 
589955 
589956 
589957 
589958 
589959 
589960 
589961 
65674 
589962 
589963 
589964 
589965 
589966 
589967 
589968 
589969 
589970 
589971 
589972 
589973 
589974 
589975 
589976 
589977 
589978 
589979 
589980 
589981 
589982 
589983 
589984 
589985 
589986 
589987 
589988 
589989 
65702 
589990 
589991 
65704 
589992 
589993 
589994 
589995 
589996 
65709 
589997 
589998 
589999 
590000 
590001 
590002 
590003 
590004 
590005 
590006 
590007 
590008 
590009 
590010 
590011 
590012 
590013 
590014 
590015 
590016 
590017 
590018 
590019 
590020 
590021 
590022 
590023 
590024 
590025 
590026 
590027 
590028 
590029 
590030 
590031 
590032 
590033 
590034 
590035 
590036 
590037 
590038 
590039 
590040 
590041 
590042 
590043 
590044 
590045 
590046 
590047 
590048 
590049 
590050 
590051 
590052 
590053 
590054 
590055 
590056 
590057 
65770 
590058 
590059 
65772 
590060 
590061 
590062 
590063 
590064 
590065 
590066 
590067 
590068 
590069 
590070 
590071 
590072 
590073 
590074 
590075 
590076 
590077 
590078 
590079 
590080 
590081 
590082 
590083 
590084 
590085 
590086 
590087 
590088 
590089 
590090 
590091 
590092 
590093 
590094 
590095 
590096 
590097 
590098 
590099 
590100 
590101 
590102 
590103 
590104 
590105 
590106 
590107 
590108 
590109 
590110 
590111 
590112 
590113 
590114 
590115 
590116 
590117 
590118 
590119 
590120 
590121 
590122 
590123 
590124 
590125 
590126 
590127 
590128 
590129 
590130 
590131 
590132 
590133 
590134 
590135 
590136 
590137 
590138 
590139 
590140 
590141 
590142 
590143 
590144 
590145 
590146 
590147 
590148 
590149 
590150 
590151 
590152 
590153 
590154 
590155 
590156 
590157 
590158 
590159 
590160 
590161 
590162 
590163 
590164 
590165 
590166 
590167 
590168 
590169 
590170 
590171 
590172 
590173 
590174 
590175 
590176 
590177 
590178 
590179 
590180 
590181 
590182 
590183 
590184 
590185 
590186 
590187 
590188 
590189 
590190 
590191 
590192 
590193 
590194 
590195 
590196 
590197 
590198 
590199 
590200 
590201 
590202 
590203 
590204 
590205 
590206 
590207 
590208 
590209 
590210 
590211 
590212 
590213 
590214 
590215 
590216 
590217 
590218 
590219 
590220 
590221 
65934 
590222 
65935 
590223 
65936 
590224 
590225 
65938 
590226 
65939 
590227 
590228 
65941 
590229 
65942 
590230 
65943 
590231 
65944 
590232 
590233 
590234 
590235 
590236 
590237 
590238 
590239 
590240 
590241 
590242 
65955 
590243 
65956 
590244 
590245 
590246 
590247 
590248 
590249 
590250 
590251 
590252 
590253 
590254 
65967 
590255 
590256 
590257 
590258 
590259 
590260 
590261 
590262 
590263 
590264 
590265 
590266 
590267 
590268 
590269 
590270 
590271 
590272 
65985 
590273 
590274 
590275 
590276 
590277 
590278 
590279 
590280 
590281 
590282 
65995 
590283 
590284 
590285 
590286 
590287 
590288 
590289 
590290 
590291 
590292 
590293 
590294 
590295 
590296 
66009 
590297 
66010 
590298 
66011 
590299 
66012 
590300 
66013 
590301 
590302 
66015 
590303 
590304 
590305 
590306 
590307 
590308 
590309 
590310 
590311 
590312 
590313 
590314 
590315 
590316 
590317 
66030 
590318 
590319 
590320 
590321 
590322 
590323 
66036 
590324 
590325 
590326 
590327 
590328 
590329 
590330 
590331 
590332 
590333 
590334 
590335 
66048 
590336 
590337 
590338 
590339 
590340 
66053 
590341 
590342 
66055 
590343 
590344 
66057 
590345 
590346 
66059 
590347 
590348 
590349 
590350 
590351 
590352 
66065 
590353 
66066 
590354 
590355 
590356 
590357 
590358 
590359 
590360 
590361 
590362 
66075 
590363 
590364 
590365 
590366 
66079 
590367 
590368 
66081 
590369 
590370 
590371 
590372 
590373 
590374 
590375 
590376 
590377 
590378 
590379 
590380 
590381 
590382 
590383 
590384 
590385 
66098 
590386 
66099 
590387 
590388 
590389 
66102 
590390 
590391 
590392 
590393 
66106 
590394 
590395 
590396 
590397 
590398 
590399 
590400 
66113 
590401 
590402 
590403 
590404 
66117 
590405 
66118 
590406 
66119 
590407 
590408 
590409 
66122 
590410 
66123 
590411 
590412 
66125 
590413 
66126 
590414 
590415 
590416 
590417 
590418 
590419 
590420 
590421 
590422 
590423 
590424 
590425 
590426 
590427 
590428 
590429 
590430 
590431 
590432 
590433 
590434 
590435 
590436 
590437 
590438 
590439 
590440 
66153 
590441 
590442 
590443 
590444 
590445 
590446 
590447 
590448 
590449 
590450 
590451 
590452 
590453 
590454 
590455 
590456 
590457 
66170 
590458 
590459 
590460 
66173 
590461 
590462 
590463 
590464 
590465 
590466 
590467 
590468 
590469 
590470 
590471 
590472 
590473 
590474 
590475 
590476 
590477 
590478 
590479 
590480 
590481 
590482 
590483 
590484 
590485 
590486 
66198 
590487 
590488 
590489 
590490 
590491 
590492 
66204 
590493 
590494 
590495 
590496 
590497 
590498 
590499 
590500 
590501 
590502 
590503 
590504 
590505 
590506 
590507 
590508 
590509 
590510 
590511 
590512 
590513 
590514 
590515 
590516 
590517 
590518 
590519 
590520 
590521 
590522 
590523 
590524 
590525 
590526 
590527 
590528 
590529 
590530 
590531 
590532 
590533 
590534 
590535 
590536 
590537 
590538 
590539 
590540 
590541 
590542 
590543 
590544 
590545 
590546 
590547 
590548 
590549 
590550 
590551 
590552 
590553 
590554 
590555 
590556 
590557 
590558 
590559 
590560 
590561 
590562 
590563 
590564 
590565 
590566 
590567 
590568 
590569 
590570 
590571 
590572 
590573 
590574 
590575 
590576 
590577 
590578 
590579 
590580 
590581 
590582 
590583 
590584 
590585 
590586 
590587 
590588 
590589 
590590 
590591 
590592 
590593 
590594 
590595 
590596 
590597 
590598 
590599 
590600 
590601 
590602 
66314 
590603 
66315 
590604 
66316 
590605 
590606 
590607 
590608 
590609 
590610 
590611 
590612 
590613 
590614 
66326 
590615 
590616 
590617 
66329 
590618 
66330 
590619 
590620 
66332 
590621 
590622 
590623 
590624 
590625 
590626 
590627 
590628 
590629 
590630 
590631 
590632 
590633 
590634 
590635 
590636 
66348 
590637 
590638 
590639 
590640 
590641 
590642 
590643 
66355 
590644 
590645 
590646 
66358 
590647 
590648 
590649 
590650 
590651 
590652 
590653 
590654 
590655 
590656 
590657 
590658 
590659 
590660 
590661 
590662 
590663 
66375 
590664 
590665 
590666 
590667 
590668 
590669 
590670 
66382 
590671 
590672 
590673 
590674 
590675 
590676 
590677 
590678 
590679 
590680 
590681 
590682 
590683 
590684 
66396 
590685 
590686 
590687 
590688 
590689 
66401 
590690 
590691 
66403 
590692 
66404 
590693 
590694 
590695 
66407 
590696 
590697 
590698 
590699 
590700 
590701 
590702 
590703 
66415 
590704 
590705 
590706 
590707 
590708 
590709 
590710 
66422 
590711 
590712 
66424 
590713 
590714 
590715 
590716 
590717 
66429 
590718 
590719 
590720 
590721 
590722 
590723 
590724 
590725 
590726 
66438 
590727 
590728 
590729 
590730 
590731 
590732 
590733 
590734 
590735 
590736 
590737 
590738 
590739 
590740 
590741 
590742 
590743 
590744 
590745 
590746 
590747 
590748 
590749 
590750 
590751 
590752 
590753 
590754 
590755 
590756 
590757 
590758 
590759 
590760 
590761 
590762 
590763 
590764 
590765 
590766 
590767 
590768 
66480 
590769 
590770 
66482 
590771 
66483 
590772 
66484 
590773 
590774 
590775 
590776 
590777 
590778 
590779 
590780 
590781 
590782 
590783 
590784 
590785 
590786 
66498 
590787 
590788 
66500 
590789 
66501 
590790 
66502 
590791 
590792 
590793 
590794 
590795 
590796 
590797 
590798 
590799 
590800 
590801 
590802 
590803 
590804 
590805 
590806 
590807 
66519 
590808 
66520 
590809 
590810 
590811 
66523 
590812 
590813 
590814 
590815 
590816 
590817 
66529 
590818 
590819 
590820 
590821 
590822 
590823 
590824 
590825 
590826 
590827 
590828 
66540 
590829 
66541 
590830 
590831 
590832 
66544 
590833 
66545 
590834 
590835 
590836 
590837 
590838 
590839 
590840 
590841 
590842 
590843 
590844 
590845 
590846 
590847 
590848 
590849 
590850 
590851 
66563 
590852 
590853 
590854 
590855 
66567 
590856 
590857 
590858 
590859 
590860 
590861 
590862 
590863 
590864 
590865 
590866 
590867 
590868 
590869 
590870 
590871 
590872 
590873 
590874 
590875 
66587 
590876 
66588 
590877 
590878 
66590 
590879 
66591 
590880 
66592 
590881 
590882 
66594 
590883 
590884 
66596 
590885 
66597 
590886 
590887 
590888 
590889 
590890 
590891 
590892 
590893 
590894 
590895 
590896 
590897 
590898 
590899 
590900 
590901 
590902 
590903 
590904 
590905 
590906 
590907 
590908 
590909 
590910 
590911 
590912 
590913 
590914 
590915 
590916 
590917 
590918 
590919 
590920 
590921 
590922 
590923 
590924 
590925 
590926 
590927 
590928 
590929 
590930 
590931 
590932 
590933 
590934 
590935 
590936 
590937 
590938 
590939 
590940 
590941 
590942 
590943 
590944 
590945 
590946 
590947 
590948 
590949 
590950 
590951 
590952 
590953 
590954 
590955 
590956 
590957 
590958 
590959 
590960 
590961 
590962 
590963 
590964 
590965 
590966 
590967 
590968 
590969 
590970 
590971 
590972 
590973 
590974 
590975 
590976 
590977 
590978 
590979 
590980 
590981 
590982 
590983 
590984 
590985 
590986 
590987 
590988 
590989 
590990 
590991 
590992 
590993 
590994 
590995 
590996 
590997 
590998 
590999 
591000 
591001 
591002 
591003 
591004 
591005 
591006 
591007 
591008 
591009 
591010 
591011 
591012 
591013 
591014 
591015 
591016 
591017 
591018 
591019 
591020 
591021 
591022 
591023 
591024 
591025 
66737 
591026 
66738 
591027 
591028 
66740 
591029 
591030 
66742 
591031 
591032 
591033 
591034 
591035 
591036 
591037 
591038 
591039 
66751 
591040 
66752 
591041 
591042 
591043 
591044 
591045 
591046 
591047 
66759 
591048 
591049 
591050 
591051 
591052 
591053 
591054 
591055 
591056 
591057 
591058 
591059 
591060 
591061 
591062 
591063 
591064 
591065 
591066 
591067 
591068 
591069 
591070 
591071 
591072 
591073 
591074 
591075 
591076 
591077 
591078 
591079 
591080 
591081 
591082 
591083 
591084 
591085 
591086 
591087 
591088 
591089 
591090 
591091 
591092 
591093 
591094 
591095 
591096 
591097 
591098 
591099 
591100 
591101 
591102 
591103 
591104 
591105 
591106 
591107 
591108 
591109 
591110 
591111 
591112 
591113 
591114 
591115 
591116 
591117 
591118 
591119 
591120 
591121 
591122 
591123 
591124 
591125 
591126 
591127 
591128 
591129 
591130 
591131 
591132 
591133 
591134 
591135 
591136 
591137 
591138 
591139 
591140 
591141 
591142 
591143 
591144 
591145 
591146 
591147 
591148 
591149 
591150 
591151 
591152 
591153 
591154 
591155 
591156 
591157 
66869 
591158 
591159 
66871 
591160 
591161 
66873 
591162 
66874 
591163 
591164 
66876 
591165 
66877 
591166 
591167 
591168 
591169 
591170 
591171 
591172 
591173 
591174 
591175 
591176 
591177 
591178 
591179 
591180 
591181 
591182 
591183 
591184 
591185 
591186 
591187 
591188 
591189 
591190 
591191 
591192 
591193 
591194 
591195 
591196 
591197 
591198 
591199 
591200 
591201 
591202 
591203 
66915 
591204 
66916 
591205 
591206 
591207 
66919 
591208 
66920 
591209 
591210 
66922 
591211 
66923 
591212 
591213 
591214 
591215 
591216 
591217 
591218 
66930 
591219 
591220 
591221 
591222 
66934 
591223 
591224 
591225 
591226 
591227 
591228 
591229 
591230 
591231 
591232 
591233 
591234 
591235 
66947 
591236 
591237 
66949 
591238 
66950 
591239 
66951 
591240 
591241 
591242 
591243 
591244 
591245 
591246 
591247 
591248 
591249 
591250 
591251 
591252 
591253 
591254 
591255 
591256 
591257 
591258 
591259 
591260 
591261 
591262 
591263 
591264 
591265 
591266 
591267 
591268 
591269 
591270 
591271 
591272 
591273 
591274 
591275 
591276 
591277 
591278 
591279 
591280 
591281 
591282 
591283 
591284 
591285 
591286 
591287 
591288 
591289 
591290 
591291 
591292 
591293 
591294 
591295 
591296 
591297 
591298 
591299 
591300 
591301 
591302 
591303 
591304 
591305 
591306 
591307 
591308 
591309 
591310 
591311 
591312 
591313 
591314 
591315 
591316 
591317 
591318 
591319 
591320 
591321 
591322 
591323 
591324 
591325 
591326 
591327 
591328 
591329 
591330 
591331 
591332 
591333 
591334 
591335 
591336 
591337 
591338 
591339 
591340 
591341 
591342 
591343 
591344 
591345 
591346 
591347 
591348 
591349 
591350 
591351 
591352 
591353 
591354 
591355 
591356 
591357 
591358 
591359 
591360 
67072 
591361 
591362 
591363 
67075 
591364 
591365 
67077 
591366 
591367 
591368 
67080 
591369 
591370 
67082 
591371 
591372 
591373 
591374 
591375 
591376 
591377 
591378 
591379 
591380 
591381 
591382 
591383 
67095 
591384 
591385 
591386 
591387 
591388 
591389 
591390 
591391 
591392 
67104 
591393 
591394 
67106 
591395 
591396 
67108 
591397 
591398 
67110 
591399 
591400 
591401 
591402 
591403 
591404 
591405 
591406 
67118 
591407 
67119 
591408 
591409 
591410 
591411 
591412 
591413 
591414 
591415 
67127 
591416 
591417 
591418 
591419 
591420 
591421 
591422 
591423 
591424 
591425 
591426 
591427 
591428 
591429 
591430 
591431 
591432 
591433 
591434 
67146 
591435 
67147 
591436 
591437 
67149 
591438 
67150 
591439 
591440 
67152 
591441 
67153 
591442 
591443 
591444 
591445 
591446 
591447 
591448 
591449 
591450 
591451 
591452 
591453 
591454 
591455 
591456 
591457 
591458 
67170 
591459 
591460 
591461 
591462 
67174 
591463 
591464 
591465 
591466 
591467 
591468 
591469 
591470 
591471 
591472 
591473 
591474 
591475 
591476 
591477 
591478 
591479 
591480 
591481 
591482 
591483 
591484 
591485 
591486 
591487 
591488 
591489 
591490 
591491 
591492 
591493 
591494 
591495 
591496 
591497 
591498 
591499 
591500 
591501 
591502 
591503 
591504 
591505 
591506 
591507 
591508 
591509 
591510 
591511 
591512 
591513 
591514 
591515 
591516 
591517 
591518 
591519 
591520 
591521 
591522 
591523 
591524 
591525 
591526 
591527 
591528 
591529 
591530 
591531 
591532 
591533 
591534 
591535 
591536 
591537 
591538 
591539 
591540 
591541 
591542 
591543 
591544 
591545 
591546 
591547 
591548 
591549 
591550 
591551 
591552 
591553 
591554 
591555 
591556 
591557 
591558 
591559 
591560 
591561 
591562 
591563 
591564 
591565 
591566 
591567 
591568 
591569 
591570 
67282 
591571 
591572 
591573 
591574 
591575 
591576 
591577 
591578 
591579 
591580 
591581 
591582 
591583 
591584 
591585 
591586 
591587 
591588 
591589 
591590 
67302 
591591 
591592 
591593 
591594 
67306 
591595 
591596 
591597 
591598 
591599 
591600 
591601 
591602 
591603 
591604 
591605 
591606 
591607 
67319 
591608 
67320 
591609 
591610 
591611 
591612 
591613 
591614 
591615 
591616 
67328 
591617 
67329 
591618 
591619 
67331 
591620 
67332 
591621 
591622 
591623 
591624 
591625 
591626 
591627 
591628 
591629 
67341 
591630 
67342 
591631 
591632 
591633 
591634 
591635 
591636 
591637 
591638 
591639 
591640 
591641 
591642 
591643 
591644 
67356 
591645 
591646 
591647 
591648 
67360 
591649 
67361 
591650 
591651 
67363 
591652 
67364 
591653 
67365 
591654 
591655 
591656 
591657 
591658 
591659 
591660 
591661 
591662 
591663 
591664 
591665 
591666 
591667 
591668 
591669 
591670 
591671 
591672 
591673 
591674 
591675 
591676 
591677 
591678 
591679 
591680 
591681 
591682 
591683 
591684 
591685 
591686 
591687 
591688 
591689 
591690 
591691 
591692 
591693 
591694 
591695 
591696 
591697 
591698 
591699 
591700 
591701 
591702 
591703 
591704 
591705 
591706 
591707 
591708 
591709 
591710 
591711 
591712 
591713 
591714 
591715 
591716 
591717 
591718 
67430 
591719 
591720 
67432 
591721 
591722 
67434 
591723 
591724 
67436 
591725 
591726 
591727 
591728 
591729 
591730 
591731 
591732 
591733 
591734 
67446 
591735 
67447 
591736 
67448 
591737 
591738 
591739 
591740 
591741 
591742 
591743 
591744 
591745 
591746 
591747 
591748 
591749 
591750 
591751 
591752 
591753 
591754 
591755 
591756 
591757 
591758 
591759 
591760 
591761 
591762 
591763 
591764 
591765 
591766 
591767 
591768 
591769 
591770 
591771 
591772 
591773 
591774 
591775 
591776 
591777 
591778 
591779 
591780 
591781 
591782 
591783 
591784 
591785 
591786 
591787 
591788 
591789 
591790 
591791 
591792 
591793 
591794 
591795 
591796 
591797 
591798 
591799 
591800 
591801 
591802 
591803 
591804 
591805 
591806 
591807 
591808 
591809 
591810 
591811 
591812 
591813 
591814 
591815 
591816 
591817 
591818 
591819 
67531 
591820 
591821 
591822 
591823 
591824 
67536 
591825 
591826 
591827 
591828 
591829 
591830 
591831 
591832 
67544 
591833 
591834 
591835 
591836 
591837 
591838 
591839 
591840 
591841 
591842 
591843 
591844 
591845 
591846 
591847 
591848 
591849 
591850 
591851 
67563 
591852 
591853 
591854 
591855 
591856 
591857 
591858 
591859 
591860 
591861 
591862 
591863 
591864 
591865 
591866 
591867 
591868 
591869 
591870 
67582 
591871 
67583 
591872 
591873 
67585 
591874 
591875 
591876 
591877 
591878 
67590 
591879 
591880 
591881 
591882 
591883 
591884 
591885 
591886 
591887 
591888 
591889 
591890 
591891 
591892 
591893 
591894 
591895 
591896 
591897 
591898 
67610 
591899 
591900 
591901 
67613 
591902 
67614 
591903 
67615 
591904 
591905 
591906 
591907 
591908 
591909 
591910 
67622 
591911 
591912 
67624 
591913 
67625 
591914 
591915 
591916 
591917 
591918 
591919 
591920 
591921 
591922 
591923 
591924 
591925 
591926 
591927 
591928 
591929 
591930 
591931 
591932 
591933 
591934 
591935 
591936 
591937 
591938 
591939 
591940 
591941 
591942 
591943 
591944 
591945 
591946 
591947 
591948 
591949 
591950 
591951 
591952 
591953 
591954 
591955 
67667 
591956 
591957 
591958 
591959 
591960 
591961 
591962 
591963 
591964 
591965 
67677 
591966 
67678 
591967 
591968 
67680 
591969 
67681 
591970 
67682 
591971 
591972 
67684 
591973 
591974 
67686 
591975 
67687 
591976 
591977 
591978 
591979 
591980 
591981 
591982 
591983 
67695 
591984 
591985 
591986 
591987 
67699 
591988 
591989 
591990 
591991 
591992 
591993 
591994 
591995 
591996 
591997 
591998 
591999 
592000 
67712 
592001 
592002 
592003 
592004 
67716 
592005 
592006 
592007 
592008 
592009 
592010 
592011 
592012 
592013 
592014 
592015 
592016 
592017 
592018 
592019 
592020 
592021 
592022 
592023 
592024 
592025 
592026 
592027 
592028 
592029 
592030 
592031 
592032 
592033 
592034 
67746 
592035 
592036 
592037 
592038 
592039 
592040 
592041 
592042 
592043 
592044 
592045 
592046 
67758 
592047 
592048 
67760 
592049 
592050 
592051 
67763 
592052 
592053 
67765 
592054 
592055 
592056 
592057 
592058 
592059 
592060 
592061 
592062 
592063 
592064 
592065 
67777 
592066 
592067 
592068 
592069 
592070 
67782 
592071 
592072 
592073 
592074 
592075 
67787 
592076 
592077 
592078 
592079 
592080 
592081 
592082 
592083 
592084 
592085 
67797 
592086 
592087 
67799 
592088 
592089 
592090 
592091 
592092 
592093 
592094 
592095 
592096 
592097 
592098 
592099 
67811 
592100 
592101 
592102 
592103 
592104 
67816 
592105 
67817 
592106 
592107 
592108 
592109 
592110 
592111 
592112 
592113 
592114 
592115 
592116 
592117 
592118 
592119 
592120 
592121 
592122 
592123 
592124 
592125 
592126 
592127 
592128 
592129 
592130 
592131 
592132 
67844 
592133 
592134 
592135 
592136 
592137 
592138 
592139 
592140 
592141 
592142 
592143 
67855 
592144 
592145 
592146 
592147 
592148 
67860 
592149 
592150 
592151 
592152 
592153 
592154 
592155 
592156 
592157 
592158 
592159 
592160 
592161 
592162 
592163 
592164 
592165 
592166 
592167 
592168 
592169 
592170 
592171 
592172 
592173 
592174 
592175 
592176 
592177 
592178 
592179 
592180 
592181 
67893 
592182 
592183 
592184 
592185 
67897 
592186 
592187 
592188 
592189 
592190 
592191 
592192 
592193 
592194 
592195 
592196 
592197 
592198 
592199 
592200 
592201 
592202 
592203 
592204 
592205 
592206 
592207 
67919 
592208 
592209 
592210 
592211 
592212 
592213 
67925 
592214 
67926 
592215 
592216 
67928 
592217 
592218 
67930 
592219 
592220 
592221 
592222 
67934 
592223 
592224 
67936 
592225 
67937 
592226 
592227 
67939 
592228 
592229 
592230 
592231 
592232 
592233 
592234 
592235 
67947 
592236 
592237 
592238 
592239 
592240 
592241 
592242 
592243 
592244 
592245 
592246 
592247 
592248 
592249 
592250 
592251 
592252 
592253 
592254 
592255 
592256 
592257 
592258 
592259 
592260 
592261 
592262 
592263 
592264 
592265 
592266 
592267 
592268 
67980 
592269 
592270 
592271 
592272 
592273 
592274 
592275 
592276 
592277 
67989 
592278 
592279 
592280 
67992 
592281 
592282 
67994 
592283 
592284 
67996 
592285 
592286 
592287 
592288 
592289 
592290 
68002 
592291 
592292 
592293 
592294 
592295 
592296 
592297 
592298 
592299 
592300 
592301 
68013 
592302 
592303 
592304 
592305 
592306 
592307 
592308 
592309 
592310 
68022 
592311 
592312 
68024 
592313 
592314 
592315 
68027 
592316 
592317 
68029 
592318 
592319 
592320 
592321 
592322 
68034 
592323 
592324 
592325 
592326 
592327 
592328 
592329 
592330 
592331 
592332 
592333 
592334 
592335 
592336 
592337 
592338 
592339 
592340 
592341 
592342 
592343 
592344 
592345 
592346 
592347 
592348 
592349 
592350 
592351 
592352 
592353 
68065 
592354 
592355 
592356 
592357 
68069 
592358 
68070 
592359 
592360 
68072 
592361 
68073 
592362 
592363 
592364 
592365 
592366 
68078 
592367 
68079 
592368 
68080 
592369 
592370 
592371 
592372 
592373 
68085 
592374 
592375 
68087 
592376 
68088 
592377 
68089 
592378 
592379 
592380 
592381 
592382 
592383 
592384 
592385 
68097 
592386 
68098 
592387 
68099 
592388 
592389 
592390 
592391 
592392 
592393 
592394 
68106 
592395 
592396 
592397 
592398 
592399 
592400 
592401 
592402 
592403 
592404 
592405 
592406 
592407 
592408 
592409 
592410 
592411 
592412 
68124 
592413 
68125 
592414 
68126 
592415 
592416 
592417 
592418 
592419 
592420 
592421 
592422 
592423 
592424 
68136 
592425 
592426 
592427 
68139 
592428 
68140 
592429 
592430 
68142 
592431 
592432 
592433 
592434 
592435 
592436 
592437 
592438 
592439 
592440 
592441 
592442 
592443 
592444 
592445 
592446 
592447 
592448 
592449 
592450 
592451 
592452 
592453 
68165 
592454 
68166 
592455 
68167 
592456 
592457 
592458 
592459 
68171 
592460 
592461 
68173 
592462 
592463 
68175 
592464 
592465 
68177 
592466 
592467 
592468 
592469 
592470 
592471 
592472 
592473 
592474 
68186 
592475 
592476 
592477 
592478 
592479 
592480 
68192 
592481 
592482 
592483 
592484 
592485 
592486 
592487 
592488 
592489 
592490 
592491 
592492 
592493 
592494 
592495 
592496 
592497 
592498 
592499 
592500 
592501 
592502 
592503 
592504 
592505 
592506 
68218 
592507 
68219 
592508 
68220 
592509 
592510 
592511 
592512 
68224 
592513 
592514 
68226 
592515 
592516 
68228 
592517 
592518 
68230 
592519 
592520 
592521 
592522 
68234 
592523 
592524 
68236 
592525 
68237 
592526 
592527 
592528 
68240 
592529 
592530 
592531 
592532 
592533 
592534 
592535 
592536 
68248 
592537 
592538 
592539 
68251 
592540 
592541 
68253 
592542 
592543 
68255 
592544 
592545 
592546 
592547 
592548 
592549 
592550 
592551 
592552 
68264 
592553 
592554 
592555 
592556 
68268 
592557 
592558 
592559 
592560 
592561 
592562 
592563 
592564 
592565 
592566 
68278 
592567 
592568 
68280 
592569 
592570 
592571 
592572 
592573 
592574 
592575 
592576 
592577 
592578 
592579 
68291 
592580 
592581 
68293 
592582 
68294 
592583 
68295 
592584 
592585 
592586 
592587 
592588 
592589 
592590 
592591 
592592 
592593 
592594 
592595 
592596 
592597 
592598 
592599 
592600 
592601 
592602 
592603 
592604 
592605 
592606 
592607 
592608 
592609 
592610 
592611 
592612 
592613 
592614 
592615 
592616 
592617 
592618 
592619 
592620 
592621 
592622 
592623 
592624 
592625 
592626 
592627 
592628 
592629 
592630 
592631 
592632 
592633 
592634 
592635 
592636 
592637 
592638 
592639 
592640 
592641 
592642 
592643 
592644 
592645 
592646 
592647 
592648 
592649 
592650 
592651 
592652 
592653 
592654 
592655 
592656 
592657 
592658 
592659 
592660 
592661 
592662 
592663 
68375 
592664 
68376 
592665 
592666 
592667 
68379 
592668 
592669 
592670 
592671 
592672 
592673 
592674 
68386 
592675 
592676 
592677 
68389 
592678 
68390 
592679 
592680 
592681 
592682 
592683 
592684 
592685 
592686 
592687 
592688 
68400 
592689 
68401 
592690 
592691 
592692 
592693 
592694 
68406 
592695 
592696 
592697 
592698 
592699 
592700 
592701 
592702 
592703 
592704 
592705 
592706 
592707 
68419 
592708 
592709 
68421 
592710 
592711 
592712 
592713 
592714 
592715 
592716 
592717 
592718 
592719 
592720 
592721 
68433 
592722 
592723 
68435 
592724 
68436 
592725 
68437 
592726 
592727 
592728 
592729 
592730 
592731 
592732 
592733 
592734 
592735 
592736 
592737 
592738 
68450 
592739 
68451 
592740 
68452 
592741 
592742 
592743 
592744 
592745 
592746 
592747 
592748 
592749 
592750 
592751 
592752 
592753 
592754 
68466 
592755 
68467 
592756 
592757 
592758 
592759 
592760 
592761 
592762 
592763 
592764 
68476 
592765 
592766 
68478 
592767 
68479 
592768 
68480 
592769 
592770 
592771 
592772 
592773 
592774 
592775 
592776 
592777 
592778 
592779 
592780 
592781 
592782 
592783 
592784 
592785 
592786 
592787 
592788 
592789 
68501 
592790 
592791 
68503 
592792 
68504 
592793 
68505 
592794 
592795 
592796 
592797 
592798 
592799 
592800 
592801 
592802 
592803 
592804 
592805 
592806 
592807 
592808 
592809 
592810 
592811 
592812 
592813 
592814 
592815 
592816 
592817 
592818 
592819 
592820 
592821 
592822 
592823 
592824 
592825 
592826 
592827 
592828 
592829 
592830 
592831 
592832 
592833 
592834 
592835 
592836 
592837 
592838 
592839 
592840 
592841 
592842 
592843 
68555 
592844 
68556 
592845 
592846 
592847 
68559 
592848 
592849 
592850 
592851 
592852 
592853 
68565 
592854 
592855 
592856 
592857 
592858 
592859 
68571 
592860 
592861 
592862 
592863 
592864 
592865 
592866 
592867 
592868 
68580 
592869 
592870 
592871 
68583 
592872 
592873 
592874 
592875 
592876 
68588 
592877 
592878 
592879 
68591 
592880 
68592 
592881 
68593 
592882 
592883 
592884 
592885 
592886 
592887 
592888 
592889 
592890 
592891 
592892 
592893 
592894 
592895 
592896 
592897 
592898 
592899 
592900 
592901 
68613 
592902 
68614 
592903 
592904 
592905 
592906 
592907 
592908 
68620 
592909 
68621 
592910 
592911 
68623 
592912 
68624 
592913 
592914 
68626 
592915 
592916 
68628 
592917 
68629 
592918 
592919 
592920 
592921 
68633 
592922 
68634 
592923 
592924 
68636 
592925 
68637 
592926 
592927 
68639 
592928 
592929 
68641 
592930 
68642 
592931 
592932 
592933 
592934 
592935 
592936 
592937 
592938 
592939 
68651 
592940 
592941 
592942 
68654 
592943 
68655 
592944 
592945 
592946 
592947 
592948 
68660 
592949 
68661 
592950 
68662 
592951 
68663 
592952 
592953 
68665 
592954 
592955 
68667 
592956 
68668 
592957 
592958 
592959 
592960 
592961 
592962 
592963 
592964 
592965 
592966 
592967 
592968 
592969 
592970 
592971 
592972 
592973 
592974 
592975 
592976 
592977 
592978 
592979 
592980 
592981 
592982 
592983 
592984 
592985 
68697 
592986 
592987 
592988 
592989 
592990 
592991 
592992 
592993 
592994 
592995 
68707 
592996 
592997 
592998 
68710 
592999 
593000 
68712 
593001 
593002 
68714 
593003 
593004 
593005 
593006 
593007 
593008 
593009 
593010 
593011 
593012 
593013 
68725 
593014 
593015 
593016 
593017 
68729 
593018 
593019 
593020 
593021 
593022 
593023 
593024 
593025 
593026 
68738 
593027 
593028 
68740 
593029 
593030 
593031 
68743 
593032 
593033 
68745 
593034 
593035 
593036 
593037 
593038 
593039 
593040 
593041 
593042 
593043 
68755 
593044 
593045 
593046 
593047 
593048 
593049 
593050 
593051 
593052 
593053 
593054 
593055 
593056 
593057 
593058 
593059 
593060 
593061 
593062 
593063 
593064 
593065 
593066 
593067 
593068 
593069 
593070 
593071 
593072 
593073 
593074 
593075 
593076 
593077 
593078 
593079 
593080 
593081 
593082 
593083 
593084 
593085 
593086 
593087 
593088 
593089 
593090 
593091 
593092 
593093 
593094 
593095 
593096 
593097 
593098 
593099 
593100 
593101 
593102 
593103 
593104 
593105 
593106 
593107 
593108 
593109 
593110 
593111 
593112 
593113 
593114 
593115 
593116 
593117 
593118 
593119 
593120 
593121 
593122 
593123 
593124 
593125 
593126 
593127 
593128 
593129 
593130 
593131 
593132 
593133 
593134 
593135 
593136 
593137 
593138 
593139 
593140 
593141 
593142 
593143 
593144 
593145 
593146 
593147 
593148 
593149 
593150 
593151 
593152 
593153 
593154 
593155 
593156 
593157 
593158 
593159 
593160 
593161 
593162 
593163 
593164 
593165 
593166 
593167 
593168 
593169 
593170 
593171 
593172 
593173 
593174 
593175 
593176 
593177 
593178 
593179 
593180 
593181 
593182 
593183 
593184 
593185 
593186 
593187 
593188 
593189 
593190 
593191 
593192 
593193 
593194 
593195 
593196 
593197 
593198 
593199 
593200 
593201 
593202 
593203 
593204 
593205 
593206 
593207 
593208 
593209 
593210 
593211 
593212 
593213 
593214 
593215 
593216 
593217 
593218 
593219 
593220 
593221 
593222 
593223 
593224 
593225 
593226 
593227 
593228 
593229 
593230 
593231 
593232 
593233 
593234 
593235 
593236 
593237 
593238 
593239 
593240 
593241 
593242 
593243 
593244 
593245 
593246 
593247 
593248 
593249 
593250 
593251 
593252 
593253 
593254 
593255 
593256 
593257 
593258 
593259 
593260 
593261 
593262 
593263 
593264 
593265 
593266 
593267 
593268 
593269 
593270 
593271 
593272 
593273 
593274 
593275 
593276 
593277 
593278 
593279 
593280 
593281 
593282 
593283 
593284 
593285 
593286 
593287 
593288 
593289 
593290 
593291 
593292 
593293 
593294 
593295 
593296 
593297 
593298 
593299 
593300 
593301 
593302 
593303 
593304 
593305 
593306 
593307 
593308 
593309 
593310 
593311 
593312 
593313 
593314 
593315 
593316 
593317 
593318 
593319 
593320 
593321 
593322 
593323 
593324 
593325 
593326 
593327 
593328 
593329 
593330 
593331 
593332 
593333 
593334 
593335 
593336 
593337 
593338 
593339 
593340 
593341 
593342 
593343 
593344 
593345 
593346 
593347 
593348 
593349 
593350 
593351 
593352 
593353 
593354 
593355 
593356 
593357 
593358 
593359 
593360 
593361 
593362 
593363 
593364 
593365 
593366 
593367 
593368 
593369 
593370 
593371 
593372 
593373 
593374 
593375 
593376 
593377 
593378 
593379 
593380 
593381 
593382 
593383 
593384 
593385 
593386 
593387 
593388 
593389 
593390 
593391 
593392 
593393 
593394 
593395 
593396 
593397 
593398 
593399 
593400 
593401 
593402 
593403 
593404 
593405 
593406 
593407 
593408 
593409 
593410 
593411 
593412 
593413 
593414 
593415 
593416 
593417 
593418 
593419 
593420 
593421 
593422 
593423 
593424 
593425 
593426 
593427 
593428 
593429 
593430 
593431 
593432 
593433 
593434 
593435 
593436 
593437 
593438 
593439 
593440 
593441 
593442 
593443 
593444 
593445 
593446 
593447 
593448 
593449 
593450 
593451 
593452 
593453 
593454 
593455 
593456 
593457 
593458 
593459 
593460 
593461 
593462 
593463 
593464 
593465 
593466 
593467 
593468 
593469 
593470 
593471 
593472 
69184 
593473 
69185 
593474 
593475 
69187 
593476 
69188 
593477 
593478 
593479 
593480 
593481 
69193 
593482 
69194 
593483 
69195 
593484 
593485 
593486 
593487 
593488 
593489 
593490 
593491 
593492 
593493 
69205 
593494 
69206 
593495 
593496 
69208 
593497 
69209 
593498 
593499 
69211 
593500 
69212 
593501 
593502 
593503 
593504 
593505 
593506 
593507 
593508 
593509 
593510 
593511 
593512 
593513 
593514 
593515 
593516 
593517 
593518 
593519 
593520 
593521 
593522 
593523 
593524 
593525 
593526 
593527 
69239 
593528 
69240 
593529 
593530 
69242 
593531 
69243 
593532 
593533 
69245 
593534 
69246 
593535 
593536 
593537 
593538 
593539 
593540 
593541 
593542 
593543 
593544 
593545 
593546 
593547 
593548 
593549 
593550 
593551 
593552 
593553 
593554 
593555 
593556 
593557 
593558 
593559 
593560 
593561 
593562 
593563 
593564 
593565 
593566 
593567 
593568 
593569 
593570 
593571 
593572 
593573 
593574 
593575 
593576 
593577 
593578 
593579 
593580 
593581 
593582 
593583 
593584 
69296 
593585 
593586 
593587 
593588 
593589 
593590 
593591 
69303 
593592 
69304 
593593 
593594 
69306 
593595 
593596 
69308 
593597 
69309 
593598 
593599 
593600 
593601 
593602 
593603 
593604 
593605 
593606 
593607 
593608 
593609 
593610 
593611 
593612 
593613 
593614 
593615 
593616 
593617 
593618 
593619 
593620 
593621 
593622 
593623 
593624 
69336 
593625 
69337 
593626 
69338 
593627 
593628 
593629 
593630 
593631 
593632 
593633 
593634 
593635 
593636 
593637 
593638 
593639 
593640 
593641 
593642 
593643 
593644 
593645 
593646 
593647 
593648 
593649 
593650 
593651 
593652 
593653 
593654 
593655 
593656 
593657 
593658 
593659 
593660 
593661 
593662 
593663 
593664 
593665 
593666 
593667 
593668 
593669 
593670 
593671 
593672 
593673 
593674 
593675 
593676 
593677 
593678 
593679 
593680 
593681 
593682 
593683 
593684 
593685 
593686 
593687 
593688 
593689 
593690 
593691 
69403 
593692 
593693 
69405 
593694 
593695 
69407 
593696 
593697 
593698 
69410 
593699 
593700 
69412 
593701 
593702 
593703 
593704 
593705 
593706 
593707 
593708 
593709 
593710 
593711 
593712 
69424 
593713 
593714 
593715 
593716 
593717 
593718 
593719 
593720 
593721 
593722 
593723 
593724 
593725 
593726 
593727 
593728 
593729 
593730 
593731 
593732 
593733 
593734 
593735 
593736 
593737 
593738 
593739 
593740 
593741 
593742 
593743 
593744 
593745 
593746 
593747 
593748 
593749 
593750 
593751 
593752 
593753 
593754 
593755 
593756 
593757 
593758 
593759 
593760 
593761 
593762 
593763 
593764 
593765 
593766 
593767 
593768 
593769 
593770 
593771 
593772 
593773 
593774 
593775 
593776 
593777 
593778 
593779 
593780 
593781 
593782 
593783 
593784 
593785 
593786 
593787 
593788 
593789 
593790 
593791 
593792 
593793 
593794 
593795 
593796 
593797 
593798 
593799 
593800 
593801 
593802 
593803 
593804 
593805 
593806 
593807 
593808 
593809 
593810 
593811 
593812 
593813 
593814 
593815 
593816 
593817 
593818 
593819 
593820 
593821 
593822 
593823 
593824 
593825 
593826 
593827 
593828 
593829 
593830 
593831 
593832 
593833 
593834 
593835 
593836 
593837 
593838 
593839 
593840 
593841 
593842 
593843 
593844 
593845 
593846 
593847 
593848 
593849 
593850 
593851 
593852 
593853 
593854 
593855 
593856 
593857 
593858 
593859 
593860 
593861 
593862 
593863 
593864 
593865 
593866 
593867 
593868 
593869 
593870 
593871 
593872 
593873 
593874 
593875 
593876 
593877 
593878 
593879 
593880 
593881 
593882 
593883 
593884 
593885 
593886 
593887 
593888 
593889 
593890 
593891 
593892 
593893 
593894 
593895 
593896 
593897 
593898 
593899 
593900 
593901 
593902 
593903 
593904 
593905 
593906 
593907 
593908 
593909 
593910 
593911 
593912 
593913 
593914 
593915 
593916 
593917 
593918 
593919 
593920 
593921 
593922 
593923 
593924 
593925 
593926 
593927 
593928 
593929 
593930 
593931 
593932 
593933 
593934 
593935 
593936 
593937 
593938 
593939 
593940 
593941 
593942 
593943 
593944 
593945 
593946 
593947 
593948 
593949 
593950 
593951 
593952 
593953 
593954 
593955 
593956 
593957 
593958 
593959 
593960 
593961 
593962 
593963 
593964 
593965 
593966 
593967 
593968 
593969 
593970 
593971 
593972 
593973 
593974 
593975 
593976 
593977 
593978 
593979 
593980 
593981 
593982 
593983 
593984 
593985 
593986 
593987 
593988 
593989 
593990 
593991 
593992 
593993 
593994 
593995 
593996 
593997 
593998 
593999 
594000 
594001 
594002 
594003 
594004 
594005 
594006 
594007 
594008 
594009 
594010 
594011 
594012 
594013 
594014 
594015 
594016 
594017 
594018 
594019 
594020 
594021 
594022 
594023 
594024 
594025 
594026 
594027 
594028 
594029 
594030 
594031 
594032 
594033 
594034 
594035 
594036 
594037 
594038 
594039 
594040 
594041 
594042 
594043 
594044 
594045 
594046 
594047 
594048 
594049 
594050 
594051 
594052 
594053 
594054 
594055 
594056 
594057 
594058 
594059 
594060 
594061 
594062 
594063 
594064 
594065 
594066 
594067 
594068 
594069 
594070 
594071 
594072 
594073 
594074 
594075 
594076 
594077 
594078 
594079 
594080 
594081 
594082 
594083 
594084 
594085 
594086 
594087 
594088 
594089 
594090 
594091 
594092 
594093 
594094 
594095 
594096 
594097 
594098 
594099 
594100 
594101 
594102 
594103 
594104 
594105 
594106 
594107 
594108 
594109 
594110 
594111 
594112 
594113 
594114 
594115 
594116 
594117 
594118 
594119 
594120 
594121 
594122 
594123 
594124 
594125 
594126 
594127 
594128 
594129 
594130 
594131 
594132 
594133 
594134 
594135 
594136 
594137 
594138 
594139 
594140 
594141 
594142 
594143 
594144 
594145 
594146 
594147 
594148 
594149 
594150 
594151 
594152 
594153 
594154 
594155 
594156 
594157 
594158 
594159 
594160 
594161 
594162 
594163 
594164 
594165 
594166 
594167 
594168 
594169 
594170 
594171 
594172 
594173 
594174 
594175 
594176 
594177 
594178 
594179 
594180 
594181 
594182 
69894 
594183 
594184 
69896 
594185 
69897 
594186 
69898 
594187 
594188 
594189 
594190 
594191 
594192 
594193 
69905 
594194 
69906 
594195 
69907 
594196 
594197 
594198 
594199 
594200 
594201 
594202 
594203 
594204 
69916 
594205 
594206 
594207 
594208 
594209 
594210 
594211 
594212 
594213 
594214 
594215 
594216 
594217 
594218 
594219 
594220 
594221 
594222 
594223 
594224 
594225 
594226 
594227 
594228 
594229 
594230 
594231 
69943 
594232 
69944 
594233 
594234 
69946 
594235 
594236 
69948 
594237 
69949 
594238 
594239 
594240 
594241 
594242 
594243 
594244 
594245 
594246 
594247 
594248 
594249 
594250 
594251 
594252 
594253 
594254 
594255 
594256 
594257 
594258 
594259 
594260 
594261 
594262 
69974 
594263 
69975 
594264 
594265 
594266 
594267 
594268 
69980 
594269 
594270 
69982 
594271 
69983 
594272 
594273 
594274 
594275 
594276 
594277 
594278 
594279 
594280 
594281 
594282 
594283 
594284 
594285 
594286 
594287 
594288 
594289 
594290 
594291 
594292 
594293 
594294 
594295 
594296 
70008 
594297 
70009 
594298 
594299 
70011 
594300 
594301 
70013 
594302 
70014 
594303 
594304 
594305 
594306 
594307 
594308 
594309 
594310 
594311 
594312 
594313 
594314 
594315 
594316 
594317 
594318 
594319 
594320 
70032 
594321 
70033 
594322 
70034 
594323 
594324 
594325 
594326 
594327 
594328 
594329 
594330 
594331 
594332 
594333 
594334 
594335 
594336 
594337 
594338 
594339 
594340 
594341 
594342 
594343 
594344 
594345 
594346 
594347 
594348 
594349 
594350 
594351 
594352 
594353 
594354 
594355 
594356 
594357 
594358 
594359 
594360 
594361 
594362 
594363 
594364 
594365 
594366 
594367 
594368 
594369 
594370 
594371 
594372 
594373 
594374 
594375 
594376 
594377 
594378 
594379 
594380 
70092 
594381 
594382 
594383 
594384 
594385 
594386 
594387 
594388 
594389 
594390 
70102 
594391 
594392 
594393 
594394 
594395 
594396 
70108 
594397 
594398 
594399 
594400 
594401 
594402 
594403 
594404 
594405 
594406 
594407 
594408 
594409 
594410 
594411 
594412 
594413 
594414 
594415 
594416 
594417 
594418 
594419 
594420 
594421 
594422 
594423 
594424 
70136 
594425 
594426 
70138 
594427 
594428 
70140 
594429 
594430 
70142 
594431 
594432 
594433 
70145 
594434 
70146 
594435 
70147 
594436 
594437 
594438 
594439 
594440 
594441 
594442 
594443 
594444 
594445 
594446 
594447 
594448 
594449 
594450 
594451 
594452 
594453 
594454 
594455 
70167 
594456 
594457 
70169 
594458 
594459 
70171 
594460 
594461 
70173 
594462 
594463 
594464 
594465 
594466 
594467 
594468 
594469 
594470 
70182 
594471 
70183 
594472 
70184 
594473 
594474 
594475 
594476 
594477 
594478 
594479 
594480 
594481 
594482 
594483 
594484 
594485 
594486 
594487 
594488 
594489 
594490 
594491 
594492 
594493 
594494 
594495 
594496 
594497 
594498 
70210 
594499 
594500 
70212 
594501 
594502 
70214 
594503 
594504 
70216 
594505 
594506 
594507 
70219 
594508 
70220 
594509 
70221 
594510 
594511 
594512 
594513 
594514 
594515 
594516 
70228 
594517 
594518 
594519 
594520 
594521 
70233 
594522 
594523 
594524 
594525 
594526 
594527 
594528 
594529 
594530 
594531 
594532 
594533 
594534 
594535 
594536 
594537 
594538 
594539 
594540 
594541 
594542 
594543 
594544 
70256 
594545 
594546 
594547 
594548 
594549 
594550 
594551 
70263 
594552 
594553 
70265 
594554 
70266 
594555 
70267 
594556 
594557 
594558 
594559 
594560 
594561 
70273 
594562 
70274 
594563 
594564 
70276 
594565 
594566 
594567 
594568 
594569 
594570 
70282 
594571 
594572 
594573 
594574 
594575 
594576 
70288 
594577 
594578 
594579 
70291 
594580 
70292 
594581 
594582 
594583 
594584 
594585 
594586 
594587 
594588 
594589 
594590 
594591 
70303 
594592 
594593 
70305 
594594 
594595 
594596 
594597 
594598 
594599 
594600 
594601 
594602 
594603 
594604 
594605 
594606 
594607 
594608 
594609 
594610 
594611 
594612 
594613 
594614 
594615 
594616 
594617 
594618 
594619 
594620 
594621 
594622 
594623 
594624 
594625 
594626 
594627 
594628 
594629 
594630 
594631 
594632 
594633 
594634 
594635 
594636 
594637 
594638 
594639 
594640 
594641 
594642 
594643 
594644 
594645 
594646 
594647 
594648 
594649 
594650 
594651 
594652 
594653 
594654 
594655 
594656 
594657 
594658 
594659 
594660 
594661 
594662 
594663 
594664 
594665 
594666 
594667 
594668 
594669 
594670 
594671 
594672 
594673 
594674 
594675 
594676 
594677 
594678 
594679 
594680 
594681 
594682 
594683 
70395 
594684 
594685 
70397 
594686 
594687 
594688 
594689 
594690 
594691 
594692 
594693 
594694 
594695 
594696 
594697 
70409 
594698 
594699 
70411 
594700 
70412 
594701 
70413 
594702 
70414 
594703 
70415 
594704 
594705 
70417 
594706 
594707 
594708 
594709 
594710 
70422 
594711 
594712 
594713 
70425 
594714 
70426 
594715 
594716 
594717 
594718 
594719 
594720 
594721 
594722 
594723 
594724 
70436 
594725 
594726 
70438 
594727 
594728 
594729 
594730 
594731 
594732 
594733 
594734 
70446 
594735 
70447 
594736 
70448 
594737 
594738 
70450 
594739 
594740 
594741 
594742 
594743 
70455 
594744 
594745 
594746 
594747 
594748 
70460 
594749 
594750 
594751 
594752 
594753 
594754 
594755 
594756 
594757 
594758 
70470 
594759 
594760 
594761 
594762 
594763 
594764 
70476 
594765 
594766 
594767 
594768 
594769 
594770 
594771 
594772 
594773 
594774 
70486 
594775 
594776 
70488 
594777 
70489 
594778 
70490 
594779 
594780 
594781 
594782 
594783 
594784 
594785 
594786 
594787 
594788 
594789 
594790 
594791 
594792 
594793 
594794 
594795 
594796 
70508 
594797 
594798 
70510 
594799 
70511 
594800 
70512 
594801 
594802 
594803 
594804 
594805 
594806 
594807 
594808 
594809 
594810 
594811 
594812 
594813 
594814 
594815 
594816 
594817 
594818 
594819 
594820 
594821 
594822 
594823 
594824 
594825 
594826 
594827 
594828 
594829 
594830 
594831 
594832 
594833 
594834 
594835 
594836 
594837 
594838 
594839 
594840 
594841 
594842 
594843 
594844 
594845 
594846 
594847 
594848 
594849 
594850 
594851 
594852 
594853 
594854 
594855 
594856 
594857 
594858 
594859 
594860 
594861 
594862 
594863 
594864 
594865 
594866 
70578 
594867 
70579 
594868 
70580 
594869 
70581 
594870 
594871 
594872 
594873 
594874 
594875 
594876 
594877 
594878 
594879 
594880 
594881 
594882 
594883 
70595 
594884 
70596 
594885 
70597 
594886 
70598 
594887 
594888 
594889 
594890 
594891 
594892 
594893 
594894 
594895 
594896 
70608 
594897 
70609 
594898 
70610 
594899 
594900 
594901 
594902 
594903 
594904 
594905 
594906 
594907 
594908 
594909 
594910 
594911 
594912 
70624 
594913 
594914 
70626 
594915 
70627 
594916 
594917 
594918 
70630 
594919 
70631 
594920 
594921 
70633 
594922 
594923 
594924 
594925 
594926 
70638 
594927 
594928 
594929 
594930 
70642 
594931 
594932 
594933 
594934 
594935 
594936 
594937 
594938 
594939 
594940 
594941 
594942 
594943 
70655 
594944 
594945 
594946 
594947 
594948 
70660 
594949 
594950 
594951 
594952 
594953 
594954 
594955 
594956 
594957 
70669 
594958 
594959 
594960 
70672 
594961 
70673 
594962 
594963 
594964 
594965 
594966 
70678 
594967 
70679 
594968 
70680 
594969 
70681 
594970 
594971 
70683 
594972 
594973 
70685 
594974 
70686 
594975 
594976 
594977 
594978 
594979 
70691 
594980 
70692 
594981 
70693 
594982 
70694 
594983 
70695 
594984 
594985 
70697 
594986 
594987 
70699 
594988 
70700 
594989 
594990 
594991 
594992 
594993 
70705 
594994 
70706 
594995 
70707 
594996 
70708 
594997 
70709 
594998 
594999 
70711 
595000 
595001 
70713 
595002 
70714 
595003 
595004 
595005 
595006 
595007 
595008 
595009 
595010 
595011 
595012 
595013 
70725 
595014 
70726 
595015 
595016 
595017 
70729 
595018 
595019 
595020 
595021 
70733 
595022 
595023 
595024 
595025 
595026 
595027 
595028 
595029 
595030 
595031 
70743 
595032 
595033 
70745 
595034 
595035 
595036 
70748 
595037 
595038 
70750 
595039 
595040 
595041 
595042 
595043 
595044 
595045 
595046 
595047 
595048 
70760 
595049 
595050 
595051 
595052 
595053 
595054 
595055 
595056 
595057 
595058 
595059 
595060 
595061 
595062 
595063 
595064 
595065 
595066 
595067 
595068 
595069 
595070 
595071 
595072 
70784 
595073 
70785 
595074 
595075 
70787 
595076 
595077 
595078 
595079 
70791 
595080 
595081 
70793 
595082 
595083 
70795 
595084 
595085 
595086 
595087 
595088 
595089 
595090 
595091 
595092 
595093 
595094 
595095 
595096 
70808 
595097 
595098 
70810 
595099 
70811 
595100 
595101 
595102 
595103 
595104 
595105 
70817 
595106 
70818 
595107 
595108 
595109 
595110 
595111 
595112 
595113 
595114 
595115 
595116 
595117 
595118 
595119 
595120 
595121 
595122 
595123 
595124 
595125 
595126 
595127 
595128 
595129 
595130 
595131 
595132 
595133 
595134 
595135 
595136 
595137 
595138 
595139 
595140 
70852 
595141 
595142 
70854 
595143 
70855 
595144 
595145 
70857 
595146 
595147 
595148 
595149 
595150 
70862 
595151 
595152 
70864 
595153 
595154 
595155 
595156 
595157 
595158 
595159 
595160 
595161 
595162 
595163 
595164 
595165 
595166 
595167 
595168 
595169 
595170 
595171 
595172 
595173 
595174 
595175 
595176 
595177 
595178 
595179 
595180 
595181 
595182 
595183 
595184 
595185 
595186 
595187 
595188 
595189 
595190 
595191 
595192 
595193 
595194 
595195 
595196 
595197 
595198 
595199 
595200 
595201 
595202 
595203 
595204 
595205 
595206 
595207 
595208 
595209 
595210 
70922 
595211 
595212 
595213 
595214 
595215 
595216 
595217 
595218 
595219 
595220 
595221 
595222 
595223 
595224 
595225 
595226 
595227 
595228 
595229 
595230 
595231 
595232 
595233 
595234 
595235 
595236 
595237 
595238 
595239 
595240 
595241 
595242 
595243 
595244 
595245 
595246 
595247 
595248 
595249 
595250 
70962 
595251 
595252 
70964 
595253 
70965 
595254 
595255 
70967 
595256 
595257 
595258 
595259 
595260 
595261 
595262 
595263 
70975 
595264 
70976 
595265 
595266 
595267 
595268 
595269 
595270 
595271 
595272 
595273 
595274 
595275 
595276 
595277 
595278 
595279 
595280 
595281 
595282 
595283 
595284 
595285 
595286 
595287 
595288 
595289 
595290 
595291 
595292 
595293 
595294 
595295 
595296 
595297 
595298 
595299 
71011 
595300 
595301 
595302 
595303 
595304 
595305 
595306 
595307 
595308 
595309 
595310 
595311 
595312 
595313 
595314 
595315 
595316 
595317 
595318 
71030 
595319 
71031 
595320 
595321 
595322 
71034 
595323 
71035 
595324 
595325 
595326 
595327 
595328 
595329 
595330 
595331 
595332 
595333 
595334 
595335 
595336 
595337 
595338 
595339 
595340 
595341 
595342 
595343 
595344 
595345 
595346 
595347 
595348 
595349 
595350 
595351 
595352 
595353 
595354 
595355 
595356 
595357 
595358 
595359 
71071 
595360 
595361 
595362 
595363 
595364 
595365 
71077 
595366 
595367 
595368 
595369 
595370 
595371 
595372 
595373 
595374 
595375 
595376 
595377 
595378 
595379 
595380 
595381 
595382 
595383 
595384 
595385 
595386 
595387 
595388 
595389 
595390 
595391 
595392 
595393 
595394 
595395 
595396 
595397 
595398 
595399 
595400 
595401 
595402 
595403 
595404 
595405 
595406 
595407 
595408 
595409 
595410 
595411 
595412 
595413 
595414 
595415 
595416 
595417 
595418 
595419 
595420 
595421 
595422 
595423 
595424 
595425 
595426 
595427 
595428 
595429 
595430 
595431 
595432 
595433 
595434 
595435 
595436 
595437 
595438 
595439 
595440 
595441 
595442 
595443 
595444 
595445 
595446 
595447 
595448 
595449 
595450 
595451 
595452 
595453 
595454 
595455 
595456 
595457 
595458 
595459 
595460 
595461 
595462 
595463 
71175 
595464 
71176 
595465 
595466 
595467 
71179 
595468 
595469 
595470 
595471 
595472 
595473 
595474 
595475 
595476 
595477 
595478 
595479 
595480 
595481 
595482 
595483 
595484 
595485 
595486 
595487 
595488 
595489 
595490 
595491 
595492 
595493 
595494 
595495 
595496 
595497 
595498 
595499 
595500 
595501 
595502 
595503 
595504 
595505 
595506 
595507 
595508 
595509 
595510 
595511 
595512 
595513 
595514 
595515 
595516 
595517 
595518 
595519 
595520 
595521 
595522 
595523 
595524 
595525 
595526 
595527 
595528 
595529 
595530 
595531 
595532 
595533 
595534 
595535 
595536 
595537 
595538 
595539 
595540 
595541 
595542 
595543 
595544 
595545 
595546 
595547 
595548 
595549 
595550 
595551 
595552 
595553 
595554 
595555 
595556 
595557 
595558 
595559 
595560 
71272 
595561 
595562 
71274 
595563 
595564 
595565 
595566 
595567 
595568 
595569 
595570 
595571 
595572 
595573 
595574 
595575 
595576 
595577 
595578 
595579 
595580 
595581 
595582 
595583 
595584 
595585 
595586 
595587 
595588 
595589 
595590 
595591 
595592 
595593 
595594 
595595 
595596 
595597 
595598 
595599 
595600 
595601 
595602 
595603 
595604 
595605 
595606 
595607 
595608 
595609 
595610 
595611 
595612 
595613 
595614 
595615 
595616 
595617 
595618 
595619 
595620 
595621 
595622 
595623 
595624 
595625 
595626 
595627 
595628 
595629 
595630 
595631 
595632 
595633 
595634 
595635 
595636 
595637 
71349 
595638 
595639 
595640 
595641 
595642 
595643 
71355 
595644 
595645 
71357 
595646 
595647 
595648 
595649 
595650 
595651 
71363 
595652 
595653 
71365 
595654 
595655 
595656 
595657 
595658 
595659 
595660 
595661 
595662 
595663 
595664 
595665 
595666 
595667 
595668 
71380 
595669 
71381 
595670 
595671 
595672 
595673 
595674 
595675 
595676 
595677 
595678 
595679 
595680 
71392 
595681 
71393 
595682 
595683 
595684 
595685 
595686 
595687 
595688 
595689 
595690 
595691 
71403 
595692 
595693 
595694 
595695 
595696 
595697 
595698 
595699 
595700 
595701 
595702 
71414 
595703 
595704 
595705 
595706 
71418 
595707 
595708 
595709 
595710 
595711 
595712 
595713 
595714 
71426 
595715 
595716 
595717 
595718 
595719 
595720 
595721 
595722 
595723 
595724 
595725 
595726 
595727 
595728 
595729 
71441 
595730 
71442 
595731 
595732 
595733 
595734 
71446 
595735 
595736 
595737 
71449 
595738 
595739 
595740 
595741 
595742 
71454 
595743 
71455 
595744 
71456 
595745 
595746 
595747 
595748 
71460 
595749 
595750 
71462 
595751 
595752 
595753 
595754 
595755 
595756 
595757 
595758 
595759 
71471 
595760 
595761 
595762 
595763 
595764 
595765 
71477 
595766 
71478 
595767 
595768 
595769 
595770 
595771 
595772 
71484 
595773 
71485 
595774 
71486 
595775 
595776 
595777 
595778 
595779 
595780 
71492 
595781 
595782 
595783 
595784 
595785 
595786 
595787 
595788 
595789 
595790 
595791 
595792 
71504 
595793 
71505 
595794 
595795 
71507 
595796 
595797 
595798 
595799 
595800 
71512 
595801 
71513 
595802 
595803 
595804 
595805 
595806 
595807 
595808 
595809 
595810 
595811 
595812 
71524 
595813 
595814 
595815 
595816 
595817 
595818 
595819 
595820 
595821 
71533 
595822 
71534 
595823 
595824 
595825 
595826 
71538 
595827 
595828 
595829 
71541 
595830 
595831 
595832 
595833 
595834 
595835 
595836 
595837 
595838 
595839 
595840 
595841 
595842 
595843 
595844 
595845 
595846 
595847 
595848 
71560 
595849 
71561 
595850 
595851 
595852 
595853 
71565 
595854 
71566 
595855 
595856 
595857 
595858 
595859 
595860 
595861 
595862 
595863 
595864 
595865 
71577 
595866 
595867 
595868 
595869 
71581 
595870 
595871 
595872 
595873 
595874 
595875 
595876 
595877 
595878 
595879 
595880 
595881 
595882 
595883 
595884 
71596 
595885 
595886 
595887 
595888 
595889 
71601 
595890 
71602 
595891 
595892 
595893 
71605 
595894 
595895 
595896 
71608 
595897 
71609 
595898 
595899 
595900 
595901 
595902 
595903 
71615 
595904 
595905 
595906 
595907 
71619 
595908 
71620 
595909 
595910 
71622 
595911 
71623 
595912 
71624 
595913 
71625 
595914 
595915 
71627 
595916 
71628 
595917 
595918 
595919 
595920 
595921 
595922 
595923 
595924 
595925 
595926 
595927 
595928 
595929 
595930 
595931 
595932 
595933 
595934 
595935 
595936 
595937 
595938 
595939 
595940 
595941 
595942 
595943 
595944 
595945 
595946 
595947 
595948 
595949 
595950 
595951 
595952 
595953 
595954 
595955 
595956 
595957 
595958 
595959 
595960 
595961 
595962 
595963 
595964 
595965 
595966 
595967 
595968 
71680 
595969 
71681 
595970 
595971 
595972 
595973 
595974 
71686 
595975 
71687 
595976 
595977 
595978 
595979 
595980 
71692 
595981 
595982 
595983 
595984 
71696 
595985 
595986 
71698 
595987 
71699 
595988 
71700 
595989 
595990 
71702 
595991 
71703 
595992 
595993 
595994 
595995 
595996 
595997 
595998 
595999 
596000 
596001 
596002 
71714 
596003 
596004 
596005 
596006 
596007 
596008 
596009 
596010 
71722 
596011 
596012 
596013 
596014 
596015 
596016 
596017 
596018 
596019 
596020 
596021 
596022 
71734 
596023 
71735 
596024 
596025 
596026 
596027 
596028 
596029 
596030 
596031 
596032 
596033 
71745 
596034 
596035 
596036 
596037 
596038 
71750 
596039 
596040 
596041 
596042 
596043 
596044 
596045 
596046 
596047 
596048 
596049 
596050 
596051 
596052 
596053 
596054 
596055 
596056 
596057 
596058 
596059 
596060 
596061 
596062 
596063 
596064 
71776 
596065 
71777 
596066 
71778 
596067 
596068 
596069 
596070 
596071 
596072 
596073 
596074 
596075 
596076 
596077 
596078 
596079 
71791 
596080 
71792 
596081 
596082 
596083 
596084 
596085 
596086 
596087 
596088 
596089 
596090 
596091 
596092 
596093 
596094 
596095 
596096 
596097 
596098 
596099 
596100 
596101 
596102 
596103 
596104 
596105 
596106 
596107 
596108 
596109 
596110 
596111 
596112 
596113 
596114 
596115 
596116 
596117 
596118 
596119 
596120 
596121 
596122 
596123 
596124 
596125 
596126 
596127 
596128 
596129 
596130 
596131 
596132 
596133 
596134 
596135 
596136 
596137 
596138 
596139 
596140 
596141 
596142 
596143 
596144 
596145 
596146 
596147 
596148 
596149 
596150 
596151 
596152 
596153 
596154 
596155 
596156 
596157 
71869 
596158 
71870 
596159 
71871 
596160 
596161 
596162 
596163 
596164 
596165 
596166 
596167 
596168 
71880 
596169 
71881 
596170 
596171 
596172 
596173 
596174 
596175 
596176 
596177 
596178 
596179 
596180 
596181 
71893 
596182 
596183 
596184 
596185 
596186 
596187 
71899 
596188 
596189 
596190 
596191 
596192 
596193 
596194 
596195 
596196 
596197 
596198 
596199 
596200 
596201 
596202 
596203 
596204 
596205 
596206 
596207 
596208 
596209 
596210 
596211 
596212 
596213 
596214 
596215 
596216 
596217 
596218 
596219 
596220 
596221 
71933 
596222 
71934 
596223 
596224 
596225 
71937 
596226 
596227 
596228 
596229 
596230 
596231 
71943 
596232 
596233 
596234 
596235 
596236 
71948 
596237 
596238 
71950 
596239 
596240 
596241 
596242 
71954 
596243 
71955 
596244 
596245 
596246 
596247 
71959 
596248 
596249 
596250 
596251 
596252 
596253 
596254 
596255 
596256 
596257 
596258 
596259 
596260 
71972 
596261 
71973 
596262 
71974 
596263 
596264 
596265 
596266 
71978 
596267 
71979 
596268 
596269 
596270 
596271 
596272 
596273 
596274 
596275 
596276 
596277 
596278 
596279 
596280 
596281 
596282 
596283 
596284 
596285 
596286 
596287 
596288 
596289 
596290 
596291 
596292 
596293 
596294 
596295 
596296 
596297 
596298 
596299 
596300 
596301 
596302 
596303 
596304 
596305 
596306 
596307 
596308 
596309 
596310 
596311 
596312 
596313 
596314 
596315 
596316 
596317 
596318 
596319 
596320 
596321 
596322 
596323 
596324 
596325 
72037 
596326 
72038 
596327 
72039 
596328 
596329 
596330 
596331 
596332 
596333 
596334 
596335 
596336 
72048 
596337 
596338 
596339 
72051 
596340 
596341 
596342 
596343 
596344 
596345 
596346 
596347 
596348 
596349 
596350 
596351 
596352 
596353 
596354 
596355 
596356 
596357 
596358 
596359 
596360 
596361 
596362 
596363 
596364 
596365 
596366 
596367 
596368 
596369 
596370 
596371 
596372 
596373 
596374 
596375 
596376 
596377 
596378 
596379 
596380 
596381 
596382 
596383 
596384 
596385 
596386 
596387 
596388 
596389 
596390 
596391 
596392 
596393 
596394 
596395 
596396 
596397 
596398 
596399 
596400 
596401 
596402 
596403 
596404 
596405 
596406 
596407 
596408 
596409 
596410 
596411 
596412 
596413 
596414 
596415 
596416 
596417 
596418 
596419 
596420 
596421 
596422 
596423 
596424 
596425 
596426 
596427 
596428 
596429 
596430 
596431 
596432 
596433 
596434 
596435 
596436 
596437 
596438 
596439 
596440 
596441 
596442 
596443 
596444 
596445 
596446 
596447 
596448 
596449 
596450 
72162 
596451 
72163 
596452 
72164 
596453 
596454 
596455 
72167 
596456 
72168 
596457 
596458 
596459 
72171 
596460 
596461 
596462 
596463 
596464 
596465 
596466 
596467 
596468 
596469 
596470 
72182 
596471 
72183 
596472 
596473 
72185 
596474 
596475 
596476 
596477 
596478 
72190 
596479 
596480 
596481 
596482 
596483 
72195 
596484 
596485 
596486 
596487 
596488 
72200 
596489 
72201 
596490 
596491 
596492 
596493 
72205 
596494 
596495 
596496 
596497 
596498 
596499 
596500 
596501 
596502 
596503 
596504 
596505 
596506 
596507 
596508 
596509 
596510 
596511 
596512 
596513 
596514 
596515 
72227 
596516 
72228 
596517 
72229 
596518 
596519 
596520 
596521 
596522 
596523 
596524 
596525 
72237 
596526 
72238 
596527 
596528 
596529 
596530 
596531 
596532 
596533 
596534 
596535 
596536 
596537 
596538 
596539 
596540 
596541 
596542 
596543 
596544 
596545 
596546 
596547 
596548 
596549 
596550 
72262 
596551 
72263 
596552 
72264 
596553 
72265 
596554 
596555 
72267 
596556 
596557 
596558 
596559 
596560 
596561 
596562 
596563 
596564 
596565 
596566 
596567 
596568 
596569 
72281 
596570 
596571 
72283 
596572 
72284 
596573 
596574 
596575 
596576 
596577 
596578 
596579 
596580 
596581 
72293 
596582 
72294 
596583 
72295 
596584 
596585 
596586 
596587 
596588 
596589 
72301 
596590 
596591 
596592 
596593 
596594 
596595 
596596 
596597 
596598 
596599 
596600 
72312 
596601 
72313 
596602 
72314 
596603 
72315 
596604 
596605 
72317 
596606 
596607 
596608 
596609 
596610 
596611 
596612 
596613 
596614 
596615 
596616 
596617 
596618 
596619 
596620 
596621 
72333 
596622 
596623 
596624 
72336 
596625 
72337 
596626 
596627 
596628 
596629 
596630 
596631 
596632 
596633 
596634 
72346 
596635 
72347 
596636 
72348 
596637 
596638 
596639 
596640 
596641 
596642 
72354 
596643 
596644 
596645 
596646 
596647 
596648 
596649 
596650 
596651 
596652 
596653 
596654 
596655 
596656 
596657 
596658 
596659 
596660 
596661 
596662 
596663 
596664 
596665 
596666 
596667 
596668 
596669 
596670 
596671 
596672 
596673 
596674 
596675 
596676 
596677 
596678 
596679 
596680 
596681 
596682 
596683 
596684 
596685 
596686 
596687 
596688 
596689 
596690 
596691 
596692 
596693 
596694 
596695 
596696 
596697 
596698 
596699 
596700 
596701 
596702 
596703 
596704 
596705 
596706 
596707 
596708 
596709 
596710 
596711 
596712 
596713 
596714 
596715 
596716 
596717 
596718 
596719 
596720 
596721 
596722 
596723 
596724 
596725 
596726 
596727 
596728 
596729 
596730 
596731 
596732 
596733 
596734 
596735 
596736 
596737 
596738 
596739 
596740 
596741 
596742 
596743 
596744 
596745 
596746 
596747 
596748 
596749 
596750 
596751 
596752 
596753 
596754 
596755 
596756 
596757 
596758 
596759 
596760 
596761 
596762 
596763 
596764 
596765 
596766 
596767 
596768 
596769 
596770 
596771 
596772 
596773 
596774 
596775 
596776 
596777 
596778 
596779 
596780 
596781 
596782 
596783 
596784 
596785 
596786 
596787 
596788 
596789 
596790 
596791 
596792 
596793 
596794 
596795 
596796 
596797 
596798 
596799 
596800 
596801 
596802 
596803 
596804 
596805 
596806 
596807 
596808 
596809 
596810 
596811 
596812 
596813 
596814 
596815 
596816 
596817 
596818 
596819 
596820 
596821 
596822 
596823 
596824 
596825 
596826 
596827 
596828 
596829 
596830 
596831 
596832 
596833 
596834 
596835 
596836 
596837 
596838 
596839 
596840 
596841 
596842 
596843 
596844 
596845 
596846 
596847 
596848 
596849 
596850 
596851 
596852 
596853 
596854 
596855 
596856 
596857 
596858 
596859 
596860 
596861 
596862 
596863 
596864 
596865 
596866 
596867 
596868 
596869 
596870 
596871 
596872 
596873 
596874 
596875 
596876 
596877 
596878 
596879 
596880 
596881 
596882 
596883 
596884 
596885 
596886 
596887 
596888 
596889 
596890 
596891 
596892 
596893 
596894 
596895 
596896 
596897 
596898 
596899 
596900 
596901 
596902 
596903 
596904 
596905 
596906 
596907 
596908 
596909 
596910 
596911 
596912 
596913 
596914 
596915 
596916 
596917 
596918 
596919 
596920 
596921 
596922 
596923 
596924 
596925 
596926 
596927 
596928 
596929 
596930 
596931 
596932 
596933 
596934 
596935 
596936 
596937 
596938 
596939 
596940 
596941 
596942 
596943 
596944 
596945 
596946 
596947 
596948 
596949 
596950 
596951 
596952 
596953 
596954 
596955 
596956 
596957 
596958 
596959 
596960 
596961 
596962 
596963 
596964 
596965 
596966 
596967 
596968 
72680 
596969 
596970 
72682 
596971 
596972 
72684 
596973 
72685 
596974 
596975 
596976 
596977 
596978 
596979 
596980 
72692 
596981 
72693 
596982 
596983 
596984 
596985 
596986 
596987 
596988 
596989 
596990 
596991 
596992 
596993 
596994 
72706 
596995 
596996 
596997 
596998 
596999 
597000 
597001 
597002 
72714 
597003 
72715 
597004 
597005 
597006 
597007 
597008 
72720 
597009 
597010 
597011 
72723 
597012 
597013 
597014 
597015 
597016 
597017 
597018 
597019 
597020 
597021 
597022 
597023 
597024 
72736 
597025 
597026 
72738 
597027 
72739 
597028 
597029 
597030 
597031 
597032 
597033 
72746 
597034 
72747 
597035 
597036 
597037 
597038 
597039 
597040 
597041 
597042 
597043 
597044 
597045 
597046 
597047 
72760 
597048 
597049 
597050 
597051 
597052 
597053 
597054 
597055 
72768 
597056 
72769 
597057 
597058 
597059 
597060 
72773 
597061 
597062 
597063 
72776 
597064 
597065 
597066 
597067 
597068 
597069 
597070 
597071 
597072 
597073 
597074 
597075 
597076 
597077 
597078 
597079 
597080 
597081 
597082 
597083 
597084 
597085 
597086 
597087 
597088 
597089 
597090 
597091 
597092 
597093 
597094 
597095 
597096 
597097 
597098 
597099 
597100 
597101 
597102 
597103 
597104 
597105 
597106 
597107 
597108 
597109 
597110 
597111 
597112 
597113 
597114 
597115 
597116 
597117 
597118 
597119 
597120 
597121 
597122 
597123 
597124 
597125 
597126 
597127 
597128 
597129 
597130 
597131 
597132 
597133 
597134 
597135 
597136 
597137 
597138 
597139 
597140 
597141 
597142 
597143 
597144 
597145 
597146 
597147 
597148 
597149 
597150 
597151 
597152 
597153 
597154 
597155 
597156 
597157 
597158 
597159 
597160 
597161 
597162 
597163 
597164 
597165 
597166 
597167 
597168 
597169 
597170 
597171 
597172 
597173 
597174 
597175 
597176 
597177 
597178 
597179 
597180 
597181 
597182 
597183 
597184 
597185 
597186 
597187 
597188 
597189 
597190 
597191 
597192 
597193 
597194 
597195 
597196 
597197 
597198 
597199 
597200 
597201 
597202 
597203 
597204 
597205 
597206 
597207 
597208 
597209 
597210 
597211 
597212 
597213 
597214 
597215 
597216 
597217 
597218 
597219 
597220 
597221 
597222 
597223 
597224 
597225 
597226 
597227 
597228 
597229 
597230 
597231 
597232 
597233 
597234 
597235 
597236 
597237 
597238 
597239 
597240 
597241 
597242 
597243 
597244 
597245 
597246 
597247 
597248 
597249 
597250 
597251 
597252 
597253 
597254 
597255 
597256 
597257 
597258 
597259 
597260 
597261 
597262 
597263 
597264 
597265 
597266 
597267 
597268 
597269 
597270 
597271 
597272 
597273 
597274 
597275 
597276 
597277 
597278 
597279 
597280 
597281 
597282 
597283 
597284 
597285 
597286 
597287 
597288 
597289 
597290 
597291 
597292 
597293 
597294 
597295 
597296 
597297 
597298 
597299 
597300 
597301 
597302 
597303 
597304 
597305 
597306 
597307 
597308 
597309 
597310 
597311 
597312 
597313 
597314 
597315 
597316 
597317 
597318 
597319 
597320 
597321 
597322 
597323 
597324 
597325 
597326 
597327 
597328 
597329 
597330 
597331 
597332 
597333 
597334 
597335 
597336 
597337 
597338 
597339 
597340 
597341 
597342 
597343 
597344 
597345 
597346 
597347 
597348 
597349 
597350 
597351 
597352 
597353 
597354 
597355 
597356 
597357 
597358 
597359 
597360 
597361 
597362 
597363 
597364 
597365 
597366 
597367 
597368 
597369 
597370 
73083 
597371 
597372 
597373 
73086 
597374 
597375 
597376 
597377 
597378 
597379 
73092 
597380 
73093 
597381 
597382 
597383 
597384 
73097 
597385 
597386 
73099 
597387 
597388 
597389 
597390 
597391 
597392 
597393 
597394 
597395 
597396 
597397 
597398 
597399 
597400 
597401 
597402 
597403 
597404 
597405 
597406 
73119 
597407 
73120 
597408 
597409 
597410 
597411 
597412 
73125 
597413 
597414 
73127 
597415 
597416 
597417 
597418 
73131 
597419 
597420 
73133 
597421 
597422 
597423 
73136 
597424 
597425 
73138 
597426 
73139 
597427 
597428 
597429 
73142 
597430 
73143 
597431 
597432 
597433 
597434 
597435 
597436 
597437 
597438 
597439 
597440 
597441 
597442 
597443 
597444 
597445 
597446 
73159 
597447 
73160 
597448 
597449 
597450 
597451 
597452 
597453 
597454 
597455 
597456 
597457 
597458 
597459 
597460 
597461 
597462 
597463 
597464 
597465 
597466 
73179 
597467 
73180 
597468 
73181 
597469 
73182 
597470 
597471 
597472 
597473 
597474 
597475 
597476 
597477 
597478 
597479 
597480 
597481 
597482 
597483 
597484 
597485 
597486 
597487 
597488 
597489 
73202 
597490 
597491 
73204 
597492 
597493 
597494 
73207 
597495 
73208 
597496 
597497 
597498 
597499 
73212 
597500 
597501 
73214 
597502 
597503 
597504 
73217 
597505 
597506 
73219 
597507 
597508 
597509 
73222 
597510 
597511 
73224 
597512 
597513 
73226 
597514 
597515 
597516 
597517 
597518 
73231 
597519 
73232 
597520 
597521 
597522 
597523 
597524 
597525 
597526 
597527 
597528 
597529 
597530 
597531 
597532 
597533 
597534 
597535 
597536 
597537 
597538 
597539 
597540 
597541 
597542 
597543 
597544 
597545 
597546 
597547 
597548 
597549 
597550 
597551 
597552 
597553 
597554 
597555 
597556 
597557 
597558 
597559 
597560 
597561 
597562 
597563 
597564 
597565 
597566 
597567 
597568 
597569 
597570 
597571 
597572 
73285 
597573 
73286 
597574 
73287 
597575 
597576 
597577 
597578 
73291 
597579 
73292 
597580 
597581 
597582 
597583 
597584 
597585 
597586 
597587 
597588 
597589 
597590 
597591 
597592 
597593 
597594 
597595 
597596 
597597 
597598 
597599 
597600 
597601 
597602 
597603 
597604 
597605 
597606 
597607 
597608 
597609 
597610 
597611 
597612 
597613 
597614 
597615 
597616 
597617 
597618 
597619 
597620 
597621 
597622 
597623 
597624 
597625 
597626 
597627 
597628 
597629 
597630 
597631 
597632 
597633 
597634 
597635 
597636 
597637 
597638 
597639 
597640 
597641 
597642 
597643 
597644 
597645 
597646 
597647 
597648 
597649 
597650 
597651 
597652 
597653 
597654 
597655 
73368 
597656 
73369 
597657 
73370 
597658 
73371 
597659 
73372 
597660 
597661 
597662 
597663 
597664 
597665 
597666 
597667 
597668 
597669 
597670 
597671 
73384 
597672 
597673 
597674 
597675 
73388 
597676 
597677 
597678 
597679 
597680 
597681 
597682 
597683 
597684 
597685 
597686 
597687 
597688 
597689 
597690 
597691 
597692 
597693 
597694 
597695 
597696 
597697 
597698 
597699 
597700 
597701 
597702 
597703 
597704 
597705 
597706 
597707 
597708 
597709 
597710 
597711 
597712 
597713 
597714 
597715 
597716 
597717 
597718 
597719 
597720 
597721 
597722 
597723 
73436 
597724 
73437 
597725 
73438 
597726 
73439 
597727 
73440 
597728 
73441 
597729 
597730 
597731 
597732 
597733 
597734 
597735 
597736 
597737 
597738 
597739 
597740 
597741 
597742 
597743 
597744 
597745 
597746 
597747 
597748 
597749 
597750 
597751 
597752 
597753 
597754 
597755 
597756 
597757 
597758 
597759 
597760 
597761 
597762 
597763 
597764 
597765 
597766 
597767 
597768 
597769 
597770 
73483 
597771 
73484 
597772 
597773 
73486 
597774 
597775 
597776 
73489 
597777 
597778 
597779 
597780 
597781 
597782 
597783 
73496 
597784 
597785 
597786 
597787 
597788 
73501 
597789 
597790 
597791 
597792 
597793 
73506 
597794 
597795 
597796 
597797 
73510 
597798 
597799 
597800 
597801 
597802 
597803 
597804 
597805 
597806 
597807 
597808 
597809 
73522 
597810 
73523 
597811 
73524 
597812 
597813 
597814 
597815 
597816 
597817 
597818 
597819 
73532 
597820 
597821 
597822 
73535 
597823 
597824 
597825 
597826 
597827 
597828 
597829 
597830 
597831 
597832 
597833 
597834 
597835 
597836 
597837 
597838 
597839 
597840 
597841 
597842 
597843 
597844 
597845 
597846 
597847 
597848 
597849 
597850 
597851 
597852 
597853 
597854 
597855 
597856 
597857 
597858 
597859 
597860 
597861 
597862 
597863 
597864 
597865 
597866 
597867 
597868 
597869 
597870 
597871 
597872 
597873 
597874 
597875 
597876 
597877 
597878 
597879 
597880 
597881 
597882 
597883 
597884 
597885 
597886 
597887 
597888 
597889 
597890 
597891 
597892 
597893 
597894 
597895 
597896 
597897 
597898 
597899 
597900 
597901 
597902 
597903 
597904 
597905 
597906 
597907 
597908 
597909 
597910 
597911 
597912 
597913 
597914 
597915 
597916 
597917 
597918 
597919 
597920 
597921 
597922 
597923 
597924 
597925 
73638 
597926 
73639 
597927 
73640 
597928 
73641 
597929 
73642 
597930 
597931 
597932 
73645 
597933 
597934 
597935 
597936 
597937 
597938 
597939 
597940 
597941 
597942 
597943 
597944 
597945 
597946 
597947 
597948 
597949 
597950 
597951 
597952 
597953 
597954 
597955 
73668 
597956 
73669 
597957 
73670 
597958 
597959 
597960 
597961 
597962 
597963 
597964 
597965 
597966 
73679 
597967 
73680 
597968 
73681 
597969 
597970 
597971 
73684 
597972 
73685 
597973 
73686 
597974 
597975 
597976 
73689 
597977 
597978 
597979 
597980 
597981 
597982 
73695 
597983 
597984 
597985 
597986 
597987 
73700 
597988 
597989 
597990 
597991 
597992 
597993 
597994 
73707 
597995 
597996 
597997 
597998 
597999 
598000 
598001 
598002 
598003 
598004 
598005 
598006 
598007 
598008 
598009 
73722 
598010 
73723 
598011 
598012 
598013 
598014 
598015 
598016 
598017 
598018 
598019 
598020 
73733 
598021 
73734 
598022 
73735 
598023 
598024 
73737 
598025 
598026 
73739 
598027 
598028 
598029 
598030 
598031 
598032 
598033 
598034 
598035 
598036 
598037 
598038 
598039 
73752 
598040 
598041 
73754 
598042 
73755 
598043 
598044 
598045 
598046 
598047 
598048 
598049 
598050 
598051 
73764 
598052 
73765 
598053 
73766 
598054 
598055 
598056 
598057 
598058 
73771 
598059 
598060 
598061 
598062 
598063 
598064 
598065 
598066 
598067 
598068 
73781 
598069 
73782 
598070 
73783 
598071 
598072 
598073 
598074 
598075 
598076 
598077 
598078 
598079 
598080 
73793 
598081 
73794 
598082 
598083 
598084 
598085 
598086 
598087 
598088 
598089 
598090 
598091 
73804 
598092 
598093 
598094 
598095 
598096 
73809 
598097 
73810 
598098 
598099 
73812 
598100 
598101 
598102 
73815 
598103 
598104 
598105 
598106 
598107 
598108 
598109 
598110 
598111 
598112 
598113 
598114 
598115 
598116 
598117 
598118 
598119 
598120 
598121 
598122 
598123 
598124 
598125 
598126 
598127 
598128 
73841 
598129 
73842 
598130 
598131 
598132 
598133 
598134 
598135 
598136 
598137 
598138 
598139 
598140 
598141 
598142 
73855 
598143 
598144 
598145 
598146 
598147 
598148 
598149 
598150 
598151 
73864 
598152 
598153 
598154 
598155 
598156 
73869 
598157 
598158 
73871 
598159 
73872 
598160 
73873 
598161 
598162 
598163 
598164 
598165 
598166 
598167 
598168 
598169 
598170 
598171 
598172 
598173 
598174 
598175 
598176 
598177 
598178 
598179 
598180 
598181 
598182 
598183 
598184 
598185 
598186 
598187 
598188 
598189 
598190 
598191 
598192 
598193 
598194 
73907 
598195 
73908 
598196 
73909 
598197 
73910 
598198 
598199 
598200 
73913 
598201 
73914 
598202 
73915 
598203 
73916 
598204 
598205 
598206 
598207 
598208 
598209 
598210 
598211 
598212 
598213 
598214 
598215 
598216 
73929 
598217 
598218 
598219 
73932 
598220 
73933 
598221 
598222 
598223 
598224 
598225 
598226 
598227 
598228 
73941 
598229 
598230 
598231 
598232 
73945 
598233 
598234 
598235 
598236 
598237 
598238 
598239 
598240 
598241 
598242 
598243 
598244 
598245 
598246 
598247 
598248 
598249 
598250 
598251 
598252 
598253 
598254 
73967 
598255 
598256 
598257 
73970 
598258 
598259 
73972 
598260 
598261 
598262 
598263 
598264 
598265 
598266 
598267 
598268 
598269 
73982 
598270 
598271 
598272 
598273 
598274 
598275 
598276 
598277 
598278 
598279 
598280 
598281 
598282 
598283 
598284 
73997 
598285 
598286 
73999 
598287 
598288 
598289 
598290 
598291 
598292 
598293 
74006 
598294 
598295 
598296 
598297 
598298 
598299 
598300 
598301 
598302 
598303 
74016 
598304 
598305 
598306 
598307 
598308 
598309 
598310 
598311 
598312 
598313 
598314 
74027 
598315 
598316 
598317 
598318 
74031 
598319 
598320 
598321 
598322 
74035 
598323 
598324 
598325 
598326 
598327 
598328 
598329 
598330 
598331 
598332 
598333 
598334 
598335 
598336 
598337 
598338 
598339 
74052 
598340 
598341 
598342 
598343 
598344 
74057 
598345 
74058 
598346 
598347 
74060 
598348 
598349 
598350 
598351 
598352 
598353 
74066 
598354 
598355 
598356 
598357 
598358 
598359 
598360 
74073 
598361 
598362 
598363 
74076 
598364 
598365 
598366 
598367 
598368 
598369 
598370 
598371 
598372 
598373 
598374 
598375 
598376 
598377 
598378 
598379 
598380 
598381 
598382 
74095 
598383 
598384 
74097 
598385 
598386 
598387 
598388 
598389 
598390 
598391 
74104 
598392 
598393 
74106 
598394 
598395 
598396 
598397 
598398 
74111 
598399 
598400 
598401 
598402 
598403 
598404 
598405 
598406 
74119 
598407 
74120 
598408 
598409 
598410 
598411 
598412 
598413 
598414 
598415 
598416 
598417 
598418 
598419 
598420 
598421 
74134 
598422 
74135 
598423 
598424 
598425 
598426 
598427 
598428 
598429 
598430 
598431 
74144 
598432 
74145 
598433 
598434 
74147 
598435 
74148 
598436 
598437 
598438 
598439 
598440 
598441 
74154 
598442 
74155 
598443 
74156 
598444 
598445 
74158 
598446 
74159 
598447 
598448 
598449 
598450 
598451 
598452 
74165 
598453 
598454 
598455 
598456 
598457 
598458 
598459 
598460 
598461 
598462 
598463 
74176 
598464 
598465 
74178 
598466 
74179 
598467 
598468 
74181 
598469 
598470 
598471 
598472 
598473 
74186 
598474 
598475 
74188 
598476 
598477 
598478 
598479 
598480 
598481 
74194 
598482 
598483 
74196 
598484 
598485 
598486 
598487 
598488 
74201 
598489 
598490 
598491 
598492 
598493 
598494 
598495 
598496 
598497 
598498 
598499 
598500 
74213 
598501 
598502 
598503 
598504 
598505 
74218 
598506 
74219 
598507 
598508 
74221 
598509 
74222 
598510 
598511 
598512 
598513 
598514 
598515 
598516 
598517 
598518 
598519 
598520 
598521 
598522 
598523 
598524 
598525 
598526 
598527 
598528 
598529 
74242 
598530 
598531 
74244 
598532 
598533 
598534 
598535 
598536 
74249 
598537 
598538 
598539 
598540 
598541 
598542 
598543 
598544 
598545 
74258 
598546 
74259 
598547 
598548 
598549 
598550 
598551 
598552 
598553 
598554 
598555 
598556 
74269 
598557 
74270 
598558 
598559 
598560 
598561 
598562 
598563 
598564 
598565 
598566 
598567 
598568 
598569 
598570 
74283 
598571 
598572 
598573 
74286 
598574 
74287 
598575 
598576 
598577 
598578 
598579 
598580 
598581 
598582 
598583 
74296 
598584 
74297 
598585 
74298 
598586 
598587 
598588 
598589 
598590 
598591 
598592 
598593 
598594 
598595 
598596 
598597 
598598 
598599 
598600 
598601 
598602 
598603 
598604 
598605 
598606 
598607 
74320 
598608 
74321 
598609 
74322 
598610 
598611 
598612 
598613 
598614 
598615 
598616 
598617 
598618 
598619 
598620 
598621 
598622 
598623 
598624 
598625 
598626 
598627 
598628 
598629 
598630 
598631 
598632 
598633 
598634 
598635 
598636 
598637 
598638 
598639 
598640 
598641 
598642 
598643 
598644 
598645 
598646 
598647 
598648 
598649 
598650 
598651 
598652 
598653 
598654 
598655 
598656 
74369 
598657 
598658 
598659 
74372 
598660 
74373 
598661 
598662 
598663 
598664 
598665 
598666 
598667 
598668 
598669 
598670 
598671 
598672 
598673 
598674 
598675 
74388 
598676 
598677 
598678 
74391 
598679 
598680 
598681 
598682 
598683 
74396 
598684 
598685 
598686 
598687 
598688 
598689 
74402 
598690 
74403 
598691 
598692 
598693 
598694 
598695 
598696 
74409 
598697 
598698 
74411 
598699 
74412 
598700 
598701 
74414 
598702 
598703 
598704 
598705 
598706 
598707 
598708 
598709 
74422 
598710 
74423 
598711 
598712 
598713 
598714 
598715 
598716 
74429 
598717 
74430 
598718 
598719 
74432 
598720 
598721 
74434 
598722 
598723 
598724 
74437 
598725 
74438 
598726 
598727 
598728 
598729 
598730 
74443 
598731 
74444 
598732 
598733 
598734 
598735 
598736 
598737 
598738 
598739 
598740 
598741 
598742 
598743 
598744 
598745 
598746 
598747 
598748 
598749 
598750 
598751 
598752 
598753 
598754 
598755 
598756 
598757 
598758 
598759 
74472 
598760 
74473 
598761 
74474 
598762 
74475 
598763 
598764 
74477 
598765 
74478 
598766 
74479 
598767 
74480 
598768 
598769 
598770 
74483 
598771 
598772 
598773 
598774 
598775 
598776 
598777 
598778 
598779 
598780 
598781 
598782 
598783 
74496 
598784 
598785 
598786 
598787 
74500 
598788 
598789 
74502 
598790 
598791 
74504 
598792 
598793 
598794 
598795 
598796 
598797 
598798 
598799 
598800 
598801 
598802 
598803 
598804 
598805 
598806 
598807 
598808 
598809 
598810 
598811 
598812 
598813 
74526 
598814 
598815 
74528 
598816 
598817 
74530 
598818 
598819 
598820 
598821 
598822 
598823 
598824 
598825 
598826 
598827 
598828 
598829 
598830 
598831 
598832 
598833 
74546 
598834 
598835 
598836 
598837 
598838 
598839 
74552 
598840 
598841 
598842 
74555 
598843 
74556 
598844 
598845 
598846 
598847 
598848 
598849 
74562 
598850 
74563 
598851 
598852 
598853 
598854 
598855 
598856 
598857 
598858 
598859 
598860 
598861 
598862 
598863 
598864 
598865 
598866 
598867 
598868 
598869 
598870 
598871 
598872 
598873 
598874 
598875 
598876 
598877 
598878 
598879 
598880 
598881 
598882 
598883 
598884 
598885 
598886 
598887 
598888 
598889 
598890 
598891 
598892 
598893 
598894 
598895 
598896 
598897 
598898 
598899 
598900 
598901 
598902 
598903 
598904 
598905 
598906 
598907 
598908 
598909 
598910 
598911 
598912 
598913 
598914 
598915 
598916 
598917 
598918 
598919 
598920 
598921 
598922 
598923 
598924 
598925 
598926 
598927 
598928 
598929 
598930 
598931 
598932 
598933 
598934 
598935 
598936 
598937 
598938 
598939 
598940 
598941 
598942 
598943 
598944 
598945 
598946 
598947 
598948 
598949 
598950 
598951 
598952 
598953 
598954 
598955 
598956 
598957 
598958 
598959 
598960 
598961 
598962 
598963 
598964 
598965 
598966 
598967 
598968 
598969 
598970 
598971 
598972 
598973 
598974 
598975 
598976 
598977 
598978 
598979 
598980 
598981 
598982 
598983 
598984 
598985 
598986 
598987 
598988 
598989 
598990 
74703 
598991 
598992 
598993 
598994 
598995 
74708 
598996 
598997 
598998 
598999 
599000 
599001 
599002 
599003 
599004 
599005 
599006 
599007 
599008 
599009 
599010 
599011 
599012 
599013 
599014 
599015 
599016 
599017 
74730 
599018 
599019 
599020 
74733 
599021 
599022 
74735 
599023 
599024 
599025 
599026 
599027 
599028 
599029 
599030 
599031 
599032 
599033 
599034 
599035 
599036 
599037 
599038 
599039 
599040 
599041 
599042 
74755 
599043 
599044 
599045 
599046 
74759 
599047 
599048 
599049 
599050 
74763 
599051 
599052 
599053 
599054 
599055 
599056 
74769 
599057 
599058 
599059 
599060 
599061 
599062 
599063 
599064 
74777 
599065 
599066 
599067 
74780 
599068 
599069 
599070 
599071 
599072 
599073 
74786 
599074 
599075 
599076 
599077 
599078 
599079 
599080 
599081 
599082 
599083 
74796 
599084 
599085 
599086 
599087 
599088 
599089 
599090 
599091 
599092 
599093 
599094 
599095 
599096 
599097 
599098 
599099 
599100 
599101 
599102 
599103 
599104 
599105 
599106 
599107 
599108 
599109 
599110 
599111 
599112 
599113 
599114 
599115 
599116 
599117 
599118 
599119 
599120 
599121 
599122 
599123 
599124 
599125 
599126 
599127 
599128 
599129 
599130 
599131 
599132 
74845 
599133 
599134 
74847 
599135 
74848 
599136 
599137 
74850 
599138 
599139 
599140 
74853 
599141 
599142 
74855 
599143 
599144 
599145 
599146 
599147 
599148 
599149 
599150 
599151 
599152 
599153 
599154 
74867 
599155 
599156 
74869 
599157 
74870 
599158 
599159 
74872 
599160 
599161 
599162 
74875 
599163 
599164 
74877 
599165 
599166 
599167 
599168 
599169 
74882 
599170 
599171 
599172 
599173 
599174 
599175 
599176 
74889 
599177 
599178 
599179 
599180 
74893 
599181 
599182 
599183 
74896 
599184 
599185 
599186 
599187 
599188 
74901 
599189 
599190 
599191 
599192 
599193 
599194 
599195 
599196 
599197 
599198 
599199 
599200 
599201 
599202 
599203 
599204 
599205 
599206 
599207 
74920 
599208 
74921 
599209 
74922 
599210 
74923 
599211 
599212 
599213 
599214 
599215 
74928 
599216 
74929 
599217 
74930 
599218 
74931 
599219 
599220 
599221 
599222 
599223 
599224 
599225 
74938 
599226 
599227 
599228 
599229 
599230 
599231 
599232 
599233 
599234 
599235 
599236 
599237 
599238 
599239 
599240 
74953 
599241 
599242 
74955 
599243 
599244 
74957 
599245 
599246 
599247 
599248 
599249 
599250 
599251 
599252 
599253 
599254 
599255 
599256 
599257 
599258 
599259 
599260 
599261 
599262 
599263 
599264 
599265 
599266 
599267 
599268 
599269 
74982 
599270 
599271 
599272 
599273 
74986 
599274 
599275 
599276 
599277 
599278 
599279 
599280 
599281 
599282 
599283 
599284 
74997 
599285 
599286 
74999 
599287 
599288 
599289 
599290 
599291 
599292 
599293 
599294 
599295 
599296 
599297 
599298 
599299 
599300 
599301 
599302 
599303 
599304 
599305 
599306 
599307 
599308 
599309 
599310 
599311 
599312 
599313 
599314 
599315 
599316 
599317 
599318 
599319 
599320 
599321 
599322 
599323 
599324 
599325 
599326 
599327 
599328 
599329 
599330 
599331 
599332 
599333 
599334 
599335 
599336 
599337 
599338 
599339 
599340 
599341 
599342 
599343 
599344 
599345 
599346 
599347 
599348 
599349 
599350 
599351 
599352 
599353 
599354 
599355 
599356 
599357 
599358 
599359 
599360 
599361 
599362 
599363 
599364 
599365 
599366 
599367 
599368 
599369 
599370 
599371 
599372 
599373 
599374 
599375 
599376 
599377 
599378 
599379 
599380 
599381 
599382 
599383 
599384 
599385 
599386 
599387 
599388 
599389 
599390 
599391 
599392 
599393 
599394 
599395 
599396 
599397 
599398 
599399 
599400 
599401 
599402 
599403 
599404 
599405 
599406 
599407 
599408 
599409 
599410 
599411 
599412 
599413 
599414 
599415 
599416 
599417 
599418 
599419 
599420 
599421 
599422 
599423 
599424 
599425 
599426 
599427 
599428 
599429 
599430 
599431 
599432 
599433 
599434 
599435 
599436 
599437 
599438 
599439 
599440 
599441 
599442 
599443 
599444 
599445 
599446 
599447 
599448 
599449 
599450 
75163 
599451 
599452 
599453 
599454 
599455 
599456 
599457 
599458 
599459 
599460 
599461 
599462 
599463 
599464 
599465 
599466 
599467 
599468 
75181 
599469 
599470 
75183 
599471 
75184 
599472 
75185 
599473 
599474 
599475 
599476 
599477 
599478 
75191 
599479 
599480 
599481 
599482 
599483 
599484 
599485 
599486 
599487 
599488 
75201 
599489 
599490 
599491 
599492 
599493 
599494 
599495 
599496 
599497 
599498 
75211 
599499 
599500 
599501 
75214 
599502 
599503 
599504 
599505 
599506 
599507 
599508 
599509 
599510 
599511 
599512 
599513 
599514 
599515 
75228 
599516 
599517 
599518 
75231 
599519 
599520 
599521 
599522 
599523 
599524 
599525 
599526 
599527 
75240 
599528 
599529 
75242 
599530 
599531 
599532 
599533 
599534 
599535 
599536 
599537 
599538 
75251 
599539 
599540 
599541 
599542 
599543 
599544 
599545 
599546 
599547 
599548 
75261 
599549 
75262 
599550 
599551 
599552 
599553 
599554 
599555 
599556 
75269 
599557 
599558 
599559 
599560 
599561 
599562 
599563 
599564 
599565 
599566 
599567 
599568 
599569 
599570 
599571 
599572 
599573 
599574 
75287 
599575 
599576 
599577 
599578 
599579 
599580 
75293 
599581 
599582 
75295 
599583 
599584 
599585 
599586 
599587 
599588 
599589 
599590 
599591 
599592 
599593 
599594 
599595 
599596 
599597 
599598 
599599 
599600 
599601 
599602 
599603 
599604 
599605 
599606 
599607 
599608 
599609 
599610 
75323 
599611 
75324 
599612 
599613 
599614 
599615 
599616 
599617 
75330 
599618 
599619 
599620 
599621 
599622 
599623 
599624 
599625 
599626 
599627 
599628 
75341 
599629 
599630 
75343 
599631 
75344 
599632 
599633 
75346 
599634 
599635 
599636 
599637 
75350 
599638 
599639 
75352 
599640 
599641 
599642 
599643 
599644 
599645 
599646 
599647 
599648 
599649 
599650 
75363 
599651 
599652 
75365 
599653 
75366 
599654 
599655 
75368 
599656 
599657 
599658 
599659 
75372 
599660 
599661 
75374 
599662 
599663 
599664 
599665 
599666 
599667 
599668 
599669 
599670 
75383 
599671 
599672 
75385 
599673 
75386 
599674 
599675 
599676 
599677 
599678 
75391 
599679 
599680 
599681 
599682 
75395 
599683 
599684 
599685 
599686 
599687 
75400 
599688 
599689 
75402 
599690 
75403 
599691 
75404 
599692 
599693 
599694 
599695 
599696 
599697 
599698 
599699 
599700 
599701 
599702 
599703 
599704 
599705 
599706 
599707 
599708 
599709 
599710 
599711 
599712 
599713 
75426 
599714 
599715 
599716 
75429 
599717 
75430 
599718 
599719 
599720 
599721 
599722 
599723 
599724 
599725 
599726 
599727 
599728 
599729 
599730 
599731 
599732 
599733 
599734 
599735 
599736 
599737 
599738 
599739 
599740 
599741 
599742 
599743 
599744 
599745 
599746 
599747 
599748 
75461 
599749 
75462 
599750 
599751 
599752 
599753 
599754 
599755 
599756 
599757 
599758 
599759 
599760 
599761 
599762 
599763 
75476 
599764 
75477 
599765 
599766 
599767 
599768 
599769 
599770 
599771 
75484 
599772 
599773 
599774 
599775 
599776 
599777 
599778 
599779 
599780 
599781 
75494 
599782 
599783 
599784 
599785 
75498 
599786 
75499 
599787 
599788 
599789 
599790 
75503 
599791 
599792 
75505 
599793 
599794 
599795 
599796 
599797 
599798 
75511 
599799 
75512 
599800 
599801 
75514 
599802 
75515 
599803 
599804 
599805 
599806 
599807 
599808 
599809 
599810 
599811 
599812 
75525 
599813 
599814 
599815 
599816 
599817 
75530 
599818 
599819 
599820 
599821 
599822 
75535 
599823 
599824 
599825 
75538 
599826 
599827 
599828 
599829 
599830 
75543 
599831 
599832 
599833 
599834 
599835 
599836 
75549 
599837 
75550 
599838 
599839 
599840 
75553 
599841 
599842 
599843 
599844 
599845 
75558 
599846 
599847 
599848 
599849 
599850 
599851 
599852 
599853 
599854 
599855 
599856 
599857 
599858 
599859 
599860 
599861 
599862 
599863 
75576 
599864 
75577 
599865 
75578 
599866 
75579 
599867 
599868 
599869 
599870 
75583 
599871 
75584 
599872 
75585 
599873 
75586 
599874 
599875 
599876 
599877 
599878 
75591 
599879 
599880 
599881 
599882 
599883 
75596 
599884 
599885 
75598 
599886 
75599 
599887 
75600 
599888 
599889 
599890 
599891 
599892 
599893 
599894 
599895 
599896 
599897 
599898 
599899 
599900 
599901 
599902 
599903 
599904 
599905 
599906 
75619 
599907 
599908 
75621 
599909 
599910 
599911 
599912 
599913 
75626 
599914 
599915 
599916 
599917 
599918 
599919 
599920 
599921 
75634 
599922 
75635 
599923 
599924 
599925 
599926 
599927 
599928 
599929 
75642 
599930 
75643 
599931 
599932 
599933 
599934 
599935 
599936 
599937 
599938 
599939 
599940 
599941 
599942 
599943 
599944 
599945 
75658 
599946 
599947 
75660 
599948 
599949 
599950 
599951 
599952 
599953 
599954 
599955 
599956 
599957 
599958 
599959 
599960 
599961 
599962 
599963 
599964 
599965 
599966 
599967 
599968 
599969 
75682 
599970 
599971 
75684 
599972 
599973 
75686 
599974 
599975 
599976 
599977 
599978 
599979 
599980 
599981 
599982 
599983 
599984 
599985 
599986 
599987 
599988 
599989 
75702 
599990 
599991 
599992 
599993 
599994 
599995 
75708 
599996 
599997 
599998 
75711 
599999 
75712 
600000 
600001 
600002 
600003 
600004 
600005 
75718 
600006 
75719 
600007 
600008 
600009 
600010 
600011 
600012 
600013 
600014 
600015 
600016 
600017 
600018 
600019 
600020 
600021 
600022 
600023 
600024 
75737 
600025 
600026 
600027 
600028 
600029 
75742 
600030 
600031 
600032 
600033 
75746 
600034 
75747 
600035 
600036 
600037 
600038 
600039 
600040 
600041 
600042 
600043 
600044 
600045 
600046 
600047 
75760 
600048 
600049 
600050 
600051 
600052 
75765 
600053 
600054 
600055 
600056 
600057 
600058 
600059 
600060 
600061 
600062 
600063 
600064 
600065 
600066 
600067 
600068 
600069 
600070 
600071 
600072 
600073 
600074 
75787 
600075 
600076 
75789 
600077 
600078 
600079 
600080 
600081 
600082 
600083 
600084 
600085 
600086 
75799 
600087 
600088 
600089 
75802 
600090 
75803 
600091 
600092 
600093 
600094 
600095 
600096 
600097 
600098 
600099 
600100 
600101 
600102 
600103 
600104 
600105 
600106 
600107 
600108 
75821 
600109 
600110 
75823 
600111 
600112 
600113 
600114 
600115 
600116 
600117 
600118 
75831 
600119 
600120 
75833 
600121 
75834 
600122 
600123 
600124 
600125 
600126 
75839 
600127 
600128 
600129 
75842 
600130 
75843 
600131 
600132 
75845 
600133 
600134 
75847 
600135 
600136 
600137 
75850 
600138 
600139 
600140 
600141 
600142 
75855 
600143 
75856 
600144 
600145 
600146 
600147 
600148 
600149 
600150 
600151 
600152 
600153 
600154 
75867 
600155 
600156 
600157 
600158 
600159 
600160 
600161 
600162 
75875 
600163 
600164 
75877 
600165 
600166 
600167 
600168 
600169 
75882 
600170 
600171 
600172 
600173 
600174 
75887 
600175 
600176 
600177 
600178 
75891 
600179 
600180 
600181 
600182 
75895 
600183 
600184 
600185 
75898 
600186 
600187 
600188 
600189 
600190 
600191 
75904 
600192 
600193 
75906 
600194 
600195 
75908 
600196 
600197 
600198 
75911 
600199 
75912 
600200 
600201 
600202 
600203 
600204 
75917 
600205 
75918 
600206 
600207 
600208 
600209 
600210 
600211 
600212 
600213 
600214 
600215 
600216 
600217 
600218 
600219 
600220 
75933 
600221 
75934 
600222 
600223 
600224 
600225 
600226 
600227 
600228 
600229 
600230 
75943 
600231 
600232 
75945 
600233 
600234 
600235 
600236 
75949 
600237 
600238 
600239 
600240 
600241 
600242 
600243 
600244 
600245 
600246 
600247 
75960 
600248 
75961 
600249 
600250 
600251 
75964 
600252 
600253 
600254 
600255 
600256 
75969 
600257 
600258 
75971 
600259 
600260 
75973 
600261 
600262 
600263 
600264 
600265 
600266 
600267 
600268 
75981 
600269 
600270 
75983 
600271 
600272 
600273 
600274 
600275 
600276 
600277 
600278 
600279 
600280 
600281 
75994 
600282 
75995 
600283 
75996 
600284 
600285 
75998 
600286 
600287 
600288 
600289 
600290 
76003 
600291 
600292 
76005 
600293 
76006 
600294 
600295 
76008 
600296 
76009 
600297 
600298 
600299 
600300 
600301 
76014 
600302 
600303 
600304 
600305 
600306 
600307 
600308 
76021 
600309 
600310 
76023 
600311 
600312 
600313 
600314 
76027 
600315 
600316 
600317 
600318 
600319 
600320 
600321 
600322 
76035 
600323 
76036 
600324 
600325 
600326 
600327 
600328 
600329 
600330 
76043 
600331 
600332 
600333 
76046 
600334 
600335 
600336 
600337 
600338 
600339 
600340 
600341 
76054 
600342 
600343 
600344 
600345 
600346 
600347 
600348 
600349 
600350 
600351 
600352 
600353 
600354 
600355 
600356 
600357 
76070 
600358 
600359 
76072 
600360 
600361 
600362 
600363 
600364 
600365 
600366 
600367 
600368 
600369 
600370 
600371 
600372 
600373 
600374 
600375 
600376 
600377 
600378 
600379 
600380 
600381 
600382 
600383 
600384 
600385 
600386 
600387 
600388 
600389 
600390 
600391 
600392 
600393 
600394 
600395 
600396 
600397 
600398 
600399 
600400 
600401 
600402 
600403 
600404 
600405 
600406 
600407 
600408 
600409 
600410 
600411 
600412 
600413 
600414 
600415 
600416 
600417 
600418 
600419 
600420 
600421 
600422 
600423 
600424 
600425 
600426 
600427 
600428 
600429 
600430 
600431 
600432 
600433 
600434 
600435 
600436 
600437 
600438 
600439 
600440 
600441 
600442 
600443 
600444 
600445 
600446 
600447 
600448 
600449 
600450 
600451 
600452 
600453 
600454 
600455 
600456 
600457 
600458 
600459 
600460 
600461 
600462 
600463 
600464 
600465 
600466 
600467 
600468 
600469 
600470 
600471 
600472 
600473 
600474 
600475 
600476 
600477 
600478 
600479 
600480 
600481 
600482 
600483 
600484 
600485 
600486 
600487 
600488 
600489 
600490 
600491 
600492 
600493 
600494 
600495 
600496 
600497 
600498 
600499 
600500 
600501 
600502 
600503 
600504 
600505 
600506 
600507 
600508 
600509 
600510 
600511 
600512 
600513 
76226 
600514 
76227 
600515 
600516 
600517 
600518 
600519 
600520 
600521 
600522 
600523 
600524 
600525 
76238 
600526 
76239 
600527 
76240 
600528 
600529 
76242 
600530 
600531 
600532 
600533 
600534 
600535 
600536 
600537 
600538 
600539 
600540 
600541 
600542 
600543 
600544 
600545 
600546 
600547 
600548 
600549 
600550 
600551 
600552 
600553 
600554 
600555 
600556 
600557 
600558 
600559 
600560 
600561 
600562 
600563 
600564 
600565 
600566 
600567 
600568 
600569 
600570 
600571 
600572 
600573 
600574 
600575 
600576 
600577 
600578 
600579 
600580 
600581 
600582 
600583 
600584 
600585 
600586 
76299 
600587 
76300 
600588 
600589 
76302 
600590 
600591 
600592 
600593 
600594 
600595 
600596 
600597 
600598 
600599 
600600 
600601 
600602 
600603 
600604 
600605 
600606 
600607 
600608 
600609 
600610 
600611 
600612 
600613 
600614 
600615 
600616 
600617 
600618 
600619 
600620 
600621 
600622 
600623 
600624 
600625 
600626 
600627 
600628 
600629 
600630 
600631 
600632 
600633 
600634 
600635 
600636 
600637 
600638 
600639 
600640 
600641 
600642 
600643 
600644 
600645 
600646 
600647 
600648 
600649 
600650 
600651 
600652 
600653 
600654 
600655 
600656 
600657 
600658 
600659 
600660 
600661 
600662 
600663 
600664 
600665 
600666 
600667 
600668 
600669 
600670 
600671 
600672 
600673 
600674 
600675 
600676 
600677 
600678 
600679 
600680 
600681 
600682 
600683 
600684 
600685 
600686 
600687 
600688 
600689 
600690 
600691 
600692 
600693 
600694 
600695 
600696 
600697 
600698 
600699 
600700 
600701 
600702 
600703 
600704 
600705 
600706 
600707 
600708 
600709 
600710 
600711 
600712 
600713 
600714 
600715 
600716 
600717 
600718 
600719 
600720 
600721 
600722 
600723 
600724 
600725 
600726 
600727 
600728 
600729 
600730 
600731 
600732 
600733 
600734 
600735 
600736 
600737 
600738 
600739 
600740 
600741 
600742 
600743 
600744 
600745 
600746 
600747 
600748 
600749 
600750 
600751 
600752 
600753 
600754 
600755 
600756 
600757 
600758 
600759 
600760 
600761 
600762 
600763 
600764 
600765 
600766 
600767 
600768 
600769 
600770 
600771 
600772 
76485 
600773 
600774 
76487 
600775 
76488 
600776 
600777 
600778 
600779 
600780 
600781 
600782 
600783 
600784 
600785 
76498 
600786 
76499 
600787 
600788 
600789 
600790 
600791 
600792 
600793 
600794 
600795 
76508 
600796 
76509 
600797 
600798 
600799 
76512 
600800 
76513 
600801 
600802 
600803 
76516 
600804 
600805 
600806 
76519 
600807 
600808 
600809 
76522 
600810 
76523 
600811 
600812 
600813 
600814 
76527 
600815 
76528 
600816 
600817 
76530 
600818 
600819 
76532 
600820 
600821 
600822 
76535 
600823 
600824 
600825 
600826 
600827 
76540 
600828 
76541 
600829 
600830 
600831 
600832 
600833 
600834 
600835 
600836 
600837 
600838 
600839 
600840 
600841 
76554 
600842 
600843 
600844 
600845 
600846 
600847 
76560 
600848 
600849 
76562 
600850 
600851 
600852 
600853 
600854 
76567 
600855 
600856 
600857 
600858 
600859 
600860 
76573 
600861 
600862 
600863 
600864 
600865 
76578 
600866 
600867 
600868 
76581 
600869 
600870 
600871 
600872 
600873 
600874 
600875 
600876 
600877 
600878 
600879 
600880 
600881 
600882 
600883 
600884 
600885 
600886 
600887 
600888 
600889 
600890 
600891 
600892 
600893 
600894 
600895 
600896 
600897 
600898 
600899 
600900 
600901 
600902 
600903 
600904 
600905 
600906 
600907 
600908 
600909 
600910 
600911 
600912 
600913 
600914 
600915 
600916 
600917 
600918 
600919 
600920 
600921 
600922 
600923 
600924 
600925 
600926 
600927 
600928 
600929 
600930 
600931 
600932 
600933 
600934 
600935 
600936 
600937 
600938 
600939 
600940 
600941 
600942 
600943 
600944 
600945 
600946 
600947 
600948 
600949 
600950 
600951 
600952 
600953 
600954 
600955 
600956 
600957 
600958 
600959 
600960 
600961 
600962 
600963 
600964 
600965 
600966 
600967 
600968 
600969 
600970 
600971 
600972 
600973 
600974 
600975 
600976 
600977 
600978 
600979 
600980 
600981 
600982 
600983 
600984 
600985 
600986 
600987 
600988 
600989 
600990 
600991 
600992 
600993 
600994 
600995 
600996 
600997 
600998 
600999 
601000 
601001 
601002 
601003 
601004 
601005 
601006 
601007 
601008 
601009 
601010 
601011 
601012 
601013 
601014 
601015 
601016 
601017 
601018 
601019 
601020 
601021 
601022 
601023 
601024 
601025 
601026 
601027 
601028 
601029 
601030 
601031 
601032 
601033 
601034 
601035 
601036 
601037 
601038 
601039 
601040 
601041 
601042 
601043 
601044 
601045 
601046 
601047 
601048 
601049 
601050 
601051 
601052 
601053 
601054 
601055 
601056 
601057 
601058 
601059 
601060 
601061 
601062 
601063 
601064 
601065 
601066 
601067 
601068 
601069 
601070 
601071 
601072 
601073 
601074 
601075 
601076 
601077 
601078 
601079 
601080 
601081 
601082 
601083 
601084 
601085 
601086 
601087 
601088 
601089 
601090 
601091 
601092 
601093 
601094 
601095 
601096 
601097 
601098 
601099 
601100 
601101 
601102 
601103 
601104 
601105 
601106 
601107 
601108 
601109 
601110 
601111 
601112 
601113 
601114 
601115 
601116 
601117 
601118 
601119 
601120 
601121 
601122 
601123 
601124 
601125 
601126 
601127 
601128 
601129 
601130 
601131 
601132 
601133 
601134 
601135 
601136 
601137 
601138 
601139 
601140 
601141 
601142 
601143 
601144 
601145 
601146 
601147 
601148 
601149 
601150 
601151 
601152 
601153 
601154 
601155 
601156 
601157 
601158 
601159 
601160 
601161 
601162 
601163 
601164 
601165 
601166 
601167 
601168 
601169 
601170 
601171 
601172 
601173 
601174 
601175 
601176 
601177 
601178 
601179 
601180 
601181 
601182 
601183 
601184 
601185 
601186 
601187 
601188 
601189 
601190 
601191 
601192 
601193 
601194 
601195 
601196 
601197 
601198 
601199 
601200 
601201 
601202 
601203 
601204 
601205 
601206 
601207 
601208 
601209 
601210 
601211 
601212 
601213 
601214 
601215 
601216 
601217 
601218 
601219 
601220 
601221 
601222 
601223 
601224 
601225 
601226 
601227 
601228 
601229 
601230 
601231 
601232 
601233 
601234 
601235 
601236 
601237 
601238 
601239 
601240 
601241 
601242 
601243 
601244 
601245 
601246 
601247 
601248 
601249 
601250 
601251 
601252 
601253 
601254 
601255 
601256 
601257 
601258 
601259 
601260 
601261 
601262 
601263 
601264 
601265 
601266 
601267 
601268 
601269 
601270 
601271 
601272 
601273 
601274 
601275 
601276 
601277 
601278 
601279 
601280 
601281 
601282 
601283 
601284 
601285 
601286 
601287 
601288 
601289 
601290 
601291 
601292 
601293 
601294 
601295 
601296 
601297 
601298 
601299 
601300 
601301 
601302 
601303 
601304 
601305 
601306 
601307 
601308 
601309 
601310 
601311 
601312 
601313 
601314 
601315 
601316 
601317 
601318 
601319 
601320 
601321 
601322 
601323 
601324 
601325 
601326 
601327 
601328 
601329 
601330 
601331 
601332 
601333 
601334 
601335 
601336 
601337 
601338 
601339 
601340 
601341 
601342 
601343 
601344 
601345 
601346 
601347 
601348 
601349 
601350 
601351 
601352 
601353 
601354 
601355 
601356 
601357 
601358 
601359 
601360 
601361 
601362 
601363 
601364 
601365 
601366 
601367 
601368 
601369 
601370 
601371 
601372 
601373 
601374 
601375 
601376 
601377 
601378 
601379 
601380 
601381 
601382 
601383 
601384 
601385 
601386 
601387 
601388 
601389 
601390 
601391 
601392 
601393 
601394 
601395 
601396 
601397 
601398 
601399 
601400 
601401 
601402 
601403 
601404 
601405 
601406 
601407 
601408 
601409 
601410 
601411 
601412 
601413 
601414 
601415 
601416 
601417 
601418 
601419 
601420 
601421 
601422 
601423 
601424 
601425 
601426 
601427 
601428 
601429 
601430 
601431 
601432 
601433 
601434 
601435 
601436 
601437 
601438 
601439 
601440 
601441 
601442 
601443 
601444 
601445 
601446 
601447 
601448 
601449 
601450 
601451 
601452 
601453 
601454 
601455 
601456 
601457 
601458 
601459 
601460 
601461 
601462 
601463 
601464 
601465 
601466 
601467 
601468 
601469 
601470 
601471 
601472 
601473 
601474 
601475 
601476 
601477 
601478 
601479 
601480 
601481 
601482 
601483 
601484 
601485 
601486 
601487 
601488 
601489 
601490 
601491 
601492 
601493 
601494 
601495 
601496 
601497 
601498 
601499 
601500 
601501 
601502 
601503 
601504 
601505 
601506 
601507 
601508 
601509 
601510 
601511 
601512 
601513 
601514 
601515 
601516 
601517 
601518 
601519 
601520 
601521 
601522 
601523 
601524 
601525 
601526 
601527 
601528 
601529 
601530 
601531 
601532 
601533 
601534 
601535 
601536 
601537 
601538 
601539 
601540 
601541 
601542 
601543 
601544 
601545 
601546 
601547 
601548 
601549 
601550 
601551 
601552 
601553 
601554 
601555 
601556 
601557 
601558 
601559 
601560 
601561 
601562 
601563 
601564 
601565 
601566 
601567 
601568 
601569 
601570 
601571 
601572 
601573 
601574 
601575 
601576 
601577 
601578 
601579 
601580 
601581 
601582 
601583 
601584 
601585 
601586 
601587 
601588 
601589 
601590 
601591 
601592 
601593 
601594 
601595 
601596 
601597 
601598 
601599 
601600 
601601 
601602 
601603 
601604 
601605 
601606 
601607 
601608 
601609 
601610 
601611 
601612 
601613 
601614 
601615 
601616 
601617 
601618 
601619 
601620 
601621 
601622 
601623 
601624 
601625 
601626 
601627 
601628 
601629 
601630 
601631 
601632 
601633 
601634 
601635 
601636 
601637 
601638 
601639 
601640 
601641 
601642 
601643 
601644 
601645 
601646 
601647 
601648 
601649 
601650 
601651 
601652 
601653 
601654 
601655 
601656 
601657 
601658 
601659 
601660 
601661 
601662 
601663 
601664 
601665 
601666 
601667 
601668 
601669 
601670 
601671 
601672 
601673 
601674 
601675 
601676 
601677 
601678 
601679 
601680 
601681 
601682 
77395 
601683 
601684 
77397 
601685 
601686 
601687 
601688 
601689 
601690 
77403 
601691 
601692 
601693 
601694 
77407 
601695 
601696 
601697 
601698 
601699 
601700 
601701 
601702 
601703 
77416 
601704 
601705 
601706 
601707 
77420 
601708 
601709 
601710 
601711 
601712 
601713 
601714 
601715 
601716 
601717 
601718 
601719 
601720 
601721 
601722 
601723 
601724 
601725 
601726 
601727 
601728 
601729 
601730 
601731 
601732 
601733 
601734 
601735 
601736 
601737 
601738 
601739 
601740 
601741 
601742 
77455 
601743 
601744 
77457 
601745 
601746 
601747 
601748 
77461 
601749 
601750 
601751 
601752 
601753 
601754 
601755 
601756 
601757 
601758 
601759 
601760 
77473 
601761 
601762 
601763 
601764 
77477 
601765 
601766 
601767 
601768 
601769 
601770 
601771 
77484 
601772 
601773 
601774 
601775 
77488 
601776 
601777 
601778 
77491 
601779 
601780 
601781 
601782 
601783 
77496 
601784 
601785 
601786 
77499 
601787 
601788 
77501 
601789 
601790 
601791 
601792 
601793 
601794 
77507 
601795 
77508 
601796 
601797 
77510 
601798 
77511 
601799 
601800 
601801 
601802 
601803 
601804 
601805 
601806 
601807 
77520 
601808 
601809 
601810 
77523 
601811 
601812 
77525 
601813 
601814 
601815 
601816 
601817 
601818 
77531 
601819 
601820 
77533 
601821 
77534 
601822 
601823 
601824 
601825 
601826 
601827 
601828 
601829 
601830 
601831 
601832 
601833 
601834 
601835 
601836 
601837 
601838 
601839 
601840 
601841 
601842 
601843 
601844 
601845 
601846 
601847 
601848 
601849 
601850 
601851 
601852 
601853 
601854 
601855 
601856 
601857 
601858 
601859 
601860 
601861 
601862 
601863 
601864 
601865 
601866 
601867 
601868 
601869 
601870 
601871 
601872 
601873 
601874 
601875 
601876 
601877 
601878 
601879 
601880 
601881 
601882 
601883 
601884 
601885 
601886 
601887 
601888 
601889 
601890 
601891 
601892 
601893 
601894 
601895 
601896 
601897 
601898 
601899 
601900 
601901 
601902 
601903 
601904 
601905 
601906 
601907 
601908 
601909 
601910 
601911 
601912 
601913 
601914 
601915 
601916 
601917 
601918 
601919 
601920 
601921 
601922 
601923 
601924 
601925 
601926 
601927 
601928 
601929 
601930 
601931 
601932 
601933 
601934 
601935 
601936 
601937 
601938 
601939 
601940 
601941 
601942 
601943 
601944 
601945 
601946 
601947 
601948 
601949 
601950 
601951 
601952 
601953 
601954 
601955 
601956 
601957 
601958 
601959 
601960 
601961 
601962 
601963 
601964 
601965 
601966 
601967 
601968 
601969 
601970 
601971 
601972 
601973 
601974 
601975 
601976 
601977 
601978 
601979 
601980 
601981 
601982 
601983 
601984 
601985 
601986 
601987 
601988 
601989 
601990 
601991 
601992 
601993 
601994 
601995 
601996 
601997 
601998 
601999 
602000 
602001 
602002 
602003 
602004 
602005 
602006 
602007 
602008 
602009 
602010 
602011 
602012 
602013 
602014 
602015 
602016 
602017 
602018 
602019 
602020 
602021 
602022 
602023 
602024 
602025 
602026 
602027 
602028 
602029 
602030 
602031 
602032 
602033 
602034 
602035 
602036 
602037 
602038 
602039 
602040 
602041 
602042 
602043 
602044 
602045 
602046 
602047 
602048 
602049 
602050 
602051 
602052 
602053 
602054 
602055 
602056 
602057 
602058 
602059 
602060 
602061 
602062 
602063 
602064 
602065 
602066 
602067 
602068 
602069 
602070 
602071 
602072 
602073 
602074 
602075 
602076 
602077 
602078 
602079 
602080 
602081 
602082 
602083 
602084 
602085 
602086 
602087 
602088 
602089 
602090 
602091 
602092 
602093 
602094 
602095 
602096 
602097 
602098 
602099 
602100 
602101 
602102 
602103 
602104 
602105 
602106 
602107 
602108 
602109 
602110 
602111 
602112 
602113 
602114 
602115 
602116 
602117 
602118 
602119 
602120 
602121 
602122 
602123 
602124 
602125 
602126 
602127 
602128 
602129 
602130 
602131 
602132 
602133 
602134 
602135 
602136 
602137 
602138 
602139 
602140 
602141 
602142 
602143 
602144 
602145 
602146 
602147 
602148 
602149 
602150 
602151 
602152 
602153 
602154 
602155 
602156 
602157 
602158 
602159 
602160 
602161 
602162 
602163 
602164 
602165 
602166 
602167 
602168 
602169 
602170 
602171 
602172 
602173 
602174 
602175 
602176 
602177 
602178 
602179 
602180 
602181 
602182 
602183 
602184 
602185 
602186 
602187 
602188 
602189 
602190 
602191 
602192 
602193 
602194 
602195 
602196 
602197 
602198 
602199 
602200 
602201 
602202 
602203 
602204 
602205 
602206 
602207 
602208 
602209 
602210 
602211 
602212 
602213 
602214 
602215 
602216 
602217 
602218 
602219 
602220 
602221 
602222 
602223 
602224 
602225 
602226 
602227 
602228 
602229 
602230 
602231 
602232 
602233 
602234 
602235 
602236 
602237 
602238 
602239 
602240 
602241 
602242 
602243 
602244 
602245 
602246 
602247 
602248 
602249 
602250 
602251 
602252 
602253 
602254 
602255 
602256 
602257 
602258 
602259 
602260 
602261 
602262 
602263 
602264 
602265 
602266 
602267 
602268 
602269 
602270 
602271 
602272 
602273 
602274 
602275 
602276 
602277 
602278 
602279 
602280 
602281 
602282 
602283 
602284 
602285 
602286 
602287 
602288 
602289 
602290 
602291 
602292 
602293 
602294 
602295 
602296 
602297 
602298 
602299 
602300 
602301 
602302 
602303 
602304 
602305 
602306 
602307 
602308 
602309 
602310 
602311 
602312 
602313 
602314 
602315 
602316 
602317 
602318 
602319 
602320 
602321 
602322 
602323 
602324 
602325 
602326 
602327 
602328 
602329 
602330 
602331 
602332 
602333 
602334 
602335 
602336 
602337 
602338 
602339 
602340 
602341 
602342 
602343 
602344 
602345 
602346 
602347 
602348 
602349 
602350 
602351 
602352 
602353 
602354 
602355 
602356 
602357 
602358 
602359 
602360 
602361 
602362 
602363 
602364 
602365 
602366 
602367 
602368 
602369 
602370 
602371 
602372 
602373 
602374 
602375 
602376 
602377 
602378 
602379 
602380 
602381 
602382 
602383 
602384 
602385 
602386 
602387 
602388 
602389 
602390 
602391 
602392 
602393 
602394 
602395 
602396 
602397 
602398 
602399 
602400 
602401 
602402 
602403 
602404 
602405 
602406 
602407 
602408 
602409 
602410 
602411 
602412 
602413 
602414 
602415 
602416 
602417 
602418 
602419 
602420 
602421 
602422 
602423 
602424 
602425 
602426 
602427 
602428 
602429 
602430 
602431 
602432 
602433 
602434 
602435 
602436 
602437 
602438 
602439 
602440 
602441 
602442 
602443 
602444 
602445 
602446 
602447 
602448 
602449 
602450 
602451 
602452 
602453 
602454 
602455 
602456 
602457 
602458 
602459 
602460 
602461 
602462 
602463 
602464 
602465 
602466 
602467 
602468 
602469 
602470 
602471 
602472 
602473 
602474 
602475 
602476 
602477 
602478 
602479 
602480 
602481 
602482 
602483 
602484 
602485 
602486 
602487 
602488 
602489 
602490 
602491 
602492 
602493 
602494 
602495 
602496 
602497 
602498 
602499 
602500 
602501 
602502 
602503 
602504 
602505 
602506 
602507 
602508 
602509 
602510 
602511 
602512 
602513 
602514 
602515 
602516 
602517 
602518 
602519 
602520 
602521 
602522 
602523 
602524 
602525 
602526 
602527 
602528 
602529 
602530 
602531 
602532 
602533 
602534 
602535 
602536 
602537 
602538 
602539 
602540 
602541 
602542 
602543 
602544 
602545 
602546 
602547 
602548 
602549 
602550 
602551 
602552 
602553 
602554 
602555 
602556 
602557 
602558 
602559 
602560 
602561 
602562 
602563 
602564 
602565 
602566 
602567 
602568 
602569 
602570 
602571 
602572 
602573 
602574 
602575 
602576 
602577 
602578 
602579 
602580 
602581 
602582 
602583 
602584 
602585 
602586 
602587 
602588 
602589 
602590 
602591 
602592 
602593 
602594 
602595 
602596 
602597 
602598 
602599 
602600 
602601 
602602 
602603 
602604 
602605 
602606 
602607 
602608 
602609 
602610 
602611 
602612 
602613 
602614 
602615 
602616 
78329 
602617 
602618 
602619 
602620 
602621 
602622 
602623 
602624 
602625 
602626 
602627 
602628 
602629 
602630 
602631 
602632 
602633 
602634 
602635 
602636 
602637 
602638 
602639 
602640 
602641 
602642 
602643 
602644 
602645 
78358 
602646 
602647 
78360 
602648 
602649 
602650 
602651 
78364 
602652 
602653 
602654 
602655 
602656 
602657 
602658 
78371 
602659 
602660 
602661 
602662 
78375 
602663 
602664 
602665 
602666 
602667 
602668 
602669 
602670 
602671 
602672 
602673 
602674 
602675 
78388 
602676 
602677 
602678 
602679 
602680 
78393 
602681 
602682 
602683 
602684 
602685 
602686 
602687 
602688 
602689 
602690 
602691 
602692 
78405 
602693 
78406 
602694 
602695 
602696 
602697 
602698 
78411 
602699 
78412 
602700 
78413 
602701 
602702 
78415 
602703 
602704 
602705 
602706 
602707 
602708 
602709 
602710 
602711 
78424 
602712 
602713 
602714 
78427 
602715 
78428 
602716 
78429 
602717 
78430 
602718 
602719 
602720 
602721 
602722 
78435 
602723 
602724 
602725 
602726 
602727 
602728 
602729 
78442 
602730 
602731 
78444 
602732 
602733 
602734 
602735 
78448 
602736 
602737 
602738 
602739 
602740 
78453 
602741 
78454 
602742 
602743 
602744 
602745 
602746 
602747 
602748 
602749 
602750 
602751 
78464 
602752 
602753 
78466 
602754 
602755 
602756 
602757 
602758 
602759 
602760 
602761 
78474 
602762 
78475 
602763 
78476 
602764 
78477 
602765 
602766 
602767 
602768 
602769 
602770 
602771 
602772 
602773 
602774 
78487 
602775 
602776 
78489 
602777 
602778 
78491 
602779 
78492 
602780 
78493 
602781 
602782 
602783 
602784 
602785 
78498 
602786 
602787 
602788 
602789 
602790 
602791 
602792 
602793 
602794 
602795 
602796 
602797 
602798 
602799 
602800 
602801 
78514 
602802 
78515 
602803 
602804 
602805 
602806 
602807 
602808 
602809 
602810 
602811 
602812 
602813 
602814 
602815 
602816 
602817 
602818 
602819 
602820 
602821 
602822 
602823 
602824 
602825 
602826 
602827 
602828 
602829 
602830 
602831 
602832 
602833 
602834 
602835 
602836 
78549 
602837 
78550 
602838 
602839 
602840 
602841 
602842 
602843 
602844 
602845 
602846 
78559 
602847 
78560 
602848 
602849 
602850 
602851 
602852 
602853 
602854 
602855 
602856 
602857 
602858 
602859 
602860 
602861 
602862 
602863 
602864 
602865 
602866 
602867 
602868 
602869 
602870 
602871 
602872 
602873 
602874 
602875 
602876 
602877 
602878 
602879 
602880 
602881 
602882 
602883 
602884 
602885 
602886 
602887 
602888 
602889 
602890 
602891 
602892 
602893 
602894 
602895 
602896 
602897 
602898 
602899 
602900 
602901 
602902 
602903 
602904 
602905 
602906 
602907 
602908 
602909 
602910 
602911 
602912 
602913 
602914 
602915 
602916 
602917 
602918 
602919 
602920 
602921 
602922 
602923 
602924 
602925 
602926 
602927 
602928 
602929 
602930 
602931 
602932 
602933 
602934 
602935 
602936 
602937 
602938 
602939 
602940 
602941 
602942 
602943 
602944 
602945 
602946 
602947 
602948 
602949 
602950 
602951 
602952 
602953 
602954 
602955 
602956 
602957 
602958 
602959 
602960 
602961 
602962 
602963 
602964 
602965 
602966 
602967 
602968 
602969 
602970 
602971 
602972 
602973 
602974 
602975 
602976 
602977 
602978 
602979 
602980 
78693 
602981 
78694 
602982 
602983 
602984 
602985 
602986 
602987 
602988 
602989 
602990 
602991 
602992 
602993 
602994 
602995 
602996 
602997 
602998 
602999 
603000 
603001 
603002 
603003 
603004 
603005 
603006 
603007 
603008 
603009 
603010 
603011 
603012 
603013 
603014 
603015 
603016 
78729 
603017 
78730 
603018 
603019 
603020 
603021 
603022 
603023 
603024 
603025 
603026 
78739 
603027 
78740 
603028 
603029 
78742 
603030 
603031 
78744 
603032 
78745 
603033 
603034 
603035 
603036 
603037 
603038 
603039 
603040 
603041 
78754 
603042 
78755 
603043 
603044 
603045 
603046 
603047 
603048 
603049 
603050 
603051 
603052 
78765 
603053 
78766 
603054 
603055 
78768 
603056 
603057 
603058 
603059 
603060 
603061 
603062 
603063 
603064 
603065 
603066 
603067 
603068 
603069 
603070 
603071 
603072 
603073 
603074 
603075 
603076 
603077 
603078 
603079 
603080 
603081 
603082 
603083 
603084 
603085 
603086 
603087 
603088 
603089 
603090 
603091 
603092 
603093 
603094 
603095 
603096 
603097 
603098 
603099 
603100 
603101 
603102 
603103 
603104 
603105 
603106 
603107 
603108 
603109 
603110 
603111 
603112 
603113 
603114 
603115 
603116 
603117 
603118 
603119 
603120 
603121 
603122 
603123 
603124 
603125 
603126 
603127 
603128 
603129 
603130 
603131 
603132 
603133 
603134 
603135 
603136 
603137 
603138 
603139 
603140 
603141 
603142 
603143 
603144 
603145 
603146 
603147 
603148 
603149 
603150 
603151 
603152 
603153 
603154 
603155 
603156 
603157 
603158 
603159 
603160 
603161 
603162 
603163 
603164 
603165 
603166 
603167 
603168 
603169 
603170 
603171 
603172 
603173 
603174 
603175 
603176 
603177 
603178 
603179 
603180 
603181 
603182 
603183 
603184 
603185 
603186 
603187 
603188 
603189 
603190 
603191 
603192 
603193 
603194 
603195 
603196 
603197 
603198 
603199 
603200 
603201 
603202 
603203 
603204 
603205 
603206 
603207 
603208 
603209 
603210 
603211 
603212 
603213 
603214 
603215 
603216 
603217 
603218 
603219 
603220 
603221 
603222 
603223 
603224 
603225 
603226 
603227 
603228 
603229 
603230 
603231 
603232 
603233 
603234 
603235 
603236 
603237 
603238 
603239 
603240 
603241 
603242 
603243 
603244 
603245 
603246 
603247 
603248 
603249 
603250 
603251 
603252 
603253 
603254 
603255 
603256 
603257 
603258 
603259 
603260 
603261 
603262 
603263 
603264 
603265 
603266 
603267 
603268 
603269 
603270 
603271 
603272 
603273 
603274 
78987 
603275 
78988 
603276 
78989 
603277 
603278 
603279 
603280 
603281 
603282 
603283 
603284 
603285 
603286 
603287 
603288 
603289 
603290 
603291 
603292 
603293 
603294 
603295 
603296 
603297 
603298 
603299 
603300 
603301 
603302 
603303 
603304 
79017 
603305 
603306 
603307 
79020 
603308 
79021 
603309 
603310 
603311 
603312 
603313 
603314 
603315 
79028 
603316 
79029 
603317 
603318 
603319 
603320 
603321 
79034 
603322 
603323 
603324 
79037 
603325 
603326 
603327 
79040 
603328 
79041 
603329 
603330 
603331 
79044 
603332 
79045 
603333 
603334 
603335 
79048 
603336 
79049 
603337 
603338 
603339 
79052 
603340 
603341 
603342 
79055 
603343 
603344 
603345 
603346 
603347 
603348 
79061 
603349 
79062 
603350 
603351 
603352 
603353 
603354 
603355 
603356 
603357 
603358 
603359 
603360 
79073 
603361 
603362 
603363 
603364 
603365 
79078 
603366 
603367 
603368 
79081 
603369 
603370 
603371 
603372 
603373 
79086 
603374 
603375 
603376 
79089 
603377 
603378 
79091 
603379 
603380 
603381 
603382 
603383 
603384 
79097 
603385 
603386 
79099 
603387 
79100 
603388 
603389 
603390 
603391 
603392 
603393 
603394 
603395 
603396 
603397 
79110 
603398 
603399 
603400 
603401 
603402 
603403 
603404 
603405 
603406 
603407 
603408 
603409 
603410 
79123 
603411 
603412 
79125 
603413 
603414 
603415 
603416 
603417 
603418 
603419 
603420 
603421 
603422 
603423 
603424 
603425 
603426 
603427 
79140 
603428 
603429 
603430 
603431 
603432 
603433 
603434 
79147 
603435 
603436 
79149 
603437 
603438 
603439 
603440 
603441 
603442 
603443 
603444 
79157 
603445 
603446 
79159 
603447 
603448 
603449 
603450 
603451 
603452 
603453 
603454 
603455 
603456 
603457 
603458 
603459 
603460 
603461 
603462 
603463 
603464 
603465 
603466 
603467 
603468 
603469 
603470 
603471 
79184 
603472 
603473 
603474 
603475 
603476 
603477 
603478 
603479 
603480 
603481 
603482 
603483 
603484 
603485 
603486 
603487 
603488 
603489 
603490 
603491 
79204 
603492 
79205 
603493 
603494 
603495 
603496 
603497 
603498 
603499 
603500 
603501 
603502 
603503 
603504 
603505 
603506 
603507 
603508 
603509 
603510 
603511 
79224 
603512 
79225 
603513 
603514 
603515 
603516 
603517 
603518 
603519 
603520 
603521 
603522 
603523 
603524 
603525 
603526 
603527 
79240 
603528 
79241 
603529 
79242 
603530 
79243 
603531 
603532 
603533 
603534 
603535 
603536 
79249 
603537 
603538 
603539 
603540 
603541 
603542 
603543 
603544 
603545 
603546 
603547 
603548 
603549 
603550 
603551 
603552 
603553 
603554 
603555 
603556 
603557 
603558 
603559 
603560 
603561 
603562 
603563 
603564 
79277 
603565 
79278 
603566 
79279 
603567 
603568 
79281 
603569 
603570 
603571 
603572 
603573 
603574 
603575 
603576 
603577 
603578 
603579 
603580 
603581 
603582 
603583 
603584 
603585 
79298 
603586 
79299 
603587 
603588 
603589 
603590 
603591 
603592 
603593 
79306 
603594 
79307 
603595 
603596 
603597 
603598 
603599 
603600 
79313 
603601 
79314 
603602 
603603 
603604 
603605 
603606 
603607 
603608 
603609 
603610 
603611 
603612 
79325 
603613 
603614 
79327 
603615 
603616 
603617 
603618 
603619 
603620 
603621 
603622 
603623 
603624 
603625 
603626 
603627 
603628 
603629 
603630 
603631 
603632 
603633 
603634 
603635 
603636 
79349 
603637 
603638 
79351 
603639 
79352 
603640 
603641 
79354 
603642 
603643 
603644 
603645 
603646 
603647 
603648 
603649 
603650 
603651 
79364 
603652 
603653 
79366 
603654 
79367 
603655 
603656 
79369 
603657 
603658 
603659 
603660 
603661 
603662 
603663 
603664 
603665 
603666 
603667 
603668 
603669 
603670 
603671 
603672 
603673 
603674 
603675 
603676 
603677 
603678 
603679 
603680 
603681 
603682 
603683 
603684 
603685 
603686 
603687 
603688 
603689 
603690 
603691 
603692 
603693 
79406 
603694 
603695 
79408 
603696 
603697 
79410 
603698 
603699 
603700 
79413 
603701 
603702 
603703 
603704 
603705 
603706 
79419 
603707 
79420 
603708 
603709 
603710 
603711 
603712 
603713 
79426 
603714 
79427 
603715 
603716 
79429 
603717 
603718 
603719 
79432 
603720 
603721 
603722 
603723 
603724 
603725 
603726 
603727 
603728 
603729 
603730 
603731 
603732 
603733 
603734 
603735 
603736 
603737 
603738 
603739 
603740 
603741 
603742 
603743 
603744 
603745 
603746 
603747 
603748 
603749 
603750 
603751 
603752 
603753 
603754 
603755 
603756 
603757 
603758 
603759 
603760 
603761 
603762 
603763 
603764 
603765 
603766 
603767 
603768 
603769 
603770 
603771 
603772 
603773 
603774 
603775 
603776 
603777 
603778 
603779 
603780 
603781 
603782 
603783 
603784 
603785 
603786 
79499 
603787 
79500 
603788 
603789 
603790 
603791 
603792 
603793 
603794 
603795 
603796 
603797 
603798 
603799 
603800 
603801 
603802 
603803 
603804 
603805 
603806 
603807 
603808 
603809 
603810 
603811 
603812 
603813 
603814 
603815 
603816 
603817 
603818 
603819 
603820 
603821 
603822 
603823 
603824 
603825 
603826 
603827 
603828 
603829 
603830 
603831 
603832 
603833 
603834 
603835 
603836 
603837 
603838 
603839 
603840 
603841 
603842 
603843 
603844 
603845 
603846 
603847 
603848 
603849 
603850 
603851 
603852 
603853 
603854 
603855 
603856 
603857 
603858 
603859 
603860 
603861 
603862 
603863 
603864 
603865 
603866 
603867 
603868 
603869 
603870 
603871 
603872 
603873 
603874 
603875 
603876 
603877 
603878 
603879 
603880 
603881 
603882 
603883 
603884 
603885 
603886 
603887 
603888 
603889 
603890 
603891 
603892 
603893 
603894 
603895 
603896 
603897 
603898 
603899 
603900 
603901 
603902 
603903 
603904 
603905 
603906 
79619 
603907 
79620 
603908 
603909 
603910 
603911 
603912 
603913 
79626 
603914 
79627 
603915 
603916 
603917 
603918 
603919 
603920 
603921 
603922 
603923 
603924 
603925 
603926 
603927 
603928 
603929 
603930 
603931 
603932 
603933 
603934 
603935 
603936 
603937 
603938 
603939 
603940 
603941 
603942 
603943 
79656 
603944 
79657 
603945 
79658 
603946 
603947 
79660 
603948 
603949 
603950 
603951 
603952 
603953 
603954 
603955 
603956 
603957 
603958 
603959 
603960 
603961 
603962 
603963 
603964 
603965 
603966 
603967 
603968 
603969 
603970 
603971 
603972 
603973 
603974 
603975 
603976 
603977 
603978 
79691 
603979 
79692 
603980 
603981 
603982 
79695 
603983 
79696 
603984 
603985 
603986 
603987 
79700 
603988 
603989 
79702 
603990 
603991 
603992 
79705 
603993 
603994 
79707 
603995 
603996 
603997 
603998 
603999 
604000 
604001 
604002 
604003 
604004 
604005 
604006 
604007 
604008 
604009 
604010 
604011 
79724 
604012 
79725 
604013 
604014 
604015 
604016 
604017 
604018 
604019 
604020 
604021 
79734 
604022 
604023 
604024 
79737 
604025 
79738 
604026 
79739 
604027 
79740 
604028 
79741 
604029 
79742 
604030 
604031 
604032 
604033 
604034 
79747 
604035 
604036 
79749 
604037 
79750 
604038 
79751 
604039 
604040 
604041 
604042 
604043 
604044 
604045 
79758 
604046 
79759 
604047 
604048 
604049 
604050 
604051 
604052 
604053 
604054 
604055 
604056 
604057 
79770 
604058 
604059 
79772 
604060 
604061 
604062 
604063 
604064 
79777 
604065 
604066 
79779 
604067 
604068 
604069 
604070 
604071 
604072 
604073 
604074 
604075 
604076 
604077 
604078 
79791 
604079 
604080 
79793 
604081 
604082 
604083 
604084 
604085 
604086 
604087 
604088 
604089 
604090 
604091 
604092 
79805 
604093 
79806 
604094 
79807 
604095 
79808 
604096 
79809 
604097 
604098 
604099 
79812 
604100 
604101 
604102 
604103 
79816 
604104 
604105 
79818 
604106 
79819 
604107 
604108 
604109 
604110 
604111 
604112 
604113 
604114 
604115 
604116 
604117 
604118 
604119 
604120 
604121 
604122 
604123 
604124 
604125 
604126 
604127 
604128 
79841 
604129 
604130 
604131 
604132 
604133 
604134 
604135 
604136 
79849 
604137 
79850 
604138 
604139 
604140 
604141 
79854 
604142 
604143 
604144 
79857 
604145 
604146 
79859 
604147 
604148 
604149 
604150 
604151 
604152 
604153 
604154 
604155 
604156 
604157 
604158 
604159 
604160 
604161 
604162 
604163 
604164 
604165 
604166 
604167 
604168 
604169 
79882 
604170 
79883 
604171 
79884 
604172 
79885 
604173 
604174 
79887 
604175 
79888 
604176 
79889 
604177 
604178 
604179 
604180 
79893 
604181 
604182 
604183 
79896 
604184 
604185 
604186 
79899 
604187 
79900 
604188 
604189 
604190 
604191 
604192 
79905 
604193 
79906 
604194 
79907 
604195 
79908 
604196 
604197 
604198 
79911 
604199 
604200 
604201 
604202 
79915 
604203 
79916 
604204 
604205 
604206 
604207 
604208 
604209 
604210 
604211 
604212 
79925 
604213 
604214 
79927 
604215 
604216 
604217 
604218 
604219 
79932 
604220 
604221 
79934 
604222 
604223 
604224 
79937 
604225 
79938 
604226 
604227 
604228 
79941 
604229 
79942 
604230 
604231 
79944 
604232 
79945 
604233 
604234 
604235 
604236 
604237 
604238 
604239 
79952 
604240 
604241 
79954 
604242 
604243 
604244 
604245 
604246 
604247 
604248 
604249 
604250 
604251 
604252 
604253 
604254 
604255 
79968 
604256 
79969 
604257 
604258 
604259 
79972 
604260 
79973 
604261 
79974 
604262 
604263 
79976 
604264 
604265 
604266 
79979 
604267 
79980 
604268 
79981 
604269 
604270 
604271 
604272 
604273 
604274 
79987 
604275 
79988 
604276 
604277 
79990 
604278 
79991 
604279 
604280 
604281 
604282 
604283 
604284 
604285 
79998 
604286 
79999 
604287 
80000 
604288 
604289 
80002 
604290 
80003 
604291 
604292 
604293 
80006 
604294 
604295 
604296 
604297 
80010 
604298 
604299 
80012 
604300 
80013 
604301 
604302 
604303 
80016 
604304 
604305 
604306 
80019 
604307 
604308 
80021 
604309 
80022 
604310 
80023 
604311 
604312 
604313 
604314 
604315 
604316 
80029 
604317 
604318 
80031 
604319 
80032 
604320 
604321 
80034 
604322 
604323 
604324 
604325 
604326 
604327 
604328 
604329 
604330 
604331 
604332 
604333 
604334 
604335 
604336 
604337 
604338 
604339 
604340 
604341 
604342 
604343 
604344 
604345 
604346 
604347 
604348 
604349 
604350 
604351 
604352 
604353 
604354 
604355 
604356 
604357 
604358 
604359 
604360 
604361 
604362 
604363 
604364 
604365 
604366 
604367 
604368 
604369 
604370 
604371 
604372 
604373 
604374 
604375 
604376 
604377 
604378 
604379 
604380 
604381 
604382 
604383 
604384 
604385 
604386 
604387 
604388 
604389 
604390 
604391 
604392 
604393 
604394 
604395 
80108 
604396 
80109 
604397 
604398 
604399 
604400 
604401 
604402 
604403 
604404 
604405 
604406 
604407 
604408 
604409 
604410 
80123 
604411 
604412 
80125 
604413 
604414 
604415 
604416 
604417 
80130 
604418 
80131 
604419 
80132 
604420 
604421 
80134 
604422 
80135 
604423 
604424 
604425 
80138 
604426 
604427 
604428 
604429 
80142 
604430 
604431 
80144 
604432 
80145 
604433 
604434 
604435 
80148 
604436 
604437 
604438 
604439 
604440 
80153 
604441 
604442 
80155 
604443 
604444 
604445 
604446 
604447 
604448 
604449 
80162 
604450 
604451 
80164 
604452 
604453 
604454 
604455 
604456 
604457 
604458 
604459 
604460 
604461 
604462 
80175 
604463 
604464 
80177 
604465 
604466 
604467 
604468 
604469 
604470 
604471 
80184 
604472 
604473 
80186 
604474 
604475 
604476 
604477 
604478 
604479 
80192 
604480 
80193 
604481 
80194 
604482 
80195 
604483 
604484 
604485 
604486 
604487 
604488 
604489 
604490 
80203 
604491 
80204 
604492 
604493 
604494 
604495 
604496 
604497 
604498 
80211 
604499 
80212 
604500 
604501 
604502 
604503 
80216 
604504 
604505 
604506 
80219 
604507 
604508 
80221 
604509 
604510 
604511 
604512 
604513 
604514 
80227 
604515 
80228 
604516 
80229 
604517 
80230 
604518 
604519 
604520 
604521 
604522 
604523 
604524 
604525 
604526 
604527 
604528 
604529 
604530 
604531 
604532 
604533 
604534 
604535 
604536 
604537 
604538 
604539 
604540 
604541 
604542 
604543 
604544 
604545 
604546 
604547 
604548 
604549 
604550 
604551 
604552 
604553 
604554 
604555 
604556 
604557 
604558 
604559 
604560 
604561 
604562 
604563 
604564 
604565 
604566 
604567 
604568 
604569 
604570 
604571 
604572 
604573 
604574 
604575 
604576 
604577 
604578 
604579 
604580 
604581 
604582 
604583 
604584 
604585 
604586 
604587 
604588 
604589 
604590 
604591 
604592 
604593 
604594 
604595 
604596 
604597 
604598 
604599 
604600 
604601 
604602 
604603 
604604 
604605 
604606 
604607 
604608 
604609 
604610 
604611 
604612 
604613 
604614 
604615 
604616 
604617 
604618 
604619 
604620 
604621 
604622 
604623 
604624 
604625 
604626 
604627 
604628 
604629 
604630 
604631 
604632 
604633 
604634 
604635 
604636 
604637 
604638 
604639 
604640 
604641 
604642 
604643 
604644 
604645 
604646 
604647 
604648 
604649 
604650 
604651 
604652 
604653 
604654 
604655 
604656 
604657 
604658 
604659 
604660 
604661 
604662 
604663 
604664 
80377 
604665 
80378 
604666 
604667 
604668 
604669 
80382 
604670 
604671 
604672 
80385 
604673 
604674 
80387 
604675 
604676 
604677 
604678 
604679 
604680 
604681 
604682 
604683 
604684 
604685 
604686 
604687 
604688 
604689 
604690 
604691 
604692 
604693 
604694 
604695 
604696 
80409 
604697 
604698 
604699 
604700 
604701 
80414 
604702 
604703 
604704 
80417 
604705 
604706 
604707 
604708 
604709 
604710 
80423 
604711 
604712 
604713 
604714 
604715 
604716 
80429 
604717 
604718 
80431 
604719 
604720 
80433 
604721 
604722 
604723 
604724 
604725 
604726 
604727 
80440 
604728 
80441 
604729 
604730 
604731 
604732 
604733 
80446 
604734 
604735 
80448 
604736 
604737 
604738 
604739 
604740 
604741 
80454 
604742 
80455 
604743 
80456 
604744 
80457 
604745 
604746 
604747 
604748 
604749 
604750 
604751 
80464 
604752 
604753 
80466 
604754 
604755 
604756 
604757 
604758 
604759 
604760 
604761 
604762 
604763 
604764 
604765 
604766 
604767 
80480 
604768 
80481 
604769 
80482 
604770 
80483 
604771 
604772 
604773 
604774 
604775 
604776 
604777 
604778 
604779 
604780 
604781 
604782 
604783 
604784 
604785 
604786 
604787 
80500 
604788 
604789 
604790 
604791 
604792 
604793 
604794 
604795 
604796 
604797 
604798 
604799 
604800 
604801 
604802 
604803 
80516 
604804 
80517 
604805 
80518 
604806 
604807 
80520 
604808 
604809 
604810 
80523 
604811 
604812 
604813 
80526 
604814 
80527 
604815 
604816 
604817 
604818 
604819 
604820 
604821 
604822 
604823 
604824 
604825 
604826 
604827 
604828 
604829 
604830 
604831 
604832 
604833 
604834 
604835 
604836 
604837 
604838 
604839 
604840 
604841 
604842 
604843 
604844 
604845 
604846 
604847 
604848 
604849 
604850 
604851 
604852 
604853 
604854 
604855 
604856 
604857 
604858 
604859 
604860 
604861 
604862 
80575 
604863 
80576 
604864 
80577 
604865 
604866 
80579 
604867 
604868 
604869 
80582 
604870 
604871 
604872 
80585 
604873 
80586 
604874 
604875 
604876 
604877 
604878 
604879 
80592 
604880 
604881 
604882 
80595 
604883 
604884 
604885 
604886 
604887 
604888 
604889 
604890 
80603 
604891 
604892 
604893 
80606 
604894 
604895 
80608 
604896 
604897 
80610 
604898 
80611 
604899 
604900 
80613 
604901 
604902 
604903 
80616 
604904 
80617 
604905 
604906 
604907 
80620 
604908 
80621 
604909 
604910 
80623 
604911 
80624 
604912 
604913 
604914 
604915 
604916 
604917 
604918 
604919 
604920 
604921 
604922 
80635 
604923 
604924 
80637 
604925 
604926 
604927 
604928 
604929 
604930 
604931 
604932 
604933 
604934 
604935 
604936 
80649 
604937 
604938 
80651 
604939 
604940 
604941 
604942 
604943 
604944 
604945 
80658 
604946 
80659 
604947 
604948 
604949 
604950 
604951 
604952 
80665 
604953 
604954 
80667 
604955 
80668 
604956 
80669 
604957 
80670 
604958 
80671 
604959 
80672 
604960 
604961 
604962 
604963 
604964 
80677 
604965 
604966 
80679 
604967 
604968 
604969 
604970 
604971 
604972 
604973 
604974 
604975 
604976 
80689 
604977 
604978 
80691 
604979 
604980 
604981 
604982 
604983 
604984 
604985 
604986 
604987 
604988 
80701 
604989 
604990 
80703 
604991 
604992 
604993 
604994 
604995 
80708 
604996 
80709 
604997 
80710 
604998 
80711 
604999 
605000 
605001 
80714 
605002 
605003 
605004 
605005 
80718 
605006 
80719 
605007 
605008 
605009 
605010 
605011 
605012 
605013 
605014 
605015 
605016 
605017 
605018 
605019 
605020 
605021 
605022 
80735 
605023 
80736 
605024 
605025 
605026 
605027 
605028 
605029 
605030 
605031 
605032 
605033 
605034 
605035 
605036 
605037 
605038 
80751 
605039 
80752 
605040 
80753 
605041 
80754 
605042 
605043 
605044 
80757 
605045 
605046 
605047 
605048 
80761 
605049 
80762 
605050 
605051 
605052 
605053 
605054 
605055 
605056 
605057 
80770 
605058 
605059 
80772 
605060 
605061 
605062 
605063 
605064 
605065 
605066 
80779 
605067 
605068 
605069 
605070 
605071 
605072 
80785 
605073 
605074 
80787 
605075 
80788 
605076 
605077 
605078 
605079 
605080 
80793 
605081 
80794 
605082 
80795 
605083 
605084 
605085 
80798 
605086 
80799 
605087 
80800 
605088 
605089 
605090 
605091 
605092 
80805 
605093 
80806 
605094 
80807 
605095 
605096 
605097 
80810 
605098 
605099 
605100 
605101 
605102 
80815 
605103 
605104 
80817 
605105 
605106 
605107 
605108 
605109 
605110 
605111 
605112 
80825 
605113 
80826 
605114 
605115 
605116 
605117 
605118 
605119 
605120 
605121 
605122 
605123 
605124 
605125 
605126 
605127 
80840 
605128 
605129 
80842 
605130 
80843 
605131 
80844 
605132 
605133 
80846 
605134 
605135 
80848 
605136 
80849 
605137 
80850 
605138 
80851 
605139 
80852 
605140 
80853 
605141 
605142 
605143 
605144 
605145 
605146 
80859 
605147 
605148 
80861 
605149 
605150 
605151 
605152 
605153 
605154 
605155 
605156 
80869 
605157 
80870 
605158 
80871 
605159 
605160 
80873 
605161 
80874 
605162 
605163 
605164 
80877 
605165 
605166 
605167 
605168 
80881 
605169 
605170 
80883 
605171 
80884 
605172 
605173 
605174 
605175 
605176 
605177 
80890 
605178 
80891 
605179 
80892 
605180 
80893 
605181 
605182 
605183 
605184 
80897 
605185 
80898 
605186 
605187 
80900 
605188 
605189 
605190 
80903 
605191 
605192 
80905 
605193 
605194 
605195 
605196 
605197 
605198 
605199 
605200 
605201 
605202 
605203 
605204 
605205 
605206 
605207 
605208 
605209 
605210 
605211 
605212 
605213 
605214 
605215 
80928 
605216 
605217 
605218 
605219 
605220 
605221 
605222 
605223 
605224 
80937 
605225 
80938 
605226 
80939 
605227 
605228 
80941 
605229 
605230 
605231 
80944 
605232 
605233 
605234 
80947 
605235 
80948 
605236 
605237 
605238 
605239 
605240 
605241 
605242 
605243 
605244 
605245 
605246 
605247 
605248 
605249 
605250 
605251 
605252 
605253 
605254 
605255 
605256 
80969 
605257 
80970 
605258 
80971 
605259 
605260 
80973 
605261 
605262 
605263 
80976 
605264 
605265 
605266 
605267 
80980 
605268 
80981 
605269 
605270 
605271 
605272 
605273 
605274 
80987 
605275 
80988 
605276 
605277 
80990 
605278 
605279 
605280 
80993 
605281 
80994 
605282 
605283 
80996 
605284 
80997 
605285 
80998 
605286 
605287 
605288 
605289 
605290 
81003 
605291 
81004 
605292 
81005 
605293 
605294 
605295 
81008 
605296 
81009 
605297 
81010 
605298 
605299 
605300 
605301 
81014 
605302 
81015 
605303 
605304 
605305 
81018 
605306 
81019 
605307 
605308 
605309 
605310 
605311 
81024 
605312 
81025 
605313 
81026 
605314 
605315 
605316 
81029 
605317 
81030 
605318 
81031 
605319 
605320 
605321 
605322 
81035 
605323 
81036 
605324 
605325 
605326 
605327 
81040 
605328 
605329 
81042 
605330 
605331 
81044 
605332 
605333 
81046 
605334 
605335 
81048 
605336 
605337 
605338 
81051 
605339 
605340 
81053 
605341 
605342 
81055 
605343 
605344 
81057 
605345 
605346 
81059 
605347 
605348 
81061 
605349 
605350 
81063 
605351 
605352 
605353 
81066 
605354 
81067 
605355 
605356 
605357 
81070 
605358 
81071 
605359 
605360 
81073 
605361 
81074 
605362 
605363 
605364 
605365 
605366 
81079 
605367 
81080 
605368 
605369 
81082 
605370 
81083 
605371 
605372 
605373 
605374 
605375 
81088 
605376 
81089 
605377 
605378 
81091 
605379 
81092 
605380 
605381 
605382 
605383 
605384 
81097 
605385 
81098 
605386 
605387 
81100 
605388 
81101 
605389 
605390 
605391 
605392 
605393 
81106 
605394 
605395 
81108 
605396 
81109 
605397 
81110 
605398 
605399 
605400 
605401 
605402 
605403 
605404 
81117 
605405 
605406 
605407 
81120 
605408 
81121 
605409 
81122 
605410 
605411 
605412 
605413 
605414 
605415 
605416 
605417 
81130 
605418 
81131 
605419 
605420 
605421 
605422 
605423 
605424 
605425 
605426 
605427 
605428 
605429 
605430 
605431 
605432 
605433 
605434 
605435 
605436 
605437 
605438 
605439 
605440 
605441 
605442 
605443 
605444 
605445 
605446 
605447 
605448 
605449 
605450 
605451 
605452 
605453 
605454 
605455 
605456 
605457 
605458 
605459 
605460 
605461 
605462 
605463 
605464 
605465 
605466 
605467 
605468 
605469 
605470 
605471 
605472 
605473 
605474 
605475 
605476 
605477 
605478 
605479 
605480 
605481 
605482 
605483 
605484 
605485 
605486 
605487 
605488 
605489 
605490 
605491 
605492 
605493 
605494 
605495 
605496 
605497 
605498 
605499 
605500 
605501 
605502 
81215 
605503 
605504 
605505 
605506 
81219 
605507 
81220 
605508 
81221 
605509 
81222 
605510 
605511 
605512 
605513 
605514 
605515 
605516 
605517 
605518 
81231 
605519 
81232 
605520 
605521 
605522 
605523 
605524 
605525 
605526 
605527 
81240 
605528 
81241 
605529 
605530 
605531 
605532 
605533 
605534 
605535 
605536 
605537 
605538 
605539 
605540 
605541 
605542 
605543 
605544 
605545 
605546 
605547 
605548 
605549 
605550 
605551 
605552 
605553 
605554 
605555 
605556 
605557 
605558 
605559 
81272 
605560 
81273 
605561 
605562 
605563 
605564 
605565 
605566 
605567 
605568 
605569 
605570 
605571 
605572 
605573 
605574 
605575 
605576 
605577 
605578 
605579 
605580 
605581 
605582 
605583 
605584 
605585 
605586 
605587 
605588 
605589 
605590 
605591 
605592 
605593 
605594 
605595 
605596 
605597 
605598 
605599 
605600 
605601 
605602 
605603 
605604 
605605 
605606 
605607 
605608 
605609 
605610 
605611 
605612 
605613 
605614 
605615 
605616 
605617 
605618 
605619 
605620 
605621 
605622 
605623 
605624 
81337 
605625 
605626 
605627 
605628 
81341 
605629 
81342 
605630 
81343 
605631 
605632 
605633 
81346 
605634 
605635 
81348 
605636 
81349 
605637 
605638 
605639 
81352 
605640 
605641 
605642 
605643 
605644 
605645 
605646 
605647 
605648 
605649 
605650 
605651 
605652 
605653 
605654 
605655 
605656 
605657 
605658 
605659 
81372 
605660 
81373 
605661 
605662 
605663 
605664 
81377 
605665 
81378 
605666 
605667 
605668 
605669 
81382 
605670 
81383 
605671 
605672 
605673 
81386 
605674 
605675 
81388 
605676 
605677 
81390 
605678 
605679 
81392 
605680 
605681 
605682 
605683 
605684 
605685 
81398 
605686 
81399 
605687 
81400 
605688 
81401 
605689 
81402 
605690 
81403 
605691 
605692 
605693 
605694 
81407 
605695 
81408 
605696 
605697 
605698 
81411 
605699 
81412 
605700 
605701 
605702 
605703 
81416 
605704 
81417 
605705 
605706 
605707 
605708 
605709 
605710 
605711 
605712 
605713 
605714 
605715 
605716 
605717 
605718 
605719 
605720 
605721 
605722 
605723 
605724 
605725 
605726 
605727 
605728 
605729 
605730 
605731 
605732 
605733 
605734 
605735 
605736 
605737 
605738 
605739 
605740 
605741 
605742 
605743 
605744 
605745 
605746 
605747 
605748 
605749 
605750 
605751 
605752 
605753 
605754 
605755 
605756 
605757 
605758 
605759 
605760 
605761 
605762 
605763 
605764 
605765 
605766 
605767 
605768 
605769 
605770 
605771 
605772 
605773 
605774 
605775 
605776 
605777 
605778 
605779 
605780 
605781 
605782 
605783 
605784 
605785 
605786 
605787 
605788 
605789 
605790 
605791 
605792 
605793 
605794 
605795 
605796 
605797 
605798 
605799 
605800 
605801 
605802 
605803 
605804 
605805 
605806 
605807 
605808 
605809 
605810 
605811 
605812 
605813 
605814 
605815 
605816 
605817 
605818 
605819 
605820 
605821 
605822 
605823 
605824 
605825 
605826 
605827 
605828 
605829 
605830 
605831 
605832 
605833 
605834 
605835 
605836 
605837 
605838 
605839 
605840 
605841 
605842 
605843 
605844 
605845 
605846 
605847 
605848 
605849 
605850 
605851 
605852 
605853 
605854 
605855 
605856 
605857 
605858 
605859 
605860 
605861 
605862 
605863 
605864 
605865 
605866 
605867 
605868 
605869 
605870 
605871 
605872 
605873 
605874 
605875 
605876 
605877 
605878 
605879 
605880 
605881 
605882 
605883 
605884 
605885 
605886 
605887 
605888 
605889 
605890 
605891 
605892 
605893 
605894 
605895 
605896 
605897 
605898 
605899 
605900 
605901 
605902 
605903 
605904 
605905 
605906 
605907 
605908 
605909 
605910 
605911 
605912 
605913 
605914 
605915 
605916 
605917 
605918 
605919 
605920 
605921 
605922 
605923 
605924 
605925 
605926 
605927 
605928 
605929 
605930 
605931 
605932 
605933 
605934 
605935 
605936 
605937 
605938 
605939 
605940 
605941 
605942 
605943 
605944 
605945 
605946 
605947 
605948 
605949 
605950 
605951 
605952 
605953 
605954 
605955 
605956 
605957 
605958 
605959 
605960 
605961 
605962 
605963 
605964 
605965 
605966 
605967 
605968 
605969 
605970 
605971 
605972 
605973 
605974 
605975 
605976 
605977 
605978 
605979 
605980 
605981 
605982 
605983 
605984 
605985 
605986 
605987 
605988 
605989 
605990 
605991 
605992 
605993 
605994 
605995 
605996 
605997 
605998 
605999 
606000 
606001 
606002 
606003 
606004 
606005 
606006 
606007 
606008 
606009 
606010 
606011 
606012 
606013 
606014 
606015 
606016 
606017 
606018 
606019 
606020 
606021 
606022 
606023 
606024 
606025 
606026 
606027 
606028 
606029 
606030 
606031 
606032 
606033 
606034 
606035 
606036 
606037 
606038 
606039 
606040 
606041 
606042 
606043 
606044 
606045 
606046 
606047 
606048 
606049 
606050 
606051 
606052 
606053 
606054 
606055 
606056 
606057 
606058 
606059 
606060 
606061 
606062 
81775 
606063 
606064 
81777 
606065 
606066 
81779 
606067 
606068 
81781 
606069 
606070 
81783 
606071 
606072 
606073 
606074 
81787 
606075 
81788 
606076 
606077 
606078 
606079 
606080 
606081 
606082 
606083 
606084 
606085 
606086 
606087 
606088 
81801 
606089 
81802 
606090 
606091 
606092 
606093 
606094 
606095 
606096 
606097 
606098 
606099 
606100 
606101 
606102 
606103 
606104 
606105 
606106 
606107 
606108 
606109 
606110 
606111 
606112 
606113 
606114 
606115 
606116 
606117 
606118 
606119 
606120 
606121 
81834 
606122 
606123 
81836 
606124 
606125 
606126 
606127 
606128 
606129 
606130 
606131 
606132 
606133 
606134 
606135 
606136 
606137 
606138 
606139 
606140 
606141 
606142 
606143 
606144 
606145 
606146 
606147 
81860 
606148 
606149 
81862 
606150 
606151 
606152 
606153 
606154 
606155 
606156 
606157 
606158 
606159 
606160 
606161 
606162 
606163 
606164 
606165 
606166 
606167 
606168 
606169 
606170 
606171 
606172 
606173 
606174 
606175 
606176 
606177 
606178 
606179 
606180 
606181 
606182 
606183 
606184 
606185 
606186 
606187 
606188 
606189 
606190 
606191 
606192 
606193 
606194 
606195 
606196 
606197 
606198 
606199 
606200 
606201 
606202 
606203 
606204 
606205 
606206 
606207 
606208 
606209 
606210 
81923 
606211 
606212 
81925 
606213 
606214 
606215 
606216 
606217 
606218 
81931 
606219 
81932 
606220 
81933 
606221 
81934 
606222 
81935 
606223 
81936 
606224 
606225 
606226 
606227 
81940 
606228 
81941 
606229 
606230 
606231 
81944 
606232 
81945 
606233 
606234 
606235 
606236 
81949 
606237 
81950 
606238 
606239 
606240 
606241 
606242 
606243 
606244 
606245 
606246 
606247 
606248 
606249 
606250 
606251 
606252 
606253 
606254 
606255 
606256 
606257 
606258 
606259 
606260 
606261 
606262 
606263 
606264 
606265 
606266 
606267 
606268 
606269 
606270 
606271 
606272 
606273 
606274 
606275 
606276 
606277 
606278 
606279 
606280 
606281 
606282 
606283 
606284 
606285 
606286 
606287 
606288 
606289 
606290 
606291 
606292 
606293 
606294 
606295 
606296 
606297 
606298 
606299 
606300 
606301 
606302 
606303 
606304 
606305 
606306 
606307 
606308 
606309 
606310 
606311 
606312 
606313 
606314 
606315 
606316 
606317 
606318 
606319 
606320 
606321 
606322 
606323 
606324 
606325 
606326 
606327 
606328 
606329 
606330 
606331 
606332 
606333 
606334 
606335 
606336 
606337 
606338 
606339 
606340 
606341 
606342 
606343 
606344 
606345 
606346 
606347 
606348 
606349 
606350 
606351 
606352 
606353 
606354 
606355 
606356 
606357 
606358 
606359 
606360 
606361 
606362 
606363 
606364 
606365 
606366 
606367 
606368 
606369 
606370 
606371 
606372 
606373 
606374 
606375 
606376 
606377 
606378 
606379 
606380 
606381 
606382 
606383 
606384 
606385 
606386 
606387 
606388 
606389 
606390 
606391 
606392 
606393 
82408 
82410 
82412 
82414 
82416 
82442 
82444 
82454 
82455 
82482 
82483 
82491 
82493 
82552 
82553 
82555 
82556 
82561 
82563 
82564 
82565 
82570 
82572 
82575 
82576 
82579 
82580 
82582 
82583 
82588 
82589 
82591 
82592 
82597 
82598 
82600 
82601 
82612 
82613 
82615 
82619 
82620 
82621 
82622 
82715 
82716 
82718 
82721 
82722 
82723 
82725 
82731 
82734 
82735 
82737 
82740 
82742 
82743 
82745 
82788 
82789 
82905 
82906 
82916 
82917 
82923 
82925 
82926 
82928 
82931 
82933 
82934 
82936 
82947 
82949 
82953 
82954 
82958 
82959 
82961 
82962 
82966 
82967 
82970 
82971 
82975 
82976 
82981 
82982 
82986 
82987 
83158 
83159 
83202 
83203 
83248 
83249 
83253 
83254 
83256 
83257 
83263 
83264 
83268 
83269 
83271 
83272 
83281 
83286 
83292 
83293 
83295 
83324 
83330 
83331 
83333 
83379 
83386 
83387 
83391 
83393 
83394 
83397 
83398 
83400 
83401 
83405 
83406 
83410 
83411 
83413 
83414 
83423 
83428 
83434 
83435 
83437 
83827 
83828 
83852 
83853 
83897 
83904 
83905 
83909 
83940 
83941 
83944 
83945 
83947 
83948 
83952 
83953 
83957 
83958 
83960 
83961 
83970 
83975 
83981 
83982 
83984 
84050 
84057 
84058 
84062 
84065 
84072 
84073 
84077 
84079 
84080 
84083 
84084 
84086 
84087 
84091 
84092 
84095 
84096 
84098 
84099 
84106 
84110 
84112 
84113 
84114 
84118 
84119 
84120 
84130 
84140 
84143 
84146 
84147 
84148 
84149 
84151 
84155 
84159 
84164 
84168 
84172 
84177 
84180 
84183 
84189 
84191 
84194 
84198 
84200 
84203 
84205 
84210 
84213 
84216 
84217 
84218 
84220 
84232 
84234 
84235 
84236 
84240 
84241 
84242 
84332 
84337 
84340 
84343 
84344 
84345 
84346 
84348 
84352 
84356 
84361 
84365 
84371 
84375 
84376 
84465 
84468 
84471 
84472 
84473 
84474 
84476 
84480 
84484 
84489 
84493 
84499 
84503 
84504 
84513 
84514 
84515 
84518 
84524 
84526 
84529 
84533 
84535 
84538 
84540 
84545 
84548 
84550 
84551 
84553 
84554 
84653 
84659 
84661 
84664 
84668 
84670 
84673 
84675 
84680 
84683 
84685 
84686 
84688 
84689 
84694 
84695 
84696 
84697 
84700 
84727 
84728 
84729 
84731 
84732 
84733 
84734 
84738 
84751 
84754 
84756 
84757 
84758 
84760 
84761 
84766 
84770 
84775 
84779 
84785 
84789 
84790 
84794 
84800 
84802 
84807 
84808 
84812 
84813 
84816 
84821 
84824 
84826 
84827 
84829 
84830 
216514 
216695 
217428 
86609 
86610 
86617 
86618 
86619 
86627 
86628 
86630 
86634 
86640 
86645 
217721 
86652 
86653 
86671 
86672 
86688 
86689 
86690 
86691 
86692 
86693 
86711 
86712 
86713 
86714 
86715 
86716 
86736 
86743 
86746 
86761 
86779 
86782 
86785 
86800 
86803 
86805 
86807 
86824 
86827 
86829 
86831 
86846 
86853 
86855 
86856 
86858 
86859 
86861 
86891 
86898 
86899 
86900 
86901 
86913 
86916 
86919 
86932 
86935 
86938 
86963 
86967 
86968 
86969 
86983 
86984 
86985 
87002 
87003 
87004 
87035 
87036 
87077 
87078 
87081 
87082 
87085 
87086 
87094 
87095 
87101 
87102 
87106 
87114 
87115 
87116 
87128 
87135 
87149 
87159 
87249 
87251 
87258 
87261 
87262 
87264 
87266 
87269 
87285 
87294 
87295 
87296 
87305 
87311 
87323 
87326 
87381 
87382 
87383 
87404 
87405 
87406 
87443 
87444 
87445 
87446 
87447 
87448 
87474 
87475 
87476 
87477 
87478 
87479 
87555 
87556 
87557 
87566 
87567 
87568 
87582 
87583 
87584 
87593 
87594 
87595 
87619 
87620 
87621 
87622 
87623 
87624 
87643 
87644 
87645 
87680 
87681 
87682 
87683 
87684 
87685 
87706 
87707 
87708 
87763 
87764 
87765 
87795 
87796 
87797 
87798 
87799 
87800 
87820 
87821 
87822 
87849 
87850 
87851 
87852 
87853 
87854 
88069 
88070 
88071 
88072 
88073 
88074 
88104 
88107 
88117 
88120 
88121 
88122 
88123 
88124 
88125 
88126 
88127 
88128 
88129 
88164 
88166 
88167 
88169 
88172 
88173 
88174 
88175 
88176 
88177 
88181 
88182 
88183 
88198 
88210 
88211 
88213 
88214 
88222 
88223 
88224 
88233 
88235 
88236 
88237 
88238 
88240 
88241 
88244 
88246 
88248 
88250 
88251 
88253 
88254 
88255 
88257 
88258 
88261 
88262 
88263 
88264 
88268 
88270 
88271 
88272 
88277 
88278 
88283 
88285 
88287 
88289 
88290 
88291 
88295 
88296 
88297 
88298 
88299 
88300 
88304 
88306 
88307 
88308 
88321 
88323 
88324 
88325 
88376 
88377 
88378 
88379 
88380 
88381 
88385 
88387 
88389 
88391 
88447 
88448 
88449 
88450 
88451 
88452 
88453 
88454 
88455 
88456 
88457 
88458 
88459 
88460 
88461 
88462 
88463 
88464 
88468 
88469 
88472 
88474 
88535 
88536 
88537 
88538 
88539 
88540 
88541 
88542 
88543 
88544 
88545 
88546 
88547 
88548 
88549 
88550 
88551 
88552 
88555 
88556 
88557 
88558 
88572 
88573 
88575 
88576 
88629 
88630 
88631 
88636 
88637 
88638 
88639 
88642 
88644 
88648 
88649 
88655 
88656 
88658 
88659 
88662 
88663 
88664 
88665 
88666 
88669 
88671 
88678 
88681 
88682 
88684 
88686 
88687 
88690 
88691 
88692 
88693 
88695 
88697 
88699 
88700 
88703 
88706 
88708 
88709 
88712 
88715 
88718 
88720 
88721 
88722 
88723 
88731 
88733 
88737 
88739 
88741 
88743 
88788 
88791 
88792 
88794 
88798 
88800 
88802 
88803 
88806 
88810 
88811 
88814 
88816 
88817 
88819 
88821 
88823 
88824 
88825 
88827 
88829 
88832 
88835 
88857 
88859 
88860 
88863 
88864 
88865 
88866 
88873 
88874 
88875 
88882 
88883 
88884 
88930 
88931 
88933 
88934 
88939 
88940 
88941 
88942 
88946 
88948 
88977 
88978 
88979 
88981 
88990 
88991 
88992 
88996 
88997 
88998 
89002 
89003 
89004 
89008 
89009 
89010 
89060 
89061 
89064 
89065 
89067 
89069 
89071 
89072 
89077 
89078 
89079 
89080 
89083 
89086 
89093 
89094 
89095 
89096 
89103 
89106 
89134 
89136 
89142 
89143 
89144 
89148 
89149 
89150 
89158 
89159 
89160 
89164 
89165 
89166 
89179 
89181 
89183 
89184 
89216 
89218 
89219 
89222 
89226 
89228 
89230 
89232 
89236 
89237 
89238 
89241 
89248 
89265 
89266 
89267 
89271 
89272 
89273 
89274 
89275 
89276 
89280 
89281 
89282 
89283 
89284 
89285 
89286 
89287 
89290 
89291 
89294 
89298 
89300 
89301 
89304 
89305 
89308 
89311 
89312 
89313 
89314 
89323 
89325 
89327 
89328 
89339 
89342 
89350 
89351 
89354 
89356 
89357 
89358 
89361 
89362 
89364 
89367 
89368 
89370 
89371 
89373 
89375 
89376 
89378 
89380 
89382 
89383 
89385 
89386 
89389 
89391 
89393 
89396 
89398 
89401 
89435 
89436 
89439 
89440 
89443 
89446 
89448 
89451 
89465 
89486 
89487 
89489 
89491 
89494 
89497 
89503 
89507 
89508 
89509 
89510 
89511 
89512 
89513 
89514 
89515 
89516 
89517 
89520 
89522 
89523 
89524 
89527 
89528 
89595 
89596 
89597 
89601 
89602 
89603 
89615 
89616 
89617 
89621 
89622 
89625 
89626 
89698 
89699 
89700 
89704 
89705 
89706 
89710 
89711 
89712 
89716 
89718 
89720 
89721 
89723 
89725 
89727 
89728 
89730 
89732 
89734 
89735 
89748 
89749 
89751 
89753 
89756 
89758 
89761 
89764 
89798 
89799 
89802 
89803 
89806 
89808 
89811 
89814 
89815 
89816 
89818 
89820 
89823 
89825 
89853 
89857 
89858 
89860 
89862 
89865 
89867 
89869 
89870 
89871 
89872 
89873 
89874 
89875 
89876 
89877 
89878 
89879 
89882 
89883 
89887 
89889 
89890 
89892 
89901 
89902 
89903 
89905 
89913 
89916 
89917 
89918 
89920 
89922 
89923 
89925 
89928 
89929 
89930 
89933 
89934 
89937 
89938 
89940 
89941 
89942 
89943 
89944 
89945 
89946 
89947 
89948 
89949 
89950 
89953 
89954 
89955 
89957 
89959 
89960 
89962 
89965 
89966 
89967 
89970 
89971 
89974 
89975 
89977 
90043 
90044 
90046 
90047 
90051 
90053 
90054 
90055 
90056 
90057 
90058 
90059 
90060 
90061 
90062 
90063 
90064 
90134 
90135 
90137 
90138 
90171 
90176 
90211 
90212 
90214 
90215 
90222 
90223 
90225 
90226 
90235 
90237 
90238 
90239 
90247 
90248 
90252 
90253 
90255 
90256 
90261 
90262 
90264 
90265 
90270 
90271 
90275 
90276 
90281 
90282 
90283 
90285 
90290 
90293 
90300 
90302 
90303 
90304 
90363 
90364 
90365 
90367 
90372 
90375 
90382 
90384 
90385 
90386 
90389 
90390 
90394 
90395 
90402 
90403 
90407 
90408 
90411 
90412 
90415 
90417 
90420 
90422 
90423 
90427 
90428 
90432 
90433 
90434 
90436 
90442 
90446 
90452 
90456 
90462 
90465 
90466 
90469 
90470 
90474 
90475 
90477 
90481 
90482 
90486 
90487 
90488 
90490 
90496 
90501 
90502 
90506 
90507 
90511 
90517 
90532 
90554 
90560 
90565 
90589 
90590 
90591 
90595 
90596 
90600 
90606 
90624 
90680 
90683 
90684 
90685 
90689 
90690 
90694 
90710 
90713 
90714 
90715 
90717 
90718 
90721 
90734 
90736 
90737 
90738 
90767 
90768 
90769 
90771 
90772 
90775 
90788 
90790 
90791 
90792 
90956 
90957 
90958 
90960 
90963 
90966 
90973 
90975 
90976 
90977 
91010 
91011 
91012 
91014 
91017 
91020 
91027 
91029 
91030 
91031 
91131 
91132 
91136 
91137 
91143 
91149 
91152 
91153 
91156 
91157 
91160 
91162 
91164 
91168 
91169 
91170 
91171 
91175 
91178 
91183 
91187 
91193 
91198 
91203 
91206 
91207 
91210 
91211 
91214 
91216 
91218 
91222 
91223 
91224 
91225 
91229 
91230 
91231 
91235 
91236 
91264 
91286 
91292 
91297 
91325 
91328 
91329 
91330 
91334 
91335 
91339 
91345 
91380 
91388 
91391 
91392 
91393 
91397 
91398 
91402 
91403 
91404 
91408 
91409 
91414 
91415 
91416 
91418 
91419 
91422 
91435 
91437 
91438 
91439 
91496 
91497 
91498 
91500 
91501 
91504 
91517 
91519 
91520 
91521 
91522 
91523 
91527 
91528 
91539 
91540 
91542 
91543 
91552 
91553 
91555 
91556 
91557 
91560 
91561 
91563 
91567 
91568 
91570 
91572 
91573 
91574 
91598 
91600 
91603 
91604 
91606 
91607 
91612 
91613 
91615 
91616 
91636 
91638 
91641 
91643 
91644 
91645 
91653 
91654 
91656 
91657 
91661 
91664 
91665 
91666 
91670 
91673 
91674 
91675 
91677 
91679 
91680 
91682 
91685 
91686 
91687 
91690 
91691 
91694 
91695 
91697 
91703 
91704 
91706 
91708 
91711 
91714 
91715 
91717 
91722 
91725 
91726 
91728 
91731 
91732 
91733 
91734 
91735 
91736 
91737 
91738 
91739 
91740 
91743 
91744 
91745 
91747 
91749 
91750 
91752 
91755 
91756 
91757 
91760 
91761 
91764 
91765 
91767 
91772 
91773 
91775 
91776 
91785 
91786 
91788 
91789 
91791 
91792 
91798 
91799 
91801 
91802 
91811 
91812 
91814 
91815 
91817 
91818 
91822 
91823 
91825 
91826 
91862 
91864 
91865 
91867 
91868 
91869 
91890 
91891 
91892 
91893 
91894 
91895 
91896 
91897 
91898 
91933 
91936 
91937 
91938 
91940 
91942 
91943 
91945 
91947 
91949 
91950 
91952 
91954 
91957 
91958 
91959 
91961 
91964 
91965 
91966 
91968 
91970 
91971 
91973 
91975 
91977 
91978 
91980 
91982 
91985 
91986 
91987 
91993 
91994 
91996 
91997 
92002 
92003 
92005 
92006 
92026 
92028 
92029 
92031 
92032 
92033 
92077 
92078 
92082 
92083 
92085 
92086 
92091 
92092 
92094 
92095 
92101 
92103 
92106 
92107 
92109 
92110 
92115 
92116 
92117 
92118 
92119 
92120 
92121 
92122 
92123 
92124 
92125 
92126 
92127 
92128 
92129 
92130 
92131 
92132 
92159 
92162 
92163 
92164 
92166 
92168 
92169 
92171 
92173 
92175 
92176 
92178 
92180 
92183 
92184 
92185 
92187 
92190 
92191 
92192 
92194 
92196 
92197 
92199 
92201 
92203 
92204 
92206 
92208 
92211 
92212 
92213 
92217 
92220 
92221 
92222 
92226 
92229 
92231 
92232 
92235 
92236 
92237 
92238 
92239 
92240 
92241 
92242 
92243 
92244 
92245 
92246 
92247 
92248 
92249 
92250 
92251 
92252 
92257 
92258 
92260 
92261 
92270 
92271 
92273 
92274 
92280 
92281 
92283 
92284 
92288 
92291 
92292 
92294 
92298 
92300 
92303 
92304 
92306 
92307 
92341 
92343 
92344 
92346 
92347 
92348 
92355 
92358 
92360 
92361 
92694 
92696 
92697 
92699 
92701 
92703 
92705 
92706 
92709 
92710 
92711 
92714 
92715 
92718 
92719 
92721 
92722 
92723 
92724 
92725 
92726 
92727 
92728 
92729 
92730 
92735 
92738 
92741 
92742 
92743 
92745 
92748 
92749 
92750 
92752 
92768 
92771 
92774 
92775 
92776 
92778 
92787 
92788 
92789 
92791 
92794 
92795 
92796 
92797 
92798 
92799 
92800 
92801 
92802 
92809 
92811 
92812 
92814 
92817 
92818 
92820 
92821 
92824 
92825 
92826 
92828 
92830 
92833 
92834 
92835 
92865 
92866 
92867 
92868 
92869 
92870 
92871 
92872 
92873 
92889 
92891 
92892 
92893 
92895 
92896 
92900 
92901 
92903 
92904 
92905 
92908 
92910 
92911 
92912 
92915 
92916 
92917 
92918 
92919 
92920 
92921 
92922 
92923 
92924 
92927 
92929 
92930 
92933 
92939 
92940 
92941 
92944 
92947 
92950 
92951 
92952 
92954 
92955 
92959 
92960 
92962 
92963 
92964 
92967 
92969 
92970 
92971 
92974 
224047 
92975 
224048 
92978 
92979 
92980 
92982 
92983 
92986 
92988 
92990 
92991 
92992 
92995 
92997 
92998 
92999 
93001 
93012 
93013 
93014 
93015 
93016 
93017 
93018 
93019 
93020 
93021 
93022 
93023 
93024 
93025 
93026 
93027 
93028 
93029 
93068 
93069 
93070 
93071 
93072 
93073 
93074 
93075 
224148 
93076 
224149 
93160 
93161 
93162 
93163 
93164 
93165 
93166 
93167 
93168 
93169 
93170 
93171 
93172 
93173 
93174 
93175 
93176 
93177 
93205 
93207 
93208 
93209 
93211 
93212 
93215 
93217 
93219 
93220 
93221 
224296 
93224 
224297 
93226 
93227 
93228 
93230 
93241 
93242 
93243 
93244 
93245 
93246 
93247 
93248 
93249 
93252 
93254 
93255 
93258 
93267 
93270 
93271 
93272 
93273 
93275 
93278 
93279 
93280 
93282 
93288 
93289 
93291 
93293 
93301 
93302 
93303 
93306 
93311 
93314 
93315 
93316 
93317 
93319 
93324 
93325 
93326 
93328 
224422 
224423 
93363 
93365 
93366 
93368 
93370 
93372 
93374 
93375 
93378 
93379 
93380 
93383 
93384 
93387 
93388 
93390 
93394 
93395 
93397 
93399 
93404 
93406 
93407 
93410 
93451 
93452 
93453 
93456 
93459 
93460 
93461 
93462 
93463 
93464 
93465 
93466 
93467 
93468 
93470 
93471 
93473 
93475 
93477 
93479 
93480 
93483 
93484 
93485 
93487 
93489 
93492 
93493 
93494 
93496 
93498 
93499 
93502 
93503 
93505 
93507 
93508 
93511 
93512 
93513 
93515 
93517 
93520 
93521 
93523 
93588 
93589 
93590 
93591 
93592 
93593 
93594 
93595 
93596 
93597 
93598 
93599 
93600 
93601 
93602 
93603 
93604 
93605 
93606 
93608 
93609 
93611 
93614 
93615 
93617 
93618 
93621 
93622 
93623 
93625 
93627 
93630 
93631 
93632 
93640 
93643 
93644 
93645 
93646 
93648 
93651 
93652 
93653 
93655 
93662 
93665 
93666 
93667 
93668 
93670 
93675 
93676 
93677 
93679 
93704 
93705 
93706 
93707 
93708 
93709 
93710 
93711 
93712 
93713 
93715 
93716 
93719 
93720 
93722 
93724 
93725 
93728 
93729 
93730 
93732 
93734 
93737 
93738 
93740 
93741 
93743 
93744 
93746 
93748 
93750 
93752 
93753 
93756 
93757 
93758 
93760 
93762 
93765 
93766 
93767 
93769 
93771 
93772 
93775 
93781 
93782 
93784 
93786 
93792 
93793 
93794 
93797 
93820 
93821 
93822 
93823 
93824 
93825 
93826 
93827 
93828 
93829 
93830 
93831 
93832 
93833 
93834 
93835 
93836 
93837 
93839 
93840 
93842 
93844 
93851 
93854 
93861 
93862 
93863 
93865 
93866 
93867 
93868 
93870 
93905 
93908 
93909 
93910 
93911 
93913 
93920 
93921 
93922 
93924 
94194 
94227 
94232 
94239 
94283 
94290 
94296 
94301 
94335 
94341 
94347 
94382 
94510 
94521 
94524 
94598 
94606 
94613 
94618 
94624 
94631 
94707 
94714 
94722 
94726 
94822 
94830 
94835 
94842 
94850 
94852 
94859 
95019 
95054 
95107 
95171 
95361 
95379 
95431 
95480 
95485 
95500 
95528 
95560 
95569 
95575 
95582 
95657 
95666 
95673 
95685 
95691 
95930 
95934 
95948 
95951 
95960 
95972 
95973 
95975 
95976 
95992 
95993 
96014 
96019 
96025 
96030 
96038 
96050 
96051 
96088 
96089 
96091 
96092 
96165 
96174 
96175 
96180 
96185 
96194 
96195 
96212 
96213 
96215 
96216 
96264 
96265 
96291 
96304 
96310 
96319 
96320 
96324 
96325 
96327 
96328 
96332 
96358 
96359 
96366 
96403 
96404 
96408 
96411 
96412 
96418 
96431 
96432 
96469 
96482 
96497 
96515 
96606 
96665 
96666 
96677 
96688 
96691 
96698 
96717 
96724 
96725 
96727 
96731 
96772 
96773 
96798 
96799 
96804 
96837 
96838 
96889 
96890 
96921 
96922 
96927 
96928 
96935 
96936 
96942 
96947 
96953 
96962 
96976 
96996 
97013 
97018 
97019 
97021 
97022 
97028 
97029 
97030 
97032 
97044 
97045 
97046 
97048 
97064 
97065 
97068 
97069 
97099 
97100 
97101 
97102 
97110 
97111 
97112 
97113 
97143 
97145 
97146 
97148 
97154 
97155 
97157 
97158 
97182 
97183 
97187 
97188 
97220 
97221 
97222 
97224 
97236 
97238 
97239 
97241 
97247 
97250 
97253 
97254 
97256 
97257 
97259 
97269 
97282 
97284 
97287 
97288 
97289 
97290 
97292 
97300 
97309 
97314 
97316 
97318 
97323 
97325 
97326 
97327 
97328 
97336 
97341 
97346 
97353 
97356 
97425 
97429 
97436 
97437 
97438 
97440 
97456 
97458 
97468 
97470 
97471 
97472 
97491 
97493 
97506 
97521 
97522 
97523 
97525 
97530 
97532 
97542 
97543 
97545 
97546 
97551 
97553 
97566 
97568 
97686 
97705 
97714 
97717 
97725 
97727 
97728 
97729 
97739 
97741 
97746 
97747 
97748 
97750 
97787 
97789 
97818 
97820 
97821 
97822 
97824 
97826 
97846 
97847 
97848 
97850 
97855 
97859 
97872 
97874 
97894 
97906 
97916 
97934 
97944 
97959 
97969 
97992 
98002 
98067 
98084 
98106 
98108 
98109 
98110 
98138 
98144 
98148 
98150 
98168 
98170 
98179 
98186 
98192 
98200 
98206 
98229 
98231 
98232 
98233 
98239 
98275 
98284 
98289 
98293 
98308 
98310 
98314 
98323 
98329 
98347 
98354 
98384 
98429 
98440 
98457 
98468 
98471 
98480 
98493 
98594 
98596 
98597 
98598 
98614 
98616 
98631 
98635 
98642 
98654 
98663 
98668 
98674 
98697 
98704 
98706 
98707 
98708 
98719 
98770 
98778 
98781 
98785 
98796 
98799 
98808 
98812 
98818 
98820 
98823 
98837 
98838 
98841 
98849 
98855 
98857 
98877 
98879 
98924 
98933 
98951 
98956 
99003 
99030 
99045 
99046 
99054 
99056 
99075 
99076 
99078 
99079 
99093 
99111 
99121 
99142 
99162 
99167 
99176 
99177 
99183 
99188 
99217 
99262 
99267 
99285 
99344 
99349 
99387 
99404 
99405 
99406 
99428 
99429 
99430 
99451 
99452 
99539 
99540 
99541 
99564 
99565 
99566 
99568 
99569 
99582 
99583 
99610 
99626 
99702 
99719 
99746 
99749 
99753 
99755 
99758 
99759 
99790 
99794 
99849 
99853 
99912 
99913 
99916 
99918 
99948 
99951 
99956 
99966 
99996 
100006 
100011 
100024 
100129 
100136 
100194 
100206 
100218 
100227 
100235 
100236 
100237 
100239 
100241 
100243 
100244 
100246 
100252 
100264 
100269 
100277 
100278 
100279 
100293 
100303 
100322 
100332 
100366 
100368 
100369 
100370 
100372 
100380 
100382 
100383 
100385 
100390 
100391 
100393 
100395 
100397 
100398 
100412 
100413 
100414 
100415 
100417 
100419 
100422 
100457 
100490 
100491 
100493 
100495 
100497 
100499 
100500 
100502 
100511 
100545 
100547 
100552 
100555 
100556 
100557 
100608 
100610 
100626 
100628 
100629 
100631 
100632 
100633 
100635 
100637 
100649 
100651 
100653 
100654 
100660 
100661 
100669 
100672 
100673 
100674 
100676 
100695 
100697 
100699 
100700 
100703 
100704 
100709 
100720 
100722 
100723 
100725 
100727 
100743 
100744 
100755 
100758 
100759 
100761 
100764 
100772 
100773 
100776 
100777 
100782 
100791 
100792 
100794 
100796 
100799 
100800 
100807 
100847 
100848 
100853 
100855 
100856 
100858 
100864 
100865 
100872 
100874 
100876 
100878 
100879 
100892 
100893 
100906 
100912 
100913 
100915 
100917 
100919 
100920 
100939 
100956 
100961 
101002 
101011 
101016 
101033 
101034 
101040 
101062 
101063 
101117 
101143 
101151 
101152 
101156 
101158 
101162 
101164 
101166 
101167 
101179 
101182 
101183 
101187 
101189 
101242 
101264 
101274 
101275 
101278 
101279 
101284 
101306 
101307 
101313 
101315 
101317 
101318 
101328 
101330 
101332 
101333 
101342 
101344 
101346 
101347 
101355 
101356 
101362 
101381 
101382 
101395 
101396 
101398 
101421 
101427 
101438 
101447 
101453 
101455 
101459 
101460 
101467 
101472 
101490 
101491 
101496 
101504 
101505 
101508 
101510 
101514 
101516 
101518 
101519 
101526 
101535 
101536 
101541 
101543 
101544 
101555 
101556 
101558 
101560 
101574 
101582 
101583 
101584 
101586 
101587 
101588 
101610 
101625 
101627 
101652 
101662 
101664 
101665 
101666 
101668 
101672 
101690 
101733 
101744 
101750 
101764 
101766 
101767 
101770 
101771 
101782 
101784 
101786 
101787 
101793 
101812 
101813 
101814 
101816 
101837 
101850 
101854 
101882 
101893 
101894 
101899 
101903 
101904 
101920 
101922 
101924 
101925 
101932 
101967 
102110 
102144 
102164 
102168 
102170 
102171 
102172 
102179 
102181 
102182 
102183 
102190 
102199 
102217 
102223 
102256 
102267 
102268 
102269 
102270 
102285 
102286 
102287 
102288 
102301 
102330 
102334 
102351 
102352 
102354 
102356 
102357 
102358 
102359 
102362 
102363 
102369 
102375 
102400 
102401 
102403 
102404 
102414 
102415 
102417 
102418 
102609 
102616 
102629 
102637 
102642 
102648 
102656 
102663 
102666 
102672 
102695 
102702 
102717 
102723 
102728 
102735 
102743 
102749 
102754 
102760 
102845 
102849 
102874 
102905 
102909 
103001 
103019 
103109 
103113 
103141 
103157 
103161 
103197 
103198 
103199 
103204 
103205 
103207 
103220 
103221 
103223 
103232 
103233 
103235 
103331 
103332 
103333 
103355 
103356 
103357 
103363 
103364 
103366 
103368 
103369 
103371 
103591 
103605 
103612 
103639 
103641 
103667 
103674 
103727 
103745 
103749 
103767 
103790 
104011 
104013 
104014 
104015 
104016 
104029 
104030 
104031 
104052 
104054 
104238 
104241 
104292 
104293 
104294 
104347 
104348 
104349 
104353 
104356 
235523 
235525 
104482 
104483 
235561 
235563 
104494 
104495 
104523 
104524 
104533 
104534 
104539 
104541 
104544 
104550 
104554 
104561 
104573 
104575 
104579 
104584 
104593 
104600 
104603 
104605 
104608 
104615 
104622 
104629 
104637 
104640 
104645 
104650 
104654 
104660 
235851 
235858 
104811 
104819 
235892 
235897 
104829 
104841 
104883 
104889 
104890 
104892 
104893 
104895 
104896 
104897 
104899 
104901 
104906 
104921 
104924 
104927 
104931 
104932 
104935 
104936 
104940 
104942 
104944 
104947 
104949 
104950 
104955 
104958 
104976 
104991 
104998 
105005 
105014 
105017 
236301 
236303 
105370 
105381 
236463 
105393 
105395 
105397 
105405 
105412 
105415 
236490 
105424 
105428 
105449 
105454 
105466 
105492 
105523 
105527 
105539 
105544 
105572 
105584 
105585 
105589 
105591 
105603 
105605 
105606 
105610 
105630 
105635 
105648 
105656 
105672 
105706 
105752 
105764 
105809 
105816 
105835 
105838 
105840 
105841 
105846 
105856 
105857 
105863 
105867 
105871 
105877 
105895 
105905 
105917 
105918 
105925 
105926 
105927 
105932 
105940 
105965 
105970 
105977 
105989 
106000 
106075 
106100 
106103 
106105 
106118 
106122 
106125 
106156 
106167 
106177 
106178 
106182 
106183 
106191 
106203 
106206 
106219 
106220 
106230 
106251 
106271 
106272 
106297 
106299 
106504 
106511 
106532 
106536 
106540 
106585 
106727 
106728 
106729 
106730 
106745 
106746 
106754 
106755 
106758 
106759 
106773 
106774 
106788 
106789 
106790 
106791 
106919 
106925 
106929 
106970 
106973 
106978 
107010 
107018 
107022 
107028 
107051 
107052 
107053 
107054 
107059 
107065 
107067 
107070 
107073 
107074 
107075 
107076 
107084 
107085 
107086 
107087 
107091 
107093 
107095 
107097 
107098 
107111 
107113 
107115 
107116 
107119 
107123 
107126 
107127 
107128 
107129 
107137 
107138 
107139 
107140 
107153 
107198 
107204 
107287 
107290 
107294 
107298 
107302 
107307 
107395 
107397 
107401 
107407 
107410 
107413 
107418 
107420 
107421 
107423 
107429 
107430 
107432 
107434 
107443 
107459 
107490 
107496 
107497 
107498 
107499 
107513 
107515 
107516 
107517 
107522 
107523 
107525 
107527 
107528 
107544 
107547 
107555 
107556 
107557 
107558 
107561 
107562 
107563 
107573 
107589 
107590 
107591 
107592 
107622 
107631 
107632 
107633 
107634 
107636 
107637 
107639 
107641 
107642 
107643 
107644 
107645 
107650 
107652 
107655 
107675 
107676 
107677 
107681 
107688 
107694 
107728 
107734 
107773 
107783 
107791 
107796 
107802 
107837 
107841 
107849 
107863 
107908 
107915 
107925 
107930 
107941 
107965 
107966 
107968 
107969 
107970 
107972 
107973 
107974 
107977 
107978 
107979 
107988 
107990 
108002 
108007 
108010 
108018 
108022 
108025 
108034 
108035 
108036 
108037 
108046 
108061 
108062 
108063 
108064 
108088 
108092 
108096 
108100 
108104 
108115 
108120 
108123 
108161 
108164 
108166 
108178 
108182 
108202 
108206 
108208 
108216 
108220 
108222 
108225 
108227 
108230 
108234 
108302 
108309 
108324 
108329 
108401 
108408 
108415 
108420 
108424 
108428 
108446 
108451 
108454 
108492 
108495 
108497 
108503 
108504 
108508 
108537 
108539 
108543 
108547 
108548 
108552 
108555 
108558 
108561 
108569 
108574 
108578 
108580 
108584 
108586 
108591 
108599 
108605 
108609 
108615 
108619 
108621 
108628 
108633 
108640 
108690 
108691 
108693 
108702 
108711 
108716 
108719 
108724 
108802 
108809 
108812 
108814 
108837 
108841 
108842 
108846 
108879 
108880 
108882 
108883 
108894 
108895 
108901 
108923 
108935 
108944 
108946 
108947 
108959 
108981 
108987 
108988 
108989 
108993 
108994 
108995 
108996 
108998 
108999 
109001 
109003 
109004 
109005 
109006 
109009 
109010 
109012 
109015 
109016 
109017 
109018 
109020 
109021 
109022 
109025 
109026 
109027 
109029 
109035 
109058 
109062 
109063 
109065 
109078 
109079 
109082 
109093 
109094 
109099 
109100 
109102 
109105 
109107 
109110 
109116 
109117 
109121 
109122 
109128 
109129 
109132 
109133 
109139 
109142 
109143 
109147 
109154 
109156 
109161 
109162 
109164 
109165 
109169 
109172 
109178 
109181 
109183 
109187 
109192 
109194 
109196 
109200 
109205 
109206 
109210 
109221 
109224 
109247 
109250 
109251 
109256 
109257 
109261 
109287 
109289 
109292 
109294 
109302 
109305 
109323 
109326 
109399 
109400 
109405 
109406 
109410 
109412 
109432 
109435 
109438 
109465 
109467 
109469 
109470 
109473 
109474 
109475 
109476 
109478 
109479 
109480 
109482 
109484 
109486 
109487 
109491 
109517 
109520 
109522 
109523 
109526 
109527 
109528 
109529 
109531 
109532 
109533 
109535 
109537 
109539 
109540 
109674 
109676 
109677 
109680 
109681 
109682 
109683 
109685 
109686 
109688 
109690 
109691 
109692 
109694 
109698 
109720 
109727 
109729 
109730 
109732 
109734 
109735 
109736 
109738 
109739 
109741 
109743 
109744 
109745 
109747 
109751 
109774 
109896 
109897 
109899 
109910 
109913 
109914 
109918 
109925 
109927 
109931 
109933 
109935 
109936 
109944 
109947 
109950 
109953 
109954 
109958 
109963 
109964 
109968 
109969 
109973 
109975 
109979 
109980 
109987 
109989 
109993 
109994 
109997 
109998 
110006 
110007 
110010 
110011 
110014 
110045 
110048 
110071 
110074 
110076 
110080 
110081 
110085 
110114 
110115 
110120 
110121 
110125 
110127 
110134 
110137 
110190 
110191 
110200 
110201 
110206 
110207 
110211 
110212 
110215 
110217 
110219 
110228 
110255 
110258 
110260 
110261 
110264 
110265 
110266 
110267 
110269 
110271 
110272 
110274 
110275 
110276 
110278 
110281 
110282 
110283 
110285 
110287 
110288 
110289 
110291 
110292 
110294 
110296 
110297 
110299 
110300 
110304 
110330 
110333 
110335 
110336 
110354 
110368 
110373 
110375 
110376 
110385 
110397 
110398 
110399 
110402 
110404 
110405 
110421 
110433 
110443 
110444 
110446 
110447 
110449 
110451 
110462 
110472 
110473 
110474 
110476 
110481 
110482 
110483 
110488 
110493 
110501 
110507 
110513 
110514 
110516 
110517 
110522 
110523 
110525 
110533 
110535 
110536 
110541 
110547 
110550 
110554 
110561 
110566 
110573 
110583 
110597 
110615 
110632 
110645 
110653 
110655 
110656 
110659 
110660 
110661 
110684 
110696 
110697 
110699 
110701 
110703 
110704 
110710 
110713 
110718 
110769 
110774 
110781 
110788 
110790 
110795 
110802 
110809 
110819 
110829 
110837 
110838 
110840 
110842 
110843 
110845 
110852 
110892 
110893 
110894 
110896 
110898 
110899 
110915 
110927 
110946 
110956 
110961 
110966 
110968 
110974 
110977 
111019 
111026 
111030 
111038 
111040 
111047 
111051 
111059 
111063 
111064 
111066 
111070 
111072 
111073 
111081 
111084 
111088 
111096 
111099 
111104 
111114 
111128 
111136 
111137 
111138 
111140 
111145 
111146 
111148 
111161 
111169 
111171 
111172 
111175 
111176 
111177 
111179 
111181 
111182 
111184 
111185 
111187 
111194 
111207 
111208 
111210 
111608 
111616 
111623 
111629 
111632 
111637 
111641 
111662 
111672 
111704 
111718 
111729 
111734 
111737 
111747 
111756 
111763 
111768 
111771 
111772 
111774 
111775 
111777 
111779 
111780 
111781 
111782 
111784 
111786 
111787 
111789 
111790 
111792 
111793 
111795 
111800 
111803 
111830 
111832 
111842 
111849 
111851 
111856 
111860 
111867 
111869 
111871 
111878 
111880 
111881 
111883 
111889 
111892 
111902 
111908 
111911 
111915 
111924 
111930 
111947 
111952 
111957 
111960 
111966 
111970 
112028 
112033 
112035 
112153 
112158 
112160 
112166 
112171 
112173 
112216 
112219 
112228 
112235 
112251 
112257 
112261 
112268 
112270 
112272 
112294 
112304 
112311 
112312 
112313 
112315 
112326 
112328 
112329 
112331 
112350 
112359 
112372 
112373 
112375 
112376 
112378 
112380 
112381 
112382 
112384 
112385 
112387 
112388 
112390 
112391 
112393 
112394 
112395 
112403 
112410 
112417 
112421 
112422 
112423 
112425 
112435 
112437 
112438 
112498 
112500 
112501 
112502 
112508 
112512 
112517 
112522 
112530 
112537 
112544 
112545 
112553 
112560 
112566 
112569 
112570 
112572 
112573 
112576 
112577 
112578 
112579 
112581 
112582 
112584 
112585 
112587 
112588 
112590 
112591 
112665 
112669 
112674 
112677 
112681 
112686 
112691 
112700 
112707 
112713 
112730 
112741 
112761 
112771 
112815 
112819 
112823 
112827 
112835 
112842 
112848 
112850 
112858 
112865 
112872 
112873 
112875 
112876 
112886 
112887 
112888 
112890 
112899 
112901 
112902 
112903 
112943 
112947 
112951 
112956 
112960 
112965 
112969 
112970 
112971 
112973 
113002 
113008 
113017 
113018 
113020 
113021 
113022 
113025 
113026 
113027 
113029 
113030 
113032 
113033 
113034 
113036 
113038 
113039 
113052 
113067 
113525 
113541 
113548 
113552 
113557 
113560 
113573 
113613 
113627 
113632 
113669 
113675 
113678 
113685 
113694 
113697 
113704 
113713 
113720 
113721 
113727 
113793 
113794 
113802 
113810 
113817 
113822 
113830 
113838 
113846 
113852 
113859 
113862 
113871 
113881 
113914 
113931 
113971 
113976 
113981 
113982 
113991 
113997 
114004 
114006 
114019 
114025 
114027 
114035 
114046 
114054 
114062 
114066 
114068 
114076 
114083 
114122 
114123 
114124 
114125 
114159 
114161 
114162 
114168 
114169 
114170 
114171 
114172 
114174 
114178 
114180 
114184 
114185 
114186 
114199 
114200 
114203 
114205 
114211 
114212 
114213 
114218 
114222 
114223 
114225 
114229 
114230 
114231 
114232 
114243 
114267 
114277 
114278 
114285 
114294 
114297 
114304 
114308 
114317 
114323 
114328 
114334 
114343 
114350 
114387 
114416 
114498 
114501 
114508 
114517 
114523 
114529 
114532 
114545 
114548 
114552 
114562 
114570 
114574 
114586 
114593 
114597 
114603 
114611 
114614 
114616 
114626 
114631 
114641 
114692 
114694 
114695 
114696 
114753 
114757 
114758 
114759 
114804 
114809 
114821 
114827 
114829 
114838 
114845 
114855 
114861 
114867 
114871 
114881 
114890 
114899 
114981 
114982 
114983 
114990 
114991 
114992 
114993 
115007 
115009 
115011 
115014 
115015 
115021 
115022 
115023 
115049 
115105 
115109 
115119 
115124 
115127 
115128 
115134 
115146 
115151 
115157 
115166 
115171 
115174 
115180 
115190 
115200 
115206 
115210 
115217 
115227 
115228 
115238 
115241 
115247 
115256 
115259 
115282 
115283 
115286 
115288 
115289 
115290 
115291 
115302 
115313 
115316 
115317 
115318 
115326 
115327 
115328 
115332 
115333 
115334 
115335 
115350 
115361 
115366 
115373 
115390 
115391 
115392 
115401 
115409 
115411 
115422 
115423 
115424 
115430 
115432 
115433 
115434 
115435 
115436 
115443 
115444 
115445 
115521 
115522 
115523 
115529 
115531 
115555 
115557 
115560 
115570 
115571 
115572 
115573 
115580 
115581 
115582 
115591 
115599 
115600 
115618 
115619 
115620 
115633 
115638 
115645 
115692 
115693 
115694 
115736 
115743 
115745 
115754 
115763 
115764 
115845 
115846 
115847 
115853 
115855 
115856 
115857 
115858 
115865 
115866 
115874 
115875 
115876 
115877 
115878 
115879 
115880 
115904 
115909 
115915 
115925 
115926 
115927 
115928 
115932 
115933 
115934 
115945 
115952 
115953 
115961 
115962 
115963 
115978 
115979 
115980 
115997 
115998 
115999 
116007 
116008 
116009 
116048 
116049 
116085 
116088 
116089 
116099 
116100 
116101 
116120 
116121 
116122 
116167 
116172 
116173 
116187 
116188 
116189 
116196 
116197 
116199 
116249 
116256 
116257 
116267 
116268 
116269 
116285 
116286 
116287 
116299 
116300 
116321 
116322 
116325 
116326 
116378 
116379 
116400 
116401 
116404 
116405 
116408 
116409 
116427 
116431 
116433 
116434 
116443 
116446 
116449 
116452 
116454 
116460 
116466 
116469 
116473 
116484 
116486 
116495 
116503 
116562 
116567 
116633 
116639 
116647 
116659 
116668 
116684 
116688 
116692 
116695 
116698 
116701 
116748 
116751 
116754 
116757 
116768 
116773 
116774 
116775 
116790 
116794 
116797 
116798 
116812 
116817 
116828 
116841 
116856 
116870 
116879 
116886 
116925 
116988 
116991 
116997 
117005 
117012 
117030 
117037 
117045 
117049 
117052 
117055 
117058 
117061 
117070 
117073 
117076 
117080 
117081 
117090 
117099 
117103 
117107 
117117 
117124 
117128 
117144 
117150 
117177 
117178 
117182 
117183 
117190 
117191 
117198 
117199 
117205 
117207 
117208 
117215 
117217 
117218 
117228 
117230 
117231 
117235 
117237 
117238 
117249 
117255 
117320 
117326 
117409 
117410 
117414 
117415 
117425 
117426 
117430 
117431 
117440 
117442 
117443 
117447 
117449 
117450 
117460 
117462 
117463 
117473 
117475 
117476 
117481 
117487 
117493 
117496 
117498 
117499 
117501 
117510 
117513 
117515 
117517 
117520 
117531 
117532 
117538 
117540 
117546 
117549 
117551 
117553 
117561 
117562 
117578 
117579 
117585 
117586 
117588 
117617 
117618 
117620 
117662 
117667 
117669 
117672 
117674 
117676 
117678 
117680 
117683 
117685 
117693 
117696 
117699 
117701 
117703 
117707 
117708 
117713 
117715 
117720 
117724 
117725 
117757 
117758 
117760 
117844 
117845 
117851 
117852 
117854 
117861 
117862 
117866 
117873 
117878 
117882 
117901 
117913 
117952 
117956 
117982 
117985 
117987 
117989 
117994 
117995 
118001 
118003 
118006 
118009 
118011 
118013 
118016 
118019 
118021 
118023 
118026 
118029 
118031 
118033 
118041 
118042 
118047 
118048 
118051 
118052 
118072 
118073 
118079 
118080 
118082 
118193 
118198 
118199 
118207 
118211 
118216 
118220 
118225 
118230 
118232 
118239 
118240 
118245 
118247 
118249 
118268 
118269 
118270 
118271 
118280 
118281 
118297 
118298 
118300 
118309 
118310 
118315 
118320 
118321 
118334 
118335 
118336 
118350 
118351 
118353 
118369 
118375 
118376 
118377 
118378 
118394 
118397 
118398 
118416 
118419 
118421 
118424 
118431 
118434 
118436 
118448 
118451 
118452 
118458 
118460 
118468 
118486 
118504 
118506 
118510 
118515 
118529 
118532 
118533 
118535 
118542 
118545 
118546 
118556 
118558 
118559 
118569 
118576 
118577 
118578 
118579 
118620 
118626 
118635 
118640 
118641 
118642 
118643 
118689 
118691 
118695 
118706 
118710 
118713 
118717 
118718 
118739 
118741 
118743 
118759 
118762 
118769 
118806 
118821 
118824 
118827 
118830 
118833 
118836 
118837 
118841 
118849 
118876 
118881 
118888 
118900 
118905 
118907 
118916 
118920 
118924 
118925 
118936 
118937 
118950 
118953 
118954 
118955 
118956 
118975 
118980 
118982 
118990 
118992 
118999 
119002 
119004 
119005 
119009 
119107 
119108 
119111 
119113 
119184 
119186 
119188 
119190 
119289 
119291 
119292 
119295 
119296 
119349 
119350 
119355 
119356 
119365 
119367 
119369 
119376 
119383 
119390 
119481 
119483 
119485 
119486 
119491 
119493 
119495 
119503 
119509 
119512 
119517 
119521 
119523 
119529 
119530 
119531 
119532 
119548 
119549 
119550 
119551 
119555 
119557 
119563 
119567 
119570 
119578 
119585 
119595 
119596 
119603 
119605 
119606 
119607 
119609 
119610 
119632 
119634 
119635 
119636 
119638 
119639 
119645 
119646 
119654 
119726 
119728 
119731 
119732 
119739 
119752 
119753 
119754 
119755 
119759 
119761 
119764 
119765 
119772 
119782 
119783 
119784 
119785 
119847 
119848 
119849 
119850 
119858 
119866 
119867 
119874 
119876 
119883 
119884 
119885 
119886 
119891 
119893 
119895 
119903 
119904 
119959 
119974 
119976 
119977 
119979 
119980 
119981 
119984 
119985 
120007 
120009 
120010 
120012 
120013 
120014 
120020 
120021 
120030 
120075 
120085 
120087 
120089 
120090 
120093 
120110 
120111 
120112 
120113 
120126 
120127 
120128 
120129 
120131 
120139 
120140 
120147 
120149 
120152 
120166 
120169 
120171 
120177 
120179 
120187 
120189 
120191 
120193 
120194 
120200 
120202 
120213 
120220 
120241 
120248 
120257 
120259 
120261 
120267 
120268 
120271 
120273 
120277 
120279 
120281 
120290 
120292 
120315 
120318 
120325 
120328 
120337 
120346 
120348 
120361 
120363 
120367 
120369 
120370 
120377 
120379 
120381 
120383 
120404 
120407 
120414 
120417 
120438 
120453 
120455 
120463 
120465 
120600 
120602 
120608 
120609 
120611 
120613 
120616 
120623 
120625 
120626 
120635 
120636 
120645 
120656 
120658 
120659 
120666 
120677 
120679 
120680 
120687 
120689 
120695 
120698 
120703 
120704 
120707 
120710 
120722 
120734 
120736 
120737 
120746 
120750 
120752 
120754 
120763 
120764 
120768 
120774 
120775 
120780 
120784 
120785 
120787 
120789 
120794 
120795 
120803 
120813 
120816 
120821 
120823 
120825 
120879 
120880 
120963 
120973 
121000 
121004 
121015 
121020 
121021 
121025 
121026 
121031 
121032 
121040 
121047 
121048 
121050 
121052 
121053 
121062 
121068 
121072 
121073 
121076 
121081 
121082 
121085 
121086 
121145 
121148 
121150 
121152 
121157 
121177 
121184 
121185 
121186 
121194 
121195 
121197 
121213 
121220 
121222 
121223 
121232 
121233 
121238 
121244 
121245 
121249 
121250 
121252 
121254 
121264 
121267 
121269 
121270 
121276 
121278 
121280 
121287 
121291 
121303 
121304 
121305 
121312 
121313 
121314 
121323 
121324 
121325 
121333 
121334 
121335 
121345 
121346 
121347 
121355 
121356 
121357 
121369 
121370 
121371 
121378 
121379 
121380 
121398 
121399 
121400 
121401 
121408 
121409 
121410 
121411 
121412 
121413 
121427 
121428 
121429 
121430 
121431 
121432 
121433 
121434 
121435 
121436 
121437 
121438 
121439 
121441 
121443 
121456 
121457 
121458 
121459 
121460 
121461 
121462 
121463 
121465 
121472 
121476 
121480 
121483 
121485 
121489 
121492 
121495 
121496 
121497 
121501 
121502 
121503 
121504 
121510 
121512 
121517 
121518 
121519 
121522 
121523 
121524 
121525 
121529 
121530 
121531 
121536 
121538 
121544 
121545 
121546 
121547 
121548 
121549 
121551 
121555 
121557 
121563 
121565 
121566 
121569 
121571 
121573 
121579 
121582 
121596 
121599 
121600 
121601 
121604 
121605 
121611 
121624 
121625 
121638 
121650 
121654 
121672 
121689 
121690 
121691 
121695 
121700 
121720 
121721 
121726 
121729 
121733 
121739 
121741 
121743 
121745 
121746 
121749 
121751 
121754 
121762 
121765 
121770 
121772 
121773 
121774 
121783 
121785 
121787 
121789 
121803 
121818 
121842 
121849 
121862 
121873 
121874 
121875 
121882 
121883 
121884 
121885 
121892 
121893 
121894 
121896 
121902 
121904 
121942 
121943 
121944 
121948 
121949 
121950 
121951 
121955 
121956 
121957 
121964 
121967 
121979 
121983 
121985 
121998 
122001 
122012 
122023 
122029 
122043 
122064 
122068 
122110 
122111 
122115 
122116 
122117 
122121 
122122 
122123 
122124 
122133 
122135 
122136 
122137 
122138 
122139 
122140 
122141 
122153 
122154 
122155 
122158 
122159 
122160 
122161 
122162 
122163 
122164 
122174 
122176 
122181 
122184 
122185 
122186 
122192 
122193 
122201 
122203 
122207 
122210 
122211 
122212 
122215 
122245 
122259 
122270 
122277 
122290 
122292 
122295 
122296 
122297 
122298 
122302 
122303 
122304 
122307 
122312 
122318 
122319 
122320 
122332 
122336 
122338 
122343 
122344 
122345 
122346 
122350 
122351 
122352 
122356 
122357 
122358 
122368 
122370 
122373 
122374 
122375 
122376 
122377 
122378 
122379 
122384 
122385 
122386 
122388 
122389 
122390 
122392 
122394 
122403 
122406 
122410 
122411 
122414 
122417 
122422 
122424 
122425 
122429 
122431 
122450 
122453 
122454 
122455 
122459 
122461 
122469 
122473 
122478 
122491 
122514 
122516 
122518 
122521 
122528 
122531 
122630 
122632 
122634 
122638 
122641 
122644 
122697 
122701 
122703 
122732 
122735 
122739 
122800 
122802 
122804 
122819 
122823 
122829 
122838 
122839 
122848 
122849 
122850 
122852 
122858 
122860 
122866 
122867 
122868 
122875 
122876 
122877 
122878 
122887 
122889 
122891 
122894 
122896 
122898 
122902 
122905 
122907 
122909 
122912 
122914 
122923 
122924 
122934 
122935 
122936 
122940 
122941 
122942 
122943 
122965 
122969 
122973 
122975 
122976 
122977 
123010 
123012 
123014 
123017 
123019 
123021 
123023 
123024 
123033 
123034 
123035 
123042 
123045 
123048 
123063 
123064 
123065 
123066 
123074 
123075 
123076 
123115 
123118 
123120 
123122 
123125 
123127 
123133 
123134 
123140 
123141 
123142 
123153 
123154 
123155 
123156 
123166 
123170 
123172 
123174 
123175 
123176 
123836 
123839 
123860 
123862 
123864 
123871 
123873 
123884 
123886 
123891 
123893 
123896 
123909 
123925 
123941 
123943 
123948 
123952 
123955 
123960 
123997 
123999 
124032 
124040 
124053 
124055 
124061 
124063 
124065 
124067 
124072 
124074 
124094 
124107 
124110 
124112 
124114 
124116 
124118 
124120 
124130 
124133 
124152 
124154 
124156 
124158 
124163 
124165 
124196 
124203 
124205 
124208 
124215 
124220 
124221 
124229 
124239 
124241 
124251 
124252 
124253 
124254 
124273 
124275 
124293 
124296 
124299 
124306 
124386 
124394 
124410 
124413 
124416 
124431 
124432 
124436 
124438 
124439 
124440 
124441 
124449 
124456 
124488 
124491 
124498 
124505 
124507 
124508 
124509 
124510 
124539 
124543 
124551 
124557 
124560 
124563 
124570 
124571 
124578 
124585 
124588 
124591 
124624 
124626 
124627 
124636 
124637 
124638 
124639 
124646 
124648 
124649 
124788 
124790 
124791 
124794 
124797 
124803 
124814 
124824 
124845 
124858 
124868 
124874 
124887 
124890 
124892 
124894 
124897 
124907 
124919 
124936 
124943 
124953 
124962 
124974 
125022 
125037 
125070 
125141 
125165 
125270 
125305 
125318 
125326 
125327 
125332 
125333 
125335 
125336 
125341 
125342 
125350 
125351 
125381 
125382 
125396 
125397 
125414 
125415 
125437 
125438 
125439 
125443 
125444 
125445 
125447 
125449 
125451 
125457 
125459 
125461 
125463 
125465 
125468 
125473 
125474 
125475 
125479 
125480 
125481 
125482 
125483 
125484 
125491 
125492 
125493 
125494 
125496 
125499 
125507 
125508 
125509 
125510 
125511 
125512 
125675 
125677 
125678 
125680 
125681 
125683 
125733 
125735 
125737 
125738 
125739 
125741 
125743 
125744 
125745 
125747 
125748 
125749 
125754 
125755 
125807 
125808 
125811 
125812 
125813 
125815 
125816 
125818 
125820 
125828 
125829 
125831 
125832 
125834 
125859 
125861 
125862 
125878 
125880 
125882 
125886 
125890 
125891 
125897 
125902 
125903 
125904 
125906 
125921 
125922 
125932 
125942 
125943 
125944 
125946 
125948 
125961 
125988 
125993 
125995 
125996 
125997 
126000 
126001 
126015 
126037 
126116 
126117 
126118 
126119 
126121 
126122 
126123 
126208 
126210 
126211 
126212 
126214 
126215 
126217 
126218 
126219 
126220 
126222 
126223 
126225 
126226 
126227 
126228 
126229 
126232 
126233 
126234 
126332 
126334 
126335 
126336 
126337 
126339 
126340 
126341 
126342 
126344 
126346 
126347 
126348 
126350 
126351 
126352 
126353 
126375 
126400 
126478 
126479 
126481 
126487 
126512 
126519 
126521 
126523 
126528 
126541 
126542 
126546 
126558 
126566 
126590 
126629 
126630 
126634 
126639 
126658 
126669 
126680 
126685 
126725 
126729 
126731 
126732 
126733 
126738 
126745 
126747 
126748 
126758 
126759 
126764 
126765 
126766 
126767 
126856 
126857 
126864 
126866 
126871 
126882 
126883 
126884 
126886 
126892 
126894 
126895 
126902 
126903 
126905 
127014 
127021 
127022 
127024 
127025 
127036 
127037 
127038 
127039 
127051 
127052 
127053 
127057 
127061 
127062 
127101 
127124 
127135 
127150 
127152 
127153 
127154 
127190 
127191 
127192 
127194 
127195 
127202 
127203 
127205 
127206 
127208 
127209 
127210 
127214 
127216 
127217 
127218 
127226 
127227 
127230 
127237 
127249 
127312 
127315 
127321 
127365 
127369 
127374 
127395 
127397 
127398 
127399 
127420 
127426 
127440 
127442 
127443 
127444 
127445 
127447 
127448 
127449 
127451 
127453 
127454 
127455 
127458 
127459 
127460 
127461 
127545 
127546 
127547 
127549 
127560 
127561 
127562 
127563 
127580 
127581 
127582 
127583 
127672 
127673 
127674 
127675 
127687 
127688 
127689 
127690 
127701 
127702 
127703 
127704 
127744 
127748 
127754 
127791 
127802 
127807 
127819 
127824 
127850 
127852 
127853 
127854 
127864 
127869 
127873 
127874 
127875 
127876 
127879 
127880 
127881 
127883 
127885 
127886 
127887 
127888 
127898 
127900 
127906 
127907 
127908 
127912 
127965 
127966 
127968 
127970 
127971 
127973 
127975 
127976 
127977 
127978 
128056 
128058 
128062 
128063 
128064 
128068 
128078 
128079 
128081 
128083 
128084 
128086 
128088 
128089 
128090 
128091 
128213 
128216 
128218 
128221 
128222 
128225 
128279 
128282 
128283 
128284 
128288 
128289 
128290 
128332 
128353 
128356 
128357 
128360 
128393 
128422 
128427 
128442 
128448 
128452 
128456 
128469 
128476 
128501 
128520 
128550 
128556 
128559 
128564 
128567 
128568 
128569 
128570 
128573 
128574 
128575 
128584 
128585 
128586 
128587 
128590 
128591 
128592 
128603 
128604 
128605 
128606 
128610 
128611 
128612 
128632 
128638 
128640 
128645 
128649 
128650 
128651 
128652 
128657 
128658 
128659 
128672 
128692 
128693 
128694 
128698 
128699 
128700 
128721 
128722 
128723 
128724 
128769 
128770 
128771 
128772 
128775 
128776 
128777 
128781 
128782 
128783 
128827 
128832 
128846 
128847 
128848 
128879 
128880 
128881 
128959 
128960 
128961 
128969 
128974 
129006 
129007 
129008 
129024 
129039 
129045 
129050 
129067 
129082 
129088 
129093 
129284 
129296 
129301 
129308 
129325 
129337 
129342 
129349 
129518 
129543 
129544 
129545 
129552 
129553 
129554 
129562 
129573 
129576 
129581 
129588 
129589 
129590 
129591 
129602 
129603 
129604 
129610 
129611 
129612 
129613 
129621 
129622 
129623 
129632 
129634 
129635 
129636 
129647 
129648 
129649 
129654 
129664 
129667 
129671 
129675 
129735 
129736 
129737 
129738 
129786 
129787 
129788 
129789 
129792 
129793 
129794 
129798 
129799 
129800 
129841 
129842 
129843 
129851 
129856 
129870 
129871 
129872 
129935 
129936 
129937 
129950 
129951 
129952 
129960 
129964 
129970 
130004 
130019 
130025 
130030 
130034 
130047 
130052 
130058 
130075 
130113 
130144 
130149 
130176 
130181 
130194 
130214 
130254 
130275 
130297 
130308 
130309 
130311 
130312 
130313 
130315 
130316 
130317 
130318 
130319 
130389 
130395 
130443 
130448 
130452 
130453 
130455 
130457 
130458 
130460 
130462 
130463 
130464 
130465 
130609 
130612 
130656 
130661 
130686 
130688 
130690 
130692 
130693 
130695 
130696 
130698 
130699 
130700 
130702 
130703 
130705 
130706 
130707 
130709 
130710 
130711 
130712 
130713 
130828 
130846 
130856 
130857 
130859 
130860 
130861 
130863 
130864 
130865 
130866 
130867 
130870 
130871 
130873 
130875 
130876 
130878 
130880 
130881 
130882 
130883 
130904 
130925 
130950 
130956 
130969 
130973 
130988 
)

// ************************************************************************* //
